offset	lines	text
0x0002ac87	1	새로운 정보를 입수
0x0002b065	2	도쿄 게임쇼 버전은 여기까지입니다。\n
0x0002b082	2	2009년 발매 예정!\n
0x0002b098	1	무죄를 쟁취할 수 있을지는 당신에게 달렸습니다....
0x0002c058	1	［오전］
0x0002c065	1	［오후］
0x0002e706	1	시라카와 저택
0x0002e711	1	시라카와 빌딩
0x0002e71d	1	미즈타니 탐정사무소(고교)
0x0002e738	1	살해 현장
0x0002e745	1	누마사키 법률사무소
0x0002e761	1	신토 택시 센터
0x0002e77b	1	게임 센터
0x0002e788	1	시라카와 저택
0x0002e791	1	시라카와 빌딩
0x0002e79b	1	미즈타니 탐정사무소(고교)
0x0002e7b4	1	살해 현장
0x0002e7bf	1	누마사키 법률사무소
0x0002e7d7	1	신토 택시 센터
0x0002e7ed	1	게임 센터
0x00037dc4	7	\n　\n전반부는 여기까지입니다.\n이제부터는 이야기의 후반부입니다.\n　\n　\n
0x000388c4	1	［피의자가 어떤 사람인지 궁금했다］
0x000388e3	1	［피의자에게 다른 말을 하고 싶었다］
0x00038902	1	［아무 생각도 하지 않았다］
0x00038916	1	［시라카와 가문의 가족 구성］
0x0003892e	1	［최근 달라진 점］
0x00038b7a	2	【노리코】\n(여기가 피해자의 집이네)
0x00038bdf	4	【노리코】\n(……그렇다 해도 정말 으리으리한\n집이네.\n역시 위엄이 느껴져)
0x00038c51	3	【노리코】\n(시라카와 저택에 도착했네.\n어떻게 할까?)
0x00038d70	2	【노리코】\n(훌륭한 문패가 걸려 있네)
0x00038dba	3	【노리코】\n(이름난 문패 가게에\n주문했겠지……)
0x00038e16	2	【노리코】\n(훌륭한 문패가 걸려 있네)
0x00038e99	4	【노리코】\n(문이 크네……\n문만 이렇게 큰 걸 보면,\n집 자체도 상당히 크겠지……)
0x00038f06	4	【노리코】\n(자세히 보니,\n주변 집 문도 멋진 게 많네.\n다들 부자인가 봐……)
0x00038f77	3	【노리코】\n(압도될 정도로,\n훌륭한 문이네……)
0x00038ff3	2	【도어폰】\n……네.
0x0003902e	3	【노리코】\n저는 변호사인\n신조 노리코라고 합니다.
0x00039081	3	【노리코】\n무례한 부탁이라 죄송하지만,\n잠시 이야기를 나눌 수 있을까요?
0x000390f0	3	【도어폰】\n……\n잠시만 기다려 주세요.
0x00039136	2	【노리코】\n네.
0x000391c6	2	【여성】\n……변호사님인가요?
0x0003920a	4	【노리코】\n네.\n이번 사건 피의자인\n사이토 코우지의 담당 변호사입니다.
0x00039279	4	【노리코】\n코우지는 무죄를 주장하고 있고,\n저 역시 코우지가 무죄라고\n생각합니다.
0x000392e5	2	【여성】\n……정말 그 사람은 무죄인가요?
0x0003932c	3	【노리코】\n물론 객관적인 증거는\n아직 아무것도 나오지 않았습니다.
0x00039387	6	【노리코】\n하지만 코우지가 무죄라면,\n진범은 아직도 도망치고 있을\n겁니다.\n그런 일은 절대로 용서할 수\n없습니다.
0x000393f8	5	【노리코】\n제가 알고 싶은 건 사건의\n진상입니다.\n그러기 위해 시라카와 씨에게도\n협조해 주셨으면 합니다만……
0x00039468	2	【여성】\n…………
0x000394ae	5	【여성】\n저는 이 집에서 도우미로 일하는\n토죠라고\n합니다.\n부인께서는 지금 외출 중이신데……
0x00039527	2	【노리코】\n그랬군요……
0x00039562	4	【노리코】\n그럼 토죠 씨,\n이야기를 여쭤보고 싶은데,\n괜찮으실까요?
0x000395cc	2	【가사도우미】\n제가요?
0x00039609	4	【노리코】\n네.\n대답할 수 있는 범위에서만\n괜찮습니다……
0x0003966c	3	【가사도우미】\n……알겠습니다.\n무엇부터 말씀드리면 될까요?
0x000396ed	2	【도어폰】\n……네.
0x00039728	3	【노리코】\n저는 변호사인\n신조 노리코입니다.
0x00039777	3	【노리코】\n노조미 씨에게 여쭤볼 것이 있는데,\n집에 계신가요?
0x000397d3	2	【도어폰】\n…………
0x0003980e	2	【도어폰】\n잠시만 기다려 주세요……
0x000398e5	3	【노조미】\n기다리게 했네요.\n무슨 일이죠?
0x0003992a	2	【노리코】\n이번에는 사진을 주셔서 감사합니다.
0x0003999a	2	【노조미】\n아니에요……
0x000399d0	3	【노리코】\n지난번에 피의자 사이토 씨를\n접견하셨죠?
0x00039a4e	3	【노조미】\n……네.\n덕분에 만날 수 있었습니다……
0x00039a9e	5	【노리코】\n저기……\n'덕분에'라는 말은 빼 주세요.\n여러 가지로 문제가 될 수\n있으니까……
0x00039b11	4	【노조미】\n아…… 그렇네요……\n제가 멋대로 만나러 간\n것이니까요……
0x00039b6a	3	【노리코】\n그런데 말이죠……\n코우지가 마음에 걸리는 모양이에요.
0x00039bbd	2	【노리코】\n……헤어질 때 중얼거리던 한마디가.
0x00039c04	2	【노조미】\n…………
0x00039c3c	2	【노리코】\n뭔가 눈치채신 점이 있나요?
0x00039ca6	2	【노조미】\n……모르겠어요.
0x00039ce2	4	【노리코】\n그럼 질문 방법을 바꿔볼게요.\n노조미 씨는 코우지가 범인이라고\n생각하나요?
0x00039d69	2	【노조미】\n어……?
0x00039da1	4	【노리코】\n코우지는 말했어요.\n헤어질 때 『살인자』라는 말을\n들었다고요.
0x00039e12	2	【노조미】\n…………
0x00039e4a	2	【노리코】\n하지만, 그게 진심인가요?
0x00039e9b	2	【노조미】\n무슨 뜻……인가요……?
0x00039ee0	4	【노리코】\n피해자 가족과의 접촉은 금지되어\n있습니다.\n지난번에 말씀드린 대로예요.
0x00039f4b	4	【노리코】\n그런데도 변장까지 해서 찾아가고,\n그렇게까지 말했다는 게 마음에\n걸려서……
0x00039fab	2	【노조미】\n…………
0x0003a027	2	【노리코】\n사실은……
0x0003a092	3	【노리코】\n피의자가 어떤 사람이었는지\n관심이 있었다거나?
0x0003a10f	2	【노조미】\n아……
0x0003a145	2	【노리코】\n(반응이 있었어!)
0x0003a185	2	【노리코】\n역시 그랬군요.
0x0003a1db	3	【노리코】\n사실은 다른 말을 하고 싶었던 거\n아닌가요……?
0x0003a22d	2	【노조미】\n…………
0x0003a265	3	【노리코】\n(반응 없음……\n이건 아닌 모양이네)
0x0003a2cf	3	【노리코】\n사실은…… 아무 생각도 하지\n않았나요?
0x0003a316	2	【노조미】\n…………
0x0003a34e	3	【노리코】\n(반응 없음……\n이건 아닌 모양이네)
0x0003a3a2	3	【노리코】\n그럼 코우지를 보고\n뭔가 생각나는 게 있었나요?
0x0003a40d	2	【노조미】\n…………
0x0003a445	2	【노리코】\n(역시 말해 주지 않네……)
0x0003a48d	4	【노리코】\n……알겠습니다.\n말하기 어려우시다면 더는 묻지\n않을게요.
0x0003a4f5	2	【노조미】\n……죄송해요.
0x0003a53d	3	【노조미】\n잘…… 모르겠어요……\n저 자신도……
0x0003a58b	3	【노리코】\n저야말로,\n배려가 부족했습니다.
0x0003a5db	3	【노리코】\n그렇겠죠……\n노조미 씨도 피해자니까요……
0x0003a636	2	【노조미】\n…………
0x0003a66e	3	【노리코】\n하지만 믿어줘요.\n코우지는 범인이 아니에요!
0x0003a6ba	3	【노리코】\n코우지의 변호사라는 입장을 떠나서,\n저는 그렇게 생각해요.
0x0003a717	2	【노조미】\n…………
0x0003a74f	3	【노리코】\n뭔가 눈치챈 점이 있다면,\n알려주시면 감사하겠습니다.
0x0003a7a5	4	【노리코】\n저에게 말하기 어렵다면,\n코우지에게 직접 말해 주셔도\n괜찮습니다.
0x0003a7fd	3	【노리코】\n코우지도 저도 진범을 반드시 잡을\n생각이니까요……
0x0003a85a	2	【노조미】\n…………
0x0003a8ec	3	【노리코】\n(도우미가 있다니,\n역시 시라카와 가문이네……?)
0x0003aa14	3	【노리코】\n시라카와 가문의 가족 구성에 대해\n알려주실 수 있나요?
0x0003aa70	2	【가사도우미】\n가족 구성 말인가요……
0x0003aabe	3	【가사도우미】\n먼저 남편분이 계셨습니다만……\n당신도 아시다시피…… 말이죠.
0x0003ab22	2	【노리코】\n네.
0x0003ab64	4	【가사도우미】\n남편분은 이미 돌아가셨으니,\n현재 시라카와 가문의 가장은\n부인입니다.
0x0003abe1	3	【노리코】\n부인 성함을\n여쭤봐도 될까요?
0x0003ac46	6	【가사도우미】\n미사에 님입니다.\n아름다울 미, 사람 인 변에 왼쪽\n좌,\n은혜 혜로 써서\n미사에 님입니다.
0x0003acbe	2	【노리코】\n미사에 씨……군요.
0x0003ad0d	4	【가사도우미】\n네.\n그리고 따님이 노조미 님입니다.\n히라가나로 노조미라고 씁니다.
0x0003ad79	2	【노리코】\n노조미 씨……군요.
0x0003adc5	3	【가사도우미】\n네……\n현재는 두 분이 살고 계십니다.
0x0003ae12	3	【노리코】\n그렇군요.\n감사합니다.
0x0003af17	3	【노리코】\n최근 달라진 점은\n없었나요?
0x0003af6d	2	【가사도우미】\n달라진 일이라니요?
0x0003afad	4	【노리코】\n네.\n예를 들면, 남편분이 늦게 귀가하게\n됐다거나……
0x0003b013	7	【가사도우미】\n그렇다면 반대입니다.\n예전과 비교하면, 최근……이라고\n해도\n지난 몇 년 사이지만, 일찍\n귀가하게\n됐습니다.
0x0003b097	4	【가사도우미】\n예전에는 일만 하시는 분이셨지만,\n최근에는 오히려 가족 서비스를\n우선하셨던 것 같습니다.
0x0003b13c	3	【노리코】\n그렇군요……\n다른 변화는 없었나요?
0x0003b195	3	【가사도우미】\n글쎄요……\n특별히 없었던 것 같습니다만……
0x0003b1e1	3	【노리코】\n알겠습니다.\n감사합니다.
0x0003b280	4	【여성】\n어머, 토죠 씨.\n손님이세요?\n안으로 모셨으면 좋았을 텐데요.
0x0003b2f5	3	【노리코】\n(누구일까, 이 여성……\n어라, 잠깐!?)
0x0003b34c	3	【가사도우미】\n아, 부인……\n이분은……
0x0003b39d	3	【노리코】\n(부인이라고 하는 걸 보니,\n이 사람이 미사에 씨구나……)
0x0003b3f7	4	【노리코】\n(……본인의 얼굴을 그린 건가……?\n아니, 지금은 이야기에 집중해야\n해)
0x0003b471	4	【노리코】\n처음 뵙겠습니다.\n저는 변호사인\n신조 노리코라고 합니다.
0x0003b4cd	3	【노리코】\n이번 사건의 피의자인\n사이토 코우지의 담당 변호사입니다.
0x0003b563	2	【미사에】\n피의자……라고요?
0x0003b5af	4	【노리코】\n네.\n하지만 저는 코우지가 무죄라고\n믿고 있습니다.
0x0003b60f	3	【미사에】\n……변호사님이라면,\n입장상 그렇게 말할 수밖에 없겠죠.
0x0003b66a	2	【노리코】\n…………
0x0003b6a3	3	【노리코】\n(미사에 씨에게 코우지는\n소중한 사람을 죽인 원수……)
0x0003b704	3	【노리코】\n(코우지의 변호사인 나를 향한\n시선도 차갑네……)
0x0003b762	4	【노리코】\n아니, 입장 때문이 아니라,\n이번 사건의 진범은 다른 사람이라고\n생각합니다.
0x0003b7ca	3	【노리코】\n그 진범을 잡기 위해서라도,\n부디 협조해 주셨으면 합니다……
0x0003b835	2	【미사에】\n…………
0x0003b87d	3	【미사에】\n실례하겠습니다.\n아무것도 말할 게 없습니다.
0x0003b8ce	2	【노리코】\n아……
0x0003b932	3	【가사도우미】\n아, 부인!?\n기다려 주세요……!
0x0003b9cc	2	【노리코】\n…………
0x0003ba05	4	【노리코】\n그렇겠지…… 남편분이 돌아가신 지\n며칠밖에 안 됐으니까.\n이런 반응은 당연하겠지……
0x0003ba7e	2	【노리코】\n조금 더 신경 썼어야 했는데……
0x0003bad1	2	【여성】\n……?
0x0003bb08	2	【여성】\n실례지만 누구신가요?
0x0003bb60	2	【노리코】\n어……!?
0x0003bba8	2	【여성】\n무슨 일로 저희 집에 오셨나요?
0x0003bbec	3	【노리코】\n네 집이라니……\n혹시 노조미 씨?
0x0003bc4f	2	【노조미】\n네, 네. 맞는데요……
0x0003bca9	5	【노리코】\n처음 뵙겠습니다……\n이번 사건 피의자의 변호를\n담당하고 있는 신조 노리코라고\n합니다.
0x0003bd49	2	【노조미】\n변호사……님?
0x0003bd87	2	【노리코】\n네.
0x0003bdbc	3	【노리코】\n여러 이야기를 나눌 수 있으면\n해서요……
0x0003be0d	2	【노조미】\n…………
0x0003be45	2	【노리코】\n(그야, 침묵할 수밖에 없겠지……)
0x0003be9b	4	【노조미】\n피의자라니……\n아버지를 죽였을지도 모르는 사람\n말이죠……?
0x0003bf07	2	【노리코】\n어……?
0x0003bf40	3	【노리코】\n(죽였을지도 모르는 사람이라니……\n그렇게 생각하고 있는 건가……?)
0x0003bfa2	4	【노리코】\n그, 그렇죠……\n죽였을지도 모른다고 의심받는\n사람입니다……
0x0003c004	3	【노리코】\n하지만 저는 진범은 따로 있다고\n생각해요!
0x0003c052	2	【노조미】\n…………
0x0003c08a	4	【노리코】\n부탁드립니다!\n진범을 잡기 위해서라도,\n이야기를 들려주셨으면 해요!
0x0003c0f1	2	【노조미】\n…………
0x0003c14f	2	【노조미】\n협조해도 좋아요.
0x0003c18d	3	【노리코】\n네……\n정말인가요!?
0x0003c1e0	3	【노조미】\n그럼 저는\n무엇에 협조하면 될까요?
0x0003c22e	2	【노리코】\n그, 그렇군요……
0x0003c26b	4	【노리코】\n(대략적인 정보는 들었고……\n가능하다면 코우지에게 보여줄\n사진이 있으면 좋겠는데……)
0x0003c2d8	4	【노리코】\n가능하면,\n당신과…… 미사에 씨의 사진을\n받고 싶은데요……
0x0003c349	2	【노조미】\n사진 말인가요……?
0x0003c388	4	【노리코】\n네.\n두 분을 구별할 수 있다면\n어떤 사진이든 괜찮습니다.
0x0003c3e1	2	【노조미】\n…………
0x0003c43f	3	【노조미】\n……알겠습니다.\n그럼 지금 가져올게요.
0x0003c48d	2	【노리코】\n감사합니다!
0x0003c552	2	【노조미】\n……여기 있습니다.
0x0003c590	3	【노리코】\n감사합니다.\n그럼 받아 갈게요.
0x0003c64d	2	【노리코】\n(귀여운 아가씨네)
0x0003c692	3	【노리코】\n(얼핏 멍해 보이지만,\n의외로 속은 강한 사람 같네)
0x0003c6f3	3	【노리코】\n(노조미 씨구나.\n여자인 내가 봐도 귀엽네)
0x0003c762	3	【노리코】\n(코우지에게 물어보고 싶은 건\n지금으로선 없나……)
0x0003c7ef	2	【노리코】\n(이제 조사를 끝낼까?)
0x0003c89f	3	【노리코】\n그럼 저는 이만 실례할게요.\n바쁘신데 죄송했습니다.
0x0003c923	3	【노조미】\n아, 아니에요……\n수고하셨어요……
0x0003c974	2	【노리코】\n(조금 더 이야기를 들어보자)
0x0003c9c3	3	【노리코】\n(아직 물어봐야 할 게 남아 있어.\n아직 떠날 수는 없어)
0x0003ca75	3	【노리코】\n시라카와 저택에서 얻은 정보는\n대략 이런 내용이었어.
0x0003cb0d	2	【노리코】\n그리고 이게 두 사람의 사진이야.
0x0003cbab	2	【코우지】\n…………
0x0003cbe4	2	【노리코】\n어때……?
0x0003cc1d	3	【코우지】\n……이건,\n내 어머니가 아닌 거지?
0x0003cc81	4	【노리코】\n응……\n이 여자는 피해자의 아내인, 미사에\n씨야.
0x0003ccdc	2	【코우지】\n……정말 닮았네……
0x0003cd25	3	【노리코】\n그래.\n하지만 완전히 타인이야……
0x0003cd6a	5	【노리코】\n어제 관공서에서 조사해 봤는데……\n증조할아버지 대까지 거슬러\n올라가도,\n네 어머니와 혈연관계는 없더라.
0x0003cdf8	2	【코우지】\n……그렇군.
0x0003cea3	2	【코우지】\n고마워, 도움이 됐어.
0x0003cf25	3	【코우지】\n그렇군.\n결국 아무것도 말하지 않았단 건가.
0x0003cf7f	2	【노리코】\n그렇네……
0x0003cfc4	7	【코우지】\n그녀가 무슨 생각을 하는지 알 수\n없는\n이상,\n이쪽은 그녀의 움직임을 기다릴\n수밖에\n없겠네.
0x0003d070	1	시라카와 빌딩 주변
0x0003d07c	1	시라카와 빌딩 주변
0x0003d08c	1	시라카와 빌딩
0x0003d094	1	시라카와 빌딩
0x0003d1b1	3	【노리코】\n(여기가 시라카와 그룹의 중심,\n시라카와 빌딩이네)
0x0003d224	3	【노리코】\n(그나저나,\n큰 빌딩이네……)
0x0003d26e	4	【노리코】\n(입구는 어디일까……?\n안으로 들어가서 이야기를 해보고\n싶은데……)
0x0003d323	3	【노리코】\n(시라카와 빌딩에 도착했네.\n어떻게 할까?)
0x0003d448	2	【노리코】\n(정말 큰 빌딩이네……)
0x0003d48c	3	【노리코】\n(시라카와 그룹의 각 기업 본사가\n들어선 빌딩인 것 같지만……)
0x0003d4f5	5	【노리코】\n(이 빌딩을 보면,\n시라카와 그룹이 얼마나 힘을 갖고\n있는지\n잘 알 수 있네)
0x0003d557	2	【노리코】\n(…………)
0x0003d594	5	【노리코】\n(이 시라카와 그룹 대표를 죽인\n죄로\n기소된 거지,\n코우지는……)
0x0003d5f9	2	【노리코】\n(정신을 바짝 차려야 해……)
0x0003d64b	4	【노리코】\n(큰 빌딩……\n하지만 압도당하고 있을 때가\n아니야)
0x0003d6a6	3	【노리코】\n(정신을 바짝 차리고\n조사해야 해)
0x0003d73c	3	【노리코】\n(주변은 온통 사무실뿐이네.\n높은 빌딩이 줄지어 있어)
0x0003d78c	4	【노리코】\n(이렇게 빌딩이 많으니,\n샐러리맨을 위한 식당은\n장사가 잘되겠네)
0x0003d7f4	4	【노리코】\n(우리 사무실 근처에도 맛있는\n점심을\n먹을 수 있는 가게가 있는데……)
0x0003d85a	4	【노리코】\n(나는 밖에 나가 있는 일이 더\n많아서\n갈 기회가 없단 말이지)
0x0003d8b8	4	【노리코】\n(이 근처에도 맛있는 가게가\n있으려나?\n근처를 돌아다녀 볼까)
0x0003d918	2	【노리코】\n(사무실뿐이네)
0x0003d954	3	【노리코】\n(시라카와 빌딩에 뒤지지 않을 만큼\n큰 빌딩이 줄지어 있네)
0x0003da70	1	팸플릿
0x0003da78	1	팸플릿
0x0003da84	1	응접 코너
0x0003da8d	1	응접 코너
0x0003da9a	1	로비
0x0003da9f	1	로비
0x0003dc50	2	【노리코】\n(시라카와 빌딩 안이네)
0x0003dc90	3	【노리코】\n(밖에서 봐도 훌륭했지만,\n안도 대단하네……)
0x0003dce6	3	【노리코】\n(누군가와 이야기하고 싶은데,\n어떻게 해야 할까?)
0x0003dddf	3	【노리코】\n(천장이 높게 뚫려 있어서\n공간이 더 높게 느껴져)
0x0003de3e	3	【노리코】\n(게다가 빛이 많이 들어와서\n밝고 좋은 분위기네)
0x0003dea9	4	【노리코】\n(역시 주택 메이커 건물이네.\n이러면 맡겨도 괜찮겠다는 분위기를\n입구만 봐도 느끼게 해)
0x0003df33	2	【노리코】\n(천장이 높아서 밝네……)
0x0003df85	3	【노리코】\n(손님에게 안심감을 주는 구조로\n되어 있는 거구나)
0x0003e048	5	【노리코】\n(……어떻게 말을 꺼낼까?\n『시라카와 그룹에 대해 이야기하고\n싶다』고\n말하면 되려나?)
0x0003e0b5	2	【노리코】\n(…………)
0x0003e0f2	3	【노리코】\n(……에라, 모르겠다.\n일단 부딪혀 보자)
0x0003e162	6	【노리코】\n실례합니다.\n저는 변호사인 신조 노리코라고\n합니다만,\n지난 사건에 관해 조사하고\n있습니다.
0x0003e1cf	4	【노리코】\n시라카와 그룹에 관해\n이야기를 여쭤보고 싶은데,\n담당하시는 분이 계실까요?
0x0003e242	2	【나카긴조】\n잠시만 기다려 주십시오.
0x0003e28f	4	【노리코】\n(……말해 보자.\n이 경우 담당자는\n어느 부서 사람이 나오는 걸까?)
0x0003e2f7	2	【나카긴조】\n……네…… 네…… 알겠습니다.
0x0003e357	3	【나카긴조】\n기다리게 했습니다.\n시라카와 담당자가 응대하겠습니다.
0x0003e3ab	4	【나카긴조】\n저쪽에 응접 코너가 있으니,\n그쪽에서 잠시\n기다려 주시겠습니까?
0x0003e40f	3	【노리코】\n네, 알겠습니다.\n감사합니다.
0x0003e477	3	【노리코】\n(응접 코너는……\n저기 의자와 테이블이 있는 곳이네)
0x0003e4fa	3	【노리코】\n(다시 담당자를\n불러 달라고 할까?)
0x0003e545	4	【노리코】\n실례합니다.\n저는 변호사인 신조 노리코라고\n합니다.
0x0003e599	3	【노리코】\n시라카와 담당 나카가와 씨는\n계신가요?
0x0003e600	3	【나카긴조】\n나카가와 말씀이시죠.\n잠시만 기다려 주십시오.
0x0003e657	2	【노리코】\n…………
0x0003e69a	4	【나카긴조】\n기다리게 해 드렸습니다.\n지금 나카가와가 오고 있으니,\n저쪽 응접 코너에서 기다려 주세요.
0x0003e707	2	【노리코】\n네, 감사합니다.
0x0003e790	2	【노리코】\n(여러 집의 팸플릿이 있네)
0x0003e7d8	3	【노리코】\n(우와……\n이런 집도 만들 수 있구나……)
0x0003e827	8	【노리코】\n(하지만 너무 참신한 집은 공사를\n하면\n살기 불편해질 가능성도 있어\n보이네……\n디자인을 택할지, 살기 편한 걸\n택할지\n고민되네)
0x0003e8ce	3	【노리코】\n(집의 매력을 응축한 모형이\n전시되어 있네)
0x0003e959	5	【노리코】\n(응접 코너 같은 곳이 있네.\n비즈니스 상담부터 집 꾸미기\n상담까지……\n그런 느낌이려나?)
0x0003e9d1	3	【노리코】\n(방문객용 응접 코너네.\n나도 상담하러 이용해 볼까)
0x0003ea62	1	관엽식물
0x0003ea6b	1	관엽식물
0x0003ea78	1	테이블
0x0003ea7e	1	테이블
0x0003ea88	1	응접 코너
0x0003ea91	1	응접 코너
0x0003eaaa	1	［시라카와 이치로의 인물상］
0x0003eac0	1	［시라카와 그룹의 새 대표］
0x0003eada	1	［나카가와 씨의 급여］
0x0003eaef	1	［시라카와 사토루에 대해］
0x0003eb02	1	［명함에 대해］
0x0003eb13	1	［정기 휴일에 대해］
0x0003ed68	3	【노리코】\n(나카가와 씨가 올 때까지,\n잠시 기다려 보자)
0x0003eddd	2	【노리코】\n…………
0x0003ee7f	2	【나카가와】\n기다리게 했습니다!
0x0003eebb	3	【노리코】\n죄송합니다, 바쁘신데\n자꾸 불러서……
0x0003ef25	2	【나카가와】\n아니요, 이게 제 일이니까요.
0x0003efdb	4	【노리코】\n(관엽식물이 장식되어 있네.\n이런 소박한 인테리어에도\n신경을 쓰고 있구나)
0x0003f095	3	【노리코】\n(집이라……\n동경되네……)
0x0003f0e2	4	【노리코】\n(도내에 살 거라면\n최근 아파트가 더 편한 경우도\n있겠지)
0x0003f141	2	【노리코】\n(어느 쪽이 좋으려나……?)
0x0003f18a	3	【노리코】\n(집이라……\n동경되네……)
0x0003f211	2	【노리코】\n…………
0x0003f24a	3	【노리코】\n(……5분……\n좀처럼 오지 않네……)
0x0003f29a	2	【노리코】\n(역시 의심받고 있는 걸까……?)
0x0003f352	3	【여성】\n기다리게 했습니다.\n변호사 신조 씨 맞으신가요?
0x0003f3a3	4	【노리코】\n네.\n처음 뵙겠습니다, 신조 노리코라고\n합니다.
0x0003f3fe	4	【여성】\n처음 뵙겠습니다.\n시라카와를 담당하고 있는,\n나카가와 리에라고 합니다.
0x0003f49a	2	【노리코】\n명함, 받아도 될까요?
0x0003f535	3	【나카가와】\n그래서 오늘은 어떤 용건으로\n오셨나요?
0x0003f581	5	【노리코】\n네.\n저는 지난 사건에서\n피의자의 변호를 담당하게\n되었습니다.
0x0003f5e7	4	【노리코】\n그래서 번거로우시겠지만,\n귀사에 대해 몇 가지\n여쭤볼 수 있을까 해서요……
0x0003f660	4	【나카가와】\n그렇군요…… 알겠습니다.\n어떤 것부터\n말씀드리면 될까요?
0x0003f6c6	4	【노리코】\n그렇네요.\n먼저 시라카와 그룹의 개요부터\n말씀해 주실 수 있을까요?
0x0003f72e	2	【나카가와】\n알겠습니다.
0x0003f77f	4	【나카가와】\n저희 시라카와 그룹은\n주택 건설을 주 업무로 하며,\n부문별로 세분화되어 있습니다.
0x0003f80e	4	【나카가와】\n먼저 집을 짓고 싶다고 상담해 오는\n고객과 직접 응대하는 곳이\n『시라카와 하우징』입니다.
0x0003f88b	7	【나카가와】\n시라카와 하우징은 고객의\n라이프스타일에\n맞춰,\n무리가 없는 예산으로 설계 단계부터\n상담할 수 있다는 것이\n가장 큰 장점입니다.
0x0003f920	5	【나카가와】\n그를 위해 건축 전문가가 많은\n『시라카와 건설』과 연계하여,\n고객의 요구에 응할 수 있는 체계를\n갖추고 있습니다.
0x0003f9c1	6	【나카가와】\n또한 고객이 집을 지을 때,\n새로 지을 장소에도 유연하게 대응할\n수\n있도록\n『시라카와 부동산』이 있습니다.
0x0003fa51	4	【나카가와】\n각 회사의 연계에 따라,\n고객이 원하는 장소에 원하는 집을\n제공할 수 있는 셈입니다.
0x0003fabf	3	【노리코】\n그렇군요……\n대단하네요.
0x0003fb12	3	【나카가와】\n신조 씨도 어떠신가요?\n변호사님이라면 자기 집 같은 건……
0x0003fb6f	4	【노리코】\n네?\n아, 네.\n그건 또 언젠가……
0x0003fbc9	4	【나카가와】\n그때는 부디\n저를 지명해 주시면\n좋겠습니다.
0x0003fc26	2	【노리코】\n아, 네……
0x0003fc60	4	【노리코】\n저기……\n나카가와 씨는 시라카와 측\n분이시죠?
0x0003fcac	3	【노리코】\n시라카와 쪽은 영업 활동도\n겸하고 있나요?
0x0003fd12	5	【나카가와】\n아니요, 본격적으로 이야기를\n진행하게\n되면,\n담당자를 소개해 드립니다.
0x0003fd8c	4	【나카가와】\n그때 제 소개를 통해 진행하면,\n일반 고객에게는 없는 특전이\n붙습니다!
0x0003fe0b	4	【나카가와】\n여기만의 비밀인데,\n소개하는 저에게도 약간의 특전이\n있답니다.
0x0003fe7d	2	【나카가와】\n그러니 꼭!
0x0003fec2	3	【노리코】\n(아, 당했네……\n설마 영업을 당할 줄은 몰랐어……)
0x0003ff1d	6	【노리코】\n(하지만…… 여기서 무턱대고\n거절하는\n것보다,\n조금 관심을 보이는 편이\n정보를 끌어내기 쉬울지도……)
0x0003ff9e	3	【나카가와】\n그럼 다른 질문하고 싶은 게\n있으신가요?
0x000401f8	2	【코우지】\n그리고……
0x00040303	2	【노리코】\n(이제 조사를 끝낼까?)
0x000403b3	3	【노리코】\n그럼 저는 이만 실례하겠습니다.\n바쁘신데 감사합니다.
0x00040423	4	【나카가와】\n아니요, 또 꼭 들러 주세요.\n그때는 멋진 집을 찾아드리는 데\n도움이 되겠습니다.
0x0004049e	3	【노리코】\n네, 알겠습니다.\n그럼 이만 실례하겠습니다.
0x000404fe	2	【노리코】\n(조금 더 이야기를 들어보자)
0x0004054d	3	【노리코】\n(아직 물어봐야 할 게 남아 있어.\n아직 떠날 수는 없어)
0x000405ff	3	【노리코】\n시라카와 빌딩에서 얻은 정보는\n대략 이런 내용이었어.
0x000406a0	3	【코우지】\n……\n결혼과 신혼집……?
0x0004071a	5	【노리코】\n어쩔 수 없었어.\n그렇게 말하는 편이\n정보를 받기 쉬울 거라고 생각했단\n말이야.
0x000407a3	2	【코우지】\n……뭐, 그건 상관없지만.
0x0004080e	4	【코우지】\n그나저나,\n리폼할 때 받은 명함이라……\n이제 수수께끼가 풀렸어.
0x0004089c	4	【코우지】\n고마워, 노리코!\n이제 숙적에게 반격할 수 있을 것\n같아.
0x0004090e	2	【노리코】\n(아, 부끄러웠다……)
0x00040957	4	【노리코】\n(게다가 잘 생각해 보면……\n코우지에게 보고할 필요도 없었는데,\n거짓말까지 했네……)
0x00040a26	2	【코우지】\n그리고……
0x00040a9d	6	【코우지】\n그렇군.\n시라카와 사토루의 평판은 아주\n좋다,\n이건가.\n여러모로 판단하기 어려운 상대네.
0x00040b26	5	【노리코】\n그렇네.\n확실히 능력 있는 인물이지만,\n그렇다고 진범이라고 할 만한 근거는\n없고.
0x00040bc0	5	【코우지】\n알았어.\n하지만 지금까지처럼 용의자라는\n전제로\n조사를 계속하자.
0x00040c56	4	【노리코】\n저기, 전임 사장님……\n시라카와 이치로 씨는 어떤\n분이셨나요?
0x00040cdc	4	【나카가와】\n전임 사장님 말인가요?\n글쎄요……\n아주 엄격한 분이셨습니다.
0x00040d57	5	【나카가와】\n하지만 시라카와 그룹이 이렇게 커진\n건\n전임 사장님의 수완 덕분이라고\n생각합니다.
0x00040dd2	4	【나카가와】\n그러니,\n경영자로서는 훌륭한 분이었다고\n생각합니다.
0x00040e26	4	【노리코】\n경영자로서는……?\n그럼 사람으로서는 뭔가 문제가\n있었나요?
0x00040ea7	4	【나카가와】\n저는 말단이라 별로 느끼지\n못했지만,\n윗분들은 여러 가지…… 아차!
0x00040f37	3	【나카가와】\n지금 말은 못 들은 걸로 해\n주세요!
0x00040f85	3	【노리코】\n그렇군요……\n알겠습니다.
0x00040fdb	3	【노리코】\n시라카와 그룹의 새 대표는,\n이제 누가 맡게 됐나요?
0x0004105b	4	【나카가와】\n네.\n오늘 대외적으로도 발표될\n예정입니다만……
0x000410bf	3	【나카가와】\n『시라카와 사토루』라는 분이\n취임하게 되어 있습니다.
0x00041120	3	【노리코】\n시라카와 사토루 씨는\n어떤 분인가요?
0x0004118d	3	【나카가와】\n시라카와 씨인가요……?\n글쎄요……
0x000411dd	3	【접수원】\n실례합니다.\n나카가와 씨……
0x00041257	2	【나카가와】\n……네…… 네……
0x00041298	3	【나카가와】\n알겠습니다.\n곧 돌아오겠습니다.
0x000412e1	2	【접수원】\n부탁드립니다.
0x00041365	4	【나카가와】\n죄송합니다.\n제 고객에게 문제가 생긴 것\n같아서……
0x000413cb	3	【나카가와】\n이야기의 계속은 나중에 해도\n될까요?
0x00041452	4	【노리코】\n그렇군요……\n알겠습니다.\n그럼 저도 이만 실례하겠습니다.
0x000414b8	3	【나카가와】\n죄송합니다.\n그럼 다음에 또 잘 부탁드립니다.
0x00041527	3	【노리코】\n……나카가와 씨, 서둘러 가\n버렸네.
0x00041573	2	【노리코】\n그럼 나도 돌아가자.
0x00041607	2	【노리코】\n……라는 느낌이었어.
0x0004166d	4	【코우지】\n그렇군……\n이렇게 되니 신경 쓰이는 건\n새 대표인 『시라카와 사토루』네.
0x000416d9	4	【코우지】\n이렇게 말하면 그렇지만,\n피해자가 죽었기 때문에\n새 대표가 될 수 있었던 거니까……
0x0004176c	3	【노리코】\n확실히 그렇네……\n용의자일지도.
0x000417da	3	【코우지】\n조사해 보는 게 좋겠네.\n시라카와 사토루의 인물상을……
0x00041850	3	【노리코】\n나카가와 씨의 급여는\n어느 정도인가요……?
0x000418c2	3	【나카가와】\n그, 그건……\n아무래도 말씀드리기 곤란하네요.
0x00041915	3	【노리코】\n그, 그렇죠.\n죄송합니다, 이상한 걸 물어봐서.
0x00041971	2	【나카가와】\n…………
0x000419c9	4	【노리코】\n새로 시라카와 그룹의 톱이 된\n시라카와 사토루 씨에 대해\n여쭤보고 싶은데요……
0x00041a59	3	【나카가와】\n시라카와 씨인가요……?\n글쎄요……
0x00041adf	5	【나카가와】\n시라카와 사토루는\n고인이 된 시라카와 이치로의 사촌에\n해당하는\n인물입니다.
0x00041b46	4	【나카가와】\n대표 취임 인사에서도 말씀드렸지만,\n새 대표는 기업 간의 관계를\n바꾸려고 합니다.
0x00041bcf	5	【나카가와】\n지금까지는 『시라카와 하우징』을\n주력 기업으로 삼아,\n그룹을 하나의 조직으로\n운영했지만……
0x00041c4d	8	【나카가와】\n『시라카와 홀딩스』라는 지주회사를\n새로\n만들고,\n그 아래에 『시라카와 하우징』을\n비롯한\n각 기업을 두는 형태로 한다고\n합니다.
0x00041cf2	6	【나카가와】\n이는 지금까지처럼 위에서 의견을\n강요하는 것이 아니라, 그룹의\n기업끼리\n의견 조정을 쉽게 하려는 목적이\n있습니다.
0x00041d8c	3	【나카가와】\n그래서 그룹 대표라는 입장도\n지금까지와는 달라집니다.
0x00041df6	4	【나카가와】\n지금까지는 『시라카와 하우징』\n대표가\n사실상 그룹 대표였습니다.
0x00041e6a	4	【나카가와】\n하지만 앞으로는\n『시라카와 홀딩스』 대표가\n그룹 대표가 됩니다.
0x00041ecf	4	【노리코】\n아무래도 새 대표는 현장의 의견을\n적극적으로 받아들이는 타입인\n모양이네요.
0x00041f30	2	【노리코】\n그런데, 인품은 어떤 분인가요?
0x00041fa1	5	【나카가와】\n그렇군요……\n전임 대표보다는 편하게 이야기할 수\n있는\n느낌입니다.
0x0004201e	3	【나카가와】\n살갑게 말도 걸어 주시고,\n태도도 부드러운 분입니다.
0x00042080	3	【노리코】\n그렇군요……\n귀중한 이야기, 감사합니다.
0x0004212d	3	【나카가와】\n시라카와 사토루 대표는\n정말 좋은 분이에요!
0x00042196	3	【노리코】\n귀사의 명함에 대해\n여쭤보고 싶은데요……
0x00042217	2	【나카가와】\n명함 말인가요……?
0x0004225d	4	【노리코】\n네.\n이 디지털카메라 모니터를\n봐 주시겠어요?
0x000422ca	2	【나카가와】\n…………
0x00042310	5	【나카가와】\n이 명함…… 전임 대표의 것\n같네요.\n그런데 디자인이 다른 것\n같은데요……
0x00042378	3	【노리코】\n디자인이 다르다……?\n그게 무슨 뜻인가요?
0x000423e8	3	【나카가와】\n제가 드린 명함을\n가지고 계신가요?
0x0004243b	2	【노리코】\n네, 이거 맞죠?
0x000424aa	3	【노리코】\n……그렇군요,\n확실히 디자인이 다르네요.
0x000424fe	3	【나카가와】\n전임 대표의 명함은\n8년 전까지 사용되던 것이네요.
0x0004255a	4	【나카가와】\n시대가 바뀌어 2001년에\n명함 디자인을 새로 바꿨기 때문에,\n디자인이 다른 겁니다.
0x00042608	4	【노리코】\n(……그렇다는 건,\n코우지가 피해자를 만난 건\n적어도 8년 이상 전……)
0x00042685	4	【나카가와】\n그런데, 슬슬 신조 씨의 신혼집\n이야기를\n구체화하지 않겠습니까……?
0x000426f1	3	【노리코】\n뭐라고요!?\n자, 잠깐만요, 그건 아직……
0x0004274c	4	【나카가와】\n그럼 적어도 고객 정보로서\n회사에 등록하도록\n해 주실 수 없을까요?
0x000427c8	4	【나카가와】\n고객 정보는 계속 남아 있으니,\n나중에 다시 신혼집을 생각하실 때\n바로 대응할 수 있습니다!
0x0004284b	3	【노리코】\n고객 정보……?\n……그거야!
0x000428a2	4	【노리코】\n죄송해요,\n조사해 보고 싶은 게\n있는데요!
0x000428ff	3	【나카가와】\n네, 네!?\n무엇인가요!
0x00042943	5	【노리코】\n고객 정보에 사이토 코우지……\n아니면 사이토 씨 어머니의 이름이\n등록되어 있지 않은지 조사해\n주시겠어요!?
0x000429e9	4	【나카가와】\n저기……\n그분은 신조 씨와\n어떤 관계인가요……?
0x00042a42	2	【노리코】\n어……?
0x00042aa1	3	【나카가와】\n요즘은 개인정보 취급에 대해\n여러모로 까다로워서……
0x00042b0d	4	【노리코】\n(어, 어떻게 하지……?\n피의자라고 그대로 말해도\n되려나……?)
0x00042b76	2	【노리코】\n…………
0x00042baf	2	【노리코】\n(에라, 거짓말도 방편이지!)
0x00042bfb	3	【노리코】\n저, 저의 연인입니다.\n사이토 코우지는……
0x00042c68	4	【나카가와】\n아!\n결혼을 예정하고 계신다는\n말씀이신가요!?
0x00042cc0	3	【노리코】\n네, 네……\n그런 셈이에요……
0x00042d14	4	【나카가와】\n결혼을 계기로 신혼집을 구하신다는\n거군요!\n축하드립니다.
0x00042d78	2	【노리코】\n아, 감사합니다……
0x00042dba	7	【노리코】\n아, 그게 말이죠……\n혹시 코우지의 이름이나 코우지\n어머니의\n이름으로,\n고객 정보가 등록되어 있지 않을까\n해서요……
0x00042e48	3	【노리코】\n아까 명함인데요,\n코우지가 가지고 있던 겁니다.
0x00042eac	4	【나카가와】\n알겠습니다.\n그럼 바로 조사해서 알려\n드리겠습니다.
0x00042f26	2	【노리코】\n…………
0x00042f5f	2	【노리코】\n(죄송해요, 나카가와 씨!)
0x00042ff5	4	【나카가와】\n기다리게 했습니다.\n확실히 사이토 씨 어머니 명의로\n등록되어 있었습니다.
0x00043061	3	【나카가와】\n아무래도 지금으로부터 9년쯤 전에\n집을 리폼하셨던 것 같네요.
0x000430c7	4	【노리코】\n리폼!\n그렇군요,\n그때 전임 사장님과 만났던 거군요.
0x0004312d	3	【나카가와】\n네, 회사의 대표와 전임 대표가\n인사하러 방문했던 모양입니다.
0x000431a6	5	【나카가와】\n전임 대표가 개인 고객을\n직접 만날 기회는 별로 없었는데,\n아무래도 우수 고객이었던\n모양이네요.
0x00043226	2	【나카가와】\n그럼 신조 씨의 신혼집 이야기는……
0x0004327a	3	【노리코】\n아, 저기, 그건 또,\n코우지와 함께 왔을 때라도……
0x000432e6	5	【나카가와】\n아, 그렇군요.\n그럼 부디,\n코우지 씨와 함께 방문해 주시길\n기다리겠습니다.
0x0004334e	3	【노리코】\n네, 네……\n그렇게 되면 좋겠네요……
0x000433c5	3	【나카가와】\n코우지 씨와 함께 방문해 주시길\n진심으로 기다리고 있겠습니다.
0x00043414	2	【노리코】\n아, 네……
0x00043455	3	【노리코】\n이곳의 정기 휴일에 대해\n알려주실 수 있나요?
0x000434c6	3	【나카가와】\n네.\n토요일이 정기 휴일입니다.
0x00043521	2	【나카가와】\n네. 일요일이 정기 휴일입니다.
0x000435d0	1	시라카와 빌딩 주변
0x000435dc	1	시라카와 빌딩 주변
0x000435ec	1	시라카와 빌딩
0x000435f4	1	시라카와 빌딩
0x00043725	3	【노리코】\n(시라카와 빌딩에 도착했네.\n어떻게 할까?)
0x000438f7	4	【노리코】\n(큰 빌딩……\n하지만 압도당하고 있을 때가\n아니야)
0x00043952	2	【노리코】\n(정신을 바짝 차리고 조사해야 해)
0x000439a8	2	【노리코】\n(사무실뿐이네)
0x000439e4	3	【노리코】\n(시라카와 빌딩에 뒤지지 않을 만큼\n큰 빌딩이 줄지어 있네)
0x00043a78	1	팸플릿
0x00043a80	1	팸플릿
0x00043a8c	1	응접 코너
0x00043a95	1	응접 코너
0x00043aa2	1	로비
0x00043aa7	1	로비
0x00043dc3	2	【노리코】\n(여러 집의 팸플릿이 있네)
0x00043e0b	3	【노리코】\n(우와……\n이런 집도 만들 수 있구나……)
0x00043e5a	8	【노리코】\n(하지만 너무 참신한 집은 공사를\n하면\n살기 불편해질 가능성도 있어\n보이네……\n디자인을 택할지, 살기 편한 걸\n택할지\n고민되네)
0x00043ef5	3	【노리코】\n(집의 매력을 응축한 모형이\n전시되어 있네)
0x00043f4f	3	【노리코】\n(방문객용 응접 코너네.\n나도 상담하러 이용해 볼까)
0x00043fb5	2	【노리코】\n(천장이 높아서 밝네……)
0x00044007	3	【노리코】\n(손님에게 안심감을 주는 구조로\n되어 있는 거구나)
0x000440a0	4	【노리코】\n실례합니다.\n저는 변호사인 신조 노리코라고\n합니다.
0x000440f4	4	【노리코】\n시라카와 건설의 미나즈키 코우지\n씨와\n이야기를 나누고 싶은데요……?
0x0004414d	3	【접수원】\n미나즈키 씨 말씀이시죠.\n잠시만 기다려 주세요.
0x000441a6	2	【노리코】\n…………
0x000441df	2	【노리코】\n…………
0x00044222	4	【접수원】\n기다리게 했습니다.\n지금 미나즈키가 돌아오니,\n저쪽 응접 코너에서 기다려 주세요.
0x0004428f	2	【노리코】\n네, 감사합니다!
0x0004431a	3	【노리코】\n(오늘은 시라카와 사토루 대표에게\n이야기를 꼭 들어야 하는 거지……)
0x00044375	3	【노리코】\n(으~\n긴장되네……)
0x000443c2	5	【노리코】\n(……이런 말을 하고 있을 때가\n아니지.\n우선 만나게 해 달라고\n접수원에게 부탁해야 해……)
0x00044467	5	【노리코】\n실례합니다.\n저는 변호사인 신조 노리코라고\n합니다.\n시라카와 사토루 씨는 계신가요?
0x000444d0	3	【접수원】\n시라카와 씨 말인가요?\n약속이 있으신가요?
0x00044522	5	【노리코】\n(그렇겠지……\n이렇게 큰 기업의 대표니까,\n사전에 약속을 잡는 게\n당연하겠지……)
0x0004458f	3	【노리코】\n(……하지만,\n여기서 물러날 수는 없어!)
0x000445e2	5	【노리코】\n약속은 없지만,\n지난 사건에 대해 여쭤보고 싶은\n것이\n있어서요……
0x0004464a	2	【접수원】\n……잠시만 기다려 주세요.
0x00044699	4	【노리코】\n(기다릴 테니, 만나게 해\n주세요……\n부탁해요!)
0x000446eb	2	【노리코】\n…………
0x0004472e	3	【접수원】\n……기다리게 했습니다.\n안내해 드리겠습니다.
0x00044789	3	【노리코】\n어……?\n만나게 해 주시는 건가요?
0x000447d0	3	【접수원】\n네.\n이쪽으로 오시죠.
0x00044842	2	【노리코】\n(이, 말해 보는 거네……!)
0x000448a9	3	【노리코】\n오늘만큼은 미나즈키 씨에게\n이야기를 꼭 들어야 해……
0x000448f8	3	【노리코】\n……부탁해요!\n오늘만큼은 만나 주세요……!!
0x00044979	4	【노리코】\n실례합니다.\n저는 변호사인 신조 노리코라고\n합니다.
0x000449cd	4	【노리코】\n시라카와 건설의 미나즈키 코우지\n씨는\n계신가요?
0x00044a20	3	【접수원】\n미나즈키 씨 말씀이시죠.\n잠시만 기다려 주세요.
0x00044a79	2	【노리코】\n…………
0x00044abc	4	【접수원】\n기다리게 했습니다.\n지금 미나즈키가 돌아오니,\n저쪽 응접 코너에서 기다려 주세요.
0x00044b29	2	【노리코】\n네, 감사합니다!
0x00044b9b	4	【노리코】\n(다행이다, 오늘은 있는\n모양이네……\n여러 이야기를 들어야지!)
0x00044c44	4	【노리코】\n실례합니다.\n저는 변호사인 신조 노리코라고\n합니다.
0x00044c98	4	【노리코】\n시라카와 건설의 미나즈키 코우지\n씨는\n계신가요?
0x00044ceb	3	【접수원】\n미나즈키 씨 말씀이시죠.\n잠시만 기다려 주세요.
0x00044d44	2	【노리코】\n…………
0x00044d7d	2	【노리코】\n…………
0x00044dc0	2	【접수원】\n기다리게 했습니다.
0x00044e00	4	【접수원】\n대단히 죄송하지만,\n지금 미나즈키는 외출 중이라\n돌아오는 시간은 모른다고 합니다……
0x00044e80	2	【노리코】\n어, 그런가요……?
0x00044ec2	4	【접수원】\n대단히 죄송합니다.\n전하실 말씀이 있으면 전해\n드리겠습니다만……?
0x00044f1a	5	【노리코】\n아니요, 특별히 전할 말은\n없습니다……\n그럼 다시\n찾아뵙겠습니다.
0x00044f7e	2	【접수원】\n알겠습니다.
0x00044fc6	2	【노리코】\n그럼 이만 실례하겠습니다.
0x0004503c	4	【노리코】\n(……없는 모양이네, 어쩔 수\n없지.\n어떻게 할까……)
0x00045094	2	【나카가와】\n어라, 신조 씨……?
0x000450d5	2	【노리코】\n어……?
0x00045127	2	【노리코】\n아, 나카가와 씨.
0x00045171	4	【나카가와】\n아, 마침 잘됐네요!\n신조 씨와 이야기하고 싶다고\n생각하던 참이었습니다.
0x000451cc	3	【노리코】\n(아……\n설마 신혼집 이야기……!?)
0x00045232	2	【나카가와】\n시간은 괜찮으신가요……?
0x00045281	3	【노리코】\n괜찮다고 하면 괜찮습니다만……\n그래도……
0x000452f1	2	【나카가와】\n그럼 저쪽 응접 코너로 가시죠!
0x0004533c	2	【노리코】\n어…… 네, 네……
0x00045395	4	【노리코】\n(……뭐, 괜찮겠지.\n모처럼 왔으니, 나카가와 씨에게\n조금 더 이야기를 들어보자)
0x0004546c	1	관엽식물
0x00045475	1	관엽식물
0x00045482	1	테이블
0x00045488	1	테이블
0x00045492	1	응접 코너
0x0004549b	1	응접 코너
0x000454b4	1	［미나즈키 코우지에 대해］
0x000454cb	1	［눈치챈 점］
0x000454df	1	［미나즈키 코우지의 알리바이］
0x000454f8	1	［피해자와 미나즈키 코우지의 관계］
0x00045517	1	［피해자와 미즈타니 아사츠유의 관계］
0x00045534	1	［피해자와 미우라 마사노부의 관계］
0x00045553	1	［미나즈키 코우지와 시라카와 사토루의 관계］
0x00045572	1	［게임장의 레버를 부순 사건］
0x0004558d	1	［시라카와 이치로에 대해］
0x000455a2	1	［플레이한 게임에 대해］
0x000455b9	1	［정기 휴일에 대해］
0x00045874	3	【나카가와】\n실례지만, 신조 씨.\n신혼집 이야기 말인데요……
0x000458ce	3	【노리코】\n(이제는 여기서,\n확실히 말하는 편이 낫겠네)
0x0004591b	3	【노리코】\n저, 저기……\n그 건인데요……
0x00045970	2	【나카가와】\n네!
0x000459a5	3	【노리코】\n당분간은,\n신혼집 예정이 없어서요……
0x00045a00	2	【나카가와】\n어, 그런가요?
0x00045a3e	4	【노리코】\n아, 네……\n여러 가지로 정신이 없어서,\n지금은 그럴 때가 아니라서……
0x00045ac5	2	【나카가와】\n그렇군요……
0x00045aff	3	【노리코】\n(우와……\n대놓고 풀이 죽어 있네……)
0x00045b51	6	【노리코】\n저기…… 언젠가 신혼집을 지을\n때는,\n꼭 나카가와 씨에게\n연락드리겠습니다.\n그때 잘 부탁드립니다!
0x00045c02	4	【나카가와】\n어……\n그, 그런가요?\n신혼집 말씀이시죠?
0x00045c4e	2	【노리코】\n네, 네.
0x00045c86	3	【노리코】\n(……바로 태도가 바뀌었네.\n현금 밝히는 사람이네……)
0x00045cda	5	【노리코】\n(뭐, 그건 그렇다 치고,\n모처럼이니 미나즈키 씨의 평판 같은\n걸\n물어볼까?)
0x00045d40	2	【노리코】\n조금 이야기해도 될까요?
0x00045d90	2	【나카가와】\n네, 괜찮습니다.
0x00045dd9	2	【노리코】\n그럼……
0x00045e1b	3	【노리코】\n(미나즈키 씨가 올 때까지,\n잠시 기다려 보자)
0x00045e92	2	【노리코】\n(…………)
0x00045f3a	2	【미나즈키 코우지】\n당신이 날 불러낸 변호사인가?
0x00045f83	5	【노리코】\n아, 맞아요.\n처음 뵙겠습니다.\n저는 변호사인 신조 노리코라고\n합니다.
0x0004600f	2	【미나즈키 코우지】\n변호사…… 그 사건의?
0x00046054	7	【노리코】\n네.\n저는 피의자 사이토 코우지 씨의\n변호를\n담당하고 있어서,\n조금 이야기를 여쭤보고 싶은데,\n괜찮으실까요?
0x00046101	2	【미나즈키 코우지】\n……들어오세요.
0x0004613b	3	【노리코】\n감사합니다.\n그럼……
0x0004619f	2	【미나즈키 코우지】\n오래 기다렸지, 변호사.
0x000461e4	3	【노리코】\n아, 일부러 시간을 내게 해서\n죄송합니다.
0x00046255	3	【미나즈키 코우지】\n괜찮아, 변호사님, 미인이니까.\n그래서 오늘은 무슨 이야기?
0x0004647d	3	【노리코】\n(유리 테이블이네.\n아주 비싸 보이는데)
0x000464cd	3	【노리코】\n(뭔가 회의 중인\n그룹이 있네)
0x000467d1	2	【노리코】\n(이제 조사를 끝낼까?)
0x000468ba	3	【노리코】\n그럼 저는 이만 실례하겠습니다.\n바쁘신데 감사합니다.
0x00046943	4	【나카가와】\n아니요, 또 꼭 들러 주세요.\n그때는 멋진 집 만들기를\n도와드리겠습니다.
0x000469c0	3	【노리코】\n네, 알겠습니다……\n그럼 실례하겠습니다.
0x00046a4a	2	【여자아이】\n꺄하하!
0x00046a9b	3	【노리코】\n(……활발한 여자아이네.\n상담하러 온 가족의 아이일까……?)
0x00046afa	4	【노리코】\n(어라, 그런데 저 아이,\n엘리베이터 쪽으로 가 버렸는데……\n혹시 직원의 아이일까?)
0x00046b82	4	【노리코】\n(아, 혹시\n소문으로 들은 요시모토 유미\n짱일까?)
0x00046bde	2	【노리코】\n(……따라가 봤어야 했는데)
0x00046c32	3	【노리코】\n(아, 혹시\n그 아이가 요시모토 유미 짱일까?)
0x00046c83	4	【노리코】\n(……그렇다면,\n미즈타니 씨의 딸이\n왜 이런 곳에 온 걸까……?)
0x00046cf3	2	【노리코】\n(……따라가 봤어야 했는데)
0x00046d37	3	【노리코】\n(상당히 자유로운 환경의\n회사인가 보네……)
0x00046d8f	5	【노리코】\n(하지만 자유롭게 드나들기 쉬운\n환경을\n마련해 두었기 때문에 손님도\n많이 오는 걸지도 모르겠네)
0x00046e08	2	【노리코】\n(역시 대기업은 다르네)
0x00046e64	2	【노리코】\n(…………)
0x00046ea1	3	【노리코】\n(어라, 그런데 우리 말고는\n아무도 없네)
0x00046ef3	5	【노리코】\n(밖에서 들어와 버린 건가?\n1층만이라면 자유롭게 들어올 수\n있는\n모양이네)
0x00046f57	6	【노리코】\n(그렇게 드나들기 쉬운 환경을\n마련했기\n때문에\n손님도 많이 오는 걸지도 모르겠네.\n역시 대기업은 다르네)
0x00046fee	2	【나카가와】\n실례합니다, 신조 씨.
0x00047030	2	【노리코】\n네, 무슨 일이죠?
0x0004706d	3	【나카가와】\n접수원에게 물어봤는데,\n지금 미나즈키가 돌아왔다고 합니다.
0x000470d8	2	【나카가와】\n불러 드릴까요?
0x00047115	2	【노리코】\n아, 그럼 부탁드립니다!!
0x00047158	3	【나카가와】\n알겠습니다.\n그럼 잠시만 기다려 주세요.
0x000471b0	2	【노리코】\n(돌아가려던 참에…… 운이 좋았네)
0x00047201	2	【노리코】\n(조금 더 이야기를 들어보자)
0x000472c0	3	【노리코】\n그럼 저는 이만 실례하겠습니다.\n바쁘신데 감사합니다.
0x00047349	4	【미나즈키 코우지】\n좋아.\n또 묻고 싶은 게 있으면,\n언제든 와.
0x000473aa	2	【미나즈키 코우지】\n나도 기분 전환이 되니까.
0x000473fb	3	【노리코】\n네.\n그때 잘 부탁드립니다.
0x00047448	2	【노리코】\n(조금 더 이야기를 들어보자)
0x0004749f	3	【노리코】\n(아직 물어봐야 할 게 남아 있어.\n아직 떠날 수는 없어)
0x00047552	3	【노리코】\n시라카와 빌딩에서 얻은 정보는\n대략 이런 내용이었어.
0x000475ce	3	【코우지】\n우선 나카가와 씨에게 들은\n미나즈키 이야긴데……
0x0004762a	7	【코우지】\n임원 대우로 복직이라……\n그 정도로 회사 내 평판이 좋은\n줄은\n몰랐네.\n그러니 현 대표가 다시 부른\n거겠지.
0x000476c5	8	【노리코】\n새 대표 시라카와 사토루 씨가\n취임할\n것은\n1년 전부터 정해져 있었고,\n그때부터 미나즈키를 다시 부를\n생각이었던\n모양이야.
0x0004776b	2	【코우지】\n…………
0x000477b1	2	【코우지】\n그건 뭔가 수상하네.
0x00047802	5	【코우지】\n1년 전부터 사토루가 미나즈키를\n다시 부르려 했다면,\n그 무렵부터 복직 이야기가 있었다는\n거지?
0x00047893	3	【노리코】\n하지만 그에 대해 미나즈키 씨는,\n단순한 우연이라고 말했어.
0x00047900	4	【코우지】\n그렇군.\n미나즈키를 만난 날 피해자가\n살해된 건 단순한 우연이라……
0x0004797d	3	【코우지】\n……직접 미나즈키와 이야기를\n해 보고 싶네.
0x00047a0b	3	【코우지】\n그렇군.\n단순한 우연이라……
0x00047a63	3	【코우지】\n뭐, 어느 쪽이든,\n본인은 그렇게 말할 수밖에 없겠지.
0x00047ad9	2	【노리코】\n그렇지……
0x00047b38	6	【코우지】\n자신에게 불리할 만한 일까지\n모두 말해 줬지만,\n객관적인 증언이나 증거가 나오지\n않는 한\n믿을 수는 없어……
0x00047be1	2	【노리코】\n…………
0x00047c40	5	【코우지】\n미나즈키가 말한,\nVIP룸 통로에서 나오는 걸 봤다는\n남자는, 아마 누마사키 변호사를\n말하는 거겠지.
0x00047ce4	6	【코우지】\n확실히 누마사키 변호사는 23시\n무렵\n현장에 도착해,\nVIP룸에서 5분 정도\n만나고 있었다고 했지?
0x00047d6d	7	【코우지】\n대략적으로 생각해서,\n홀에 들어가 VIP룸에 들어가기\n위한\n절차를 밟고,\n누마사키 변호사가 나갈 때까지 대략\n10분이라고 치자.
0x00047e11	7	【노리코】\n그렇다면 VIP 룸 통로에서 나온\n사람을 본 미나즈키 씨는 23시\n10분쯤\nVIP 룸에 들어가 자정 무렵\n나왔다는\n거네.
0x00047ec1	5	【코우지】\n그리고 미나즈키의 증언을 믿는다면,\n그 후에는 게임 센터에 갔다는\n건가.\n그렇군……
0x00047f50	4	【코우지】\n그럼 게임 센터에 가서\n미나즈키를 목격한 사람이 없는지\n탐문해 오지 않겠어?
0x00047fd1	2	【노리코】\n응, 알겠어.
0x0004803f	4	【코우지】\n누마사키 변호사는 몇 시쯤\nVIP룸을\n나왔을까?
0x000480a8	3	【코우지】\n그걸 알면 미나즈키 알리바이도\n대략 알 수 있을 텐데……
0x00048149	2	【코우지】\n그래서, 상대방은 뭐라고 하던가?
0x000481b3	4	【노리코】\n응, 증언해 줬어.\n0시 10분쯤부터 0시 50분쯤까지\n대전했다고.
0x0004824c	7	【코우지】\n이제 미나즈키 코우지의 알리바이가\n입증된\n셈인가!\n……정말이지, 지기 싫어하는 성격\n때문에\n사람을 고생시키다니.
0x0004831a	4	【코우지】\n그런데 좀 신경 쓰이는 건,\n시라카와 이치로의 표정이\n진심으로 보였다는 이야기네……
0x0004838d	3	【노리코】\n하지만 코우지에게\n그런 거짓말을 할 이득은 없어.
0x000483e7	2	【코우지】\n그렇겠지……
0x00048467	3	【노리코】\n미나즈키 코우지 씨를\n아시나요?
0x000484d5	4	【나카가와】\n네, 알고 있습니다.\n시라카와 건설에 복직한 분이죠?\n사내에서도 유명한 분이고요.
0x0004853f	2	【노리코】\n유명하다니…… 무슨 뜻인가요?
0x000485a7	5	【나카가와】\n선배에게 들은 적이 있습니다.\n예전에 전임 사장님과 문제가 생겨\n그만둔\n실력 있는 건축가가 있었다고요.
0x0004864f	5	【나카가와】\n그분이 복직한다니, 선배가\n기뻐했습니다.\n우리 회사의 마지막 희망이\n되살아났다고요.
0x000486cc	4	【노리코】\n헤에……\n그렇게 대단한 사람인가요,\n미나즈키 씨는?
0x00048731	4	【나카가와】\n네.\n참신한 것부터 전통적인 디자인까지,\n어떤 건축물에도 대응하고……
0x000487ab	9	【나카가와】\n무엇보다 훌륭한 점은, 아무리\n기발한\n디자인이라도\n사는 사람의 입장에 서서 빛과\n공간의\n흐름,\n그리고 내진성에 최대한 배려한다는\n점입니다.
0x0004887d	7	【나카가와】\n물론 건축가라면 당연히 배려해야 할\n점이지만,\n어느 하나를 우선하면\n어쩔 수 없이 어느 정도 희생이\n생기기\n마련인데……
0x00048913	3	【노리코】\n미나즈키 씨의 건축에는\n그런 게 거의 없고……
0x00048963	4	【노리코】\n그런 점이\n손님에게도 회사 사람들에게도\n신뢰받는 이유군요.
0x000489ef	5	【나카가와】\n네, 맞습니다.\n임원 대우로 복직한 것에 대해서도,\n사내에서 불만이 나온 적은\n없습니다.
0x00048a6b	3	【노리코】\n어?\n임원 대우인가요?
0x00048ac8	3	【나카가와】\n네.\n디자인 부문의 부문장으로 있습니다.
0x00048b1b	2	【노리코】\n그랬군요……
0x00048b7f	5	【나카가와】\n아무래도,\n새 대표가 톱에 오르는 건 1년\n전부터\n예정되어 있었던 모양인데……
0x00048c14	4	【나카가와】\n그때부터 새 대표는\n미나즈키를 다시 부르는 것을\n결정하고 있었다는 소문입니다.
0x00048c8d	3	【나카가와】\n하지만 실력을 다시 살펴보니,\n그것도 납득이 갑니다!
0x00048ced	3	【나카가와】\n신조 씨가 신혼집을 지으실 때는,\n미나즈키를 추천해 드리겠습니다!
0x00048d4e	3	【노리코】\n네, 네.\n그때 잘 부탁드립니다……
0x00048dec	5	【나카가와】\n미나즈키는,\n우리 회사가 자신 있게 추천할 수\n있는\n건축가입니다!
0x00048e5c	3	【노리코】\n최근 회사에서 발생한 문제 같은 건\n없나요?
0x00048ed4	2	【나카가와】\n트러블이라면, 일상다반사죠.
0x00048f2b	6	【나카가와】\n고객에게도\n평생 한 번 있을 가장 큰 구매일\n테니,\n그 정도는 어쩔 수 없다고\n생각합니다.
0x00048fa4	2	【노리코】\n그렇군요.
0x00048fdb	4	【노리코】\n(사실은 사건 이야기를 듣고\n싶었지만,\n그 사람이 알고 있을 리 없나……)
0x00049043	6	【노리코】\n미나즈키 씨가 사건 당일 라이트\n블루에\n도착한 후,\n어떤 경로를 거쳤는지 알려주실 수\n있을까요?
0x000490d6	3	【미나즈키 코우지】\n또 이야기하는 거야?\n이번 건도 본인에게 직접 말했는데?
0x00049128	4	【노리코】\n죄송하지만,\n한 번 더 말씀해 주실 수\n있을까요?
0x0004919e	4	【미나즈키 코우지】\n어쩔 수 없지.\n뭐, 좋아.\n미인 변호사님의 부탁이니까!
0x000491fd	2	【노리코】\n…………
0x00049236	5	【노리코】\n(……실력 있는 건축가라고\n들었으니,\n좀 더 진지한 사람을 상상했는데,\n의외로 가벼운 사람이네……)
0x000492b7	3	【노리코】\n(아니면 힘든 일을 극복하면서\n성격이 바뀐 걸까……?)
0x0004934a	3	【미나즈키 코우지】\n……응?\n왜 그래, 변호사?
0x00049394	4	【노리코】\n아니요, 아무것도 아닙니다.\n그럼 사건 당일의 행적을\n알려 주시겠어요?
0x00049415	3	【미나즈키 코우지】\n그럼 그 가게에 도착한 때부터\n말하면 될까?
0x00049460	2	【노리코】\n네, 거기서부터 부탁드립니다.
0x000494b0	4	【미나즈키 코우지】\n음~ 글쎄.\n우선 시라카와 씨에게 불려서\n그 가게에 갔어.
0x00049536	3	【미나즈키 코우지】\n아, 시계는 차지 않는 습관이라\n정확한 시간은 몰라.
0x00049591	4	【노리코】\n……그렇군요.\n그럼 질문을 바꿀게요.\n23시에는 가게에 도착해 있었나요?
0x0004961e	2	【미나즈키 코우지】\n아니, 조금 더 늦었던 것 같아.
0x00049678	4	【미나즈키 코우지】\n그러고 보니,\n마침 VIP 룸으로 향하는 통로에서\n어떤 사람이 나오는 걸 봤어.
0x000496df	3	【노리코】\n어떤 사람요?\n그게 누구죠?
0x00049734	4	【미나즈키 코우지】\n그건 모르겠네.\n어디선가 본 적 있는 사람 같긴\n했지만……
0x00049795	5	【미나즈키 코우지】\n그리고 그대로 가게의 VIP 룸에\n들어가\n시라카와 씨와 이야기를 했어.\n1시간 정도였나?
0x000497fe	2	【노리코】\n(……그럼 50분쯤 후라는 건가?)
0x00049851	2	【노리코】\n그동안 계속 VIP 룸에 있었나요?
0x000498ab	7	【미나즈키 코우지】\n응, 그래.\n중간에 시라카와 씨가 몇 번인가\n화장실에\n갔지만.\n나이 들면 화장실에 자주 간다는 게\n정말이네.
0x00049933	4	【미나즈키 코우지】\n그리고 이야기가 끝나 VIP 룸을\n나와,\n돌아가는 길에 게임 센터에 들렀어.
0x00049997	2	【노리코】\n게임 센터요?
0x000499e4	4	【미나즈키 코우지】\n그 바에서 5분 정도 걸리는\n『어뮤즈 하우스』라는 곳.\n마침 집으로 향하는 길이었거든.
0x00049a60	3	【노리코】\n하지만 그걸 증명해 줄 사람은\n없다는 말씀이셨죠?
0x00049ad8	3	【미나즈키 코우지】\n그렇지.\n증명할 방법이 없어.
0x00049b1d	3	【노리코】\n게임 센터에 가서 플레이한 게임은\n어떤 게임이었나요?
0x00049b9a	3	【미나즈키 코우지】\n미안하지만,\n그건 말하고 싶지 않군.
0x00049be4	2	【노리코】\n왜 그런가요?
0x00049c44	3	【미나즈키 코우지】\n반대로 묻겠는데,\n그런 걸 물어봐서 어쩌려는 거지?
0x00049c92	4	【노리코】\n아니요…… 혹시 플레이 데이터 같은\n게\n남아 있지 않을까 해서요……
0x00049cf9	3	【미나즈키 코우지】\n그런 플레이 데이터가 남는 게임은\n적어도 플레이하지 않았어.
0x00049d6c	3	【노리코】\n(안 되나……\n그래도 여기서 포기할 수는 없지)
0x00049dc0	3	【노리코】\n저기, 부탁이 하나 있는데,\n괜찮으실까요?
0x00049e36	4	【미나즈키 코우지】\n뭐?\n나랑 게임 대결이라도\n하고 싶은 거야?
0x00049e7f	3	【노리코】\n아니요, 아닙니다.\n사진을 한 장 찍어도 될까요?
0x00049f04	4	【미나즈키 코우지】\n사진이라니, 내 사진?\n뭐, 사진 한 장 정도라면 괜찮아.\n자.
0x00049f5b	2	【노리코】\n그럼.
0x00049f9a	2	【노리코】\n감사합니다.
0x00049ff2	5	【노리코】\n아까 이야기로는,\n피해자와 미나즈키 씨의 관계가\n그다지 좋지 않았다고\n하셨는데요……?
0x0004a08a	2	【미나즈키 코우지】\n오, 정곡을 찌르네?
0x0004a0ca	2	【노리코】\n죄송합니다.
0x0004a128	3	【미나즈키 코우지】\n아니, 괜찮아.\n솔직히 말해서, 그랬어.
0x0004a19b	4	【미나즈키 코우지】\n이렇게 말하면 그렇지만,\n일하기 편해.\n성가신 걸림돌이 사라진 셈이니까.
0x0004a1ff	3	【노리코】\n(그건 아무리 그래도 너무 심한 말\n아닌가……)
0x0004a247	3	【노리코】\n사실 지금, 관련자들의 알리바이와\n가능한 동기를 찾고 있어서요……
0x0004a2ce	8	【미나즈키 코우지】\n하하하, 그렇군.\n그런 의미라면 나에게는 충분한\n동기가\n있지.\n무엇보다 나는 시라카와 씨를\n원망하고\n있으니까.
0x0004a38e	4	【미나즈키 코우지】\n그렇다고 내 감정을 속일 생각은\n없어.\n나는 하지 않았으니까.
0x0004a3f5	3	【노리코】\n그럼 알려 주세요.\n당신이 말하는 원한이란 무엇인가요?
0x0004a471	3	【미나즈키 코우지】\n……정곡을 찌르네.\n좋아, 그런 질문은 싫지 않아.
0x0004a4d5	2	【노리코】\n…………
0x0004a51b	4	【미나즈키 코우지】\n나는 예전에 시라카와 건설에서\n일했어.\n그야말로 죽어라 일했지.
0x0004a59c	4	【미나즈키 코우지】\n회사를 위해\n죽도록 일하고, 일하고, 일하고……\n그러다 나는 우울증에 걸렸어.
0x0004a604	3	【노리코】\n어……\n우울증……!?
0x0004a676	2	【미나즈키 코우지】\n나도 놀랐어.
0x0004a6c7	4	【미나즈키 코우지】\n그때는 맡은 일이 너무 많았지.\n『건축계의 에이스』라 불리며,\n나를 지명하는 손님도 많았고.
0x0004a76c	7	【미나즈키 코우지】\n회사도 그에 응해 일을 계속\n가져왔고,\n정신 차리고 보니 감당할 수 없을\n만큼\n일이 쌓여……\n결국 실수를 저질렀어.
0x0004a800	4	【미나즈키 코우지】\n하지만 회사는 그 실수에 눈감아\n줬지.\n그동안의 공로가 컸다는 이유로.
0x0004a87a	4	【미나즈키 코우지】\n하지만 내 안에서는 그 실수를\n계기로\n무언가가 변했어.
0x0004a8d9	5	【미나즈키 코우지】\n그리고 나는 선을 그을 수 없게\n됐어……\n선을 그어야 한다고 생각하면서도,\n손이 움직이지 않았지……
0x0004a956	3	【미나즈키 코우지】\n발버둥 치고…… 괴로워하고……\n우울증에 걸렸어.
0x0004a9b3	4	【미나즈키 코우지】\n주변 사람들은 배려해 줬어.\n그렇게 많은 일을 떠안고 있었으니,\n우울증에 걸릴 만하다고 말이지.
0x0004aa51	4	【미나즈키 코우지】\n하지만 시라카와 그 사람은\n달랐어……\n일을 게을리하면 해고라고 했지.
0x0004aab4	2	【노리코】\n…………
0x0004aafa	4	【미나즈키 코우지】\n나는 아무것도 모르는 시라카와 그\n사람을\n몹시 원망했어.
0x0004ab85	4	【미나즈키 코우지】\n사토루 씨가 없었다면,\n나는 이 회사로 돌아오지 못했을\n거야.
0x0004ac1b	4	【미나즈키 코우지】\n내게는 시라카와 그 사람을 죽일\n충분한 동기가 있어.\n하지만 내가 한 짓은 아니야.
0x0004aca0	3	【노리코】\n미즈타니 아사츠유라는 사람을\n아나요?
0x0004ad1a	2	【미나즈키 코우지】\n아니, 모르는데?
0x0004ad58	2	【노리코】\n그렇군요……
0x0004adbd	2	【미나즈키 코우지】\n그런 사람은 모르겠어.
0x0004ae1b	3	【노리코】\n미우라 마사노부라는 사람을\n아나요?
0x0004ae98	2	【미나즈키 코우지】\n아니, 들어본 적 없어.
0x0004aed8	3	【노리코】\n시라카와 그룹의 고문\n변호사인데요……?
0x0004af41	4	【미나즈키 코우지】\n고문 변호사라…… 그래도\n내 일과는 별로 관계없고,\n잘 모르겠어.
0x0004afdd	3	【미나즈키 코우지】\n잘 모르겠으니,\n다른 사람에게 물어봐 줄래?
0x0004b048	5	【노리코】\n시라카와 사토루 씨가 없었다면,\n당신은 이 회사로 돌아오지 못했을\n거라고\n말씀하셨죠?
0x0004b0d6	3	【미나즈키 코우지】\n말했지.\n사토루 씨는 내 은인이라서 말이야.
0x0004b126	2	【노리코】\n은인이라고요?
0x0004b16f	6	【미나즈키 코우지】\n시라카와 그 사람이 나에게 해고라고\n선고했을 때,\n끝까지 저항해 준 게 사토루\n씨였어.\n그때 내 직속 상사였던 사람이지.
0x0004b22e	6	【미나즈키 코우지】\n그때는 자살까지 생각할 정도로\n정신적으로 예민했거든.\n그 사람이 없었다면 난 지금쯤 이\n세상에\n없었을 거야.
0x0004b2b4	3	【노리코】\n한 가지 여쭤보고 싶은 게 있는데,\n괜찮을까요?
0x0004b32a	5	【미나즈키 코우지】\n뭐?\n이제 와서 사양할 필요 없으니,\n뭐든\n물어봐.
0x0004b381	5	【노리코】\n지난번에 회사 직원에게서\n당신은 1년 전부터 복직할\n예정이었다는\n말을 들었습니다.
0x0004b3ea	5	【노리코】\n하지만 실제로 복직한 건 얼마\n전이죠.\n마치 피해자가 사라질 타이밍을\n기다린 것처럼……
0x0004b465	2	【노리코】\n이거, 우연인가요?
0x0004b4d2	2	【미나즈키 코우지】\n우연이야.
0x0004b51f	4	【미나즈키 코우지】\n내가 그날 그 가게에 간 건,\n시라카와 그 사람과 화해하기\n위해서였어.
0x0004b58b	5	【미나즈키 코우지】\n확실히 1년 전부터 사토루 씨에게\n복직하지 않겠냐고\n권유받았지만,\n계속 망설였지.
0x0004b602	4	【미나즈키 코우지】\n그래서 나는 복직 조건으로\n시라카와 그 사람의 사과를\n요구했어.
0x0004b670	6	【미나즈키 코우지】\n그리고 한 달 전부터 그 이야기가\n구체화되면서\n나도 조금 진지하게 생각하게 됐어.\n하지만 아무래도 그 일이 마음에\n걸렸지……
0x0004b706	4	【미나즈키 코우지】\n시라카와 그 사람도 계속 내게\n사과하기를\n망설였던 모양이야.
0x0004b783	3	【미나즈키 코우지】\n그리고 마침내 내게 사과한 그날,\n누군가에게 살해당하고 말았어……
0x0004b806	2	【미나즈키 코우지】\n그저 우연이야.
0x0004b849	3	【노리코】\n그렇군요……\n알겠습니다.
0x0004b88c	3	【노리코】\n무례한 질문을 드려\n대단히 죄송했습니다.
0x0004b8e7	4	【미나즈키 코우지】\n아니……\n의심하는 것도 무리는 아니라고\n생각해.
0x0004b961	2	【미나즈키 코우지】\n사토루 씨는 내 은인이야.
0x0004b9c0	3	【노리코】\n사건 당일, 미나즈키 씨는\n게임 센터에 갔죠?
0x0004ba3f	2	【미나즈키 코우지】\n그래, 그런데?
0x0004ba81	4	【노리코】\n미나즈키 씨가 들렀다는\n게임 센터에 가서,\n탐문해 봤습니다.
0x0004bae6	3	【노리코】\n게임 센터 직원이\n미나즈키 씨를 봤다고 했습니다.
0x0004bb66	3	【미나즈키 코우지】\n넨다 씨인가.\n쓸데없는 짓을……
0x0004bbad	3	【노리코】\n쓸데없는 짓이라니?\n왜 쓸데없는 짓인가요?
0x0004bbfa	4	【노리코】\n오히려 알리바이가 입증돼서\n용의자에서 벗어나게 되는 거잖아요?\n기뻐할 일 아닌가요.
0x0004bc76	4	【미나즈키 코우지】\n용의자라고 해도,\n당신들이 멋대로 의심하는\n것뿐이잖아?
0x0004bcdd	3	【미나즈키 코우지】\n게다가 당신들은 경찰도 아니고,\n나한테는 아무 영향도 없지만.
0x0004bd34	2	【노리코】\n으……
0x0004bd90	5	【미나즈키 코우지】\n신경 쓰이는 것도 말해 줬으니까,\n작은 보답이야.\n그래서 내 용의는 변호사님 관점에서\n사라진 거야?
0x0004be08	4	【노리코】\n아니요, 직원의 말로는\n미나즈키 씨를 본 건 맞지만,\n정확한 시간까지는 모른다고 했어요.
0x0004be9f	5	【미나즈키 코우지】\n그렇구나.\n그럼 내 용의는 아직 안 벗겨진\n셈이네.\n허탕이었어.
0x0004befd	4	【노리코】\n그럼 이야기로 돌아가죠.\n왜 직원의 증언이\n쓸데없는 겁니까?
0x0004bf74	2	【미나즈키 코우지】\n…………
0x0004bfd3	3	【미나즈키 코우지】\n별거 아니야.\n말버릇 같은 거야.
0x0004c021	2	【노리코】\n그럴까요?
0x0004c05b	4	【노리코】\n게임 레버를 부쉈다면서요.\n대전 게임에서 져서 화가 나\n부순 거 아닌가요?
0x0004c0fc	2	【미나즈키 코우지】\n큭……!?
0x0004c137	5	【노리코】\n당신은 상당히 지기 싫어하는\n성격이군요.\n게다가 굴욕적인 일은,\n죽어도 남에게 말하지 않을 정도로.
0x0004c1cd	2	【미나즈키 코우지】\n…………
0x0004c206	6	【노리코】\n지난번에 어떤 게임을 했는지 물었을\n때,\n당신은 『말하고 싶지 않다』고\n했죠.\n이건……
0x0004c2a8	3	【미나즈키 코우지】\n이제 됐어!!\n그 게임 얘기는 그만해!!
0x0004c2ff	3	【미나즈키 코우지】\n그래, 맞아!\n그 자식한테 당해서 졌어!!
0x0004c34c	2	【노리코】\n……당했다고?
0x0004c3b4	6	【미나즈키 코우지】\n격투 게임에서 하메 기술을 쓰는\n놈은\n게이머가 아니야!\n매너 위반…… 아니, 반칙이야!\n그 자식은…… 그 자식은……!!
0x0004c442	2	【노리코】\n진정하세요.
0x0004c48d	2	【미나즈키 코우지】\n하아…… 하아……
0x0004c4f0	2	【미나즈키 코우지】\n미안, 흥분해 버려서……
0x0004c534	2	【노리코】\n아니에요……
0x0004c578	5	【미나즈키 코우지】\n……안 돼.\n시라카와 이치로에게 굴욕적인 말을\n듣고,\n회사를 해고당한 뒤로……
0x0004c5fc	5	【미나즈키 코우지】\n굴욕을 당했다고 생각하면 갑자기\n피가\n거꾸로 솟고,\n내가 나를 잃어버린달까……
0x0004c665	2	【노리코】\n…………
0x0004c69e	3	【노리코】\n……혹시, 그 다툼 때문에\n시라카와 이치로 씨도……
0x0004c716	3	【미나즈키 코우지】\n아니, 그건 아니야!\n그것만은 믿어 줘!!
0x0004c788	5	【미나즈키 코우지】\n이제 시라카와 씨에게 원한은 없어.\n그 사람은…… 사건 당일, 내게\n사과했어.\n그걸로 빚은 청산된 거야!
0x0004c7fe	2	【노리코】\n…………
0x0004c8a0	3	【미나즈키 코우지】\n굴욕적인 대우를 받는 건\n용서할 수 없어……
0x0004c91d	3	【노리코】\n정말 당신이 시라카와 이치로 씨를\n죽인 건 아닌가요?
0x0004c999	5	【미나즈키 코우지】\n그래……\n확실히 그자는 내게 굴욕적인 말을\n했고,\n그걸 계속 원망한 것도 사실이야.
0x0004ca1e	4	【미나즈키 코우지】\n하지만 그자는 사건 당일,\n내가 돌아와 줬으면 한다고\n사과했어.
0x0004ca88	3	【미나즈키 코우지】\n그걸로 이제 아무래도 좋아졌어.\n전부 없던 일로 하기로 했지.
0x0004cade	4	【노리코】\n하지만 굴욕적인 일에 민감한 당신이\n그렇게 순순히 감정을\n정리할 수 있나요?
0x0004cb64	3	【미나즈키 코우지】\n……그자는 시라카와 이치로가\n아니었어.
0x0004cbad	3	【노리코】\n뭐라고요!?\n무슨 뜻인가요……?
0x0004cc1a	3	【미나즈키 코우지】\n내가 아는 시라카와 이치로는,\n사과 같은 걸 할 사람이 아니야.
0x0004cc99	4	【미나즈키 코우지】\n내가 아는 사람으로 말하자면……\n그래, 그자의 아들인 시라카와 신지\n씨……
0x0004ccf7	2	【노리코】\n시라카와 신지…… 씨인가요?
0x0004cd63	5	【미나즈키 코우지】\n그래, 신지 씨.\n시라카와 그룹 안에서는,\n가장 사토루 씨와 가까운\n사람이었지.
0x0004cdd2	4	【미나즈키 코우지】\n아니, 반대인가.\n사토루 씨가 신지 씨의 신뢰를\n이어받고 있는 거야.
0x0004ce40	5	【미나즈키 코우지】\n그러고 보니, 사토루 씨가\n말했었나.\n『나는 시라카와 신지의 경영을\n실현하겠다』고.
0x0004cea6	2	【노리코】\n시라카와 신지 씨의 경영이란?
0x0004cef7	4	【미나즈키 코우지】\n시라카와 그룹 말이야.\n최근 지주회사를 만들고,\n그 아래에 그룹 회사를 매달았잖아?
0x0004cf71	3	【미나즈키 코우지】\n그건 신지 씨가\n계속 제안해 오던 일이야.
0x0004cfcc	5	【미나즈키 코우지】\n하지만 자기 영향력이 줄어드는 걸\n싫어한\n시라카와 이치로가 계속 그 안을\n각하했지.
0x0004d057	5	【미나즈키 코우지】\n그렇게나 다른 사람인데…… 이상한\n일이야.\n그때는 정말 그렇게 보였어.\n시라카와 이치로가 신지 씨에게……
0x0004d0d8	2	【노리코】\n…………
0x0004d13c	3	【미나즈키 코우지】\n내게 사과한 그자는,\n시라카와 신지 씨와 똑같이 생겼어.
0x0004d1b3	3	【노리코】\n『그 녀석한테 당해서 졌다』고\n말씀하셨죠?
0x0004d203	3	【노리코】\n그 녀석이라는 건,\n아는 사람인가요?
0x0004d274	3	【미나즈키 코우지】\n…………\n모르겠네.
0x0004d2b6	3	【노리코】\n게임에서 져서 화가 난 건가요?\n조금 과민반응 아닌가요?
0x0004d33e	2	【미나즈키 코우지】\n큭……!
0x0004d377	3	【노리코】\n그 하메 기술이\n반칙 행위라는 건 이해합니다.
0x0004d3e5	5	【미나즈키 코우지】\n그래!\n격투 게임에서 하메 기술은\n반칙이야!\n신사적이지 않아!
0x0004d44d	3	【노리코】\n그렇다면 알려 주세요.\n대전 상대는 아는 사람인가요?
0x0004d4b4	3	【미나즈키 코우지】\n……그래, 맞아!\n온라인 상대였어!
0x0004d50b	5	【미나즈키 코우지】\n그 녀석의 연락처도 알고 있어.\n그렇게 그 녀석에게 연락하고 싶다면\n알려\n줄게!
0x0004d579	5	【노리코】\n그 건에 한 가지만 알려 주세요.\n레버를 부순 건,\n시라카와 이치로 씨를 만난\n뒤인가요?
0x0004d5f8	5	【미나즈키 코우지】\n그래, 맞아.\n그 바에서 게임 센터까지 걸어서\n5분\n정도야.
0x0004d65d	4	【미나즈키 코우지】\n그러니까 0시 10분부터 0시\n50분쯤의\n이야기겠지.
0x0004d6bb	4	【노리코】\n그럼 그 대전 상대에게 이야기를\n들으면,\n당신의 알리바이가 증명되는 거네요?
0x0004d745	3	【미나즈키 코우지】\n그렇겠지……\n그 녀석이 시간을 기억하고 있다면.
0x0004d791	3	【노리코】\n그럼 알려 주세요.\n그 사람의 연락처를……
0x0004d7f3	2	【미나즈키 코우지】\n……×××－○○○○－○○○○.
0x0004d844	2	【노리코】\n감사합니다!
0x0004d8a7	3	【미나즈키 코우지】\n……레버를 부순 것도 그때야.\n나머지는 적당히 탐문해 봐.
0x0004d91b	4	【미나즈키 코우지】\n격투 게임에는 암묵적인 양해라는 게\n있어.\n그걸 어기는 놈은 게이머가 아니야.
0x0004d99c	3	【노리코】\n이곳의 정기 휴일에 대해\n알려주실 수 있나요?
0x0004d9f4	3	【나카가와】\n네.\n토요일이 정기 휴일입니다.
0x0004da82	1	［피해자에 대해］
0x0004da94	1	［미나즈키 코우지에 대해］
0x0004daaa	1	［눈치챈 점］
0x0004dcff	3	【접수원】\n여기 있습니다.\n잠시만 기다려 주세요.
0x0004dd55	2	【도어폰】\n네……
0x0004dd8e	2	【접수원】\n신조 씨를 모셔 왔습니다.
0x0004ddd9	3	【도어폰】\n들어오세요.\n지금 문을 열겠습니다.
0x0004de5d	4	【노리코】\n(여기가 시라카와 그룹\n회장실이구나.\n역시 비싸 보이네……)
0x0004debb	3	【접수원】\n실례합니다.\n변호사 신조 씨입니다.
0x0004df09	4	【노리코】\n신조입니다.\n오늘은 시간을 내 주셔서\n감사합니다.
0x0004df88	4	【사토루】\n아닙니다, 변호사님이야말로 수고\n많으십니다.\n편히 앉으세요.
0x0004dfe2	2	【접수원】\n그럼 저는 이만 실례하겠습니다.
0x0004e041	2	【노리코】\n그나저나 좋은 방이네요.
0x0004e0aa	5	【사토루】\n네, 정말 그렇습니다.\n제가 취임한 지 아직 얼마 되지\n않아,\n아직 마음이 놓이지 않네요.
0x0004e112	2	【노리코】\n알 것 같네요.
0x0004e177	4	【사토루】\n……그럼 바로 본론으로\n들어가겠습니다만,\n제게 물어보고 싶은 것이 있다고요?
0x0004e1d7	3	【노리코】\n네.\n몇 가지 있어서요……
0x0004e385	2	【노리코】\n(이제 조사를 끝낼까?)
0x0004e447	3	【노리코】\n그럼 이만 실례하겠습니다.\n바쁘신데 감사합니다.
0x0004e4d0	5	【사토루】\n아닙니다, 변호사님이야말로 수고\n많으십니다.\n사건의 해결은 회사에도\n저 자신에게도 중요한 일입니다.
0x0004e550	2	【사토루】\n잘 부탁드립니다.
0x0004e591	3	【노리코】\n네.\n저도 전력으로 노력하겠습니다.
0x0004e61b	2	【노리코】\n어……?
0x0004e685	2	【사토루】\n아, 또 들어와 버렸나?
0x0004e6c9	2	【여자아이】\n…………
0x0004e703	2	【여자아이】\n아빠, 오늘도 없네……
0x0004e782	2	【노리코】\n……지금 아이는?
0x0004e7e5	4	【사토루】\n글쎄요……\n어디선가 몰래 들어오는 모양입니다.\n저도 잘 모르겠군요.
0x0004e870	6	【사토루】\n저 문은 자동 잠금인데,\n이상하게도\n그 아이는 그 자물쇠 여는 법도\n알고\n있어요.
0x0004e8e7	4	【사토루】\n아마 이치로 씨가 그 아이에게\n문 여는 법을 가르쳐 준 것\n같습니다만……
0x0004e945	4	【노리코】\n……하지만 시라카와 이치로 씨에게,\n저 정도 나이의 아가씨는\n없었죠……?
0x0004e9bb	5	【사토루】\n네……\n그러니 이웃집 아일 수도 있지만……\n그 아이는 이 방에 익숙해져\n있어요.
0x0004ea29	4	【사토루】\n하지만 일에 엄격했던 이치로 씨가\n이곳에 남의 아이를 데려올 거라고는\n생각하기 어렵습니다.
0x0004ea9c	3	【노리코】\n…………\n이상한 아이네요……
0x0004eaf7	4	【노리코】\n(아, 혹시\n소문으로 들은 요시모토 유미\n짱일까?)
0x0004eb53	2	【노리코】\n(……따라가 봤어야 했는데)
0x0004eba7	3	【노리코】\n(아, 혹시\n그 아이가 요시모토 유미 짱일까?)
0x0004ebf8	4	【노리코】\n(……그렇다면,\n미즈타니 씨의 딸이\n왜 이런 곳에 온 걸까……?)
0x0004ec68	2	【노리코】\n(……따라가 봤어야 했는데)
0x0004ecac	3	【노리코】\n그럼 저도 슬슬 실례하겠습니다.\n오늘은 정말 감사했습니다.
0x0004ed45	3	【노리코】\n(그래.\n조금 더 이야기해 보자)
0x0004eda2	3	【노리코】\n(아직 물어봐야 할 게 있어.\n아직 돌아갈 수는 없어)
0x0004ee52	3	【노리코】\n시라카와 빌딩에서 얻은 정보는\n대략 이런 내용이었어.
0x0004eec8	5	【코우지】\n그렇군.\n미나즈키 코우지의 복직에 대해서는\n제대로 한 달 전부터 알고 있었다는\n거네.
0x0004ef3f	5	【코우지】\n게다가 미나즈키의 복직 요구에 대해\n피해자가 받아들이는 형태로 되어\n있어.\n이와 관련된 트러블은 없어 보이네.
0x0004efe0	5	【코우지】\n다만……\n사건 당일에 이야기가 꼬였을\n가능성은\n배제할 수 없어.
0x0004f05f	4	【노리코】\n그렇지……\n사토루 씨가 동석하지 않았으니,\n그 부분은 아무래도 알 수 없겠네.
0x0004f0cf	5	【코우지】\n그 사토루 씨도, 설마 이런 일이\n될\n줄은\n상상하지 못했겠지.
0x0004f14a	2	【코우지】\n…………
0x0004f190	3	【코우지】\n아니, 사토루가 진범이고\n미나즈키가 실행범이라면……?
0x0004f20d	4	【노리코】\n뭐라고요……?\n그럼 사토루 씨가 한 말은\n전부 거짓말이라는 뜻인가요?
0x0004f272	2	【코우지】\n……가능성으로는 0이 아니야.
0x0004f2c7	6	【코우지】\n……이렇게 되면 역시 미나즈키의\n알리바이를\n확실히 하지 않고서는,\n코우지의 무죄를 증명할 수\n없겠어……
0x0004f382	4	【코우지】\n역시 먼저 게임 센터에 가서,\n미나즈키의 알리바이를 확인할 수밖에\n없겠네.
0x0004f3f5	3	【노리코】\n그렇네.\n우선 거기서부터 시작하자.
0x0004f44e	5	【노리코】\n……그럴지도 모르겠네.\n하지만 미나즈키 코우지의 알리바이는\n불확실해서,\n객관적으로 증명하기는 어렵겠어……
0x0004f4e6	2	【코우지】\n……막다른 길이네.
0x0004f54d	2	【노리코】\n그렇네……
0x0004f5ab	5	【코우지】\n어쩔 수 없네.\n이렇게 되면 아오이에게 이야기를\n들어보는\n수밖에 없겠어.
0x0004f60a	5	【코우지】\n미나즈키의 성격, 취미, 행적……\n거기서 알리바이를 증명할 수 있는\n정보가\n나오길 기대할 수밖에 없겠네.
0x0004f6b0	3	【노리코】\n……알겠어.\n그럼 아오이 씨의 전화번호는……
0x0004f711	9	【코우지】\n……아니, 가능하면 직접 만나서\n묻고\n싶어.\n괜히 전화했다가,\n미나즈키 본인에게 우리가 조사하고\n있다는\n사실이\n알려지는 게 무서우니까.
0x0004f7c7	4	【노리코】\n그렇구나……\n하지만 직접 만나서 물으려면,\n어떻게 해야 할까?
0x0004f82c	5	【코우지】\n귀찮을지도 모르지만,\n아오이는 미즈타니 탐정사무소 근처\n고등학교에 다니니까,\n거기서 기다리는 게 좋겠어.
0x0004f8cf	2	【노리코】\n응, 알겠어.
0x0004f98b	3	【노리코】\n전임 대표 시라카와 이치로 씨는,\n어떤 분이었나요?
0x0004fa02	4	【사토루】\n저와 이치로 씨는 사촌 사이였지만,\n서로 성격이 정반대라는 건\n알고 있었습니다.
0x0004fa7c	5	【사토루】\n아시겠지만,\n아버지가 세운 시라카와 부동산을\n여기까지 키운 것은 이치로 씨의\n공적입니다.
0x0004fb0f	5	【사토루】\n하지만 회사를 키우는 데만 골몰한\n나머지,\n주변 사람들에 대한 배려를\n잊었던 것 같습니다.
0x0004fb92	4	【사토루】\n그래서 솔직히 말씀드리면,\n저희 회사는 업계에서도\n평판이 좋다고는 할 수 없습니다.
0x0004fc26	4	【사토루】\n그래서 저는 이윤 중시 경영에서,\n먼저 사람이 중심인 경영으로\n전환하려고 합니다.
0x0004fc9c	7	【사토루】\n이치로 씨 자신도 1년 전부터 제게\n경영을 맡길 것을\n생각하고 있었던 만큼,\n경영 방식의 전환을 생각하고 있었던\n것\n같습니다.
0x0004fd23	7	【사토루】\n자신은 이윤 중시 경영밖에 할 수\n없다.\n그런 서투른 사람이었지만,\n경영자로서는 최고의 사람이었다고 할\n수\n있겠죠.
0x0004fda3	4	【노리코】\n그렇군요…… 잘 알겠습니다.\n그럼 개인으로서의 이치로 씨는\n어떤 사람이었나요?
0x0004fe2b	3	【사토루】\n흠……\n저도 판단하기 어려운 부분입니다.
0x0004fe9f	5	【사토루】\n왜냐하면, 이치로 씨는 일만 아는\n사람이어서,\n사적인 모습을 보인 적이\n거의 없었습니다.
0x0004ff1a	3	【사토루】\n그러니 이치로 씨의 인물상은 자연히\n경영자로서의 모습이 되어 버립니다.
0x0004ff76	2	【노리코】\n그렇군요……
0x0004ffdb	3	【사토루】\n경영자로서의 이치로 씨는\n최고의 사람이었습니다.
0x0005008c	3	【노리코】\n미나즈키 코우지 씨를\n알고 계시죠?
0x000500fa	4	【사토루】\n물론입니다.\n이치로 씨는 시라카와 건설의\n에이스였으니까요.
0x00050147	6	【노리코】\n본인에게 들었는데요,\n미나즈키 씨는 한때 시라카와 건설을\n그만뒀다가,\n얼마 전 이곳에 복직했다고\n하던데요……
0x000501c0	3	【노리코】\n복직할 때,\n당신이 힘을 써 줬다고 들었습니다.
0x00050240	4	【사토루】\n네, 맞습니다.\n그 정도 실력자를 내버려 두는 건\n아까우니까요.
0x000502a2	4	【노리코】\n하지만 미나즈키 씨는 전임 대표와의\n문제를 계기로\n일을 그만뒀다고 들었습니다.
0x00050307	4	【노리코】\n실례인 건 잘 알고 있습니다만,\n미나즈키 씨가 복직한 시점에\n다소 위화감을 느끼고 있습니다.
0x000503ae	2	【사토루】\n그렇군요……
0x0005040b	6	【사토루】\n즉 미나즈키 씨가 복직하는 것과\n때를\n같이해,\n이치로 씨가 살해당한 점이\n마음에 걸린다는 말씀이군요.
0x0005047e	2	【노리코】\n그렇습니다.
0x000504c2	6	【사토루】\n그렇다면 미나즈키 씨는 무죄입니다.\n왜냐하면 미나즈키 씨의 복직이\n구체화된\n것은\n한 달 전쯤이기 때문입니다.
0x00050544	7	【사토루】\n물론 이치로 씨도 미나즈키 씨의\n복직에\n대해\n복잡한 심경이었던 것 같습니다.\n하지만 저는 여기서 희망을\n보았습니다.
0x000505bb	2	【노리코】\n……무슨 뜻인가요?
0x0005060a	4	【사토루】\n예전의 이치로 씨였다면,\n무조건 미나즈키 씨의 복직을\n거절했을 겁니다.
0x0005067b	5	【사토루】\n그런데 미나즈키 씨의 복직에 대해\n복잡한 심경을 품었다는 건\n적어도 받아들일 생각도 했다는\n뜻입니다.
0x00050702	5	【사토루】\n지난 몇 년간 이치로 씨는 아주\n온화해졌습니다.\n제게 경영을 맡기려 했던 것도\n그 증거 중 하나입니다.
0x00050789	3	【사토루】\n저는 이 기회에 두 분이 화해하도록\n힘을 썼습니다.
0x000507ee	5	【사토루】\n그 덕분에 두 사람 사이의 앙금이\n풀리고,\n미나즈키 씨의 복직도 실현된\n것입니다.
0x0005085f	3	【노리코】\n두 분이 화해한 건 사건 당일이라고\n미나즈키 씨 본인에게 들었습니다.
0x000508cd	5	【사토루】\n네……\n그날 저도 함께하려고 했지만,\n이치로 씨가 혼자 매듭짓고 싶다고\n했습니다.
0x00050962	2	【사토루】\n그 부분은 고집 센 분이라서……
0x000509ac	4	【노리코】\n……그날 뭔가 문제가 생겼을\n가능성은\n생각할 수 없을까요?
0x00050a32	6	【사토루】\n그럴 리 없다고 단언할 수\n있습니다.\n아까도 말씀드렸지만,\n미나즈키 씨의 복직은 한 달 전부터\n구체화되어 있었습니다.
0x00050ad7	6	【사토루】\n그런 흐름으로 그날 두 분은 만난\n것입니다.\n만약 그날 문제가 생겼다면,\n미나즈키 씨는 복직하지 않았을\n겁니다.
0x00050b55	6	【노리코】\n하지만 실제로 얼굴을 마주하고\n이야기한\n건\n미나즈키 씨가 그만둔 뒤 처음,\n그때가 처음이었죠?
0x00050bc1	4	【노리코】\n상대 얼굴을 보고 감정이\n격해졌다……\n그럴 가능성은 없을까요?
0x00050c44	3	【사토루】\n아무리 그렇게 말씀하셔도\n부정할 방법은 없습니다만……
0x00050cbb	5	【사토루】\n하지만 두 분은 한 달 전부터\n복직한다는\n방향으로\n의견이 일치하고 있었고……
0x00050d25	3	【노리코】\n……그렇군요.\n그럼 다른 방향에서 여쭤볼게요.
0x00050d78	6	【노리코】\n한 달 전부터 복직이 정해져\n있었다고\n하셨는데,\n구체적으로 어떤 과정으로 진행된\n건가요?
0x00050dfd	5	【사토루】\n그렇군요……\n먼저 제가 이치로 씨에게\n제안했습니다.\n그게 1년 전입니다.
0x00050e6a	4	【사토루】\n하지만 그때는 아직 구체적인\n이야기는\n되지 않았습니다.
0x00050ed2	5	【사토루】\n미나즈키 씨의 복직을 진지하게\n제안하기\n시작한 건,\n한 달 전쯤입니다.
0x00050f40	6	【사토루】\n이치로 씨는 그 제안을\n받아들였습니다.\n그래서 곧바로 미나즈키 씨에게\n연락해,\n구체적인 이야기를 진행했습니다.
0x00050fd7	6	【사토루】\n처음에는 미적지근했던 미나즈키\n씨였지만,\n이치로 씨가 사과한다면이라는\n조건으로\n승낙해 주었습니다.
0x00051067	5	【사토루】\n그 내용을 이치로 씨에게 말하자,\n『모든 건 내게 맡겨 둬』라고\n말했고,\n그날 두 분이 만났다는 흐름입니다.
0x000510e1	2	【노리코】\n그렇군요…… 감사합니다.
0x00051184	4	【사토루】\n미나즈키 씨가 복직해 준 것은\n우리 회사에 분명 큰 도움이 될\n겁니다.
0x00051244	3	【노리코】\n사건에 대해 뭔가 눈치챈 점은\n없나요?
0x000512b8	3	【사토루】\n글쎄요……\n특별히 없습니다.
0x00051328	1	사무소 입구
0x00051333	1	사무소 입구
0x00051342	1	준텐 고등학교
0x0005134b	1	준텐 고등학교
0x00051358	1	미즈타니 탐정사무소
0x00051367	1	미즈타니 탐정사무소
0x0005137a	1	［추리해 본다］
0x00051389	1	［추리하지 않는다］
0x000515c0	2	【노리코】\n(미즈타니 탐정사무소에 도착했어)
0x00051609	4	【노리코】\n(그곳이,\n코우지의 아는 여고생이\n다니고 있는 준텐 고등학교네…
0x00051677	5	【노리코】\n(확실히 리키자키 아카네씨와\n미나즈키\n아오이씨, \n이었던……)
0x000516ce	4	【노리코】\n(글쎄, 어떻게 찾는 것일까……?\n우선, 그 아이에\n물어볼까요? )
0x0005173a	2	【노리코】\n실례합니다, 잠시 괜찮을까요?
0x000517b1	2	【아카네】\n네, 뭐죠?
0x000517ec	3	【노리코】\n저……\n준텐 고등학교 학생이시죠?
0x00051846	2	【아카네】\n그렇습니다만…
0x0005187f	6	【노리코】\n 음......\n키스사키 아카네씨와 미나즈키\n아오이씨는\n분\n알고 계십니까?
0x000518e6	2	【아카네】\n엣…
0x00051943	3	【아오이】\n그것은......\n우리의 일입니다만......?
0x0005198c	3	【노리코】\n엣! \n그래, 그래! ?
0x000519da	4	【아오이】\n저기…… 당신은 누구세요?\n혹시 이 탐정 사무소의\n새 조사원인가요?
0x00051a40	3	【노리코】\n엣……\n아니, 아니, 다릅니다.
0x00051a8b	4	【노리코】\n저는 사이토 코우지의 담당 변호사를\n하고 있습니다,\n신조 노리코라고 합니다.
0x00051b13	4	【아카네】\n아, 사부님의 변호사구나!\n그래서 우리 이름을\n알고 있었던 거네!
0x00051b73	5	【노리코】\n어, 그래…\n코우지가 2명에게 듣고 싶은 것이\n있는\n것 같아서.
0x00051bc8	4	【노리코】\n내가 코우지의 대리로 이야기를 듣기\n위해서\n너희들을 찾고 있었어.
0x00051c2b	5	【아카네】\n네? 사부님이!?\n무슨 일이죠?\n저희가 대답할 수 있는 거라면 뭐든\n대답할게요!
0x00051c97	3	【노리코】\n 음, 그럼......\n미나즈키 아오이씨.
0x00051d06	2	【아오이】\n네, 네.
0x00051d3c	3	【노리코】\n사건 당일, 오빠가 입고 있던 옷은\n알겠습니까?
0x00051d9c	3	【아오이】\n……죄송해요.\n저는 잘 모르겠어요……
0x00051dea	2	【노리코】\n역시 그렇군요……
0x00051e4f	4	【아카네】\n모르면\n조사하면 되잖아!\n오빠한테 직접 물어보든가!
0x00051ece	2	【아오이】\n어, 그, 그래도……
0x00051f0a	4	【노리코】\n미안합니다. \n당연히 들어봐\n받을 수 없습니까?
0x00051f80	4	【아카네】\n맡겨만 줘!\n아오이가 묻지 않아도 이 아카네가\n물어볼 테니까!
0x00051fe7	2	【아카네】\n네, 아오이!
0x00052043	3	【아오이】\n으, 응……\n그렇긴 한데……
0x00052085	3	【노리코】\n에서는, 결과를 알면 내 휴대폰에\n전화해 줄 수 있습니까?
0x00052101	2	【아카네】\n 그래, 표정입니다!
0x00052152	2	【아카네】\n그럼, 멈췄다-!
0x000521df	2	【노리코】\n… … 건강한 아이들군요.
0x00052253	4	【노리코】\n아카네 씨와 아오이 씨에게 들은\n이야기는\n이런 내용이었어.
0x000522cb	2	【코우지】\n… … 변함없구나, 아카네은.
0x00052336	4	【노리코】\n왠지,\n아오이씨에게 나쁜 일 시켜\n버렸을까?
0x000523a7	6	【노리코】\n『사건 당일, 어떤 옷 입고\n있었어? '\n이란,\n당나라 너무 듣기\n어려운군요......
0x00052439	3	【코우지】\n음.\n그래서 전화가 걸려 왔습니까?
0x00052494	4	【노리코】\n응, 걸려 오지 않았어. \n역시 듣기 어려웠는지,\n 아니면 오빠가 집에 없었는지…
0x0005252a	4	【코우지】\n그런가. \n음, 기장에 기다리면\n그 중 걸려 올지도.
0x000525d6	2	【노리코】\n(여기가 미즈타니 탐정사무소네)
0x00052636	3	【노리코】\n(……코우지가 추악하고 있는\n장소,인가)
0x00052680	3	【노리코】\n(……미즈타니씨는\n어떤 사람이겠지?)
0x000526cd	3	【노리코】\n(코우지의 아동승인이군요…\n무례하지 않으려고)
0x00052745	4	【노리코】\n(그리고…\n코우지의 아는 여고생\n다니고 있는 고등학교가 있구나…
0x00052822	2	【노리코】\n(미즈타니 탐정사무소전에 왔어)
0x0005294e	5	【노리코】\n(미즈타니 탐정사무소가 들어 있는\n기모노.\n아무래도 2격에 사무소가 있는 것\n같다)
0x000529b4	4	【노리코】\n(1격은 편의점이네.\n사무소를 막을 수 있는 편리한\n장소일지도…
0x00052a18	3	【노리코】\n(미즈타니 탐정사무소가 들어 있는\n기모노네)
0x00052a66	3	【노리코】\n(1층은 편의점이고,\n2층에 사무소가 있는 모양이야.)
0x00052af3	3	【노리코】\n(근처에 고등학교가 있네.\n……‘준텐 고등학교’인가)
0x00052b5c	4	【노리코】\n(아무래도 이학 같아.\n저는 여교였으니까, 조금\n부러울지도……)
0x00052bc9	3	【노리코】\n(고등학교가 있네.\n학교 같은데.)
0x00052c4e	3	【노리코】\n(일의 방해해 나쁘기 때문에,\n오늘은 그만두자)
0x00052cc7	2	【노리코】\n(입구에 인터폰이 있어)
0x00052d23	2	【노리코】\n(단장하는구나……)
0x00052d6c	2	【도어폰】\n네, 미즈타니 탐정사무소입니다만?
0x00052db6	4	【노리코】\n아, 저기. \n나, 변호사의 신조 노리코라고\n합니다.
0x00052e0a	3	【도어폰】\n변호사님?\n혹시 코우 짱의?
0x00052e55	5	【노리코】\n코우짱… \n 아, 그래, 맞습니다. \n사이토 코우지씨의 담당\n변호사입니다.
0x00052eb9	3	【도어폰】\n 아, 역시! \n 제발, 안으로 들어와!
0x00052f08	2	【노리코】\n는 네, 그럼 무례합니다.
0x00052fac	2	【노리코】\n…………
0x00052fe5	2	【도어폰】\n네, 미즈타니 탐정사무소입니다만?
0x0005302f	3	【노리코】\n 안녕하세요. \n변호사의 신조 노리코입니다.
0x0005307b	3	【도어폰】\n아, 노리코 짱이구나.\n들어오세요.
0x000530c2	2	【노리코】\n실례하겠습니다.
0x0005317f	2	【노리코】\n(이제 조사를 끝낼까?)
0x0005322f	2	【노리코】\n(돌아갑시다)
0x00053281	3	【노리코】\n(이제, 조사하는 것은\n 없다고 생각하지만…
0x000532db	5	【노리코】\n(아직 조사하지 않으면 안 되는\n일이\n있어.\n돌아갈 수는 없어)
0x0005340a	1	[아리바이에 대해서]
0x0005341c	1	［사건 발생 후의 BGM에 대해］
0x0005343a	1	[코우지가 술취한 증언]
0x00053455	1	［몇 가지 눈치챈 점］
0x0005347b	1	블라인드
0x00053483	1	블라인드
0x0005348f	1	코우지의 책상
0x00053497	1	코우지의 책상
0x000534a3	1	아사츠유의 책상
0x000534ab	1	아사츠유의 책상
0x00053678	2	【여성】\n에 오신 것을 환영합니다!
0x000536b7	3	【노리코】\n(와, 예쁜 여성……\n이 사람이 미즈타니 씨인가……?)
0x0005371f	2	【노리코】\n저, 저기, 처음 뵙겠습니다……
0x00053761	5	【노리코】\n나, 이마바야시의 사건으로 사이토\n코우지씨의\n담당 변호사가 되었습니다,\n신조 노리코라고 합니다…
0x000537de	5	【여성】\n우와……\n코우 짱도 참,\n이렇게 귀여운 아이를 조수로\n삼다니……
0x00053847	2	【여성】\n정말, 제법인데~
0x0005388d	2	【노리코】\n저, 저기……
0x00053926	3	【여고생】\n어서 오세요~! ! \n 환영 미즈타니 탐정사무소에! !
0x0005398e	4	【여고생】\n살인 사건부터 애완동물 수색까지,\n온갖 고민을 말끔히 해결해\n드립니다!!
0x00053a01	3	【노리코】\n(어……!?\n이 아이가 탐정……?)
0x00053a62	4	【노리코】\n(……아, 혹시, \n코우지가 말하고 있던 여고생의\n아나?
0x00053ae7	4	【여고생】\n오야~? \n그 표정은 상당히 아쉬움이 있는\n모습…
0x00053b6a	3	【여고생】\n이란, 어타시의 역리, 맞았습니다!\n?
0x00053bbb	2	【노리코】\n에, 에~와…
0x00053bf7	5	【노리코】\n나, 이쪽의 사이토 코우지씨의 담당\n변호사가 되었습니다\n신조 노리코라고 말합니다만,\n미즈타니씨는…
0x00053c8e	3	【여고생】\n어! ?\n자승의 변호사 씨입니까! !
0x00053d0b	3	【여고생】\n그것은 환영합니다! \n사, 제발 들어가! !
0x00053d88	4	【여고생】\n아, 아카네 짱…\n테스트가 가까워서 오늘은 더 이상\n돌아오지 않으면…
0x00053e0e	3	【여고생】\n자승의 변호사씨가 왔어! ! \n도 좀 정도, 괜찮아! !
0x00053e9d	4	【여성】\n어허, 학생이지?\n학생의 본분은 공부야.\n오늘은 일찍 돌아가렴!
0x00053f26	3	【여고생】\n… … 네. \n 그럼 오늘은 돌아갑니다.
0x00053f9b	2	【여고생】\n그럼, 갈까, 아오이.
0x0005400c	3	【여고생】\n 그래. \n 그럼, 무례합니다.
0x0005407b	2	【여성】\n네, 무리님.
0x00054121	4	【여성】\n놀랐지?\n탐정 사무소에 오자마자\n여고생이 맞이해 줄 줄이야.
0x00054199	2	【노리코】\n아, 아니요……
0x000541d3	3	【노리코】\n(와, 예쁜 여성……\n이 사람이 미즈타니 씨인가……?)
0x00054261	3	【여성】\n저기, 코우 짱의\n담당 변호사였나?
0x000542b2	4	【노리코】\n은, 네. \n처음 뵙겠습니다. 신조 노리코라고\n합니다.
0x00054329	5	【여성】\n우와……\n코우 짱도 참,\n이렇게 귀여운 아이를 조수로\n삼다니……
0x000543ab	2	【여성】\n정말, 제법인데~
0x000543f1	2	【노리코】\n저, 저기……
0x00054451	5	【여성】\n아, 미안해.\n미즈타니 탐정 사무소의 소장을 맡고\n있는\n미즈타니 아사츠유야.
0x000544dc	2	【아사츠유】\n잘 부탁해, 노리코 짱.
0x0005451d	2	【노리코】\n여, 잘 부탁드립니다…
0x00054560	4	【노리코】\n(귀찮은 사람이군요…\n확실히 코우지와 마음이 맞을 것\n같아…
0x000545df	2	【아사츠유】\n그럼 코우 짱은 어때……?
0x00054628	4	【노리코】\n모습,입니까…\n괜찮아, 라고 말해도 될까요…\n이 경우.
0x00054689	4	【노리코】\n마이페이스인 사람이니까,\n구류되어 있는 비참함 같은 건\n별로 느끼지 않나 보네요.
0x00054708	2	【아사츠유】\n후후, 마이페이스인 사람이구나……
0x00054773	3	【아사츠유】\n이봐, 노리코쨩은,\n코우짱와 어떤 관계?
0x000547c3	4	【노리코】\n엣… ? \n그것은,\n변호사와 의뢰인이라고 합니까?...
0x00054855	3	【아사츠유】\n응, 그런 일이 아니고,\n이전부터의 지인이 아니야?
0x000548d4	5	【아사츠유】\n코우짱의 『마이 페이스인 사람』은,\n\n자기로부터의 아는 것 같은\n입만이었고.
0x00054938	3	【노리코】\n(우와……\n과연 날카로워……)
0x000549ad	4	【아사츠유】\n아타시도 코우짱과 이야기를 하고\n싶지만,\n여러가지 좋네요.
0x00054a2f	4	【아사츠유】\n어쨌든 우치,\n2명 밖에 조사원이 있는데,\n1명이 휴직중이지요?
0x00054ab4	2	【아사츠유】\n정말, 정신이 하나도 없다니까!
0x00054af2	2	【노리코】\n… … 힘들 것 같네요.
0x00054b58	4	【아사츠유】\n매우 힘들어! \n이라도 조만간 보고 싶으니까\n코우짱에게 전해 놓고.
0x00054bb9	5	【노리코】\n네, 알겠습니다. \n그래서 오늘은 조금 이야기를 묻고\n싶었습니다만,\n좋아요?
0x00054c4e	2	【아사츠유】\n그래, 좋아.
0x00054cfb	2	【아사츠유】\n어서 와~!
0x00054d36	4	【노리코】\n아무래도…\n칭찬하는 곳, 시간을 가르쳐 버리고\n죄송합니다......
0x00054dc6	3	【아사츠유】\n자자.\n딱딱한 인사는 사양하자고!
0x00054ec3	3	【노리코】\n(코우지의 스승, 미즈타니 아사츠유\n씨)
0x00054f14	4	【노리코】\n(정말 예쁜 사람……\n하지만 수완가이기도 하지.\n동경하게 되네……)
0x00055014	1	【노리코】(무슨 소리를 들을까?)
0x00055158	2	【노리코】\n(슬슬 조사를 끝낼까요?)
0x00055209	3	【노리코】\n그럼 저는 이만 실례하겠습니다.\n바쁘신데도 감사했습니다.
0x00055292	4	【아사츠유】\n아니, 괜찮아, 괜찮아.\n노리코 짱이라면 언제든 환영이니까\n편하게 놀러 와!
0x00055301	3	【노리코】\n은, 네. \n감사합니다......
0x0005535e	2	【노리코】\n(조금 더 이야기를 들어 보자.)
0x000553ad	3	【노리코】\n(아직 물어봐야 할 게 남아 있어.\n아직 돌아갈 수는 없겠네)
0x000554a3	3	【코우지】\n… … 후우. \n 변함없이, 그 사람은...
0x00055517	4	【코우지】\n그렇다고 해도 첫 대면의\n노리코에까지,\n나와 같이 접한다니…
0x00055599	3	【코우지】\n이거야, 노리코도 아사츠유 패밀리로\n인정받았네!
0x00055610	2	【노리코】\n그, 그렇구나……
0x00055673	5	【코우지】\n그것은 두고 있어. \n나가 택시에 짙은 것을 객관적으로\n증명하면\n알리바이가 입증된다는 것이다.
0x0005570c	4	【노리코】\n도내 택시 회사를 하나하나 찾아가서,\n미야카미 긴자에서 코우지의 아파트까지\n승차 기록이 없는지 알아볼까?
0x0005579c	3	【코우지】\n그건 상당한 수고가 들지 않겠어?\n더 효율적인 방법이 있을 거야……
0x00055806	5	【코우지】\n나이면, 도내의 택시 회사를\n모르고 나누고 있는 택시 자기 생각\n같은\n것이 없을까?
0x00055879	3	【코우지】\n거기서 각 택시회사에 연락하여\n확인받을 수 있으면 좋지 않을까?
0x00055907	3	【노리코】\n확실히 좋을지도…\n알아보겠습니다.
0x000559b9	4	【코우지】\n나니가\n『이렇게 새기게 되었습니다』\n이야!
0x00055a16	4	【코우지】\n나는 여전히 적이야! \n 억지로 떠오르고 있을 뿐이\n아닌가!
0x00055a95	4	【노리코】\n그, 맞지…\n투쟁에 굉장히 강해졌다고 생각해\n깜짝 놀랐어…
0x00055b19	6	【코우지】\n......안돼, 노리코. \n그 사람의 성각을 근본적으로\n이해하지\n않으면,\n그 중 힘든 눈에 빠진다...
0x00055bb4	2	【노리코】\n키, 조심해…
0x00055c56	4	【코우지】\n그렇구나!\nBGM이 재생되지 않았어……\n이 사실은 커!
0x00055d13	2	【코우지】\n이걸로 모든 사실이 뒤집혀!
0x00055d7f	3	【노리코】\n어……\n무슨 뜻이야……!?
0x00055deb	2	【코우지】\n애초에 말이야.
0x00055e32	4	【코우지】\nVIP 룸내에는 사건 당일,\n본래라면 피해자가 요구한\n클래식을 보낼 수 있을 것이다.
0x00055eb4	3	【코우지】\n그래도,\n어째서 보낼 수 없었다고 생각해?
0x00055f27	4	【노리코】\n끝까지 재생하면 처음으로 돌아가도록\n반복 재생한다고 했으니……\n전원이 꺼져 있었던 걸까?
0x00055fa7	5	【코우지】\n그것도 가능성 중 하나지만,\nCD가 아닌 다른 음원으로 전환돼\n있었던\n것 같아.
0x0005601b	3	【코우지】\n포인트는 또 하나 있다. \n가게 안에 들린 소리다.
0x0005608d	5	【코우지】\n이 총성은 VIP 룸에서 들려온\n거지.\n그러니 관계자들이 VIP 룸으로\n달려갔고……
0x00056119	4	【코우지】\n뭔가 걸리지 않는가… \n 보낼 수 없었던 BGM. \n그리고 총성…
0x0005618e	3	【코우지】\n이 정보를 권리하면\n어떤 사실이 역리할 수 있다!
0x0005621b	5	【코우지】\nVIP 룸에서 보낼 수 없었던\nBGM. \n점내에 울려 퍼진 총성. \n이들에 대한 승무원을 권합니다!
0x00056374	2	【코우지】\n(아니야, 그게 아니야!)
0x000563bb	4	【코우지】\n(실내에 총성이 울려 퍼졌다는\n사실에서\n도출되는 것!)
0x00056425	3	【코우지】\n(BGM 대신 재생된 별도 음원일\n가능성!)
0x0005647d	3	【코우지】\n(여기서 도출할 수 있을 거야……\n새로운 가설을!)
0x00056522	7	【코우지】\n우선 생각해야 할 건, 원래\nVIP룸\n안에서\n재생되고 있었어야 할 클래식이\n사건 발생 후에는 재생되지 않았다는\n거야.
0x000565a4	4	【코우지】\nCD는 반복 재생이야.\n플레이어를 건드리지 않았다면\n계속 클래식이 흘렀을 거야.
0x00056618	5	【코우지】\n그때부터 다른 음원으로 전환돼\n있었다는\n사실을\n확인할 수 있어.
0x00056681	5	【코우지】\n그리고 또 하나 중요한 점은,\nVIP룸에\n방음 장치가 설치되어 있었다는\n거야.
0x000566f9	5	【코우지】\n그런데 왜 총성이 실내에 울려 퍼진\n걸까.\nVIP룸의 문이 열려 있었기\n때문이야!
0x0005679a	2	【노리코】\n왜 그런 일을……?
0x0005681a	6	【코우지】\n이렇게 생각하면 돼……\n총성이 들린 시각, 즉 0시\n44분이\n범행 시각이라고 믿게 하기\n위해서야!
0x000568a1	4	【코우지】\n0시 44분에\n확실한 알리바이를 만들어 두면,\n범인은 용의자에서 제외될 수 있어.
0x00056921	4	【노리코】\n알리바이 조작을 위해\n외부 음원에 녹음해 둔 총성을\nVIP룸의 스피커에서 재생했다……?
0x000569ae	4	【코우지】\n그런 거야!\n실제 범행 시각은 0시 44분보다\n전이겠지.
0x00056a4a	3	【노리코】\n……코우지의 추리가 맞다면\n관계자 전원의 알리바이가 무너져!
0x00056abc	6	【노리코】\n0시 44분에는 소장님도 미즈타니\n씨도\n콘도 형사도 홀에 있었으니\n서로 알리바이를 증명해 주고\n있었지만……
0x00056b45	3	【노리코】\n범행 시각이 그보다 전이라면\n확실한 증명을 할 수 없게 돼!
0x00056bdd	3	【코우지】\n알리바이가 불확실한 건\n나뿐만이 아니라는 뜻이야!
0x00056cd3	2	【코우지】\n이제 저 정보가 맞다면……!
0x00056d90	4	【노리코】\n(블라인드는 내린 채로 되어 있어.\n기밀사항이라든가를 갖고\n있으니까일까……?)
0x00056e09	4	【노리코】\n(……라고 해도, 단순히 햇빛이\n눈부시다는\n이유일지도 모르겠네.)
0x00056e71	6	【노리코】\n(여기 있는 책상이 미즈타니 씨\n책상인\n모양이네.\n일을 잘하는 사람은 책상도\n깨끗하구나.)
0x00056edb	4	【노리코】\n(……아마 앞쪽 책상이 코우지\n책상이네.\n엉망으로 어질러져 있고……)
0x00056f3d	3	【노리코】\n(……예전과 변하지 않아서\n조금 안심되는 면도 있지만.)
0x00056fb8	3	【노리코】\n우선은 당일의 알리바이를 받으려고\n합니다.
0x00057006	3	【노리코】\n미즈타니씨에게,\n당일의 아삼을 묻고 싶습니다만…
0x00057087	4	【아사츠유】\n……코우짱에서\n나에게 물어 보자.\n부탁받았어.
0x00057105	4	【아사츠유】\n그래…\n사건 당일…\n택시에 짙었을 텐데.
0x00057179	2	【노리코】\n택시요?
0x000571db	5	【아사츠유】\n그래, 코우짱, 술에 취해\n버렸으니까,\n형을 빌려 일단 가게 밖에 나와,\n택시에 진한 것.
0x00057267	8	【아사츠유】\n마스터에게 부탁해서 비상구로 나가게\n해\n달라고 했어.\n비상구로 나가는 편이 큰길에\n가까우니까,\n택시도 잡을 수 있을 거라고\n생각했거든.
0x00057314	3	【아사츠유】\n에서도, 좀처럼 택시가 잡히지\n않아.
0x00057387	5	【아사츠유】\n마침내 잡은 택시의 창전수에게\n아타시가 목적지를 가르쳐,\n돈을 치고, 코우짱을 창안해\n주었어.
0x00057410	4	【아사츠유】\n그 택시를 배웅해,\n아타시는 가게로 돌아왔지만,\n그 때 총성이 들렸으니까…
0x00057486	3	【노리코】\n과연……\n코우지는 택시에 진한 것이군요.
0x0005750d	4	【아사츠유】\n어머…… 코우지를 이름만 부르는\n거야?\n혹시 깊은 사이인 걸까……?
0x00057571	2	【노리코】\n아, 아니, 그게……
0x000575d5	3	【아사츠유】\n후후, 어쩔 수 없는, 어리석지\n않아!
0x00057618	2	【노리코】\n아……
0x00057675	3	【아사츠유】\n......그래. \n내일에도 코우짱의 접견하러 갈게.
0x000576d5	3	【아사츠유】\n그 때에 구체적으로 당일의 행동을\n설명한다고 전하고 있어.
0x00057742	4	【아사츠유】\n아마, 직접 설명하는 편이,\n코우짱도 여러가지 생각나게 될\n것입니다.
0x000577a0	3	【노리코】\n그렇습니다.\n알았어요, 말해 드리겠습니다!
0x00057831	3	【아사츠유】\n사건이 발생했을 때,\n코우짱은 택시에 진해졌을 것이다.
0x000578a6	6	【노리코】\n사건이 발생했을 때……\n즉 총성이 건물 안에 울려 퍼졌을\n때입니다만,\n미즈타니 씨도 VIP 룸으로\n달려가셨죠?
0x00057966	6	【아사츠유】\n그래, 맞아. \n우선 콘도 형사가 안에 들어가,\n그 후 나타시와 누마사키 변호사가\n함께\n들어갔어.
0x000579dc	3	【노리코】\n그때 VIP방에 BGM이\n보낼 수 있었습니까?
0x00057a58	3	【아사츠유】\n음~…… 어땠더라.\n왜?
0x00057aa0	5	【노리코】\n어쨌든 ... ... 사건 당일\n피해자의\n요청시 VIP 룸에\n클래식이 보냈던 것 같습니다.
0x00057b46	4	【아사츠유】\n… … 흠. \n코우짱은 그렇게 역리하고 있는\n건가.
0x00057b95	2	【노리코】\n엣! ?
0x00057bf2	5	【아사츠유】\n아, 고멘네. \n마침 코우짱이 어떤 역리를 하고\n있는지\n신경이 쓰여 버리는 거야.
0x00057c77	6	【아사츠유】\n단지 BGM은 보낼 수 없었다고\n생각해.\n\n적어도 클래식은 보낼 수 없었다고\n 생각해.
0x00057ce3	3	【노리코】\n그렇습니까! \n의중한 정보에 감사드립니다.
0x00057d58	2	【아사츠유】\n뭘 그런 걸 가지고.
0x00057de2	3	【아사츠유】\n사건 발생 후, VIP룸에는,\nBGM같은 것은 보낼 수 없었어.
0x00057e64	2	【노리코】\n저기, 음란이 있습니다만…
0x00057ecf	3	【아사츠유】\n뭐야? \n 뭐든지 말해봐!
0x00057f11	3	【노리코】\n코우지는 그 날,\n술에 취해 있었지요?
0x00057f88	4	【아사츠유】\n그럼, 이제. \n라이트 블루에 도착했을 때는\n이제 헤로헤로였어.
0x00057fe8	4	【노리코】\n에서도 경찰은 그것을 신용해 주지\n않는\n같습니다.
0x00058037	4	【노리코】\n거기서 미즈타니씨에게\n코우지가 술에 취해 있었음을\n증언해 주셨으면 합니다.
0x000580c0	4	【아사츠유】\n아, 그런 싸구려요. \n무엇이라면 당일 코우짱이 컸던 \n꽉도 리스트로 해 써도 좋겠어.
0x00058153	7	【아사츠유】\n확실히 그 날은 라이트 블루에\n도착하기\n전에도\n맥주를 볶아 5개, 상회의 병을\n2개,\n와인의 병을 2개 2명으로 비워…
0x00058209	2	【아사츠유】\n1/3은 코우짱도 컸으니까!
0x00058251	2	【노리코】\n…………
0x0005828a	6	【노리코】\n아, 저…\n코우지는 굉장히 적입니다…\n그야말로 컵 한잔의 맥주로 취해\n버리는\n것 같은…
0x00058329	4	【아사츠유】\n확실히 코우짱,\n처음은 굉장히 적이었지만,\n지금은 이렇게 회랑하게 되었습니다!
0x000583b3	2	【아사츠유】\n결막 술취해 버렸지만.
0x000583fb	6	【노리코】\n그랬어요…\n그것을 경찰에게 증언해 주면\n확실히 취해 있었다고 증명할 수\n있을 것\n같습니다.
0x00058469	2	【노리코】\n그때는 잘 능숙합니다.
0x000584d2	2	【아사츠유】\n맡겨 둬!
0x0005855d	4	【아사츠유】\n코우짱이 취한 것을\n증언하면 좋지. \n 싸구려!
0x000585c1	3	【노리코】\n사건에 관해\n뭔가 눈치챈 점은 없나요?
0x00058638	3	【아사츠유】\n음……\n지금으로서는 특별히 없네……
0x000586ac	2	【코우지】\n그리고……
0x0005874c	1	사무소 입구
0x00058757	1	사무소 입구
0x00058766	1	준텐 고등학교
0x0005876f	1	준텐 고등학교
0x0005877c	1	미즈타니 탐정사무소
0x0005878b	1	미즈타니 탐정사무소
0x000587aa	1	[미나즈키 코우지의 취미]
0x000587c2	1	[미나즈키 코우지의 성각]
0x000587da	1	[미나즈키 코우지의 행동 패턴]
0x000587f7	1	［추리해 본다］
0x00058806	1	［추리하지 않는다］
0x00058c88	2	【노리코】\n미즈타니 탐정사무소 전에 왔어.
0x00059108	2	【노리코】\n오빠의 취미는 무엇입니까?
0x0005915f	3	【아오이】\n 음......\n제일은 컴퓨터 게임이군요.
0x000591b9	4	【아오이】\n게임센터의 게임 뿐만이 아니라,\n휴대 게임기나 스와 두기기,\nPC의 게임까지 뭐든지 합니다.
0x0005923c	2	【노리코】\n게임 외에는…
0x00059289	3	【아오이】\n그렇네요… …\n인터넷을 잘 보고 있습니다…
0x000592e3	3	【아카네】\n어쨌든 텔레비전으로 향하고 있지요,\n아오이의 오빠는.
0x0005933f	4	【아오이】\nTV가 아니라 컴퓨터!\n게임도 전부 모니터에 연결해\n놨으니까……
0x000593a8	3	【아카네】\nTV도 모니터도 함께지요? \n 비슷한 거 야.
0x00059425	3	【아오이】\n으, 응…\n뭔가를 발한다는 것은 함께이지만…
0x0005947c	4	【노리코】\n알았습니다. \n오빠는 모니터 앞에 있는 것이 \n많다는 것이군요.
0x00059500	4	【아오이】\n오빠는 모니터 앞에있을 수\n있습니다.\n많습니다.
0x00059566	2	【노리코】\n오빠는 어떤 성각 무엇입니까?
0x000595d0	3	【아오이】\n어...\n조금 촉촉한 느낌입니다 ...
0x0005961e	2	【노리코】\n무서운……!?
0x0005966c	3	【아오이】\n……별로, 생각하고 있는 것이\n잘 모르는 일이 있기 때문에…
0x000596cd	6	【아카네】\n아, 알겠구나…\n아오이의 오빠이기 때문에 그렇게\n나쁘게\n말하고 싶지는 않지만,\n어타시도 조금 촉촉한 느낌은 할게.
0x0005974e	4	【아카네】\n아오이의 방에서 이야기해도,\n적연히 오빠의 방으로부터 술소리가\n들리기도 하고.
0x000597b9	3	【노리코】\n술술… ? \n왜......?
0x00059819	3	【아오이】\n넷 대전으로 게임을 하고 있을 때,\n실수하면 만나서 술만입니다.
0x00059888	4	【아오이】\n오빠는 어쨌든 실수하지 않고\n싫어요. \n자기부터입니다만…
0x000598f0	4	【아카네】\n나도 좋지 않고 싫어하는 사촌이\n있지만,\n아오이의 오빠는 별도입니다.
0x00059974	2	【아오이】\n예를 들면, 이런 일이 있었어요.
0x00059a15	6	【아오이】\n이전, 각동 게임의 대사가\n있었습니다. \n그 때, 가결착으로 굴욕적인 실을\n하는\n방법을 한 것 같습니다.
0x00059a96	4	【아오이】\n그렇다면 실제 년, 같은 상대에게,\n같은 굴욕적인 방법으로 이긴 것\n같습니다.
0x00059b00	5	【아오이】\n오빠가 말하기에는, 굴욕을 물린\n상대에게는\n같은 굴욕을 맛보지 않으면\n기분이 참지 않는 것 같습니다.
0x00059b81	3	【노리코】\n그럼, 우승할 수 없는 급기는,\n매년 같은 일을 한다는 것?
0x00059bd9	5	【아오이】\n그것이 다릅니다. \n그 작년의 상대에게 리벤지를 했을\n때도\n대승리였던 것 같습니다만…
0x00059c49	5	【아오이】\n결착에서의 실는 방법은 납득이 가는\n것\n같고,\n실년은 리벤지하지 않았습니다.
0x00059caa	2	【노리코】\n… … 기쁜 사람이구나.
0x00059cea	2	【아오이】\n네……
0x00059d1f	6	【아오이】\n기쁜 것이,\n그 리벤지를 완수했다고 이야기를\n들은\n것이,\n리벤지를 달성한 뒤였습니다.
0x00059d8a	9	【아오이】\n그 전의 해는 어쨌든 귀찮게 하면서\n집에\n돌아왔습니다만,\n몇번 들려도 이유를 가르쳐 주지\n않아서,\n가문이 그것을 접한 1년 후에\n가르쳐\n주었습니다.
0x00059e1a	3	【아오이】\n그것은 이미,\n깔끔한 보기로 가르쳐 주었습니다.
0x00059e65	2	【노리코】\n…………
0x00059eee	3	【노리코】\n오빠의 성각, 잘 알았습니다. \n감사합니다.
0x00059f4f	2	【아오이】\n아니…
0x00059fa4	3	【아오이】\n오빠는 어쨌든 실수하지 않고\n싫어요.
0x00059ffd	5	【아오이】\n아, 하지만 지는 걸 싫어하게 된\n건\n회사에서 해고되고 나서였어요.\n그전에는 내성적이었거든요.
0x0005a09d	6	【아오이】\n지금은 일을 끝냈으므로,\n아사하라쿠 집을 나와, 밤늦게에\n돌아오는\n것 이외는\n별로 잘 모르겠습니다만…
0x0005a115	4	【노리코】\n이전의 행동 패턴으로 좋습니다. \n특히 사건 발생 전후에 대해 알고\n싶습니다.
0x0005a19e	6	【아오이】\n그렇네요…\n간본적으로 식사나 화장실 이외,\n방에서 별로 나오지 않는\n사람이었습니다\n......
0x0005a22a	4	【아오이】\n가끔 밖에 나와 있었습니다만,\n대부분 게임센터에 가고 있던 것\n같습니다.
0x0005a291	6	【아오이】\n하물은 넷의 통판을 이용하고 있었기\n때문에\n 거의 밖에 나오지 않아도\n무엇인가가 되고 있었던 것\n같습니다.
0x0005a313	3	【아오이】\n식사나 화장실 이외는,\n계속 방에 있었던 것 같습니다.
0x0005a36a	3	【노리코】\n(미즈타니 탐정사무소가 들어 있는\n기모노네)
0x0005a3b9	3	【노리코】\n(1층은 편의점이고,\n2층에 사무소가 있는 모양이야.)
0x0005a43a	5	【노리코】\n(준텐 고등학교가 있어.\n코우지의 엄마와 시라카와 신지씨의\n이야기를\n선생님에게 듣고 싶은 곳이지만…
0x0005a4ac	6	【노리코】\n(그 전에 미나즈키 코우지씨에\n대해,\n경의 아오이씨와 이야기를 하고 싶은\n곳이야.\n어떻게 할까……)
0x0005a51a	2	【노리코】\n(…………)
0x0005a557	2	【노리코】\n(아, 그냥 두 사람이 왔어!)
0x0005a61e	2	【아카네】\n아, 사부님의 변호사님이다!
0x0005a675	2	【아오이】\n안녕하세요.
0x0005a6ab	3	【노리코】\n 안녕하세요. \n 그냥 만났어요.
0x0005a6fe	3	【아카네】\n저희에게요?\n뭐예요, 이야기를 듣고 싶다고요!?
0x0005a74a	5	【노리코】\n네.\n아오이 씨 오빠에 대해 여쭤보고\n싶은데……\n잠시 괜찮을까요?
0x0005a7b0	3	【아오이】\n오빠 이야기……인가요?\n무엇이죠?
0x0005a82b	5	【노리코】\n(준텐 고등학교가 있어.\n코우지의 엄마와 시라카와 신지씨의\n이야기를\n듣고 싶은 곳이지만……)
0x0005a8a4	2	【노리코】\n(안에 들어갈까?)
0x0005a958	2	【노리코】\n(안에 들어갑시다)
0x0005a9ae	2	【노리코】\n(조금 더 여기 있자)
0x0005aa03	3	【노리코】\n(고등학교가 있네.\n학교 같은데.)
0x0005aa71	4	【노리코】\n(고등학교가 있어.\n미나즈키 아오이씨에게 이야기를 듣고\n싶지만……)
0x0005aaba	2	【노리코】\n(…………)
0x0005ab12	2	【노리코】\n(아, 2명이 왔어!)
0x0005abd5	2	【아카네】\n아, 사부님의 변호사님이다!
0x0005ac2c	2	【아오이】\n안녕하세요.
0x0005ac62	3	【노리코】\n 안녕하세요. \n 그냥 좋았어요.
0x0005accc	3	【아카네】\n저희에게요?\n뭐예요, 이야기를 듣고 싶다고요!?
0x0005ad18	5	【노리코】\n네.\n아오이 씨 오빠에 대해 여쭤보고\n싶은데……\n잠시 괜찮을까요?
0x0005ad97	3	【아오이】\n오빠 이야기……인가요?\n무엇이죠?
0x0005ae25	4	【노리코】\n(고등학교가 있습니다.\n『준텐 고등학교』…\n이학 같아)
0x0005aeba	4	【아카네】\n저…\n어쩌면 변호사가 돈을 벌 수\n있습니까?
0x0005af0f	3	【노리코】\n엣......\n투투에, 어째서?
0x0005af5f	4	【아카네】\n이라도, 변호사씨,\n진범을 찾기 위해 조사하고 있는\n거죠?
0x0005afc8	4	【아카네】\n마치 탐정같은 일을 하고 있고,\n이라면 위래의 구, 변호사라도\n좋을까.
0x0005b047	6	【아오이】\n아카네 짱! \n변호사가 된다고,\n그렇게 부담없이 말할 수 있는\n직업이\n아니야!
0x0005b0b5	3	【아오이】\n국가시험 중에서도 최난관이라고 하는\n사법시험에 합격해야 하는걸!
0x0005b12a	4	【아카네】\n사법시험?\n그건 얼마나 공부해야 합격할 수\n있어?
0x0005b1a2	5	【아오이】\n 음......\n고교 중험 때의 100배는\n필요하다고\n생각한다.
0x0005b21e	3	【아카네】\n겟…\n그, 그것은 힘들다 ......
0x0005b264	7	【노리코】\n 열심히 동력하면 합각할 수\n있어요. \n준텐 고등학교는 명문이고,\n우선은 대학의 법학부에 들어가는\n곳에서\n끝내야 한다.
0x0005b2ee	5	【노리코】\n에서도, 동력 없이 해 안 되는\n것도\n사실이네. \n그것만은 각오하고 있어.
0x0005b375	3	【아카네】\n…\n아하하.
0x0005b3eb	3	【아카네】\n역시, 삼가해 둡니다......\n타하하......
0x0005b473	2	【노리코】\n(아직 듣는 일이 있었을까……?)
0x0005b545	2	【노리코】\n(아야 씨에게 묻고 싶은 건……)
0x0005b63f	3	【노리코】\n 이야기를 들려주셔서\n감사합니다.
0x0005b699	3	【아오이】\n아니, 우리가 할 수 있는 것이라면\n뭐든지 자력하기 때문에…
0x0005b6f9	3	【아카네】\n하라쿠 자승의 무고가 증명되면\n좋네요!
0x0005b74b	3	【노리코】\n감사합니다. \n에서는 무례합니다.
0x0005b79e	2	【아오이】\n실례합니다.
0x0005b7e3	2	【아카네】\n실례합니다~스!
0x0005b8a8	2	【노리코】\n(아야 씨에게 묻고 싶은 건……)
0x0005b9bd	2	【노리코】\n(미즈타니 씨, 계시려나……?)
0x0005ba0f	2	【노리코】\n(인터폰을 누른다?)
0x0005ba66	2	【노리코】\n(미즈타니 씨, 계시려나……?)
0x0005bab3	2	【노리코】\n(좀 더 모습을 보자)
0x0005bb1b	2	【노리코】\n…………
0x0005bb54	2	【노리코】\n(어라, 없는 것 같아……)
0x0005bba5	2	【노리코】\n…………
0x0005bbde	2	【도어폰】\n네, 미즈타니 탐정사무소입니다만?
0x0005bc28	3	【노리코】\n아, 저기. \n변호사의 신조 노리코입니다.
0x0005bc74	3	【도어폰】\n아, 노리코 짱이구나.\n들어오세요.
0x0005bcbb	2	【노리코】\n그럼, 무례합니다.
0x0005bde1	3	【노리코】\n(오늘은 이것으로 조사를\n끝내겠어?)
0x0005be9a	2	【노리코】\n(그럼 돌아가자)
0x0005bedf	3	【노리코】\n(그래.\n좀 더 모습을 보자)
0x0005bf3d	5	【노리코】\n(아직 조사하지 않으면 안 되는\n일이\n있어.\n돌아갈 수는 없어)
0x0005c044	4	【노리코】\n아카네 씨와 아오이 씨에게 들은\n이야기는\n이런 내용이었어.
0x0005c0bc	4	【코우지】\n… … 과연. \n미나즈키 코우지는 실수 없이\n싫어?...
0x0005c125	2	【코우지】\n재미있는 동설이 세워질 것 같다.
0x0005c1c4	9	【코우지】\n미나즈키 코우지는 실수 없이\n싫어하고,\n굴욕적인 실습 방법을 한 것은\n사람에게\n말하지 않는 것 같다. \n최근, 그런 굴욕적인 실습 방법을\n한\n적이 없었는지…
0x0005c331	2	【코우지】\n(아니야, 이게 아니야!)
0x0005c378	8	【코우지】\n(미나즈키 코우지는 극도의 실수\n없이\n싫어.\n게다가 취미의 게임에서 굴욕적인\n실수\n방법을 했을 때는\n상당히 쫓겨난다고 한다)
0x0005c40f	6	【코우지】\n(최근도 있었을 것이다.\n미나즈키 코우지가 게임에서 실은 것\n같은\n반응을\n 보여준 것이…
0x0005c505	4	【코우지】\n그래… … 미나즈키 코우지는\n게임 센터에서\n레버를 말한 것 같다.
0x0005c573	4	【코우지】\n이것은,\n어쩌면 굴욕적인 실습 방법을 하고\n 마음껏 만나기 때문이 아닐까?
0x0005c624	3	【노리코】\n흠......\n 정말 말할 수 없다고 생각한다.
0x0005c679	3	【노리코】\n어쩌면 게임에 관한 일일지도\n모르고……
0x0005c6f1	6	【코우지】\n에서도, 이전 노리코가, 플레이한\n게임에\n대해 들었을 때,\n미나즈키는 확실히 「가르치고 싶지\n않다」라고 말했을까?
0x0005c791	2	【노리코】\n아, 확실히 말하고 있었다…
0x0005c7f9	5	【코우지】\n조금이 뭔가, 쌓아 보지\n않겠습니까?\n잘하면 새로운 정보가 나올지도\n모른다.
0x0005c88a	3	【노리코】\n그렇네......\n알았어.
0x0005c995	3	【코우지】\n그것과, 후쿠로와 시라카와 신지의\n이야기이지만…
0x0005ca33	6	【코우지】\n……어쩐지 복소구나. \n아버지 이외에\n오후쿠로에 무덤이 된 사람의\n이야기를\n듣는 것은…
0x0005caaa	3	【코우지】\n이 사건은 어디까지 인간관계가\n입권할 수 있는 거야…
0x0005cb0d	3	【코우지】\n드디어 후쿠로와 시라카와 신지까지가\n연결된다니…
0x0005cb85	2	【코우지】\n…………
0x0005cbcb	5	【코우지】\n잠깐, 그러고 보니?\n엄마가 먼저 졸업한 탓에, 결국\n신지는\n엄마에게 차이고 끝난 건가?
0x0005cc63	3	【노리코】\n거기까지는 듣지 않았다......\n고멘......
0x0005ccd4	2	【코우지】\n… … 아니, 좋다.
0x0005cd39	4	【코우지】\n지금까지 얻은 정보로 추리해 보면,\n졸업 후에도 두 사람 사이에는 어떤\n관계가 있었던 게 분명해!
0x0005cdf2	5	【코우지】\n오후쿠로와 신지는 졸업 후에도\n어떤 관계를 훼손하고\n있었다......\n그것을 나타내는 것은... ?
0x0005cf1d	2	【코우지】\n(아니야, 그게 아니야!)
0x0005cf64	7	【코우지】\n(나 자신, 신지와 한 번 만난\n적이\n있다!\n그 사실이, 푹신하고 신지의 사이에\n어떤 관계가 있었음을 나타내고\n있다!)
0x0005d064	2	【코우지】\n그래… … 리폼이다.
0x0005d0f3	3	【코우지】\n그때, 후쿠로는 아는 회사에 부탁해\n리폼한다고 말했다.
0x0005d154	4	【코우지】\n그 알고 있는 것이,\n정확히 시라카와 신지의 것이\n아닐까?
0x0005d1aa	5	【코우지】\n모니터에 읽혀졌기 때문에\n리폼 금장은 걸지 않는다고\n말했지만,\n그 자체, 신지의 힘이 아닐까?
0x0005d224	3	【코우지】\n즉, 후쿠로와 신지의 사이에는,\n어떤 관계가 제외하고 있었어!
0x0005d2f5	5	【노리코】\n에서, 하지만,\n비록 2명의 사이에 어떠한 관계가\n있었다고 해도,\n2명 모두 수년전에 죽어 버렸어요…
0x0005d37a	3	【노리코】\n이마바야시의 사건에는,\n별로 관계 없잖아…
0x0005d40a	2	【코우지】\n… … 확인하고 싶다.
0x0005d457	2	【노리코】\n확인…
0x0005d49f	2	【코우지】\n……아, 그렇구나.
0x0005d4ec	4	【노리코】\n……혹시 말인데요.\n코우지에게 진범의 기록이\n붙어 있는 것 아닐까요?
0x0005d570	2	【코우지】\n글쎄, 어떨까.
0x0005d5b9	3	【코우지】\n하지만 진범을 알아낸다고 해도,\n동기를 알 수 없잖아.
0x0005d61b	3	【노리코】\n두 사람의 관계를 알게 되면,\n진범의 동기도 알 수 있나요?
0x0005d67c	5	【코우지】\n그것도 모르겠어.\n다들 입을 다문 채 모른 척하고\n있는 것\n같아.
0x0005d6da	2	【노리코】\n……그렇다면, 소장님께 여쭤볼까?
0x0005d72f	5	【노리코】\n소장님은 피해자……\n시라카와 신지 씨의 오빠와\n친구였고,\n신지 씨와도 함께 일했을 거야.
0x0005d7d8	3	【코우지】\n… … 그렇구나, 그것이 좋을지도\n모른다.
0x0005d82d	6	【코우지】\n노조미도 시라카와 신지가\n누마사키 변호사를 선동하고 있었다고\n했어.\n어쩌면 재미있는 이야기를 들을 수\n있을지도 몰라.
0x0005d8cf	3	【코우지】\n누마사키 변호사에게 물어봐 줘……\n두 사람의 관계를.
0x0005d94a	2	【노리코】\n알겠어.
0x0005da2a	1	［아사츠유의 알리바이에 대해］
0x0005da41	1	［이치로와 미즈타니 아사츠유의 관계에 대해］
0x0005da60	1	［이치로와 누마사키 신타로의 관계에 대해］
0x0005da81	2	[이치로와 콘도 숙미의 관계에\n대해]
0x0005daa0	1	［이치로와 미나즈키 코우지의 관계에 대해］
0x0005dac1	1	[아사츠유와 콘도의 관계에 대해]
0x0005dadc	1	［몇 가지 눈치챈 점］
0x0005daf0	1	［아사츠유와 유미의 관계에 대해］
0x0005db09	1	[교장 직정에 대해서]
0x0005db30	1	블라인드
0x0005db38	1	블라인드
0x0005db44	1	코우지의 책상
0x0005db4c	1	코우지의 책상
0x0005db58	1	아사츠유의 책상
0x0005db60	1	아사츠유의 책상
0x0005df2b	2	【아사츠유】\n어서 와~!
0x0005df66	4	【노리코】\n아무래도…\n칭찬하는 곳, 시간을 가르쳐 버리고\n죄송합니다......
0x0005dff8	3	【아사츠유】\n자자.\n딱딱한 인사는 사양하자고!
0x0005e1cd	4	【노리코】\n사건 현장에 있던 관계자의\n알리바이를\n다시 조사하고 있습니다.
0x0005e225	3	【노리코】\n거기서 미즈타니씨의 알리바이도\n가르쳐 주면 좋겠습니다만…
0x0005e2a1	3	【아사츠유】\n아라, 아타시도 용의자라고 하는\n이유?
0x0005e2ef	3	【노리코】\n어……\n그, 그런 것은…
0x0005e359	5	【아사츠유】\n후후, 좋은거야. \n관계자의 알리바이를 조사하는 것은\n옳은\n일이야.
0x0005e3d5	5	【아사츠유】\n어...\n그럼,\n라이트 블루에 들어간 후의 이야기로\n좋을까?
0x0005e42f	2	【노리코】\n네, 능숙합니다.
0x0005e493	3	【아사츠유】\n라이트 블루에 도착한 것이,\n23시 30분 정도였을까…
0x0005e515	3	【아사츠유】\n그 시점에서, 코우짱은 이제\n베론 베론의 데론데론이었어.
0x0005e56f	2	【노리코】\n코우지, 굉장히 적기 때문에…
0x0005e5dc	4	【아사츠유】\n으로, 어타시들은\n카운터에 앉았는데,\n코우짱은 곧바로 깎아버려서.
0x0005e667	4	【아사츠유】\n아타시는 마스터와 이야기하면서\n치비치비\n하고 있었어.
0x0005e6b4	2	【노리코】\n라이트 블루에는 잘 가시나요?
0x0005e706	5	【아사츠유】\n그래. \n변호사 시대부터 단골이다. \n사건의 전날에도 소문에 갔던\n정도이고.
0x0005e795	2	【아사츠유】\n 그래서 마스터와는 친숙해.
0x0005e7fd	5	【아사츠유】\n에서도 코우짱을 데리고 간 것은\n처음이었을까? \n코우짱, 너무 굉장히 하지\n않습니다.
0x0005e870	4	【아사츠유】\n가게에 들어갔을 때에 깨달았지만,\n자기로부터의 아는 사람이 몇 명\n있어.
0x0005e8ce	3	【노리코】\n그중 한 명은 우리 소장님이군요.\n나머지는 누구인가요……?
0x0005e932	6	【아사츠유】\n우선은 콘도 형사네. \n아야와는 탐정이 되고 나서,\n같은 사건을 싣고 몇번이나 서로\n하고\n있었으니까.
0x0005e9b1	7	【아사츠유】\n그리고 피해자가 된 시라카와 씨\n말이야.\n시라카와 씨는 VIP 룸에\n있었는데,\n마스터에게 오늘 돌아온다는 말을\n전했어.
0x0005ea46	4	【아사츠유】\n변호사 시대에 몇번이나 함께\n왔으니까,\n아야도 마스터라고 친숙해져.
0x0005eaad	2	【노리코】\n헤에, 그랬습니까?
0x0005eb13	7	【아사츠유】\n인사할까 고민했는데, 아야와는 별로\n좋은 이별 방법을 하고 있지 않고,\nVIP룸에 있다는 것은\n소중한 이야기를 하고 있는\n것일까라고\n생각해 삼가했어.
0x0005ebd6	5	【아사츠유】\n그러니까 1명 치비치비와 컸고,\n위를 서 있던 것은 화장을 고쳤을\n때\n정도일까…
0x0005ec42	2	【노리코】\n그 시간은 기억나요?
0x0005eca9	4	【아사츠유】\n응~……\n과연 거기까지 실리는 기억하지\n못하네.
0x0005ecf9	3	【노리코】\n그렇네요......\n죄송합니다.
0x0005ed61	3	【아사츠유】\n아니야, 괜찮아.\n직장 관계로 맺은 결혼이야!
0x0005edd4	6	【아사츠유】\n화장한 시간은 기억나지 않지만,\n취해진 코우짱에 모양을 빌려\n가게를 나온 것은 0시 30분\n정도였다고\n생각해.
0x0005ee8f	4	【아사츠유】\n아니, 나머지는 일의 전화가 걸려\n오고,\n0시 전후에 위를 서었을까.
0x0005ef21	3	【아사츠유】\n그 이외는 계속 카운터에 있었다고\n생각한다.
0x0005ef6e	3	【노리코】\n그렇군요.\n감사합니다.
0x0005efec	3	【아사츠유】\n거의 카운터에서 찌비찌비와 새끼고\n있었어.
0x0005f056	3	【노리코】\n피해자와 미즈타니씨는 아는\n사람이었지요?
0x0005f0d4	5	【아사츠유】\n그래, 그래. \n아야는 변호사 시대의\n클라이언트였어요. \n그래도, 질병을 이유로 해고된 것.
0x0005f148	2	【노리코】\n…………
0x0005f1a7	3	【아사츠유】\n그런 카오하지 않아도 돼요. \n지금은 이미, 풍부해지고 있어.
0x0005f204	2	【노리코】\n네, 네……
0x0005f263	4	【아사츠유】\n하지만 그때는 납득하지 못했구나…\n자신은 치아도 좋을 정도의 각오로\n일하고 있었고…
0x0005f301	6	【아사츠유】\n아무리 강한 척해도 몸이 따라 주지\n않을\n테고,\n만족스러운 일을 할 수 있었는지는\n의문이지만.
0x0005f392	6	【아사츠유】\n냉정하게 생각하면 아야의 판결은\n가혹했을지도 몰라.\n인간적으로 존경할 수 있는지는\n별개의\n문제지만.
0x0005f404	5	【노리코】\n그래도, 나는 미즈타니씨의 기분,\n잘 알 수 있습니다. \n나도 담당을 제외하지 않게\n필치이니까…
0x0005f474	7	【노리코】\n클라이언트가 신용할 수 없는\n변호사를\n제외하는 것은\n당연하고, 자주 있는 이야기입니다.\n\n자주 있는 이야기입니다만…
0x0005f509	2	【아사츠유】\n납득하지 않지요.
0x0005f554	6	【아사츠유】\n그것은 자신의 힘이 부족한\n모임이라든지,\n클라이언트에게 보는 눈이 없는\n분노라든지\n그런 일이 아니고…
0x0005f5db	4	【아사츠유】\n1명 삼키고 남는 것이\n끓인다......\n다른?
0x0005f631	3	【노리코】\n… … 네, 맞습니다. \n특히 이마바야시 사건은......
0x0005f6aa	3	【아사츠유】\n… … 노리코 짱. \n 역시 당신과 나, 잘 그림 있어.
0x0005f725	5	【아사츠유】\n에서도, 코우짱은 이제\n당신의 근원을 나타내거나 하지\n않아. \n당신이 그대로 있으면, 그래.
0x0005f787	2	【노리코】\n어……
0x0005f7e4	4	【아사츠유】\n어타시도 더 솔직했다면,\n조금은 인생이 바뀌고 있었을지도……\n…
0x0005f851	4	【노리코】\n응, 늦지 않아요! \n미즈타니 씨, 깨끗하고\n앞으로입니다!
0x0005f8dd	3	【아사츠유】\n응, 괜찮아. \n지금은 노리코 짱이 있으니까요.
0x0005f92c	2	【노리코】\n어……!?
0x0005f98d	5	【아사츠유】\n나타시가 솔직해질 수 없었던\n인생을,\n노리코 짱을 통해서\n재검토할 수 있기 때문이다.
0x0005fa1a	4	【아사츠유】\n그러니까 솔직하게 되지 않으면\n안돼,\n노리코쨩!
0x0005fa68	2	【노리코】\n엣… … 네, 네!
0x0005fad1	4	【아사츠유】\n아야는 어타시가 변호사 시대의\n클라이언트였지만\n심장병을 이유로 곰이 되었어.
0x0005fb55	3	【노리코】\n피해자와 우리 소장님의 관계는\n어떤 느낌이었는지 알고 계십니까?
0x0005fbde	2	【아사츠유】\n우~응…
0x0005fc24	5	【아사츠유】\n두 사람 모두 거기 알고 있는\n사람이지만,\n고문 변호사와 클라이언트의 관계는\n일 정도밖에 모른다.
0x0005fc9f	2	【노리코】\n그렇군요……
0x0005fce6	4	【아사츠유】\n확실히 학생 시절부터의 교제도\n화는 들었는데 있지만......\n그래도 이상하다.
0x0005fd4f	2	【노리코】\n이상한가요?
0x0005fdb3	4	【아사츠유】\n그 두 사람의 성격은 알고 있지.\n누마사키 씨는 어쨌든 매우 성실한\n사람이잖아?
0x0005fe3c	5	【아사츠유】\n뒤에서 온갖 일을 하고 있는\n시라카와\n씨와\n손잡고 있다는 게 믿기지 않아서.
0x0005fe96	5	【노리코】\n……하지만 소장님 자신은,\n그건 일과는 상관없는 일 아닌가요?\n그분은 너무나 성실한 분이기도\n하고……
0x0005ff15	5	【아사츠유】\n응, 그렇게 생각하지만,\n그렇다면 처음부터 누마사키 씨를\n고문 변호사로 삼았으면 되지\n않았을까?
0x0005ff88	3	【노리코】\n비공개와 일을 나누고 싶었던 것은\n없을까요?
0x00060005	5	【아사츠유】\n응, 그게 아니라고 생각해. \n아타시가 현장의 무렵,\n시라카와씨로부터 진심을 들었던 적이\n있군요.
0x00060079	2	【노리코】\n본심, 입니까?
0x000600c2	5	【아사츠유】\n응.\n사실은 누마사키 씨를 고문 변호사로\n삼고\n싶었다는 이야기.
0x00060131	4	【아사츠유】\n하지만 누마사키 씨는 거절한\n모양이야.\n이유는 말하지 않았지만.
0x00060192	4	【노리코】\n……하지만 지금은 소장님이 고문\n변호사예요.\n왜 그런 걸까요……?
0x00060208	5	【아사츠유】\n이건 하나의 추측인데,\n누마사키 씨는 무언가 약점을 잡힌\n것\n같아.
0x0006026a	3	【노리코】\n적미,입니까… \n어떤......?
0x000602c0	4	【아사츠유】\n 앵무새 바꾸기만 하면 안돼. \n노리코 짱은 알고 있지\n않아......?
0x00060328	3	【노리코】\n엣......\n어, 무슨 일입니까…
0x00060397	3	【아사츠유】\n어머, 모르는 거야? \n그건 놀랍습니다.
0x00060403	4	【아사츠유】\n에서도, 곧 알 수 있다고\n생각해요. \n 반드시.
0x00060459	6	【아사츠유】\n그러니까 어타시로부터는 말할 수\n없다. \n 이런 일은 관계자로부터 제대로\n듣지\n않으면.
0x000604b7	2	【노리코】\n…………
0x000604f0	2	【노리코】\n아마, 알고 있다고 생각합니다…
0x00060543	2	【아사츠유】\n 그럼, 그게 대답이야.
0x000605bc	3	【아사츠유】\n누마사키씨는 적을 잡히고 있다고\n생각해.
0x0006062b	3	【노리코】\n피해자와 콘도 형사의 관계에 대해,\n무엇을 아십니까?
0x000606c8	3	【아사츠유】\n후후, 드디어…\n판도라의 진행을 버리는 것.
0x0006071f	3	【노리코】\n엣......\n무슨 일입니까?
0x00060788	4	【아사츠유】\n2명이 고등학교 시대의 동기생이었던\n것은\n알고 있지?
0x000607dd	2	【노리코】\n그래, 그건 알고 있어요.
0x0006082b	6	【아사츠유】\n이라면 어느 정도는 눈치채고 있지\n않나?\n\n두 사람이 용으로 더러운 일을 하고\n있었다고.
0x00060895	3	【노리코】\n…… 구체적인 것까지는 모릅니다만,\n어쩐지 알 수 있습니다.
0x0006091b	5	【아사츠유】\n라면, 구체적으로 조사하면\n재미있어요. \n그러나, 지금은 그런 시간, 없으면\n무겁지만.
0x0006098b	4	【노리코】\n미즈타니씨는 알고 계십니까? \n2명이 구체적으로 무엇을 하고\n있었는지…
0x00060a17	4	【아사츠유】\n알고 있어. \n 하지만 지금은 가르쳐 줄 수\n없다.
0x00060a65	2	【노리코】\n그런… … 어째서입니까?
0x00060ab3	3	【아사츠유】\n후후, 곧 알겠어. \n매우, 조만간.
0x00060aff	3	【노리코】\n코우지의 인생이 걸리고 있습니다! \n 말해줘!
0x00060b5d	4	【아사츠유】\n코우짱이라면 괜찮아. \n 그것은 보장한다. \n그 위에 지금은 가르칠 수 없어.
0x00060bed	2	【아사츠유】\n거기는 용서해, 노리코쨩.
0x00060c30	2	【노리코】\n…………
0x00060c69	2	【노리코】\n에서는, 확인만 시켜 주세요.
0x00060cad	4	【노리코】\n피해자와 콘도 형사에,\n어떠한 더러운 관계가 있었던 것은…\n확실하지 않니?
0x00060d4d	2	【아사츠유】\n 틀림없어.
0x00060dc7	3	【아사츠유】\n2명은 용으로 결막 더러운 것을\n하고 있었어.
0x00060e38	3	【노리코】\n미즈타니씨는 미나즈키 코우지씨를\n아십니까?
0x00060eaf	4	【아사츠유】\n알고 있어. \n내 고문 변호사 시대,\n에이스기의 설계사였으니까.
0x00060f28	5	【아사츠유】\n그 시라카와 씨도 인정하고 있었어.\n하지만 내가 해고된 뒤에\n그 사람도 해고됐다는 말을 듣고\n놀랐던 기억이 나.
0x00060fd0	8	【아사츠유】\n게다가 해고된 이유가 병 때문이라고\n들어서,\n아, 나와 같다고 생각해\n동정했는데……\n하지만 실제로는 나보다 더 괴로운\n일을\n당했던 모양이야.
0x00061086	3	【아사츠유】\n아타시가 알고 있는 것은 이\n정도야.
0x0006110e	3	【아사츠유】\n병을 이유로 해고당해서……\n본인은 납득하지 못했겠지요.
0x0006118b	7	【노리코】\n실은 우치의 소장에게,\n피해자와 콘도형사의 관계에 대해\n(들)물었습니다만,\n소장에게는 미즈타니씨에게 들을 수\n있어\n말해졌습니다.
0x00061211	2	【노리코】\n이것은, 무슨 일입니까?
0x0006127d	3	【아사츠유】\n아하하! \n누마사키씨 같다.
0x000612cc	5	【아사츠유】\n누마사키씨, 구부러진 것을\n싫어했구나. \n정말, 생 진지하게 말할까,\n나쁘게 말하면 형물이야.
0x0006137b	3	【아사츠유】\n좋아. \n피해자와 콘도 형사의 관계를 말해.
0x000613d5	4	【노리코】\n그래, 그 이야기도 듣고\n싶습니다만,\n또 하나 신경이 쓰인 적이 있어서…
0x00061432	5	【노리코】\n소장은 마치 미즈타니씨와 콘도\n형사가\n잘 알고 있는 사이 무늬 같은\n입만이었습니다.
0x000614c3	4	【아사츠유】\n과연. \n아타시와 콘도 형사의 관계도 신경이\n쓰이는군요.
0x00061524	5	【아사츠유】\n그런 큰 관계가 아니야. \n탐정과 경찰에서 여러가지 상호\n작용하는\n부분이 있으니까.
0x00061596	6	【아사츠유】\n어타시도 법률 스레슬러의 수사를\n하는\n일이 있고,\n체포될 것 같게 된 것도 몇번인가\n있어.
0x0006162f	4	【아사츠유】\n실제, 코우짱은 1림 체포되고\n있어. \n가장 그때는 하루에 석방되었지만.
0x000616a4	2	【노리코】\n…………
0x00061703	3	【아사츠유】\n탐정하고, 절반 용측의 세계에\n아를 쌓아서 있으니까.
0x00061770	5	【아사츠유】\n물론, 안전하게 장사하고 있는 곳도\n있지만,\n우치는 작은 사무소이고,\n그러면 안 되는 거야.
0x00061804	6	【아사츠유】\n어떻게… \n노리코 짱으로는,\n코우짱가 그런 치명적인 일을 하고\n있는\n것은 이야?
0x00061867	4	【노리코】\n아니, 아니......\n솔직히, 불안하지만......\n아야가 정한 일이니까
0x000618f1	6	【아사츠유】\n후후, 험직으로 좋다. \n이라면, 코우짱에게 짙은 일을\n시키기\n위해서\n노리코짱, 한 피부 벗어 준다?
0x0006196a	3	【노리코】\n 내가? \n무엇을 해야 합니까?
0x000619c2	5	【아사츠유】\n음, 지금 바로 이야기가 아니야. \n시 미즈키가 오면 여러가지 부탁하는\n일이\n있지만.
0x00061a33	4	【아사츠유】\n또 이야기가 탈선해 버렸네. \n음, 그런 느낌으로 콘도 형사와는\n 몇번이나 대립한 적이 있었어.
0x00061ab5	4	【아사츠유】\n이지만 콘도 형사는 나를 체포할 수\n없다. \n왜 그럴까?
0x00061b10	2	【노리코】\n…
0x00061b8d	3	【아사츠유】\n핀폰!\n날카로운, 과연 코우짱의 연인 씨!
0x00061bec	3	【노리코】\n 다릅니다! \n그러니까......!
0x00061c51	7	【아사츠유】\n후후, 정말, 귀여운 와, 노리코\n짱. \n 그러니까 드디어 괴롭히고 싶어져\n버리는\n거지. \n 고멘.
0x00061cb9	4	【노리코】\n그, 그것보다, 콘도 형사의 적\n보고는,\n무슨 일입니까?
0x00061d35	3	【아사츠유】\n과연 그것은 말할 수 없어. \n코우짱에게도 말한 적이 없는 것.
0x00061daf	3	【아사츠유】\n에서도, 어쩐지 알겠지요? \n 네, 이것으로 끝내세요!
0x00061dff	6	【노리코】\n에서는 전문을 바꿉니다. \n그 적을 고용하면 코우지를 지금\n석방시킬\n수도\n할 수 있습니까?
0x00061e92	3	【아사츠유】\n할 수 있어. \n 하지만 그렇게 하지 않을거야.
0x00061eda	2	【노리코】\n왜 그런가요?
0x00061f3a	4	【아사츠유】\n노리코쨩, 평소는 귀엽지만,\n코우짱의 일이 되면 투투에\n강해지네.
0x00061fa1	3	【노리코】\n아니...\n아니, 죄송합니다...
0x00062007	6	【아사츠유】\n응, 괜찮아. \n이마바야시, 코우짱을 석방시키지\n않는\n것은,\n당신도 관계 있는 거야, 노리코짱.
0x0006207b	3	【노리코】\n엣…\n와, 나입니까…?
0x000620ca	6	【아사츠유】\n에에. \n두 사람이라면 자신들의 힘으로\n무고를\n증명할 수 있다고\n믿고 있으니까.
0x00062135	7	【아사츠유】\n지금까지는 코우짱에 대해서\n조금 과보호했을까라고 생각하는군요.\n\n하지만, 이제 코우짱도 독립하지\n않으면,\n네.
0x000621aa	5	【노리코】\n에서, 하지만...\n그 결과, 코우지가 치형이 되어\n버리면\n어떻게 합니까...?
0x00062236	3	【아사츠유】\n그것으로 코우짱의 창명. \n 안으로 들어갈 수밖에 없어.
0x00062288	4	【노리코】\n에서, 하지만...\n도움을 주는 수단이 있는데, 그것을\n간과한다니...
0x000622eb	5	【아사츠유】\n 즐겨 승리 모른 승리에 의미가\n있다? \n그야말로 노리코짱의와 이 소장은\n그렇게 용서하지 않는다고 생각해요.
0x0006235e	2	【노리코】\n………
0x000623bb	6	【아사츠유】\n괜찮아. \n이 사건에 대해서는 나도 조사하고\n있고,\n정말이 되면, 나도 힘을\n빌려줄테니까.
0x00062455	2	【아사츠유】\n물론, 즐거움 없이.
0x000624a3	7	【아사츠유】\n이지만, 할 수 있는 것이라면\n둘이서\n해결해 주세요. \n이 아니라면, 사람에 의지할 만큼의\n인생으로\n 끝나 버립니다.
0x00062516	3	【노리코】\n알았습니다. \n미안 해요, 그냥 의지.
0x00062573	3	【아사츠유】\n응, 괜찮아. \n하지만 코우짱이 부러워.
0x000625d4	3	【아사츠유】\n이렇게 진지하게 코우짱을 도우려고\n 해주는 아이가 있는거야.
0x00062632	2	【노리코】\n그, 그런 일…
0x00062693	3	【아사츠유】\n후후. \n 정말 귀엽다, 노리코 찬.
0x00062709	4	【아사츠유】\n아타시는 콘도 형사의 적을 쥐고\n있어. \n내용은 말할 수 없지만.
0x0006276f	3	【노리코】\n사건에 관해\n뭔가 눈치챈 점은 없나요?
0x000627e6	3	【아사츠유】\n음……\n지금으로서는 특별히 없네……
0x0006285d	2	【노리코】\n조금 부주의한 전문을 하겠습니다.
0x000628d3	3	【아사츠유】\n어머, 뭔가? \n조금 즐겁게......후후.
0x00062921	6	【노리코】\n코우지가 조사에서 들은\n이야기입니다만,\n요시모토 형사는 미즈타니 씨의\n연인인\n모양이네요?
0x000629ad	4	【아사츠유】\n어머, 그 아이가 장미 버렸어! ?\n\n라면 이제, 속일 필요는 없지.
0x00062a31	2	【아사츠유】\n그래, 아타시와 아야는 형제야.
0x00062a76	4	【노리코】\n그렇다면,\n미즈타니 씨의 본명은 요시모토……\n틀림없는 건가요?
0x00062ae5	4	【아사츠유】\n그래. \n별로 큰 목소리로는 말할 수\n없지만.
0x00062b3d	3	【아사츠유】\n내 이름은 요시모토 스미카야.\n호적도 제대로 가지고 있어.
0x00062bb9	2	【노리코】\n……에서는, 본제입니다.
0x00062bfa	3	【노리코】\n『요시모토 유미』쨩…\n미즈타니 씨의 자녀입니까?
0x00062c74	2	【아사츠유】\n… … 거기까지 알고 있어.
0x00062ce0	5	【아사츠유】\n어차피 호적을 조사하면 알 수 있는\n일이니까……\n인정할게.\n요시모토 유미는 내 딸이야.
0x00062d5e	3	【아사츠유】\n아버지는 시라카와 신지. \n즉 피해자의 네.
0x00062e1a	2	【노리코】\n…………
0x00062e79	3	【아사츠유】\n응……? \n무슨 일이야, 노리코 찬.
0x00062ec2	3	【노리코】\n죄송합니다.\n조금 가시해 버려서…
0x00062f16	3	【노리코】\n미즈타니씨에게 아이가 있던 것도\n가시기입니다만…
0x00062f92	3	【아사츠유】\n어머, 그것은 뛰어도 좋지? \n그것만 젊게 보이는 건가요?
0x00062fea	3	【노리코】\n응, 그래, 그렇습니다만…\n시라카와 신지 씨와의 아이였다니…
0x00063072	4	【아사츠유】\n에서도, 아타시와 신지씨가\n교제하고 있던 것은\n코우짱로부터 듣고 있었지요?
0x000630d4	2	【노리코】\n네, 그렇습니다만…
0x0006313b	2	【아사츠유】\n그런데, 유미, 어떻게 알았어?
0x00063186	4	【노리코】\n시라카와 노조미씨가 시라카와\n빌딩에서\n목격한 것 같습니다.
0x000631e9	3	【노리코】\n나 자신도 시라카와 빌딩에서\n보였고…
0x0006325b	3	【아사츠유】\n엣……! \n아직, 그 아이가......?
0x000632bd	2	【아사츠유】\n…………
0x000632f6	2	【노리코】\n미즈타니…
0x00063359	2	【아사츠유】\n아, 아… … 고멘.
0x000633bf	6	【아사츠유】\n전혀, 그 아이도 혼자서\n훌라후라와…\n아직 아이인데,\n혼자서 그런 곳에 가면 치지\n않을거야!
0x00063430	2	【노리코】\n그, 그렇네요…
0x00063494	3	【아사츠유】\n뭐, 어머니가 이런 불량이니까,\n어쩔 수 없는가.
0x000634e3	2	【노리코】\n…………
0x0006351c	3	【노리코】\n어째서 아이가 있는 것,\n코우지에도 침묵했습니까?
0x00063599	3	【아사츠유】\n으, 음…\n그렇게 과장된 이경은 없지만…
0x00063613	4	【아사츠유】\n호라, 어타시는 적이 많으니까,\n아이가 있는 것을 알려지면,\n여러가지 면적이야.
0x0006368d	6	【아사츠유】\n그러니까 ‘적을 속이려면 먼저\n아군부터’라며,\n어떤 위인이 남긴 가르침을 충실히\n지키고\n있었던 거야.
0x000636fb	2	【노리코】\n… … 그래, 였습니까?
0x00063747	6	【아사츠유】\n어쨌든, 이제 더 이상 치지 않는\n것은\n시킬 수 없으니까,\n유미에게는 힘들게 말해 두지\n않으면.
0x000637d1	3	【아사츠유】\n가르쳐 주셔서 감사합니다, 노리코\n찬!
0x00063819	2	【노리코】\n아, 아니요……
0x0006387e	2	【아사츠유】\n유미에게는 힘들다고 말하지 않으면!
0x000638e1	2	【노리코】\n교장 직험은 분, 알고 계십니까?
0x0006394f	3	【아사츠유】\n그래, 알고 있어. \n심장 이식을 해준 선생님.
0x000639a2	2	【노리코】\n어떤 분입니까?
0x00063a03	3	【아사츠유】\n엣, 왜… \n 아야가 뭐 했니?
0x00063a4f	4	【노리코】\n아니, 아니......\n용이 있는 분인 것 같아서,\n어떤 사람일까…
0x00063acd	4	【아사츠유】\n거기까지 알고 있다는 것은,\n지금, 내 심장이 누구의 것인가,\n코우짱, 알고 있는 거야?
0x00063b3b	3	【노리코】\n… … 네. \n대략의 전망은 붙어 있습니다.
0x00063bad	3	【아사츠유】\n그런가. \n 그래, 맞는 것 같아요.
0x00063bf8	4	【노리코】\n… … 나는 미즈타니씨가 \n그 사실을 알고 있는 것이\n의외였습니다.
0x00063c51	3	【노리코】\n그것도 교장 선생님으로부터\n들었습니까?
0x00063cbf	3	【아사츠유】\n그래, 두지 않아.\n하지만, 어쩐지 알았어.
0x00063d37	3	【아사츠유】\n코우짱을 보고 있으면,\n가끔 너무 사랑스러워.
0x00063dad	3	【아사츠유】\n아니, 알아두지만,\n연애 감정이 아니니까.
0x00063e30	6	【아사츠유】\n어머니가 손이 걸리는 아이를 보는\n것\n같은 느낌\n말할까…\n그런 감정으로 가득한거야.
0x00063ea4	2	【노리코】\n…………
0x00063f03	3	【아사츠유】\n그래서, 자신의 심장에 대해서,\n조사한 적이 있었던 것.
0x00063f65	3	【아사츠유】\n교장 선생님이 저에게 말한\n것은...
0x00063fba	8	【아사츠유】\n『당신에게 심장을 쓰러뜨리고 싶다고\n하는\n의지를\n간만하고 있는 사람이 있다. \n그 의지를 안고 깨닫는 각오가\n있는가?\n」……라고.
0x00064057	3	【아사츠유】\n그것은 나에게 있어서\n안타도 없는 어선이었어.
0x000640a4	3	【노리코】\n……그 때에는 이미,\n시라카와 신지 씨는 죽었어요.
0x00064124	5	【아사츠유】\n그래. \n유미는 아야의 접해 경견이기도 하기\n때문에,\n여전히 아타시는 살아나고 싶었다…
0x00064194	4	【아사츠유】\n아타시는 교장 선생님에게 능숙해,\n불법인 것을 인지하고,\n이식 수술을 안았다.
0x00064216	5	【아사츠유】\n그리고 지금까지 심한 거절반응도\n없는\n채,\n살아낼 수 있어…
0x0006427f	2	【노리코】\n… …그 후, 교장 선생님은?
0x000642eb	4	【아사츠유】\n1개월 정도, 수술 후의 경과를 봐\n주어,\n어느 날 푸트리와 없어져 버렸어.
0x00064351	3	【노리코】\n그렇습니까? \n그러면 거의 인상이 없지요?
0x000643ab	5	【아사츠유】\n그렇군요…\n그렇지만, 나에게 목숨을 이식해 준\n사람이고,\n그런 의미에서는 감사하고 있어.
0x00064469	2	【아사츠유】\n교장 선생님의 인상은 거의 없어.
0x000644ba	3	【노리코】\n(코우지의 스승, 미즈타니 아사츠유\n씨)
0x0006450b	4	【노리코】\n(정말 예쁜 사람……\n하지만 수완가이기도 하지.\n동경하게 되네……)
0x0006462d	2	【노리코】\n(무엇부터 물어볼까……?)
0x00064be5	2	【노리코】\n(이제 조사를 끝낼까?)
0x00064c9d	3	【노리코】\n그럼 저는 이만 실례하겠습니다.\n바쁘신데도 감사했습니다.
0x00064d26	4	【아사츠유】\n아니, 괜찮아, 괜찮아.\n노리코 짱이라면 언제든 환영이니까\n편하게 놀러 와!
0x00064d95	3	【노리코】\n네. \n감사합니다......
0x00064de5	4	【노리코】\n아니,\n그렇게 말하면, 병은 이제\n괜찮습니까?
0x00064e65	4	【아사츠유】\n심장을? \n이라면 괜찮아. \n경과도 엄청난 음조이고.
0x00064f07	6	【아사츠유】\n면역억제제를 먹어야 한다는 것과\n반년에 한 번 검사를 받아야 한다는\n것\n외에는\n그야말로 평범한 생활이야.
0x00064f9b	3	【노리코】\n그렇습니까? \n라면 좋았습니다.
0x00064fdf	3	【노리코】\n역시 이식 수술을 안 병원은\n외옥이었습니까?
0x0006505b	5	【아사츠유】\n그래, 일본이야.\n게다가 도내의.\n히가시 카미 오부이 병원을 알고\n있습니까?
0x000650bf	4	【노리코】\n동상대부이이병원인가… ? \n그래, 그래......\n잘 알고......
0x00065146	3	【아사츠유】\n응? \n무슨 일이야?
0x00065182	3	【노리코】\n아니, 아니, 아무것도 아닙니다. \n에서는 슬슬 무례합니다.
0x000651e7	3	【노리코】\n(그래.\n좀 더 이야기를 둡시다)
0x00065244	4	【노리코】\n(아직 두지 않으면 안 되는 일이\n있어.\n돌아갈 수는 없어)
0x0006531e	3	【노리코】\n미즈타니씨로부터 둔 정보는\n이런 느낌이었어.
0x00065571	2	【코우지】\n그리고……
0x000655af	4	【노리코】\n(블라인드는 내린 채로 되어 있어.\n기밀사항이라든가를 갖고\n있으니까일까……?)
0x00065625	4	【노리코】\n(……라고 해도, 단순히 햇빛이\n눈부시다는\n이유일지도 모르겠네.)
0x0006568d	6	【노리코】\n(여기 있는 책상이 미즈타니 씨\n책상인\n모양이네.\n일을 잘하는 사람은 책상도\n깨끗하구나.)
0x000656f7	4	【노리코】\n(……아마 앞쪽 책상이 코우지\n책상이네.\n엉망으로 어질러져 있고……)
0x00065759	3	【노리코】\n(……예전과 변하지 않아서\n조금 안심되는 면도 있지만.)
0x000657e9	2	【코우지】\n…………
0x00065848	6	【코우지】\n신경이 쓰이는 정보는 몇가지\n있었다. \n그러나 제일 신경이 쓰이는 것은,\n아사츠유씨가 심장 이식 수술을 건\n동상대부이이병원…
0x000658ee	3	【노리코】\n나도 한순간, 귀를 의심했어. \n설마, 동상대부이이병원이었다니…
0x00065965	2	【코우지】\n…………
0x000659e4	6	【코우지】\n나의 친밀한 사람 가운데,\n심장 이식 수술에 관계하는 인물이\n2명\n있다. \n그건......?
0x00065b18	3	【코우지】\n(아사츠유씨는 맞고 있다.\n하지만, 또 1명이 다르다)
0x00065b6f	5	【코우지】\n(나 속에서 슬픈 무거운 출구로\n타고\n있는 인물이다.\n그것은......?)
0x00065be2	3	【코우지】\n(후쿠로는 맞고 있다.\n그러나, 또 1명이 다르다)
0x00065c38	5	【코우지】\n(…\n조금 치유감을 망치지 않으면\n안되네,\n나도…
0x00065ca5	3	【코우지】\n(심장 이식 수술을 맡은 또\n하나는……?)
0x00065d16	2	【코우지】\n(두 사람 모두 잘못되어 있다!)
0x00065d79	5	【코우지】\n(한사람은 이야기의 견해로 알겠지?\n조금 치유감을 망치지 않으면 안\n되는데,\n나도…
0x00065de1	6	【코우지】\n(다른 1명은,\n내 속에서 슬픈 무거운 출로로서\n타고\n있는 인물이다.\n그것은……?)
0x00065e61	3	【코우지】\n(그래……\n아사츠유씨…
0x00065ebf	4	【코우지】\n토조 다이긴죠 병원은 우리 엄마가\n간호사로\n일하던 병원이야.
0x00065f57	4	【코우지】\n그러나 그 날,\n오후쿠로는 현격하게 생기는 사건으로\n죽었다…
0x00065fb0	6	【코우지】\n그리고 엄마의 심장은 누군가에게\n이식됐지만,\n가족인 나는 누구에게 이식됐는지\n듣지\n못했어.
0x0006602e	3	【코우지】\n저것이 지금부터 5년 전......\n2004년의 이야기다.
0x000660bf	3	【코우지】\n…\n몹시 모른다.
0x00066130	5	【코우지】\n본인으로부터 둔 이야기라면,\n2000년경에 심장병을 앓고,\n수년 후에 수술을 안 했다고\n말했다.
0x000661ee	2	【노리코】\n이라면, 때로는 벗어나지 않아.
0x0006625b	6	【코우지】\n 아, 맞아. \n동상대부이이병원에서 얼마나\n심장이식의\n수술령이\n 있는지는 모른다.
0x000662d5	4	【코우지】\n이지만, 때때로\n이 2명의 사이에서 수술이 행해진\n 가능성은 높다…
0x00066345	4	【코우지】\n아사츠유씨는 어묵의 심장을\n이식되었는지,\n의심할 필요가 있다.
0x000663de	3	【노리코】\n이봐, 이봐, 코우지?\n의심해…
0x0006645e	3	【코우지】\n맞아…\n냉혹하지 않으면 안돼…
0x000664d3	3	【노리코】\n…… 이야기해, 코우지.\n뭔가 알고 있니?
0x00066534	3	【코우지】\n아사츠유씨를 의심하고 싶지 않아……\n이라도…
0x00066621	3	【코우지】\n(상담이겠지……?\n인간이 이렇게 솔직한가...? )
0x00066686	4	【코우지】\n(예뻐도 하고 있지 않을까…\n자고있을 뿐일까?\n엄마… )
0x000666ed	3	【간호자 A】\n엣……! \n그것은 사실입니까......! ?
0x00066740	3	【간호자 B】\n 쉬! \n더 목소리를 낮추고.
0x000667a5	4	【간호자 A】\n도......믿을 수\n없어......\n
0x000667e7	5	【간호자 B】\n나, 봤어…\n가쓰요 씨가 외래 사람과 현격한\n현장에서\n싸우고 있는 거야…
0x0006685b	2	【코우지】\n(엣……!?)
0x0006689a	5	【교원】\n뭐 하러 몰래 이야기하고 있지?\n이런 곳에서 한가하게 기름이나 팔\n때가\n아니야.
0x00066919	2	【간호자 B】\n아, 선생님!
0x00066958	3	【간호자 A】\n 죄송합니다......\n 일로 돌아갑니다......
0x00066a5e	4	【노리코】\n……그렇다는 건……\n코우지의 어머니가\n누군가에게 살해당했다는 것……!?
0x00066aea	3	【코우지】\n아니, 내가 놓는 실수일지도\n모른다.
0x00066b62	6	【코우지】\n하지만, 그 언선은 선명하게\n기억하고\n있다. \n듣기 실수가 아니면,\n확정적인 이야기라고 생각한다.
0x00066c04	3	【노리코】\n그, 그런 일......\n그 미즈타니씨가......
0x00066c75	4	【코우지】\n나도 의심하고 싶지 않아! \n 그래서 알아요! \n아사츠유 씨가 무고하다는 것을!
0x00066cfa	2	【노리코】\n코우지……
0x00066d59	6	【코우지】\n……미안, 너무 흥분했네.\n어쨌든 토조 다이긴죠 병원\n간호사에게\n탐문하러 가는 것도\n조사의 하나로 삼자.
0x00066e06	2	【노리코】\n……알겠어.
0x00066ebf	4	【코우지】\n그리고 또 하나 신경이 쓰이는 일이\n있다. \n그것은 누마사키 변호사의 적이다.
0x00066f40	4	【코우지】\n누마사키 변호사의 적에 대해서는\n이제 대답이 나온다. \n그건......?
0x0006705e	2	【코우지】\n(아니야, 이게 아니야!)
0x000670be	6	【코우지】\n(누마사키 변호사는 피해자에게\n뒷받침하고\n싶은 것이\n 있었을 것이다.\n그 사실이란……?)
0x000671b9	4	【코우지】\n야스요와의 불륜.\n그 사실이 피해자에게 알려진 게\n교수 변호사의 약점이 된 거겠지.
0x00067247	5	【코우지】\n교수 변호사는 계속 고문 변호사\n자리를\n노리고 있었지만, 결국 맡을 수밖에\n없게 된 거야.
0x0006730c	6	【노리코】\n또 궁금한게 있습니다. \n피해자는 왜 자신과 불륜 관계에\n있던\n사람을\n이렇게 명문 자리에 올렸나요?
0x0006739f	4	【노리코】\n보통 불륜 사실 때문에\n소장님을 믿을 수 없게 되는 거\n아닌가?
0x00067448	3	【코우지】\n그렇군요... \n다른 용이 있는 것 같습니다.
0x000674a8	2	【노리코】\n……소장님에게 직접 물어볼까?
0x000674fd	4	【코우지】\n그럴 수 있겠어?\n야스요가 자살했다는 사실도\n함구하도록 강요당했을 정도잖아?
0x0006757b	7	【노리코】\n응……\n하지만 여기까지 왔으니 이제 물러설\n수\n없어.\n본인에게 직접 묻지 않으면 알 수\n없는걸.
0x0006760a	3	【코우지】\n알았다. 부탁한다. \n하지만 조심해.
0x0006766e	3	【코우지】\n교수 변호사가 진범일 가능성도\n부정할 수 없어.
0x000676ed	3	【노리코】\n……응.\n신중하게 물어보고 올게.
0x00067819	4	【코우지】\n그리고 또 하나 신경이 쓰이는\n것이,\n아사츠유씨와 콘도의 관계다.
0x000678c2	4	【코우지】\n과연……\n아사츠유씨와 콘도의 관계는 황미\n깊다.
0x00067970	3	【코우지】\n특히 아사츠유씨가 잡고 있는 콘도의\n적은…
0x00067a85	2	【코우지】\n(아니야, 그게 아니야!)
0x00067ae5	8	【코우지】\n(아사츠유가 말한 콘도의 적은\n그것이\n대중에게 알려지면 큰 문제가 될\n것이라는\n것입니다.\n그것을 보여주는 정보가 있었을\n것입니다...)
0x00067bf6	4	【코우지】\n그래, 아마는\n피해자와의 더러운 관계를\n말하고 있을 것이다.
0x00067c63	7	【코우지】\n내용까지는 알 수 없지만,\n아무리 아슬아슬하게 불법인 수사를\n해도\n체포를 주저하게 만들 정도의 효력은\n있는\n모양이야.
0x00067d32	2	【노리코】\n그건, 상당히 큰 힘이지.
0x00067db7	4	【코우지】\n아......\n혹시,\n권위 구루미일지도.
0x00067e2a	4	【노리코】\n조직적으로……?\n설마, 그 사실을 은폐하기 위해\n피해자를 죽였다……!? 
0x00067ec9	5	【코우지】\n그럴 수도 있겠지.\n그렇게 생각하면 경찰이 내게 살인의\n누명을 억지로 씌우려 한다는 설명이\n돼.
0x00067f6d	6	【코우지】\n그렇게 생각하면, 저들도 콘도의\n적미에\n대해\n안능에 조사하는 것은 치하일지도\n모른다.
0x00067ff8	3	【노리코】\n...설마, 치명적이니까,\n조사를 하지 않는다니 말하지 않지?
0x00068077	2	【노리코】\n나는 할거야.
0x000680db	3	【코우지】\n아니……\n이건은 나 자신으로 독을 붙인다.
0x0006814e	4	【노리코】\n코우지 자신이! ? \n이동할 수 없는 상황에서\n어떻게......?
0x000681d1	3	【코우지】\n타이밍을 봐서,\n미우라에게 말을 걸어 보려고 해.
0x00068236	3	【노리코】\n상대방도 같은 형사인데...? \n당신은 너무 유치해요!
0x00068292	4	【코우지】\n아니......\n그 사람은 어때요?\n콘도와 썰매가 맞지 않는 것 같다.
0x000682f3	7	【코우지】\n게다가 미우라는 권위에 영합하는\n인간도\n아니야.\n경찰이 부정을 저지르는 듯한 일이\n있으면,\n무언가 반응을 보여 줄 거야.
0x000683a3	2	【노리코】\n에서도…
0x00068400	3	【코우지】\n뭐, 잘해.\n오히려 두근두근하고 있을 정도야.
0x00068475	3	【노리코】\n알겠습니다...\n코우지에게 맡길게요...
0x000684ca	4	【노리코】\n하지만, 무차만은 하지\n말고......\n 조심스럽게......
0x00068546	3	【코우지】\n알고 있어. \n 걱정 마세요.
0x0006859d	3	【코우지】\n콘도의 적은,\n본인이 자백한 것 그대로일 것이다.
0x000685fd	4	【코우지】\n피해자의 트러블을 간과하는 대신,\n리베이트를 콘도와 그 상사에게 치고\n있었던 것…
0x00068694	4	【코우지】\n하지만, 지금이 되어서는,\n별로 의미가 없는 단서가\n되어버렸구나…
0x00068771	2	【코우지】\n그것과, 유미쨩의 건이지만…
0x00068807	3	【코우지】\n역시, 요시모토 유미는\n아사츠유씨의 딸이었는가.
0x00068869	4	【코우지】\n게다가, 시라카와 신지와의\n아이였다니…\n아사츠유씨도 비웃고 있구나…
0x000688f1	4	【코우지】\n에서도, 물이 좋다, 아사츠유씨도.\n\n말해주면 되는데.
0x0006896d	5	【노리코】\n에서도, 지금 생각하면,\n어쩐지 무거운 치는 후시는 있는\n것이\n아냐?
0x000689eb	3	【코우지】\n에? \n아니, 전혀......
0x00068a52	3	【노리코】\n...코우지란 무엇입니까?\n날카로운지 둔한지, 가끔 모르겠네…
0x00068adc	5	【코우지】\n네, 아니............\n원래 아사츠유씨의 행동에 의문을\n터뜨리거나 하지 않고,\n몰라서!
0x00068b6d	2	【노리코】\n그렇게 한다.
0x00068be8	7	【코우지】\n그리고 아사츠유 씨의 본명을 알게\n된\n이상,\n다시 토조 다이긴죠 병원에 가\n줬으면\n해.
0x00068c77	3	【코우지】\n아사츠유씨의 현재의 병상……\n그리고 후쿠로와 아사츠유씨 관계를…
0x00068ce2	2	【노리코】\n……알겠어.
0x00068d51	3	【코우지】\n역시 오후쿠로의 심장은\n아사츠유씨에게…
0x00068dc2	2	【노리코】\n… … 쇼크였어?
0x00068e26	5	【코우지】\n아니, 오히려 기쁘다. \n전혀 모르는 사람에게\n이식되기보다는,\n가까이 있는 사람 쪽이, 네.
0x00068eb7	8	【코우지】\n사고방식에 따라서는, 한 번은\n찢었다고\n생각했던 후쿠로가,\n아직 내 근처에서 심장만으로도 살고\n있는\n것이다. \n 그건 기쁘다.
0x00068f56	2	【노리코】\n그래…
0x00068fb3	3	【코우지】\n그런데 교장 선생님은\n그렇게 특기가 없는 사람인가……?
0x00069018	4	【코우지】\n자신의 생명을 도와준 사람이야? \n그렇게 넉넉하게 인상이 흐려지는\n것인가…
0x000690a1	2	【노리코】\n확실히 그렇지만…
0x000690ec	3	【노리코】\n어떻게 할까? \n다시 듣는 게 좋을까?
0x0006915d	5	【코우지】\n아니, 아사츠유씨가 스스로 말하는\n신경이\n쓰이지 않는 급료,\n은 얼마 되지 않을 뿐이다.
0x000691c8	2	【코우지】\n지금은 우선 좋다.
0x0006922c	2	【노리코】\n알겠어.
0x00069294	1	[시라카와 신지의 일]
0x000692a8	1	[사이토 가쓰시로의 일]
0x000692bc	1	[두 사람의 관계]
0x000692ce	1	[뭔가 깨달은 것]]
0x000694d2	3	【노리코】\n(……경비원 아저씨가 말해 줬지.\n교무실은 여기네.)
0x00069541	2	【도요시마교자】\n변호사씨입니까?
0x00069583	5	【노리코】\n아, 그렇군요. \n반갑습니다. 제 이름은\nShinjo이고\n변호사입니다.
0x000695da	2	【도요시마교자】\n도요시마라고 합니다.
0x0006961b	5	【도요시마】\n죄송합니다. 지금 학생의 부모님이\n와 계셔서,\n응접실이 붐비고 있어\n서서 말씀드리게 됐습니다만……
0x00069694	2	【노리코】\n나 괜찮아.
0x000696db	3	【노리코】\n그럼 적어도 이 의자에 앉아\n주세요.
0x0006972b	3	【노리코】\n아니, 죄송합니다. \n에서 무례합니다.
0x00069773	3	【도요시마】\n그래서,\n어떤 이야기를 하면 좋을까요?
0x00069888	2	【노리코】\n(선생님들의 책상이네)
0x000698c7	4	【노리코】\n(정리된 책상부터\n조금 어질러진 책상까지,\n정말 다양하네.)
0x00069929	4	【노리코】\n(하지만 역시 학생들의 눈이\n있어서인지,\n극단적으로 어질러진 책상은 없네.)
0x000699e4	2	【노리코】\n(무엇부터 물어볼까……?)
0x00069aca	2	【노리코】\n(이제 조사를 끝낼까?)
0x00069b87	3	【노리코】\n그럼 저는 이만 실례하겠습니다.\n바쁘신데도 감사했습니다.
0x00069bea	5	【도요시마】\n안타깝네요, 변호사님.\n사이토의 아이의 혐의를 뛰어 넘는\n것을\n맹렬하다.
0x00069c5d	3	【노리코】\n감사합니다. \n 열심히!
0x00069cb6	2	【노리코】\n(조금 더 이야기를 들어 보자)
0x00069d0e	3	【노리코】\n(아직 물어봐야 할 게 남아 있어.\n아직 돌아갈 수는 없겠네)
0x00069dea	5	【노리코】\n다시 한 분 더 여쭤보고 싶은 분이\n있습니다.\n자, 이 학교에 시라카와 신지라는\n학생이 다녔다고 들었습니다만……
0x00069e63	4	【도요시마】\n 아, 시라카와? \n시라카와도 사이토와 같고,\n방송부의 부장을 하고 있었습니다.
0x00069ec7	2	【노리코】\n시라카와씨도 부장이었지요.
0x00069f0c	5	【도요시마】\n시라카와는 사이토의 2대 이후의\n부장이었습니다.\n시라카와가 1 학년 때의 부장\n사이토였어요.
0x00069f7f	3	【노리코】\n자, 이 학교에 시라카와 신지라는\n학생이 다녔다고 들었습니다만……
0x00069fe0	3	【도요시마】\n 아, 시라카와? \n 기억해요.
0x0006a029	4	【도요시마】\n나, 방송부의 고문을 하고\n있습니다만,\n시라카와는 방송부의 부장이었습니다.
0x0006a090	2	【노리코】\n헤에, 방송부였어요?
0x0006a0d4	6	【도요시마】\n시라카와는 성실하고 놀고 있는\n사람이었습니다. \n부장은 하고 있었지만,\n별로 사람 위에 서는 타입이\n아니었군요.
0x0006a149	7	【도요시마】\n 어느 쪽인가라고 하면, 사람에게\n지시하는 것이 비수한 타입으로,\n스스로 여러가지 일을 기쁘게 해\n버려,\n자멸할 것 같게 되는 것도\n자주였습니다.
0x0006a1d6	6	【도요시마】\n하지만 그런 인품 때문에,\n주위의 인간이 시라카와를 높이려고\n하고\n있었다…\n인망은 사람 한배 있었습니다.
0x0006a253	4	【도요시마】\n시라카와는 사람 위에 서는 타입이\n아니었지만,\n인망은 사람의 배가 있었습니다.
0x0006a328	5	【노리코】\n다음으로 한 분 더 여쭤보고 싶은\n분이 있습니다.\n자, 이 학교에 사이토 가쓰요라는\n학생이 다녔다고 생각합니다만……
0x0006a3a1	4	【도요시마】\n아, 사이토입니까? \n 사이토도 시라카와와 같고, \n방송부의 부장을 하고 있었습니다.
0x0006a405	2	【노리코】\n 사이토씨도 부장이었지요.
0x0006a44a	5	【도요시마】\n사이토는 시라카와의 2대전의\n부장이었습니다.\n시라카와가 1 학년 때의 부장\n사이토였어요.
0x0006a4bd	3	【노리코】\n잠깐, 이 학교에 사이토 가쓰요라는\n학생이 다녔다고 생각합니다만……
0x0006a51e	3	【도요시마】\n아, 사이토입니까? \n 기억해요.
0x0006a567	4	【도요시마】\n나, 방송부의 고문을 하고\n있습니다만,\n사이토는 방송부의 부장이었습니다.
0x0006a5ce	2	【노리코】\n헤에, 방송부였어요?
0x0006a612	5	【도요시마】\n사이토는 활발하고 시원시원한\n여자아이였습니다.\n남자아이 못지않은 행동력으로,\n부를 거침없이 이끌었지요.
0x0006a68a	2	【노리코】\n헤에, 코우지의 엄마가…
0x0006a6ce	3	【도요시마】\n오야, 변호사씨는 사이토를 알고\n계십니까?
0x0006a71a	2	【노리코】\n아, 그래요...
0x0006a754	4	【노리코】\n실은 나, 사이토 가쓰요씨의 장녀,\n사이토 코우지씨의 변호를 담당하고\n있습니다.
0x0006a7b9	3	【도요시마】\n 사이토의 장녀의 변호? \n무슨 일이죠?
0x0006a808	4	【노리코】\n……사이토 코우지 씨는,\n살인 사건의 피의자로서 체포되고\n말았습니다.
0x0006a879	5	【노리코】\n에서도, 아야는 무고합니다! \n그러니까 아야의 무고를 증명하기\n위해서,\n조사를 하고 있습니다.
0x0006a8e1	3	【도요시마】\n그런 사정이었습니까……\n알았습니다.
0x0006a92b	4	【도요시마】\n내가 아는 모든 것을 말하자.\n제가 사이토의 치코 씨\n무고함을 증명해주세요.
0x0006a999	2	【노리코】\n감사합니다!
0x0006a9db	3	【도요시마】\n사이토는 활발하고 깔끔한\n소녀였습니다.
0x0006aa90	3	【노리코】\n사이토 씨와 시라카와 씨는\n선후배 관계였죠?
0x0006aaf8	7	【도요시마】\n그래, 그렇네요. \n사이토가 3년, 시라카와가 1학년\n때,\n같은 방송부에 소속하고 있던\n선배·후배가\n됩니다.
0x0006ab82	3	【노리코】\n두 사람에게는 유타카가 더\n좋았나요?
0x0006abc8	5	【도요시마】\n풍요로웠다…… 보다는,\n시라카와는 사이토에 동경을 기쁘게\n하고\n있었던 것 같아요.
0x0006ac35	2	【노리코】\n 동경, 입니까?
0x0006ac76	4	【도요시마】\n동경......아니, 연애\n감정이라고\n하는 편이 좋을까.
0x0006acf9	5	【도요시마】\n단에서 보고 있어도, 시라카와의\n민첩성은\n곧 그것이라고\n알고 있는 것이었어요.
0x0006ad57	5	【도요시마】\n방송부의 연중은\n모두 깨닫고 있었던 것이 아닐까요.\n\n모르는 것은 본인뿐인데.
0x0006adc1	4	【노리코】\n뭐...? \n아마도 사이토 씨는\n알지 못했을까요?
0x0006ae18	7	【도요시마】\n그래, 알아차리지 않았다고\n무거워요. \n어쨌든 깔끔한 성각이었기 때문에,\n대략 연애마다와는 인연이 없는 것\n같은\n느낌으로.
0x0006ae9e	3	【노리코】\n(……코우지가 둔감한 것은\n유전이었지)
0x0006af12	6	【도요시마】\n에서도, 결과적으로 그 동경은,\n시라카와에 플러스가 된 것 같기\n때문에,\n저는 보지 않는 척을 하고\n있었습니다만.
0x0006af89	2	【노리코】\n플러스라고 하면?
0x0006afc6	5	【도요시마】\n입부 당초는 당겨 사안이었던\n시라카와가,\n3년이 되면 부장이 될 정도로\n성장했다.
0x0006b037	3	【도요시마】\n저것은 확실히 사이토의 영향을 준\n증거예요.
0x0006b09b	3	【도요시마】\n입니다만, 2명 모두,\n이미 저쪽에 가려져 버렸다든가…
0x0006b0f2	2	【노리코】\n......알고 계셨네요.
0x0006b134	5	【도요시마】\n네. \n두 사람 모두 잘 생긴 아이였기\n때문에,\n정말 승기입니다.
0x0006b18d	3	【도요시마】\n더 엄격히 지도해야 했습니다. \n 나보다 먼저 가려워하지 마라.
0x0006b1e8	2	【노리코】\n…………
0x0006b226	4	【도요시마】\n시라카와는 사이토를 동경하고 있던\n것\n같습니다.
0x0006b2e0	1	테이블 위
0x0006b2e8	1	테이블 위
0x0006b2f4	1	복도로
0x0006b2fa	1	복도로
0x0006b304	1	복도로
0x0006b30a	1	복도로
0x0006b963	3	【노리코】\n(여기가 사건 현장이 되었다\n라이트 블루네)
0x0006b9ef	3	【종업원】\n환영 합니다.\n한 사람입니까?
0x0006ba39	4	【노리코】\n아, 죄송합니다…\n저는 변호사 신조 노리코라고합니다.\n주석자 분, 계십니까?
0x0006bacf	3	【종업원】\n변호사씨… \n 조금 기다려.
0x0006bb3b	2	【노리코】\n…………
0x0006bb74	5	【노리코】\n(이제 보통으로 영업하고 있는\n거네.\n이라도, 마음 밖에 별로 손님이\n없는 것 같은 생각이…
0x0006bc41	4	【스기타】\n기다리게 했습니다. \n이 가게의 마스터를 하고 있는\n스기타라고 합니다.
0x0006bca6	6	【노리코】\n반갑습니다. \n제 이름은 신조 노리코이고 위\n사건의\n상업 변호사였습니다.\n제 이름은 신조 노리코입니다.
0x0006bd1a	5	【마스터】\n지난 사건의 담당이라고 하시면,\n피의자가 된 사이토 코우지 씨의\n담당 변호사이신가요?
0x0006bd94	3	【노리코】\n예, 맞습니다. \n아야를 아시나요?
0x0006bded	6	【마스터】\n아니, 사이토씨는 직접의 아는 것은\n아닙니다만,\n미즈타니 아사츠유님은 잘 가르쳐\n가기\n때문에…
0x0006be5e	2	【노리코】\n미즈타니씨는 여기의 단골이었지요.
0x0006beb3	5	【마스터】\n그래. \n그 동반자가 용의자가 되고 있다고\n들었고,\n매우 가시었습니다.
0x0006bf22	4	【노리코】\n아야는 무죄를 수첩하고 있습니다. \n 그러나 경찰은 아야의 잔행이라고\n생각하는 것 같습니다.
0x0006bf84	3	【노리코】\n단서를 얻기 위해\n이 가르침을 조사하고 싶습니다...
0x0006bfe4	4	【노리코】\n물론, 범의 손님의 방해가 되지\n않도록,\n최대급의 배려를 하므로.
0x0006c062	2	【마스터】\n그래, 그것은 결막이에요.
0x0006c0c9	5	【마스터】\n단지 VIP룸내만은, 경찰의 지도로\n사건 당시의 상민을 보존하는\n관계상,\n중에는 넣지 않습니다만…
0x0006c143	4	【노리코】\n과연, 그렇습니까…\n가능하면 거기가 가장 보고\n싶었는데…
0x0006c1c5	4	【마스터】\n에서는, 안에는 넣지 않습니다만,\n중의 모습을 찍은 사진이 있으므로,\n그쪽을 나중에 보여드리겠습니다.
0x0006c235	2	【노리코】\n엣, 그런 사진이 있나요! ?
0x0006c289	4	【마스터】\n그래, 몰래 촬영한 사진이…\n별로 큰 목소리로는 말할 수\n없지만요.
0x0006c2fc	3	【마스터】\n이므로,\n보는 것은 불가능합니다만…
0x0006c34c	3	【노리코】\n아니, 매우 살아납니다! \n감사합니다!
0x0006c3a6	6	【마스터】\n미즈타니님의 동반자가 사건을\n접어들었다고는\n생각할 수 없고, 조금이라도 걸어\n서면\n이쪽도 다행입니다.
0x0006c422	3	【마스터】\n그러면 준비해 두므로,\n귀가가 될 때에 보여드리겠습니다.
0x0006c488	4	【마스터】\n또 직원에게도 변호사씨의 조사에\n자력하도록(듯이) 말을 걸어 두기\n때문에.
0x0006c4e8	3	【노리코】\n정말 늦어집니다. \n자력에 감사드립니다.
0x0006c541	2	【노리코】\n아니, 마지막으로 하나 좋습니까?
0x0006c592	3	【마스터】\n물론. \n 제발.
0x0006c5cf	5	【노리코】\n피의자 사이토 씨가 피해자와\n말다툼하고\n있었다는\n목격 증언이 있다고 합니다.
0x0006c64d	2	【노리코】\n마스터는 무엇인가 알고 계십니까?
0x0006c6b5	3	【마스터】\n자, 나는 간본적으로\n언제나 카운터내에 있기 때문에…
0x0006c730	4	【마스터】\n내가 알고 있는 것은 사이토씨가\n카운터에서\n뭉치고 있는 사이뿐입니다.
0x0006c791	4	【노리코】\n감사합니다. \n그러면 조금 조사하겠습니다 때문에\n잘 부탁드립니다.
0x0006c80c	3	【노리코】\n(으으……\n은 좋은 사람일까…
0x0006c859	3	【노리코】\n(하지만, 미즈타니씨는 마스터에게\n상당히 신뢰받고 있는 것 같네)
0x0006c8b7	4	【노리코】\n(신뢰를 용절하지 않게,\n급한 시간을 낭비하지 않게 해야\n한다)
0x0006c91c	2	【노리코】\n(그럼, 우선은 어떻게 할까…
0x0006ca05	3	【노리코】\n(여기가 사건 현장이 된\n라이트 블루구나)
0x0006ca78	3	【직원】\n어서 오세요……\n아, 변호사님, 수고 많으십니다.
0x0006cafb	2	【종업원】\n오늘도 이야기가 있나요?
0x0006cb3e	3	【노리코】\n아, 오늘은 마스터로부터 조금\n 이야기를 듣고 싶은 뿐이므로…
0x0006cba8	3	【종업원】\n아아, 그래? \n에서는 카운터쪽으로 부디.
0x0006cbf7	2	【노리코】\n네, 고마워요.
0x0006cc49	4	【노리코】\n오, 그냥 좋았어요.\n몇 가지 이야기를 넣고 싶습니다만,\n좋은가요?
0x0006ccd1	3	【직원】\n저기, 그럼\n사무소에서 듣겠습니다.
0x0006cd1f	2	【노리코】\n아, 네, 알겠습니다.
0x0006cd8d	2	【종업원】\n에서는 먼저 가고 있어요.
0x0006cdf4	2	【노리코】\n(……그럼, 어떻게 할까?)
0x0006cf3a	4	【노리코】\n(여기가 코우지와 미즈타니 씨가\n떠났던\n장소네)
0x0006cf88	2	【노리코】\n(많은 술이 놓여 있네)
0x0006cfcc	3	【노리코】\n(그래도 코우지,\n꽉 비수였을 텐데……)
0x0006d01d	3	【노리코】\n(미즈타니씨에게 북쪽으로 잡혀\n회하게 되었나?)
0x0006d079	4	【노리코】\n(코우지와 미즈타니 씨가 술을\n마시던\n곳이네.)
0x0006d0c4	2	【노리코】\n(많은 술이 놓여 있네)
0x0006d141	2	【노리코】\n(안쪽에는 테이블이 놓여 있네.)
0x0006d188	3	【노리코】\n(그룹으로 붐비는 손님은\n저쪽으로 떠들썩하게 되는 거네)
0x0006d1d8	4	【노리코】\n(안쪽에는 통언이 있어.\n그 갑자기에는 화장실이 있는 것\n같다)
0x0006d230	3	【노리코】\n(테이블 위네.\n안쪽에는 통로가 있어.)
0x0006d374	4	【노리코】\n(그렇네.\n코우지가 엄청 찢어진 이야기를 두지\n않으면......)
0x0006d3cd	3	【노리코】\n조금만 이야기를 넣고 싶습니다만\n좋아요…
0x0006d47d	2	【마스터】\n그래, 제발.
0x0006d4b7	8	【노리코】\n 음......피의자인 사이토 씨는\n사건\n당시\n당신 엉망이었다고 수첩하고\n있습니다만,\n경찰은 이것을 인정해 주지\n않습니다.
0x0006d53d	2	【노리코】\n거기서 마스터에 묻고 싶습니다.
0x0006d588	6	【노리코】\n확실히 간본적으로 카운터 안에\n있다는\n것이었기 때문에\n사이토씨가 뭉쳐있었던 것을\n목격하고 있는 것이 아닐까…
0x0006d615	3	【마스터】\n그래, 잘 기억하고 있어요. \n 아야는 감전에 술에 취해 있었다.
0x0006d671	3	【노리코】\n그것을 증명하는,\n객관적인 증거가 있으면 됩니다만…
0x0006d6db	2	【마스터】\n내 증언만으로는 안 되나요?
0x0006d71f	4	【노리코】\n아마 취해 쓰러져 있던 척이었을\n거라며\n반론을 받을 것 같습니다.
0x0006d7a0	3	【마스터】\n과연……\n후리, 입니까.
0x0006d809	3	【마스터】\n입니다만,\n저것은 흠뻑 빠지지 않았지만요.
0x0006d867	5	【마스터】\n나도 이 장사를 단단히 길기\n때문에,\n취한 척인지는,\n본 것만으로 알 수 있습니다.
0x0006d8d1	4	【노리코】\n그것은 든든한 말선입니다. \n 하지만 역시 객관적인 증거는\n없나요......
0x0006d945	5	【마스터】\n객관적이 될 수 있을지는\n모르겠습니다만,\n정말 필요하다면 실험해 보는 건\n어떨까요?
0x0006d9b9	4	【마스터】\n방금도 말씀드렸던 대로,\n저는 엄청난 척인지,\n본 것만으로 알 수 있습니다.
0x0006da2b	4	【마스터】\n나이면 100명에 대해,\n 응한 척인지 아닌지를\n내가 간파하는 실험등 어떨까요?
0x0006daad	5	【마스터】\n 이것에 전부 험해하면,\n내의 증언도 조금은 리얼리티가\n나오지\n않습니까?
0x0006db16	4	【마스터】\n저는 어떤 반론에도 전부 대응할\n자신이\n있습니다.
0x0006db67	3	【노리코】\n엣… …\n그런 일, 일부러 좋습니까?
0x0006dbbf	4	【마스터】\n그래.\n미즈타니 님에게는 항상 신세를지고\n있습니다.
0x0006dc1b	3	【마스터】\n그녀에게 도움이 된다면,\n얼마든지 해드리죠.
0x0006dc6d	4	【노리코】\n아, 고마워요! \n 이것은 유력한 증언이 되면\n무거워요!
0x0006dcc5	2	【노리코】\n아니, 시원한 곳 죄송했습니다.
0x0006dd1f	4	【마스터】\n괜찮습니까?\n방금 이야기가 현실이되면,\n언제든지 예비하십시오.
0x0006dd83	2	【노리코】\n은, 네!
0x0006ddc8	2	【마스터】\n에서는 일로 돌아갑니다.
0x0006de2b	2	【노리코】\n…………
0x0006de9d	2	【노리코】\n(정말 좋은 사람이야!)
0x0006df0a	3	【노리코】\n(마스터는 칭찬할 것 같네…\n일도 없는데 말을 걸어 버리자)
0x0006dfaa	2	【노리코】\n(이제 조사를 끝낼까?)
0x0006e05a	2	【노리코】\n오늘은 이 정도로 해 두죠.
0x0006e0ac	3	【노리코】\n(그래, 마스터에게 사진을 보여주지\n않으면)
0x0006e0fa	3	【노리코】\n마스터,\n슬슬 무례하게 무겁습니다.
0x0006e16b	4	【마스터】\n그래?\n긴자 거리, VIP 룸의 사진\n보여 드리겠습니다.
0x0006e204	2	【노리코】\n(…
0x0006e251	3	【노리코】\n......감사합니다. \n이제 괜찮아요.
0x0006e2e7	3	【마스터】\n경찰의 지도에 의해,\n보지 못하는 것이 심한 것입니다만…
0x0006e344	6	【노리코】\n아니, 괜찮습니다. \n이 건에 대해서는 구외하지 않기\n때문에.\n\n 정말 고마워요.
0x0006e3e4	2	【노리코】\n(조금 더 여기 있자)
0x0006e431	2	【노리코】\n(아직 조사해야 할 게 있어)
0x0006e4f4	3	【노리코】\n라이트 블루 조사는\n이런 내용이었어.
0x0006e577	3	【코우지】\n과연……\n대략의 이야기는 알았다.
0x0006e5cc	5	【노리코】\n돌아갈 때, 현장이 된 VIP룸내의\n사진을\n보여 주었지만,\n간격해서 돌아갈 수 없었던 것.
0x0006e65e	4	【코우지】\n아, 그렇다면\n이 후 현장 검증에 갈 예정이다. \n실제로 모습을 봐요.
0x0006e6e7	5	【코우지】\n그렇다면 이 전\n현장 검증에 갔을 때에\n보고 맘에 들었으니까 대체로\n알겠어.
0x0006e76a	5	【코우지】\n……그건 그렇다 쳐도,\n결국 난 말다툼이라고 할 정도로\n싸운 건\n아니었단 거지.
0x0006e7db	6	【코우지】\n…… 가장\n"모양이 부딪 혔기 때문에\n사과"적인\n것은\n말한 것 같지만…
0x0006e867	4	【노리코】\n에서도 실제로 목격한 사람의\n이야기라면,\n구론은 별로 아니라고 하는 것이고…
0x0006e90d	5	【코우지】\n훔…\n콘도 형사와의 미묘한 표현의\n어긋남이\n궁금해요...
0x0006e986	5	【코우지】\n콘도의 이야기와 미묘하게 표현이\n어긋나\n있는 것이\n신경이 쓰이지만…
0x0006ea09	3	【코우지】\n아이츠의 이야기는 맞지 않는다. \n그것은 잘 알고 있다......
0x0006ea80	3	【코우지】\n그것과 하나,\n별로 신경이 쓰인 적이 있었다.
0x0006eada	3	【코우지】\n카운터의 사진을\n다시 보여주지 않겠습니까?
0x0006eb4e	2	【노리코】\n 음......이거야.
0x0006ec11	3	【코우지】\n이거지만......\n발잔 카메라가 아닌가?
0x0006ecb5	2	【코우지】\n이거, 발잔 카메라가 아닌가?
0x0006ecfc	3	【노리코】\n정말이다…\n실망했어.
0x0006edd4	3	【코우지】\n다음에 살해 현장에 갔을 때라도\n들어 봐 주지 않겠어?
0x0006ee51	5	【코우지】\n 만약 이것이 정말로 발잔\n카메라라면,\n적어도 뭉툭한\n나가 나오고 있을 것이다.
0x0006eec4	4	【코우지】\n어쩌면,\n범에도 뭔가 중양인 것이\n발하고 있을지도 모른다…
0x0006ef43	3	【노리코】\n알았어. \n이번에 갔을 때 조사해 온다.
0x0006efee	4	【노리코】\n… … 그리고, 받은 것이 이\n발휘야. \n 조금 봐?
0x0006f0c9	2	【코우지】\n이것은......나?
0x0006f106	4	【노리코】\n그런 것 같아요. \n미스터. 미즈타니는 아직\n안갔어...
0x0006f153	5	【코우지】\n확실히 나의 왼쪽 옆에 앉아\n있었다고\n무겁기 때문에,\n단지 끊어져 있구나.
0x0006f1b5	5	【노리코】\n그런 것 같아요. \n화장실에 가는 건 아닐까\n생각했습니다.\n걱정이 되었어요...
0x0006f22d	2	【노리코】\n......슬슬.
0x0006f269	2	【코우지】\n...이제 시간이 됐나요?
0x0006f30d	2	【코우지】\n뭐, 하고 있어…
0x0006f3b8	2	【코우지】\n…………
0x0006f42f	2	【코우지】\n이것은, 설마…
0x0006f493	3	【노리코】\n코우지에 가까워지는\n선명한 그림자가 나오고 있나요?
0x0006f513	5	【코우지】\n이것은, 경기의 총에\n나의 지문을 붙이고 있는 발휘일\n것이다!\n?
0x0006f5a2	3	【노리코】\n그렇다면 이 수치는...\n진범은 말이지… !
0x0006f624	4	【코우지】\n정직한 것은,\n단지 역광으로 그림자가 되어,\n누구인지 모르는 것이다.
0x0006f6b3	3	【노리코】\n에서도, 복장은 슈트도,\n어쩐지 알겠지?
0x0006f70f	4	【코우지】\n맞아…\n그날 정장을 입고\n라이트 블루에 붐비고 있던 인물…
0x0006f7a8	4	【노리코】\n그럼,\n원제 이 발휘를 경찰에 제출해,\n석방의 수제를…
0x0006f83a	2	【코우지】\n… … 아니, 조금 기다려 줘.
0x0006f8a5	2	【노리코】\n네……?
0x0006f8eb	2	【코우지】\n…………
0x0006f931	2	【코우지】\n이야한 예감이 되는 거야.
0x0006f996	2	【노리코】\n이야한 예감?
0x0006f9f6	4	【코우지】\n아. \n이 발휘는 겉보기에 대단한 증거로\n보이지만…
0x0006fa60	5	【코우지】\n지금까지의 경위로 판단하면,\n미우라가 나를 석방해 줄 거라고는\n생각할\n수 없어……
0x0006fad4	4	【코우지】\n녀석에 쌓여 있는\n용의를 모두 해가하지 않으면\n아마 석방해주지 않을 것이다...
0x0006fb57	4	【노리코】\n그것은 너무 생각하지 않아? \n이것만으로도 결정적인 증거가 된다고\n생각하지만…
0x0006fbca	5	【코우지】\n경찰이라도 이 발잔 카메라의 발휘를\n 눈치채고 있을지도 모른다. \n에서도 나는 석방되지\n않았다......
0x0006fc48	5	【코우지】\n경찰의 작전인가,\n 아니면 직순하게 눈치채지 못할\n뿐인지\n모르지만.
0x0006fcd0	5	【코우지】\n그것보다 이 그림자의 험체다. \n포인트가 될 것 같은 것이,\n슈트 같은 옷을 입고 있는\n점이구나.
0x0006fd48	4	【코우지】\n관계자와 이야기할 생각이 있다면,\n당일에 슈트를 입었는지 여부를\n지나쳐달라.
0x0006fdd1	2	【노리코】\n응, 알겠어.
0x0006febe	6	【코우지】\n...... VIP 룸 도어에 관한\n지문은\n총성이 울려 퍼진 뒤에 흠뻑\n자랐다.\n콘도 형사의 것만…
0x0006ff61	5	【코우지】\n확실히 미우라도 지문이 닦여 나간\n흔적이 있다고\n말했었지……
0x0006fff3	6	【노리코】\n지문을 흔들어 버렸다는 것은,\n자신의 지문이 타는 것으로\n범인이라고 의심되는 것을 발하기\n위해서\n맞지?
0x00070081	5	【노리코】\n에서도 진범은 지문을 흔들어 삼킬\n필요\n없어요? \n도…
0x000700f6	8	【코우지】\n노리코의 말하고 싶은 것을 알 수\n있다.\n\n노리코가 지문을 쓰러뜨릴 필요가\n없다고\n생각하는 것은 \n저 정보가 있으니까?
0x0007019d	4	【코우지】\n하지만 그 반대입니다. \n그래서\n지문을 보호해야 합니다.
0x00070213	2	【노리코】\n어, 무슨 뜻이야……?
0x000702c6	5	【코우지】\n노리코는 지문을 흔들어 삼킬 필요가\n없다고 말했다. \n그 역리는 맞지만,\n이 근거가 된 승무원은......?
0x00070413	2	【코우지】\n(아니요, 이건 다릅니다!)
0x00070472	3	【코우지】\n(지금까지 진범다운 인물의 지문은\n전혀 보이지 않는다)
0x000704d3	4	【코우지】\n(그것은 진범이 지문을 타지 않기\n위한\n대책을 하고 있었기 때문이다!)
0x000705a5	3	【노리코】\n경기가 된 권총에는\n코우지의 지문이 붙어 있었지?
0x0007061c	4	【노리코】\n에서도 한편으로 진범다운 인물의\n지문은\n붙어 있지 않았다…
0x00070686	5	【노리코】\n이것은, 진범이 장갑을 끼고\n있어,\n지문이 현장에 타지 않게\n대책하고 있었던 것이군요?
0x0007070e	6	【노리코】\n이라면, 당연히 문에\n진범의 지문이 붙는 일은 없었을\n것이다. \n인데 왜, 진범은 지문을 흔들어\n버렸는지......?
0x000707c3	2	【코우지】\n여기는 반대의 발총이 필요해.
0x00070815	2	【노리코】\n역의 발총?
0x0007085c	7	【코우지】\n총에는 나의 지문이 붙어 있었다. \n라고 하는 것은, 객관적으로\n생각하면\n나는 지문 대책을 하고 있지\n않았다고\n하게 된다.
0x000708ee	5	【코우지】\n그렇게 되면 당연히 VIP룸의\n문에도\n나의 지문이 타고 있지 않으면\n이상할까?
0x00070997	2	【노리코】\n아......그런가......!
0x000709fc	5	【노리코】\n권총에 코우지의 지문을 붙일 수\n있어도\nVIP룸의 문에 지문을 붙이는 것은\n할 수 없었다…
0x00070a8d	5	【코우지】\n하지만 권총에 나의 지문을 붙이고 \n나를 와나에 하메려고 하는 이상, \n문에 지문이 붙지 않은 것은 모순이\n나온다.
0x00070b29	6	【코우지】\n그래서 지문을 흔들어 버렸다. \n누구의 지문도 타고 있지 않으면,\n나의 지문이 타지 않은 것도\n부자연이\n아니다.
0x00070be6	2	【노리코】\n그런가, 그런 일이었구나…
0x00070d44	4	【코우지】\n마스터의 증언은 든든하네.\n이걸로 미우라의 아성을 무너뜨릴 수\n있으면 좋겠는데……
0x00070dfe	3	【노리코】\n그리고 말이야, 또 하나\n신경 쓰이는 게 있었어.
0x00070e74	3	【코우지】\n신경 쓰이는 점?\n뭔데?
0x00070ee0	2	【코우지】\n그렇군……
0x00070f30	3	【노리코】\n그리고 또 하나,\n신경이 쓰인 적이 있었어.
0x00070fa0	3	【노리코】\n그리고 말이야, 또 하나\n신경 쓰이는 게 있었어.
0x00070ffd	3	【코우지】\n신경 쓰이는 점?\n뭔데?
0x00071057	3	【노리코】\n이 사진을 다시 한번\n봐주시겠습니까?
0x000710db	2	【코우지】\n… … 이것이?
0x0007113b	3	【노리코】\n이 부분이지만……\n묘한 상처가 붙어 있는 거야.
0x000711a1	2	【코우지】\n……상처?
0x000711e8	3	【노리코】\n에에, 그렇구나. \n어쩐지 조금 신경이 쓰여져…
0x0007125f	3	【코우지】\n… … 아, 신경이 쓰이지 마. \n 혹시......?
0x0007134a	4	【코우지】\n이 상처와 관련된 정보가 있었을\n것. \n그건......?
0x0007145f	2	【코우지】\n(아니야, 이게 아니야!)
0x000714bf	4	【코우지】\n(이 상처는 플레이어를 이동시킴에\n의해\n붙은 상처라고 역설된다)
0x0007151c	5	【코우지】\n(그렇다면, 왜 플레이어를\n이동시켰는가?\n그것을 보여주는 화제가 있었을\n것이다…
0x000715f6	4	【코우지】\n이 상처는 플레이어를 이동시킨 것에\n의해\n붙은 상처로 보이지 않는가?
0x0007168e	2	【노리코】\n그렇게 말하면 그렇게 보이지만…
0x000716f9	6	【코우지】\n확실히 라이트 블루의 직원이\n말했지? \n이 플레이어는 외부 입력 단자\n경원에서\n외부 음원과 연결된다고.
0x00071793	4	【노리코】\n혹시…\n코우지는 누군가 외부 음원을\n이 플레이어에 연결했다고 무거워?
0x00071822	2	【코우지】\n그것도 가능성의 하나다.
0x00071872	5	【코우지】\n어떤 소리가 나는 기계와 연결했다는\n사실이 입증되면,\n하나의 큰 가능성을 생각할 수\n있어!
0x00071903	3	【노리코】\n엣......\n그것은......?
0x0007196b	4	【코우지】\n외부 음원과 플레이어가 접제되어,\n외부 음원 안에 들어간 소리가\n재생되었을 가능성이다!
0x00071a51	4	【노리코】\n 조금 기다려! \n그 역리에는 근본적인 모순이 있어!\n?
0x00071ad6	3	【코우지】\n 아, 그대로. \n하나의 모순이 존재한다...
0x00071b91	5	【코우지】\n외부 음원을 이 플레이어에\n접제했다고\n동정했을 경우,\n모순되는 승무원은…
0x00071cc3	2	【코우지】\n(아니야, 이게 아니야!)
0x00071d23	7	【코우지】\n(외부 음원의 소리를 보내고는\n이상하다.\n왜냐하면, VIP 룸에서는 다른\n소리가\n느껴져 있었다\n이기 때문이다)
0x00071d94	4	【코우지】\n(사건 당일, VIP룸 내에서\n 받고 있던 소리를 나타내는\n정보는……?)
0x00071e6f	4	【코우지】\n피해자의 리퀘스트를 안고,\n당일의 VIP룸내에는 클래식이\n걸려 있었을 것…
0x00071f1f	3	【노리코】\n그래......\n종업원이 그렇게 말했어
0x00071f91	6	【코우지】\n확실히 클래식을 보낼 수 있었다. \n하지만 과연, 총성이 교내에 향해\n울렸을\n때에도\n클래식은 보낼 수 있었는지…
0x00072024	4	【코우지】\n피해자의 리퀘스트로 클래식이 걸려\n있었다면,\n교내의 BGM과는 다른 하즈.
0x000720ab	4	【코우지】\n에도 불구하고, 이 건에 대해,\n아무도 위화감을 느끼지 않았다. \n
0x00072146	4	【코우지】\n거기서 노리코에 확인해 주었으면\n하는\n것이 있다.
0x000721a0	3	【코우지】\n총성이 느껴진 뒤에\nVIP방으로 달려온 인물…
0x00072220	7	【코우지】\n구체적으로는 아사츠유씨나 누마사키\n변호사와 이야기할 생각이 있으면,\n그때 VIP 룸내에 BGM이\n보내졌는지\n아닌지\n확인해 주었으면 한다.
0x000722dd	2	【노리코】\n……알겠어.
0x00072326	7	【코우지】\n그리고 또 하나, 실로 라이트\n블루에\n갔을 때에\n다시 외부 음원과 접제한 경적이\n없는지\n확인해 주었으면 한다.
0x000723b2	3	【노리코】\n… \n 조심스럽게 확인해줄게.
0x00072423	2	【코우지】\n 아, 부탁해.
0x000724c7	2	【코우지】\n…………
0x000725b5	4	【코우지】\n과연…\n직원은 아무도\n플레이어를 이동시킨 적이 없는가…
0x00072626	4	【코우지】\n……그렇다면 플레이어를 연결한 건\n외부인……이라는 선이\n짙어지겠네.
0x0007269e	3	【코우지】\n다음에, 리모컨의 주름은\n결막중양일지도 모르겠다.
0x000726fb	3	【코우지】\n직순에 없어져 있었는지,\n외부의 인간이 망설였는지…
0x00072779	3	【노리코】\n간에 드러냈다… … 라고, 무엇을\n위해서?
0x000727ce	5	【코우지】\n모르겠어.\n다만 사건 당일 현장의 이상 징후는\n모두\n무시할 수 없는 정보야.
0x00072849	2	【코우지】\n……! ?
0x00072882	3	【코우지】\n그런가......\n그런가......! !
0x000728ca	3	【노리코】\n엣......\n무슨 일이 일어났어! ?
0x0007290f	4	【코우지】\n아......\n이 역리가 증명되면 모든 것이\n뒤집힌다…
0x00072967	2	【노리코】\n무슨 일! ?
0x000729a2	4	【노리코】\n코우지는 쭉 외부 음원과 플레이어를\n접제한 것이 아니냐고 고집하고\n있었지만…
0x00072a06	4	【코우지】\n 아, 거기가 중양이야. \n동부에, 외부 음원안에\n총성이 녹음되어 있으면 어떨까?
0x00072a75	5	【노리코】\n외부 음원에 녹음되고 있는 총성을\nVIP 룸의 스피커로부터 떠들었다고\n하는\n것…
0x00072b5d	3	【코우지】\n… … 아, 젠장! \n정보가 하나 없어!
0x00072bac	6	【코우지】\n사건 발생시,\nVIP 룸내에 BGM이 걸려\n있었는지\n아닌지,\n그것이 포인트야!
0x00072c16	4	【노리코】\n사건 발생시의 BGM… \n그것을 알면 무거운 것을 알 수\n있습니다! ?
0x00072c76	4	【코우지】\n아… … 이 사실을 알면\n객관적인 증거를 얻을 수 있습니다\n......
0x00072cd6	4	【코우지】\n혼란시키고 싶지 않아서 말할 수는\n없지만,\n모든 사실이 뒤집힐 만한 일이야!
0x00072d3f	3	【노리코】\n우와…\n것 굉장히 신경이 쓰이는 말 방법…
0x00072d8b	2	【노리코】\n나, 오늘 밤 잠들 수 있을까……?
0x00072dda	5	【코우지】\n그대로. \n그것을 나타내는 정보를 지금까지\n손에\n넣고 있다.
0x00072e5a	6	【코우지】\nVIP 룸의 스피커에서 떠오른\n총성은\n외부 음원에 녹음된 것…\n이것을 용 붙이는 정보를 권해\n생각한다!
0x00072f8f	2	【코우지】\n(아니야, 그게 아니야!)
0x00072fd6	6	【코우지】\n(발음설구가 갖추어져 있던\nVIP룸내의\n소리를\n교내에 느끼게 울리기 위한\n장치다!)
0x0007305a	5	【코우지】\n(그리고 사건 발생시의 스피커의\n상민을\n나타내는\n정보가 있으면…
0x000730ce	6	【코우지】\n우선 생각해야 할 것은, 본교\nVIP룸내에\n보낼 수 있었던 클래식이\n사건 발생 후에는 보낼 수 없었던\n것이다.
0x00073142	4	【코우지】\nCD는 루프 재생이 되어 있어,\n플레이어에 손을 찔리지 않으면,\n음악이 터질 리는 없다.
0x000731ad	5	【노리코】\n그런가… … 반대로 생각하면,\n클래식을 보낼 수 없었던 것은,\n플레이어를 조작했을 가능성이 있다는\n것.
0x00073220	5	【코우지】\n 아, 그대로. \n그리고 또 하나 중양인 점으로서,\nVIP룸에는\n발음설구가 누나 있었다고 하는 것.
0x00073299	6	【코우지】\n그래도 왜 총성이 교내에 향해\n울리는\n것인가. \n그것은 총성이 느껴졌을 때에는\nVIP 룸의 문이 걸렸기 때문이다!
0x00073339	2	【노리코】\n왜 그런 일을……?
0x0007337a	6	【코우지】\n그렇지.\n총성이 들린 시간, 즉 0시\n44분이\n범행 시각이라고 생각하게 하려는\n거야.
0x000733ee	8	【코우지】\n그리고 0시 44분에 확실히 증명할\n수\n있는\n아리바이를 만들어 두면,\n자신은 용의자로부터 빠져나갈 수\n있기\n때문이야.
0x0007346e	5	【노리코】\n즉 알리바이 공작을 위해서,\n외부 음원에 녹음되고 있던 총성을\nVIP 룸의 스피커로부터\n재생시켰다…
0x000734ef	5	【코우지】\n그런 것. \n실제의 잔행 시간은 0시 44분보다\n전일\n것이다.
0x0007354b	4	【노리코】\n……코우지의 역리가 험하다면,\n관계자 전원의 알리바이가\n쓰러질거야…
0x000735b3	5	【노리코】\n이라도 0시 44분에는 소장도\n미즈타니씨도\n콘도 형사도 모두 홀에 있었으니까\n사투지만 알리바이의 증명을 했지만…
0x00073633	6	【노리코】\n범행 시간이 그 이전이 되면,\n누가 어느 시간에 위를\n벗어났다든가,\n확실한 증명은 할 수 없게 되는\n것군요…
0x000736ae	3	【코우지】\n알리바이가 불확실한 건\n나뿐만이 아니라는 뜻이야!
0x0007389a	1	오디오
0x000738a1	1	오디오
0x000738ac	1	화이트보드
0x000738b6	1	화이트보드
0x000738c4	1	［VIP룸에 있던 인물에 대해］
0x000738e3	1	［피해자와의 말다툼에 대해］
0x000738fc	1	［코우지에 대해］
0x0007390c	1	［방범 카메라에 대해 묻기］
0x00073923	1	［나에 대해 눈치챈 점］
0x0007393a	1	［VIP 룸의 BGM］
0x00073953	1	［플레이어의 기능］
0x00073967	1	［플레이어 작동에 대해］
0x0007397f	1	[사건 발생 후에 보냈던 BGM]
0x0007399f	1	［정기휴일에 대해］
0x00073cdc	2	【노리코】\n라이트 블루의 사무소네.
0x00073da9	4	【종업원】\n기다렸어......\n아니, 아니......기다리게\n했습니다.
0x00073dfc	4	【노리코】\n아, 일부러 경룡을 고용하지 않아도\n좋아요. \n말하기 쉬운 편으로 말해 주세요.
0x00073e6a	4	【종업원】\n그럼 언론에 밀려,\n편하게 말하게 해줄거야.\n무엇을 두고 싶습니까?
0x00073f77	3	【직원】\n아, 오셨네요.\n기다리고 있었어요.
0x00074240	3	【노리코】\n구론에 대해서, 범을 깨달은 것은\n 있습니까?
0x000742b5	4	【종업원】\n아, 그렇다…\n그때, 내 범에도\n목격하고 있던 손님이 있었다.
0x0007431d	2	【노리코】\n범에 목격자가 있었나요?
0x00074376	4	【종업원】\n그래스. \n나와 함께 화장실에서의 트러블을\n목격하고 있던 사람이 있었지.
0x000743f0	4	【종업원】\n그 사람이 나에게 말했어.\n『그 두 명의 논쟁을 하지 않을 수\n있을까? 』라고.
0x00074454	3	【노리코】\n덧붙여서, 그 남자의 사람은\n어떤 사람이었습니까?
0x000744ac	4	【종업원】\n50대 용의 형사 산스. \n사건이 발생했을 때에 솔선해\n현장의 보존이라고 하고 있던 사람.
0x0007451c	3	【노리코】\n형사씨입니까? \n사고해 주셔서 감사합니다.
0x0007458e	5	【노리코】\n이전의 사건입니다만…\n피의자가되는 사이토 씨와 피해자가\n사건전에 논쟁하고 있었다고 증언이\n있습니다만…
0x0007461b	3	【노리코】\n이 건에 대해,\n어쩐지 알고 계시고…
0x00074690	3	【종업원】\n오, 알고 있어요.\n나, 목격했어.
0x000746e8	3	【노리코】\n정말입니까! \n 논쟁은 어떤 느낌이었나요?
0x0007475c	3	【종업원】\n음…\n그렇다고 말하는 말인가......?
0x000747ba	5	【종업원】\n연어의 형태가 부딪쳐,\n젊은 쪽의 사람이 사과해 말하고\n있을 뿐\n무슨 수지만.
0x0007484a	4	【종업원】\n게다가 나이가 많은 사람 쪽은\n냉요하고,\n전혀 상대로 하고 있지 않았으니까.
0x000748aa	2	【노리코】\n…
0x00074909	3	【종업원】\n그렇게 무거운 우수. \n 논쟁은 별로 아니야.
0x00074968	3	【종업원】\n동량도 보고 있었던 것 같지만,\n같은 의견이었던 스.
0x000749c4	3	【노리코】\n… … 그 시간이라든지 기억하고\n있습니까?
0x00074a18	3	【종업원】\n으응…\n0시 조금 지나갔다면 이쪽일까.
0x00074a69	3	【노리코】\n……라고 하면, 0시 5분\n정도입니까?
0x00074ac3	2	【종업원】\n그 정도라고 무거운 우수.
0x00074baa	3	【노리코】\n피의자 사이토씨에 대해\n뭔가 깨달은 적 없습니까?
0x00074c2e	2	【종업원】\n눈에 띄는 것인가?
0x00074c94	4	【종업원】\n으응…\n카운터에서 뭉클해도\n일 정도 밖에…
0x00074cf0	2	【노리코】\n그렇군요……
0x00074d56	5	【노리코】\n(이것을 듣기 전에,\n실제로 플레이어를 이동시킨 라이딩이\n있는지\n확인합시다)
0x00074ddc	2	【노리코】\n조금 여기 보실 수 있나요?
0x00074e44	3	【종업원】\n……\n 플레이어인가?
0x00074e87	3	【노리코】\n그래, 그렇습니다. \n여기에 긁힘이 있죠?
0x00074ede	3	【종업원】\n……\n정말이다.
0x00074f29	3	【종업원】\n 어느새 이런 상처가… \n경찰이 조사했을 때라도 붙었지?
0x00074f86	3	【노리코】\n전부터 있었던 것은 아닙니까? \n직원이 일하는 동안, 라든지.
0x00075008	4	【종업원】\n그것은 없다고 생각합니다. \n라고 하는 것도, 움직일 필요가\n없어서.
0x0007506b	4	【노리코】\n하지만 어제 말했지? \n외부 음원과 접제할 때는,\n 움직여야 한다고.
0x000750e2	8	【종업원】\n그거 뭐지만, 변호사씨와 그\n이야기를\n하고 나서\n나도 신경이 쓰여서, 모두에게 놓아\n보았던 수야. \n외부 입력 기능을 고용한 적이\n있을까.
0x0007517c	4	【종업원】\n그렇다면 무거운 대로,\n아무도 고용한 적은 없다고 말하고\n있었다.
0x000751d9	3	【노리코】\n과연…\n하지만 아기는 상처가 있다.
0x00075221	3	【노리코】\n 어느새 붙은 상처인지\n모르겠네요?
0x00075292	2	【직원】\n그렇죠……
0x000752f4	4	【종업원】\n아니, 하지만, 적어도 사건의\n전날에는\n없었다고 무거운 우수.
0x00075362	8	【종업원】\n이라고 하는 것도, 전날에도\n손님으로부터의 리퀘스트가 있어,\n그 때에 먼지가 쌓여 있었던 것을\n본\n스스. \n나중에 흔들리지 않으면 무거웠던\n정도니까.
0x000753f0	2	【노리코】\n그래서 먼지는 흔들렸습니까?
0x00075448	7	【종업원】\n그것이…\n무거운 내고, 싸움으로 화장실\n승사를\n날렸다,\n먼지에 대해서는 완전히 만져\n버렸다.
0x000754e5	5	【노리코】\n과연…\n아,하지만 사건 당일 피해자의\n요청에\n당신이 CD를 썼습니까?
0x00075568	2	【종업원】\n그래, 그래요.
0x000755a6	2	【노리코】\n그때에는 먼지는 쌓이지 않았습니까?
0x00075601	4	【종업원】\n그게 뭐야...\n만져 버렸어요.\n죄송합니다.
0x00075655	4	【노리코】\n그렇습니까… …\n사고가 되었습니다. \n감사합니다.
0x000756d5	4	【종업원】\n이 교의 사람은\n아무도 플레이어를 이동시키지\n않았다.
0x0007574c	5	【노리코】\n총성이 건물 안에 울려 퍼진 것을\n듣고\n관계자들이 VIP 룸으로 달려갔다고\n하네요?
0x000757d0	3	【노리코】\n그때 VIP룸 안에 보냈던 BGM은\n알겠습니까?
0x00075836	5	【종업원】\n확실히, 손님은 클래식을\n리퀘스트했을 테니까,\n아마 클래식 CD가 보냈다고 무거운\n우수.
0x000758a4	3	【노리코】\n그건 사건 발생 후 실제로\n보냈습니까?
0x00075918	2	【종업원】\n흠…
0x0007595f	4	【종업원】\n실제로 보내고 싶어서 놓으면\nVIP 룸 안에 들어가지 않아\n모르겠어...
0x000759ed	9	【종업원】\n확실히 총성이 들린 뒤에 VIP룸\n안에\n들어간 것은,\n손님의 남자의 사람 2명과 여자의\n사람\n1명만으로,\n이 가게의 인간은 아무도 들어가지\n않았으니까.
0x00075a9d	4	【종업원】\n자신에게는 BGM이 걸려 있었는지\n어떨지는는\n모른다.
0x00075b10	4	【노리코】\n사건 당일,\nVIP방에 들어간 인물에 대해\n조사하고 있습니다.
0x00075b6f	3	【노리코】\n무엇인가 무거운 치는 것 같지\n않습니까?
0x00075bdb	2	【직원】\n그렇죠……
0x00075c24	6	【종업원】\n여기서 추악하고 있는 사람들의\n의견을\n정리하면,\n그 날, VIP룸에 들어간 것은\n지금 알고 있는 것만으로 5명스.
0x00075ca7	4	【종업원】\n한 사람은 살해당한 사람.\n한 사람은 그 사람의 동행인인\n변호사 씨.
0x00075d10	5	【종업원】\n그리고 1명은, 카운터에서 컸던\n여자의\n사람…\n확실히 마스터의 아는 것 같습니다.
0x00075d77	3	【노리코】\n미즈타니 아사츠유씨군요. \n 묻고 있습니다.
0x00075dd4	5	【종업원】\n그리고 현장 보존한 형사씨. \n이 3명은 적어도 사건이 발생한\n뒤로\nVIP 룸에 들어갔다.
0x00075e4b	4	【노리코】\n사건 발생 전에 들어간 사람의\n정보라든지\n모르십니까?
0x00075ec4	3	【종업원】\n죄송합니다. \n거기까지는 잘 모르겠어요.
0x00075f39	4	【종업원】\n아, 하지만, 젊은 남자의 사람이\nVIP방에서 돌아오는 것은\n나, 본 적이야.
0x00075fa4	3	【노리코】\n젊은 남자의 사람? \n그게 뭐야?
0x00076013	2	【종업원】\n분명히는 기억하지 못했구나…
0x00076065	6	【종업원】\n다른 남자의 사람은 중년 이상의\n나이였지만,\n그 사람만은 그것보다 젊은\n사람이었다고\n일 정도밖에…
0x000760e0	4	【노리코】\n그래요......\n어떤 옷을 입었는지 등도 기억하지\n않습니까?
0x00076141	5	【종업원】\n음…\n별로 기억하지 못했지만,\n적어도 정장이 아니었고 무거운\n우수.
0x000761a3	3	【노리코】\n그렇군요.\n감사합니다.
0x000761e8	3	【노리코】\n범에 뭔가 깨달은 것은\n 있습니까?
0x00076256	5	【종업원】\n이것은 경찰의 사람으로부터 둔\n이야기인데,\nVIP룸 주위의 문에는\n지문이 붙어 있지 않았던 것 같다.
0x000762dc	4	【종업원】\n그래서 VIP룸에 들어간 인물을\n특정할 수 없다고 흐리게 하고\n있었습니다.
0x0007634b	3	【노리코】\n지문이 붙지 않았다… \n무슨 일이야......
0x000763a6	2	【노리코】\n그래, 그렇네요.
0x000763e5	6	【노리코】\n그렇다, 사고까지 두고 싶습니다만,\nVIP룸 주위의 문이라고 하는\n것은,\n구체적으로는 어디의 문을 알 수\n있습니까?
0x00076492	2	【종업원】\n 어...
0x00076538	4	【종업원】\n홀에서 VIP룸으로 향하는 도중에\n있는\n도어와…
0x000765e3	5	【종업원】\n사무소에서 VIP룸으로 향하는\n도중에\n있는\n도어와…
0x00076691	2	【종업원】\nVIP 룸의 입구의 도어스네.
0x00076750	3	【종업원】\n어느 도어의 용표도,\n지문이 없었던 것 같다.
0x000767b7	7	【종업원】\n타고 있던 지문은,\n총성이 교내에 향해 울린 뒤에\nVIP룸에\n이의 제일에 흠뻑 자란 형사씨의 것\n뿐인\n것 같다.
0x00076855	2	【노리코】\n(아마 콘도 형사의 일이구나…
0x0007689e	3	【노리코】\n알았습니다. \n의중한 정보에 감사드립니다.
0x00076931	3	【종업원】\n문에 지문이 붙어 있지 않았다고,\n결막 미스터리스!
0x000769ac	3	【노리코】\n 음......\n이 사진을 볼 수 있나요?
0x00076a67	2	【종업원】\n아, 카운터의 사진이군요.
0x00076aad	2	【노리코】\n이 사진의, 이 부분…
0x00076b3b	3	【노리코】\n이것은,\n발잔 카메라가 아닌가요?
0x00076b90	2	【종업원】\n아, 그래스.
0x00076bcc	5	【노리코】\n 역시! \n이 카메라로 촬영된 사건 당시의\n발휘는,\n타고 있지 않을까요?
0x00076c5d	4	【종업원】\n어...\n나는 모르겠다.\n마스터에 넣어 오는 것.
0x00076cb5	2	【노리코】\n미안합니다.
0x00076d1c	3	【노리코】\n자아......뭐가\n나올까......?
0x00076dbb	4	【종업원】\n기다리게 했어. \n이 비디오 테이프에 사건 전후의\n발휘가 들어가 있어.
0x00076e1e	3	【노리코】\n엣......\n이것은 빌릴 수 있나요?
0x00076e74	4	【종업원】\n아니, 마스터는 변호사 씨에게\n준다고\n 말하고 있었다.
0x00076ec8	2	【노리코】\n좋아요! ?
0x00076f10	2	【종업원】\n그래, 제발.
0x00076f4c	2	【노리코】\n감사합니다!
0x00076fbe	2	【종업원】\n확실히 발잔 카메라스.
0x0007701f	4	【노리코】\n당일, VIP룸에 보냈던 BGM에\n대해서\n두고 싶습니다만…
0x000770a7	3	【종업원】\n아직 죽은 사람의 리퀘스트를 안고,\n클래식 CD를 보냈다.
0x0007710a	2	【노리코】\n요청?
0x00077154	7	【종업원】\n그래, VIP 룸내의 BGM은 이\n플레이어로\n제어하고 있어, 이것으로 재생할 수\n있는\n것이면\n개인 곡을 보낼 수 있어요.
0x000771df	3	【노리코】\n그래서 클래식의 CD를\n송하고 있었던 것이군요.
0x00077239	6	【종업원】\n리피트 모드로 하고 있으니까,\n마지막까지 보냈던 뒤는 최초의 곡에\n루프\n하는 것으로,\n계속 BGM은 능숙하게 되는 것.
0x000772d8	3	【노리코】\n범에 뭔가 깨달은 적이나\n무거운 내놓은 적 없습니까?
0x00077351	3	【종업원】\n흠……\n특히 없어요.
0x000773a9	4	【노리코】\n이 플레이어로 재생할 수 있는\n음악은\n나이면 어떤 것이 있습니까?
0x00077428	2	【종업원】\n 음, 우선 CD스네요.
0x0007747c	3	【종업원】\n고객이 탄해 온 CD도\n물론 걸릴 수 있어요.
0x000774db	3	【종업원】\n게다가 튜너가 내장돼 있어서\n라디오도 틀 수 있어요.
0x00077542	5	【종업원】\n그리고 손님이 탄하고 있는\n외부 음원이라든지 들어가 있는\n음악도\n걸을 수 있어요.
0x000775a7	2	【노리코】\n그런 일도 할 수 있네요.
0x000775f4	5	【종업원】\n이 플레이어의 용측에 외부 입력\n단자가\n있기 때문에,\n거기에 연결하면 할 수 있다.
0x00077674	6	【종업원】\n단자가 용이므로, 한번 이\n플레이어를\n림전시키지 않으면 안 되는\n것으로부터\n조금 면적이지만.
0x0007771c	4	【노리코】\n사건에 관해서,\n무엇인가 무거운 내놓은 적\n없습니까?
0x00077794	2	【종업원】\n아, 그렇게 말하면…
0x000777d4	2	【종업원】\n…………
0x00077835	2	【종업원】\n… … 아니, 아무것도 아냐.
0x0007787a	2	【노리코】\n그런…
0x000778d3	2	【종업원】\n아니, 큰 일이 아니잖아요.
0x0007791a	4	【노리코】\n대단한 일이 아니어도\n가르쳐 주세요! \n 미안해요!
0x00077979	3	【종업원】\n그, 거기까지 말한다면…\n정말로 큰 일, 아니야?
0x000779f6	5	【종업원】\n고객에게 부탁받고,\nCD를 걸려고 무거워 리모컨을\n찾았지만,\n보이지 않았던 수야.
0x00077a6d	3	【노리코】\n리모컨… … 라고,\n이 플레이어의 리모컨입니까?
0x00077ae3	2	【종업원】\n그래스.
0x00077b29	4	【종업원】\n언제나라면 리모콘은 플레이어 위에\n두고 있는 거지만,\n그날은 리모컨이 없었어요.
0x00077b9e	2	【직원】\n그렇죠, 별일 아니죠?
0x00077be4	3	【노리코】\n(타, 확실히 큰 이야기가\n아닐지도……)
0x00077c30	3	【노리코】\n 음......\n소소한 의문이 있습니다만......
0x00077c91	2	【직원】\n뭔데요?
0x00077cca	3	【노리코】\n같은 경의 플레이어가\n2보효하고 있지 않습니까.
0x00077d1b	5	【노리코】\n리모컨을 사용하면 혼선…… 아니,\n전원 버튼을 누르면 두 대 모두\n켜진다든지\n그런 일은 없나요?
0x00077da3	4	【종업원】\n그건 아니에요.\n이 플레이어는\n두 종류의 흔적에 대응하니까요.
0x00077e04	2	【노리코】\n2 히로미의 하케이…
0x00077e52	4	【종업원】\n음…\n각각이 케이몬의 리모컨이되어 있다고\n생각해 주시면 틀림없음.
0x00077edb	2	【직원】\n이것을 봐주세요.
0x00077f89	3	【노리코】\nVIP룸용……\n홀용…
0x00077fe0	5	【종업원】\n그래.\n실수하지 않도록, 제대로 쓰여져\n있는\n스.
0x0007804a	3	【종업원】\n당일 눈에 띄지 않았던 것은\n이쪽의 「VIP 룸용」스.
0x000780a5	2	【노리코】\n에서도, 지금은 발견되었군요?
0x000780f6	4	【종업원】\n사건 후 통증 밑에 살았던 것을\n발견했다.\n누군가가 살아 버렸어요.
0x0007816b	2	【직원】\n그렇죠, 별일 아니죠?
0x000781b1	2	【노리코】\n…………
0x000781ea	5	【노리코】\n(어떻게 될까?\n코우지라면,\n여기에서 뭔가 이끌어낼지도\n모른다……)
0x00078283	3	【종업원】\n리모콘이 보이지 않았던 것 이외는\n특히 없었다.
0x000782dc	3	【노리코】\n이 교의 정기 휴일을 가르쳐\n주시겠습니까?
0x0007834c	2	【종업원】\n수요일 즈.
0x0007839a	2	【종업원】\n덧붙여 영업시간은 17시부터.
0x0007891e	2	【노리코】\n…………
0x00078957	3	【노리코】\n(확실히 코우지의 지적대로다.\n이것은 확실히 움직이고 있는군요…
0x00078a32	2	【노리코】\n(플레이어를 작동시킨 흔적이 있어)
0x00078afe	3	【노리코】\n(둘 다 같은\n오디오 플레이어네)
0x00078b48	3	【노리코】\n(같은 것이 2방……\n뭔가 의미가 있습니까? )
0x00078c11	3	【노리코】\n(같은 오디오 플레이어가\n놓여 있네)
0x00078c5d	7	【노리코】\n(확실히 위의 플레이어가 VIP\n룸의\nBGM을 제어하고 \n아래가 그 이외의 교내의 BGM을\n제어하고 있다고\n화였어)
0x00078d82	2	【노리코】\n…………
0x00078dbb	4	【노리코】\n(확실히 코우지의 지적대로야.\n이것은 플레이어를 이동시킨 호랑이에\n틀림없네…
0x00078e44	2	【노리코】\n(플레이어를 작동시킨 흔적이 있어)
0x00078ea8	3	【노리코】\n(같은 오디오 플레이어가\n놓여 있네)
0x00078f1a	6	【종업원】\n위의 플레이어가 VIP룸을 제어하고\n있고,\n아래의 플레이어는 그 범의 교내의\nBGM을\n제어하고 있다.
0x0007901e	3	【노리코】\n(같은 오디오 플레이어가\n놓여 있네)
0x0007906a	3	【노리코】\n같은 플레이어가 2보…\n뭔가 의미가 있습니까?
0x000790e8	4	【종업원】\n아, 이것, 위의 플레이어는\nVIP 룸의 BGM을\n제어하고 있는 몬이야.
0x00079156	2	【노리코】\nVIP룸의 BGM?
0x000791a6	6	【종업원】\n 네, VIP 룸내는 손님의\n리퀘스트로,\n개 키나 BGM을 보낼 수 있게\n되어\n있는 수.
0x0007921f	4	【종업원】\n으로, 아래의 플레이어는\n교내에 보낼 수 있는 BGM을\n제어하는 것.
0x00079285	2	【노리코】\n과연……납득.
0x000792c4	4	【노리코】\n사고까지 두고 싶습니다만,\nVIP 룸에서 보내는 BGM은\n리퀘스트할 수 있지요?
0x0007932f	2	【노리코】\n어떤 음악을 보낼 수 있습니까?
0x0007937f	6	【종업원】\n가게에 있는 CD라면 물론 괜찮을\n수\n있지만,\n손님으로부터의 탄식에에도 대응하고\n있어요.
0x0007940a	2	【종업원】\n범에 넣고 싶은 것은 있나요?
0x0007944f	3	【노리코】\n지금은 괜찮습니다. \n감사합니다.
0x000794af	2	【노리코】\n(책상과 의자가 있네)
0x000794ed	5	【노리코】\n(종업원들의 휴게소도 파고 있는 것\n같다.\n나도 쉬고 싶은 곳이지만,\n다시 한번 밟아야 한다)
0x000795d1	4	【노리코】\n(직원용 전화가 있네.\n업무 연락을 할 때 많이 쓰나\n봐.)
0x0007963c	5	【노리코】\n(그래서 벽 옆에 화이트보드가 있는\n거네.\n……라고 추측해 봤는데,\n어떨까?)
0x000796b1	3	【노리코】\n(전 직원의 스케줄이 적혀 있네.\n수요일은 전원 휴무구나.)
0x00079764	3	【직원】\n저기, 저에게 물어보고 싶은 게\n있나요?
0x000797b0	4	【노리코】\n저기……\n아니요, 오늘 묻고 싶은 건\n대체로 물어본 것 같아요.
0x00079819	3	【직원】\n그럼 슬슬 일하러 돌아가도 될까요?\n괜찮으세요?
0x00079882	3	【노리코】\n네, 괜찮습니다.\n감사했습니다.
0x000798e5	2	【직원】\n그럼 실례하겠습니다.
0x00079954	2	【노리코】\n(……나도 슬슬 돌아갈까?)
0x000799ac	3	【노리코】\n(……?\n아레, 이게 뭐지?)
0x000799f7	2	【노리코】\n(…
0x00079ac0	1	사무소 앞
0x00079ac9	1	사무소 앞
0x00079ae2	1	비상구
0x00079ae9	1	비상구
0x00079dc8	4	【노리코】\n(안쪽에 비상구가 있네.\n이 계단을 이용할 일이 없기를\n빌어야겠어)
0x0007a07e	2	【노리코】\n(두꺼운 문이네)
0x0007a0c1	4	【노리코】\n(열쇠 구멍이 있기 때문에,\n아무래도 열쇠를 걸 수 있는 것\n같네)
0x0007a127	3	【노리코】\n(지금은 잠겨 있지 않으니\n문이 열리겠어)
0x0007a214	5	【노리코】\n(조금 어두운 정도의 묘명이지만,\n그것이 고기감을 느끼게 하는\n분동기를\n계출하고 있어)
0x0007a494	4	【노리코】\n(여기가, 코우지가 말다툼이라고\n하는\n화장실)
0x0007a509	3	【종업원】\n조금 죄송합니다…\n승사하겠습니다.
0x0007a55f	3	【노리코】\n엣......! ?\n네, 혹시 여기 직원이신가요?
0x0007a5c2	2	【종업원】\n그래요.
0x0007a5fc	6	【노리코】\n그냥 좋았다. \n나, 변호사의 신조 노리코라고\n합니다. \n조금 묻고 싶은 것이\n있습니다만......?
0x0007a682	4	【종업원】\n 아, 변호사 씨? \n마스터로부터 이야기는 놓고\n있습니다.
0x0007a6fe	4	【종업원】\n여기이니까,\n사무소에서 이야기, 하지\n않겠습니까?
0x0007a750	2	【노리코】\n그래, 그렇네요.
0x0007a7b2	3	【종업원】\n그럼,\n처음에 사무실에 가 주세요.
0x0007a801	2	【노리코】\n알았습니다.
0x0007a90c	2	【노리코】\n청소가 잘 되어 있어서 깨끗하네.
0x0007a971	3	【노리코】\n(예쁜 거울이네.\n크기도 커서 화장 고치기 좋겠어)
0x0007a9d2	5	【노리코】\n(……라고 말하지만, 사실 화장을\n잘\n못해.\n어떻게 하면 잘할 수 있을까?)
0x0007aa50	3	【노리코】\n(예쁜 거울이네.\n크기도 커서 화장 고치기 좋겠어)
0x0007aad0	1	VIP 룸 문
0x0007aadc	1	VIP 룸 문
0x0007aaec	1	? ? ?
0x0007ad0e	2	【노리코】\n(이 중에서 살인이 일어났네)
0x0007ad55	4	【노리코】\n(……안을 보고 싶지만,\n경찰이 현장 보존을하고 있기 때문에\n안에 들어갈 수 없어)
0x0007adba	2	【노리코】\n(승기이지만 포기할 수밖에 없네…
0x0007ae0a	2	【노리코】\n(VIP 룸 문이네)
0x0007ae4d	4	【노리코】\n(안으로 들어가고 싶지만,\n현장을 보존하고 있어서\n들어갈 수 없어……)
0x0007aeef	3	【노리코】\n(이 문은 자동 잠금이야.\n문 반대편으로 가 볼까?)
0x0007af71	2	【노리코】\n(그럼 저쪽으로 가자)
0x0007afea	3	【노리코】\n(그렇지.\n이 주변을 조금 더 조사해 보자)
0x0007b041	5	【노리코】\n(문이 있네.\n뭔가 주의사항 같은 것이 적혀\n있어.\n음……)
0x0007b0a4	7	【노리코】\n(아무래도 이 문은 자동 잠금이라\n이쪽에서는 아무 조건 없이 나갈 수\n있지만,\n반대편에서 돌아오려면 비밀번호를\n입력해야\n하나 봐.)
0x0007b131	3	【노리코】\n(비밀번호는 VIP 룸 이용자가\n자유롭게 설정할 수 있는 모양이네)
0x0007b190	4	【노리코】\n(……그렇다는 건,\n사건 당일 비밀번호를 알고 있던 건\n피해자뿐이었던 걸까……?)
0x0007b216	5	【노리코】\n(나는 비밀번호를 모르니까\n문 반대편으로 가면 돌아올 수\n없겠네.\n그래도 문 반대편으로 갈까?)
0x0007b2c7	2	【노리코】\n(그럼 저쪽으로 가자)
0x0007b340	3	【노리코】\n(그렇지.\n이 주변을 조금 더 조사해 보자)
0x0007b3f4	1	사무소
0x0007b3fb	1	사무소
0x0007b406	1	? ? ?
0x0007b5b4	3	【노리코】\n(이 문을 열면\nVIP룸이네.)
0x0007b614	3	【노리코】\n(……어라?\n문이 안 열려.)
0x0007b660	2	【노리코】\n(………)
0x0007b69b	4	【노리코】\n(아무래도 이 통로에서는 VIP룸에\n들어갈 수 없도록\n자동 잠금이 되어 있나 봐.)
0x0007b7df	2	【노리코】\n(사무소의 문이야)
0x0007b81f	3	【노리코】\n(일부가 유리가 되어 있어,\n안이 보이게 되어 있어)
0x0007b8eb	2	【노리코】\n(문에 주의서가 쓰여져 있네)
0x0007b935	5	【노리코】\n(이 문은 자동 잠금되어있는 것\n같습니다.\n자물쇠를 제거하려면,\n비밀번호의 입력이 필요 같네요)
0x0007b9a5	4	【노리코】\n(하지만 나는 비밀번호를 모르기\n때문에,\n제거할 수 없어)
0x0007b9fe	3	【노리코】\n(비밀번호는 VIP 룸 이용자가\n자유롭게 설정할 수 있는 모양이네)
0x0007ba5d	4	【노리코】\n(……그렇다는 건,\n사건 당일 비밀번호를 알고 있던 건\n피해자뿐이었던 걸까……?)
0x0007badc	5	【노리코】\n(이 문은 자동 잠금으로 잠겨\n있네.\n열려면 비밀번호가 필요하지만,\n나는 그 번호를 모르겠어)
0x0007bbfc	1	테이블 위
0x0007bc04	1	테이블 위
0x0007bc10	1	복도로
0x0007bc16	1	복도로
0x0007bc20	1	복도로
0x0007bc26	1	복도로
0x0007bee9	3	【노리코】\n(여기가 사건 현장이 된\n라이트 블루구나)
0x0007bf5c	3	【직원】\n어서 오세요……\n아, 변호사님, 수고 많으십니다.
0x0007bfb5	4	【노리코】\n 아, 그냥 좋았어요. \n조금 이야기를 드리겠습니다.\n좋아요?
0x0007c023	3	【직원】\n저기, 그럼\n사무소에서 듣겠습니다.
0x0007c071	2	【노리코】\n아, 네, 알겠습니다.
0x0007c0c6	2	【종업원】\n그럼 먼저 가고 있어.
0x0007c121	2	【노리코】\n… … 그럼, 어떻게 할까?
0x0007c1c7	3	【노리코】\n입구로 돌아왔네요. \n어떻게 할까?
0x0007c3a7	4	【노리코】\n(코우지와 미즈타니 씨가 술을\n마시던\n곳이네.)
0x0007c3f2	2	【노리코】\n(많은 술이 놓여 있네)
0x0007c43d	3	【노리코】\n(테이블 위네.\n안쪽에는 통로가 있어.)
0x0007c4aa	3	【노리코】\n(마스터는 매우 칭찬할 것 같아…\n일도 없는데 말을 걸어 버리자)
0x0007c532	2	【노리코】\n(이제 조사를 끝낼까?)
0x0007c5ea	2	【노리코】\n오늘은 이 정도로 해 두죠.
0x0007c635	2	【노리코】\n(조금 더 여기 있자)
0x0007c68a	2	【노리코】\n(아직 조사해야 할 게 있어)
0x0007c730	3	【노리코】\n라이트 블루 조사는\n이런 내용이었어.
0x0007c7fd	4	【코우지】\n그런가…\n그 VTR은 더 이상 타지\n않았는지…
0x0007c85a	2	【코우지】\n…………
0x0007c8b9	5	【코우지】\n음, 없는 것은 어쩔 수 없다. \n라면 당초의 목적대로, 사건의 혼후\n관계를 추급할 뿐. \n기간을 잘라!
0x0007c9f6	1	오디오
0x0007c9fd	1	오디오
0x0007ca08	1	화이트보드
0x0007ca12	1	화이트보드
0x0007ca20	1	［VIP룸에 있던 인물에 대해］
0x0007ca3f	1	［피해자와의 말다툼에 대해］
0x0007ca58	1	［코우지에 대해］
0x0007ca68	1	［방범 카메라에 대해 묻기］
0x0007ca7f	1	［나에 대해 눈치챈 점］
0x0007ca96	1	［VIP 룸의 BGM］
0x0007caaf	1	［플레이어의 기능］
0x0007cac3	1	［플레이어 작동에 대해］
0x0007cadb	1	[사건 발생시에 보냈던 BGM]
0x0007ccad	2	【노리코】\n(라이트 블루의 사무소네)
0x0007cd5c	3	【직원】\n아, 오셨네요.\n기다리고 있었어요.
0x0007d07a	2	【노리코】\n(책상과 의자가 있네)
0x0007d0b8	5	【노리코】\n(종업원의 휴게소도 파고 있는 것\n같다.\n나도 쉬고 싶은 곳이지만,\n다시 한 밟아 최선을 다해야 한다)
0x0007d14b	3	【노리코】\n(같은 오디오 플레이어가\n두 개 망하고 있어)
0x0007d1c6	3	【노리코】\n 어, 부탁이라고 합니까,\n두고 싶은 것이 있습니다.
0x0007d245	2	【직원】\n뭔데요?
0x0007d27e	4	【노리코】\n이전에 받은 발잔 카메라의 비디오\n테이프입니다만,\n있어 더빙한 것이라도 없습니까…
0x0007d314	3	【종업원】\n음...\n내가 몰라서 마스터에 넣어 왔어.
0x0007d392	2	【종업원】\n조금 기다려 주세요.
0x0007d3d6	2	【노리코】\n 죄송합니다.
0x0007d498	2	【종업원】\n기다리게 했습니다…
0x0007d4e7	4	【종업원】\n마스터 테이프를 경찰에 망하고 가서\n이미 수중에는 남아 있지 않은 것\n같다.
0x0007d546	2	【노리코】\n엣, 경찰이?
0x0007d582	3	【노리코】\n......알았습니다. \n 불편을 끼쳐 드려 죄송합니다.
0x0007d5e6	3	【종업원】\n아니, 이쪽이야말로,\n힘이 될 수 없어서 죄송합니다.
0x0007d67b	3	【종업원】\n이제 그 VTR은 없어. \n힘이 되지 않아서 죄송합니다.
0x0007d70f	4	【노리코】\n(직원용 전화가 있네.\n업무 연락을 할 때 많이 쓰나\n봐.)
0x0007d77a	5	【노리코】\n(그래서 벽 옆에 화이트보드가 있는\n거네.\n……라고 추측해 봤는데,\n어떨까?)
0x0007d7ef	3	【노리코】\n(전 직원의 스케줄이 적혀 있네.\n수요일은 전원 휴무구나.)
0x0007d8a2	3	【직원】\n저기, 저에게 물어보고 싶은 게\n있나요?
0x0007d8ee	4	【노리코】\n저기……\n아니요, 오늘 묻고 싶은 건\n대체로 물어본 것 같아요.
0x0007d957	3	【직원】\n그럼 슬슬 일하러 돌아가도 될까요?\n괜찮으세요?
0x0007d9c0	3	【노리코】\n네, 괜찮습니다.\n감사했습니다.
0x0007da23	2	【직원】\n그럼 실례하겠습니다.
0x0007da92	2	【노리코】\n(……나도 슬슬 돌아갈까?)
0x0007db18	1	사무소 앞
0x0007db21	1	사무소 앞
0x0007db3a	1	비상구
0x0007db41	1	비상구
0x0007de3d	4	【노리코】\n(안쪽에 비상구가 있네.\n이 계단을 이용할 일이 없기를\n빌어야겠어)
0x0007e15d	2	【노리코】\n(두꺼운 문이네)
0x0007e1a0	4	【노리코】\n(열쇠 구멍이 있기 때문에,\n아무래도 열쇠를 걸 수 있는 것\n같네)
0x0007e204	3	【노리코】\n(지금은 잠겨 있지 않으니\n문이 열리겠어)
0x0007e27a	5	【노리코】\n(조금 어두운 정도의 묘명이지만,\n그것이 고기감을 느끼게 하는\n분동기를\n계출하고 있어)
0x0007e53d	3	【노리코】\n(청소가 잘 되어 있어서\n깨끗하네.)
0x0007e59d	3	【노리코】\n(예쁜 거울이네.\n크기도 커서 화장 고치기 좋겠어)
0x0007e5fe	5	【노리코】\n(……라고 말하지만, 사실 화장을\n잘\n못해.\n어떻게 하면 잘할 수 있을까?)
0x0007e67c	3	【노리코】\n(예쁜 거울이네.\n크기도 커서 화장 고치기 좋겠어)
0x0007e6fc	1	VIP 룸 문
0x0007e708	1	VIP 룸 문
0x0007e718	1	? ? ?
0x0007e99a	2	【노리코】\n(VIP 룸 문이네)
0x0007e9dd	4	【노리코】\n(안으로 들어가고 싶지만,\n현장을 보존하고 있어서\n들어갈 수 없어……)
0x0007ea59	3	【노리코】\n(이 문은 자동 잠금이야.\n문 반대편으로 가 볼까?)
0x0007eae3	2	【노리코】\n(그럼 저쪽으로 가자)
0x0007eb57	3	【노리코】\n(그렇지.\n이 주변을 조금 더 조사해 보자)
0x0007ebae	5	【노리코】\n(문이 있네.\n뭔가 주의사항 같은 것이 적혀\n있어.\n음……)
0x0007ec11	7	【노리코】\n(아무래도 이 문은 자동 잠금이라\n이쪽에서는 아무 조건 없이 나갈 수\n있지만,\n반대편에서 돌아오려면 비밀번호를\n입력해야\n하나 봐.)
0x0007ec9e	3	【노리코】\n(비밀번호는 VIP 룸 이용자가\n자유롭게 설정할 수 있는 모양이네)
0x0007ecfd	4	【노리코】\n(……그렇다는 건,\n사건 당일 비밀번호를 알고 있던 건\n피해자뿐이었던 걸까……?)
0x0007ed83	5	【노리코】\n(나는 비밀번호를 모르니까\n문 반대편으로 가면 돌아올 수\n없겠네.\n그래도 문 반대편으로 갈까?)
0x0007ee3c	2	【노리코】\n(그럼 저쪽으로 가자)
0x0007eeb0	3	【노리코】\n(그렇지.\n이 주변을 조금 더 조사해 보자)
0x0007ef34	1	사무소
0x0007ef3b	1	사무소
0x0007ef46	1	? ? ?
0x0007f0f4	3	【노리코】\n(이 문을 열면\nVIP룸이네.)
0x0007f154	3	【노리코】\n(……어라?\n문이 안 열려.)
0x0007f1a0	4	【노리코】\n(아무래도 이 통로에서는 VIP룸에\n들어갈 수 없도록\n자동 잠금이 되어 있나 봐.)
0x0007f32f	5	【노리코】\n(이 문은 자동 잠금으로 잠겨\n있네.\n열려면 비밀번호가 필요하지만,\n나는 그 번호를 모르겠어)
0x0007f3e0	1	소장실
0x0007f3e7	1	소장실
0x0007f643	2	【노리코】\n(누마사키 법률 사무소로 돌아왔다)
0x0007f6ac	2	【노리코】\n(여기가 지금의 내 작업장)
0x0007f6f0	4	【노리코】\n(……라고는 해도,\n최근에는 조사가 주\n외출하는 것이 더 많지만)
0x0007f768	2	【노리코】\n(누마사키 법률 사무소네.)
0x0007f8af	4	【노리코】\n(사무실 직원들의 책상이 늘어서\n있네.\n내 책상은 맨 앞쪽이야.)
0x0007f905	4	【노리코】\n(일망하고 싶은 곳이지만,\n아직 조사는 끝나지 않았으니까,\n굉장히 배울 수 없으면…
0x0007f9aa	2	【노리코】\n무리입니다, 타시로 씨.
0x0007fa18	3	【타시로】\n 무리. \n어떻게, 음색은?
0x0007fa60	5	【노리코】\n음…\n험직 말해, 기쁨입니다.\n좀처럼 일근줄에서는 갈 것 같지\n않습니다.
0x0007fadb	6	【다시로】\n그렇다… …\n에서도 이 사건은 너를 크게\n성장시킬\n것이다. \n그렇게 생각해 최선을 다하십시오.
0x0007fb40	3	【노리코】\n은, 네! \n 열심히!
0x0007fb9f	4	【노리코】\n(선배도 칭찬할 것 같으니까,\n소리를 들이는 것은 삼가하지\n않으면...)
0x0007fc2f	3	【노리코】\n(아직 소장과의 이야기가 끝나지\n않아)
0x0007fcc0	1	소장님의 책상
0x0007fcc8	1	소장님의 책상
0x0007fcd4	1	[ VIP 룸에 들어간 인물 ]
0x0007fcef	1	[당일의 복장]
0x0007fd01	1	[이치로와 아사츠유의 관계]
0x0007fd18	1	［사건 발생 후의 BGM에 대해］
0x0007fd36	1	［몇 가지 눈치챈 점］
0x0007ff05	2	【노리코】\n실례하겠습니다.
0x0007ffad	3	【신타로】\n……신조 씨인가.\n수고했네.
0x0008000c	4	【노리코】\n어, 소장님?\n평소에는 이 시간에\n안 계시는데……?
0x0008006f	3	【노리코】\n어, 소장님?\n오늘은 쉬는 날 아니었나요?
0x000800e6	3	【신타로】\n아, 내일 재판을 위해\n조금 서류를 정리해야 해서 말이지.
0x00080146	4	【노리코】\n그러셨군요……\n마침 여쭤보고 싶은 게\n있었는데 잘됐어요.
0x000801c8	3	【신타로】\n말하고 싶은 것……?\n무엇이지?
0x00080214	4	【노리코】\n무리입니다, 소장.\n조금 이야기를 듣고 싶습니다만,\n맞습니까?
0x0008028d	3	【신타로】\n이야기……?\n무슨 일이지?
0x000802de	2	【노리코】\n실례하겠습니다.
0x00080386	3	【신타로】\n……신조 씨인가.\n수고했네.
0x000803e5	4	【노리코】\n어, 소장님?\n평소에는 이 시간에\n안 계시는데……?
0x00080448	3	【노리코】\n어, 소장님?\n오늘은 쉬는 날 아니었나요?
0x000804bf	3	【신타로】\n아, 내일 재판을 위해\n조금 서류를 정리해야 해서 말이지.
0x0008051f	4	【노리코】\n그러셨군요……\n마침 여쭤보고 싶은 게\n있었는데 잘됐어요.
0x000805a1	3	【신타로】\n말하고 싶은 것……?\n무엇이지?
0x00080685	4	【노리코】\n(누마사키 소장… … 일에는\n힘들지만,\n사람에게는 놀다. 상사의 거울이야)
0x000806ee	3	【노리코】\n(나도 이런 잉어가 될 수\n있을까……)
0x0008075d	2	【신타로】\n응, 어땠어?
0x0008079c	2	【노리코】\n아니, 아니, 아무것도 아닙니다…
0x000807e5	3	【노리코】\n(나도 이런 변호사가 되면\n좋겠다……)
0x00080876	3	【노리코】\n소장의 통증…\n매우 깨끗이 독립하고 있네요.
0x000808f2	3	【신타로】\n 거칠고 있는 것이\n 참을 수 없는 성각으로.
0x00080946	3	【노리코】\n나도 소장을 보지 않으면\n안돼.
0x0008099e	3	【신타로】\n신죠가와는 아직 정돈하고 있어. \n범인들 때면......
0x00080a22	3	【신타로】\n음, 각각이 하기 쉽도록\n일을 해 주는 것이 제일이지만.
0x00080a84	2	【노리코】\n(아주 깔끔하게 정리되어 있네)
0x00080aeb	3	【노리코】\n(소장의 통증…\n매우 아름답게 독립되어 있어)
0x00080b42	3	【노리코】\n(이 무엇에 소장의 꼼꼼함이\n나오네)
0x00080b99	2	【노리코】\n(나도 어설프지 않으면…
0x00080be3	2	【노리코】\n(아주 깔끔하게 정리되어 있네)
0x00080da2	2	【노리코】\n(이제 조사를 끝낼까?)
0x00080e52	3	【노리코】\n그럼 저는 이만 실례하겠습니다.\n바쁘신데도 감사했습니다.
0x00080edb	3	【신타로】\n음.\n계속해서 조사를 진행해 주게.
0x00080f26	3	【노리코】\n네.\n그럼 실례하겠습니다.
0x00080f7f	2	【노리코】\n(조금 더 이야기를 들어 보자.)
0x00080fce	5	【노리코】\n(아직 두지 않으면 안 되는 것이\n타고\n있어.\n돌아갈 수는 없다)
0x00081090	3	【노리코】\n소장님에게서 들은 정보는 이런\n내용이었어.
0x0008112d	4	【코우지】\n과연……\n『코지』인가. \n순간, 두근거렸다.
0x00081196	3	【노리코】\n아마, 목격된 젊은 남자가\n『○○코지』일까.
0x00081225	3	【코우지】\n경찰은 이 『코지』와 나를\n무겁게 묶어 올 것이다…
0x000812a6	3	【코우지】\n누구일까,\n이 『코지』는…
0x00081367	4	【코우지】\n피해자, 누마사키 변호사, 콘도\n형사는\n모두 슈트인가.
0x000813d5	3	【코우지】\n아사츠유씨가 사복이었던 것은 나도\n기억하고 있다.
0x0008142d	2	【코우지】\n…………
0x0008148c	2	【코우지】\n과연…
0x0008152e	3	【코우지】\n아사츠유씨가 변호사였다고는…\n놀랐다.
0x000815a6	5	【노리코】\n이죠? \n게다가 시라카와 그룹의 고문\n변호사를\n하고 있었다니…
0x00081631	2	【코우지】\n그런 것 한마디도 말해주지 않았다…
0x000816a0	4	【노리코】\n컨디션을 쓰러뜨리고 길을 섰다고\n소문도\n신경이 쓰이는 곳이지.
0x00081720	3	【코우지】\n아사츠유씨에게 두어도,\n분명은 얼마 되지 않을까…
0x000817e2	4	【코우지】\n그렇구나!\nBGM이 재생되지 않았어……\n이 사실은 커!
0x00081893	2	【코우지】\n이걸로 모든 사실이 뒤집혀!
0x000818ff	3	【노리코】\n엣......\n무슨 일......?
0x00081969	4	【코우지】\n당일의 VIP룸 내에는,\n본교라면 클래식이 보냈을 텐데,\n어째서 보낼 수 없었다고 무겁다?
0x00081a02	6	【노리코】\n마지막까지 재생하면 처음으로\n돌아가도록\n루프 재생하고 있다고\n들었고......\n전원이 생겼어?
0x00081a81	4	【코우지】\n그것도 가능성의 하나이지만,\nCD 이외의 음원이 걸려 있었다고\n무겁다.
0x00081aed	3	【코우지】\n그리고 포인트는 또 하나. \n교내에 떠들썩한 총성이다.
0x00081b60	5	【코우지】\n이 총성은 VIP룸에서 들린 거야.\n그래서 관계자들이 VIP룸으로\n달려간\n거고……
0x00081bec	4	【코우지】\n뭔가 걸리지 않는가… \n 보낼 수 없었던 BGM. \n그리고 총성…
0x00081c62	3	【코우지】\n이 정보를 권리하면\n있는 역론이 굵은!
0x00081cee	5	【코우지】\nVIP 룸에서 보낼 수 없었던\nBGM. \n교내에 울려 퍼진 총성. \n이것을 권해!
0x00081e3e	2	【코우지】\n(아니야, 그게 아니야!)
0x00081e9e	4	【코우지】\n(실내에 총성이 울려 퍼졌다는\n사실에서\n도출되는 것!)
0x00081f08	3	【코우지】\n(BGM 대신 재생된 다른 음원의\n가능성!)
0x00081f60	3	【코우지】\n(여기서 도출할 수 있을 거야……\n새로운 가설을!)
0x00082005	7	【코우지】\n우선 생각해야 할 건, 원래\nVIP룸\n안에서\n재생되고 있었어야 할 클래식이\n사건 발생 후에는 재생되지 않았다는\n거야.
0x00082087	4	【코우지】\nCD는 반복 재생이야.\n플레이어를 건드리지 않았다면\n계속 클래식이 흘렀을 거야.
0x000820fb	5	【코우지】\n그리고 또 하나 중요한 점은,\nVIP룸에\n방음 장치가 설치되어 있었다는\n거야.
0x0008218c	5	【코우지】\n그런데 왜 총성이 실내에 울려 퍼진\n걸까.\nVIP룸의 문이 열려 있었기\n때문이야!
0x00082246	2	【노리코】\n왜 그런 일을……?
0x000822c6	6	【코우지】\n이렇게 생각하면 돼……\n총성이 들린 시각, 즉 0시\n44분이\n범행 시각이라고 믿게 하기\n위해서야!
0x0008234d	4	【코우지】\n0시 44분에\n확실한 알리바이를 만들어 두면,\n범인은 용의자에서 제외될 수 있어.
0x000823cd	4	【노리코】\n알리바이 조작을 위해\n외부 음원에 녹음해 둔 총성을\nVIP룸의 스피커에서 재생했다……?
0x0008245a	4	【코우지】\n그런 거야!\n실제 범행 시각은 0시 44분보다\n전이겠지.
0x000824dd	3	【노리코】\n……코우지의 추리가 맞다면\n관계자 전원의 알리바이가 무너져!
0x0008254f	6	【노리코】\n0시 44분에는 소장님도 미즈타니\n씨도\n콘도 형사도 홀에 있었으니\n서로 알리바이를 증명해 주고\n있었지만……
0x000825d8	3	【노리코】\n범행 시각이 그보다 전이라면\n확실한 증명을 할 수 없게 돼!
0x00082657	3	【코우지】\n알리바이가 불확실한 건\n나뿐만이 아니라는 뜻이야!
0x00082758	2	【코우지】\n이제 저 정보가 맞다면……!
0x000827ca	4	【노리코】\n시라카와 이치로 살해 사건의\n건이지만,\n소장님, 당일 현장에 계셨지요?
0x00082854	4	【신타로】\n아, 그 날은 시라카와가와에\n예정되어,\n확실히 현장에 있었어.
0x000828ad	5	【노리코】\n거기서 당일, 현장이 된 VIP\n룸내에\n입은 인물을 알고 있으면\n가르쳐 주셨으면 하고 무거워서…
0x00082949	4	【신타로】\n후무......\n그날 VIP 룸에 들어간\n인물인가......
0x000829af	4	【신타로】\n맞아…\n우선은 피해자의 시라카와가와…\n그리고 나…
0x00082a11	2	【노리코】\n그것은 2명 동시에 들어갔습니까?
0x00082a7e	4	【신타로】\n그런가, 우선은 그 어떠한\n경위로부터\n이야기할까.
0x00082af8	4	【신타로】\n나는 아야에 훔쳐,\n교의 밖에서 23시경에 만남을\n하고 있었다.
0x00082b6b	3	【신타로】\n그리고 둘이서 교에 들어가,\n그대로 VIP룸에 들어갔다…
0x00082bc5	4	【노리코】\n 음......\n어떤 일로\n예정되었나요?
0x00082c3b	5	【신타로】\n아니, 실은, 아야에 예정된\n것만으로,\n당일의 일의 내용까지는 놓여져\n없었다.
0x00082cb3	4	【신타로】\n『이따가 사람을 만날 약속이 있다.\n조금 반가운 이야기도 할 예정이니\n문제가 생기면 대응해 주게』
0x00082d35	2	【신타로】\n시라카와가와에게 그렇게 말했어.
0x00082d87	4	【신타로】\n그 언선에는 잠시 밖에서\n대기하고 있었으면 좋겠다고 뉘앙스도\n매달려 있었어요.
0x00082dfc	3	【신타로】\n그래서 나는 VIP룸을 나와\n가볍게 식사를 하고 있었어.
0x00082e54	3	【노리코】\n그럼, VIP룸에 누가 들어갔는지,\n소장은 모르겠네요.
0x00082ec3	2	【신타로】\n 아, 맞아.
0x00082f26	5	【신타로】\n단지, 적어도 시라카와가와가 만나는\n긴자를\n하고 있던 인물은 들어간 것이\n아닐까.
0x00082f89	2	【노리코】\n그 사람은 어떤 사람입니까?
0x00082fef	4	【신타로】\n아니, 나는 그 사람을 만나지\n않아서\n모르겠어.
0x00083067	4	【신타로】\n이름만은 시라카와가와에서 두었지만.\n분명…… 명처는 건드렸지만,\n아래의 이름은 『코지』였다.
0x00083104	3	【신타로】\n피의자의 이름도 『코지』일까? \n그래서 이름만은 기억하고 있었어.
0x0008316b	3	【노리코】\n그것을 두면 충분합니다. \n감사합니다.
0x000831fd	3	【신타로】\n내가 알고 있는 범위에서\n당일 VIP룸에 들어간 것은…
0x0008326a	5	【신타로】\n시라카와가와, 나, 그리고\n시라카와가와가\n생각하고 있던\n『코지』라는 이름의 사람이다.
0x000832f5	3	【신타로】\n가장, 사건 발생 후에는,\n콘도강과 미즈타니강도 들어갔지만.
0x00083360	4	【노리코】\n사건 당일에 관계자가 입고 있던\n복장을\n 기억하고 있습니까?
0x000833dc	4	【신타로】\n복장인가…\n정장을 입고 있었어.\n시라카와 강도 정장이었다.
0x00083446	3	【신타로】\n콘도 강도 정장이었다.\n미즈타니가와는 사복이었다.
0x000834cb	3	【노리코】\n조금 프라이빗의 이야기이므로\n두기 힘들지만…
0x00083544	3	【신타로】\n뭐야? \n 말해줘.
0x0008358a	5	【노리코】\n피해자와 미즈타니 아사츠유씨가\n자기로부터의 아는 것이었다고 하는\n이야기를 두었습니다. \n두 사람은 어떤 관계였는지...
0x0008362f	4	【신타로】\n훔…\n어쩌면 너는 미즈타니 강을 의심하고\n있을까?
0x00083685	3	【노리코】\n네.\n용의자 중 한 명이라고 무겁습니다.
0x00083701	4	【신타로】\n그렇다면, 이야기는 다르다. \n 내가 아는 것을 가르치지\n않겠습니까?
0x0008376a	4	【신타로】\n미즈타니가와는 한때 유취한\n변호사로서\n명을 늘리고 있어.
0x000837d6	3	【노리코】\n엣… \n미즈타니 씨는 변호사였어요! ?
0x0008384e	6	【신타로】\n아아, 민사소송으로 몇 번인가 싸운\n적이\n있어.\n어쨌든 성격이 강한 사람이었지.\n전적은 호각이었다고 생각해.
0x000838d3	4	【노리코】\n에엣! ? \n소장을 하고 5분 5분입니까? ? \n그건 대단하네요......
0x00083957	6	【신타로】\n일시 자신감을 없앤 정도. \n저쪽은 당시 신진의 변호사였던\n것이고. \n말하는 방법은 아쉽지만, 이런 작은\n딸에게......라고 무거웠어.
0x000839f3	5	【신타로】\n그런 능녀이지만, 실은 나의\n전임자야. \n즉, 시라카와 그룹의 고문 변호사를\n하고 있었어.
0x00083a76	2	【노리코】\n에엣, 그랬습니까......! ?
0x00083ae3	4	【신타로】\n당시 시라카와 그룹은\n하늘을 나는 새도 떨어뜨릴 기세로\n성장하고 있었지……
0x00083b67	7	【신타로】\n그럴 때는 적지 않고 트러블을\n기쁘게\n자아내는 것이네요. \n작은 트러블부터 큰 민사 소송까지,\n아야메가 혼자 역리하고 있었다고\n한다.
0x00083c25	3	【신타로】\n하지만 어느 날 갑자기\n시라카와 준이 해고했어.
0x00083c85	3	【노리코】\n왜? \n뭔가 큰 실패를 했다고?
0x00083cfc	3	【신타로】\n아니, 뽕나무 리웬은 모르겠어. \n그야말로 프라이빗한 리오웡이지요.
0x00083d89	4	【신타로】\n컨디션을 쓰러뜨렸기 때문이라고 놓은\n적은\n있지만…
0x00083e06	5	【신타로】\n내가 아는 시라카와강과\n미즈타니가와의\n관계는\n그 정도다.
0x00083e5f	4	【노리코】\n그래요......\n감사합니다. \n사고가 되었습니다.
0x00083f36	3	【신타로】\n미즈타니가와는 이전,\n시라카와 그룹의 고문 변호사였어.
0x00083fb7	6	【노리코】\n사건이 발생했을 때…\n즉 총성이 가게 안에 느껴졌을 때가\n됩니다만,\n소장도 VIP 룸으로 달려가고\n있지요?
0x00084075	5	【신타로】\n 아, 맞아. \n확실히 콘도강, 미즈타니강의 뒤를\n제외하고,\nVIP룸 안에 들어갔어.
0x000840e3	4	【노리코】\n그 때, VIP 룸내에 BGM이\n보냈다\n기억이라든가 없습니까?
0x00084167	3	【신타로】\nBGM......?\n아니, 기억이 안나.
0x000841b5	4	【노리코】\n당일의 VIP룸은,\n피해자의 리퀘스트로 클래식을\n송하고 있었을 것입니다.
0x00084248	3	【신타로】\n… … 그렇게 말하면 그랬을지도\n모른다.
0x000842ba	5	【신타로】\n훔… \n 확실히 시라카와가와는 그런 요청을\n하고\n있었구나…
0x00084343	5	【신타로】\n......그런가. \n그렇게 생각하면, 사건 발생 후에\nBGM은\n걸리지 않았을지도 모른다.
0x000843b9	5	【신타로】\n 그래, 걸리지 않아. \n총성이 들려 VIP 룸으로\n달려들었을 때\n음악은 보내지 않았다.
0x0008443c	2	【노리코】\n그것은 확실합니까?
0x0008449f	3	【신타로】\n아, 확실히 생각해냈어. \n증언보에 서도 좋을 정도다.
0x0008453f	3	【신타로】\n사건 발생 후의 VIP룸에\nBGM은 걸리지 않았어.
0x000845a7	3	【노리코】\n사건에 대해서,\n뭔가 깨달은 적 없습니까?
0x0008461d	3	【신타로】\n그렇네......\n지금은 없을까.
0x0008468d	2	【코우지】\n그리고……
0x00084708	1	소장실
0x0008470f	1	소장실
0x00084a58	2	【노리코】\n(누마사키 법률 사무소네.)
0x00084bf4	4	【노리코】\n(사무실 직원들의 책상이 늘어서\n있네.\n내 책상은 맨 앞쪽이야.)
0x00084c4a	4	【노리코】\n(일망하고 싶은 곳이지만,\n아직 조사는 끝나지 않았으니까,\n굉장히 배울 수 없으면…)
0x00084cbb	3	【노리코】\n(선배도 칭찬할 것 같으니까,\n소리를 들이는 것은 삼가면…
0x00084d30	3	【노리코】\n(아직 소장과 이야기가 끝나지\n않아)
0x00084db0	1	소장님의 책상
0x00084db8	1	소장님의 책상
0x00084dc4	1	[누마사키 신타로의 알리바이]
0x00084ddd	1	[누마사키 신타로와 이치로의 관계]
0x00084dfa	1	[콘도 숙미와 이치로의 관계]
0x00084e15	2	[미즈타니 아사츠유와 이치로의\n관계]
0x00084e30	1	[미나즈키 코우지와 이치로의 관계]
0x00084e4d	1	[피해자와 미사에의 유창 처음]
0x00084e6a	1	[시라카와 신지에 대해]
0x00084e7f	1	[가쓰요와 신지의 관계]
0x00085154	2	【노리코】\n실례하겠습니다.
0x000851f7	3	【신타로】\n……신조 씨인가.\n수고했네.
0x00085250	4	【노리코】\n어, 소장님?\n평소에는 이 시간에\n안 계시는데……?
0x000852b3	3	【노리코】\n어, 소장님?\n오늘은 쉬는 날 아니었나요?
0x0008532a	3	【신타로】\n아, 내일 재판을 위해\n조금 서류를 정리해야 해서 말이지.
0x0008538a	4	【노리코】\n그러셨군요……\n마침 여쭤보고 싶은 게\n있었는데 잘됐어요.
0x0008540c	3	【신타로】\n말하고 싶은 것……?\n무엇이지?
0x00085458	4	【노리코】\n소장에게 물어보고 싶은 것이\n있습니다만,\n지금, 괜찮습니까?
0x000854d4	3	【신타로】\n아, 좋다고도. \n무엇을 넣고 싶어?
0x0008562f	3	【노리코】\n(나도 이런 변호사가 되면\n좋겠다……)
0x0008568e	2	【노리코】\n(아주 깔끔하게 정리되어 있네)
0x000856de	2	【노리코】\n(아주 깔끔하게 정리되어 있네)
0x00085d0d	2	【노리코】\n(이걸로 조사를 끝낼까요?)
0x00085dc8	3	【노리코】\n그럼 저는 이만 실례하겠습니다.\n바쁘신데도 감사했습니다.
0x00085e51	3	【신타로】\n음.\n계속해서 조사를 진행해 주게.
0x00085e9c	3	【노리코】\n네.\n그럼 실례하겠습니다.
0x00085ee4	2	【노리코】\n(조금 더 이야기를 들어 보자)
0x00085f3c	3	【노리코】\n(아직 물어봐야 할 게 남아 있어.\n아직 돌아갈 수는 없겠네)
0x00085ff6	3	【노리코】\n소장님에게서 들은 정보는 이런\n내용이었어.
0x0008609c	4	【노리코】\n(소장의 알리바이를 가르쳐 주었으면\n한다니,\n말하기 어렵지…
0x000860f8	5	【노리코】\n 음......\n사건 당일입니다만,\n소장은 몇시쯤에 라이트 블루에\n도착했었는데?
0x0008618d	5	【신타로】\n내가 바에 도착한 것은,\n23시경이었다.\n\n시라카와가와가 도착한 것도 같았다.
0x000861fc	3	【노리코】\n거기서 2명은\nVIP 룸에 들어갔지요?
0x00086259	4	【신타로】\n맞아.\n거기서 5분 정도 가벼운 가랑이\n맞추어…
0x000862b8	4	【신타로】\n라고 하기보다, 내가 라이트 블루에\n예정된 이경을\n놓여졌다.
0x0008633c	4	【신타로】\n『이따가 사람을 만날 약속이 있다.\n조금 반가운 이야기도 할 예정이니\n문제가 생기면 대응해 주게』
0x000863be	5	【신타로】\n그 언선에는 잠시 밖에서\n대기해 주었으면 한다고 하는\n뉘앙스도\n표시되어 있었어요.
0x00086427	5	【노리코】\n그러니까 홀에서 식사를 하고\n있었어요? \n그렇게 되면, 적연히 총성이 놓여져\nVIP룸으로 향했다…
0x000864ce	2	【신타로】\n 아, 그대로.
0x0008650c	4	【노리코】\n그때까지,\nVIP 룸에는 한 번도 들어가지\n않았습니까?
0x0008656e	2	【신타로】\n 아, 들어가지 않았다.
0x000865af	2	【노리코】\n쭉 홀에서 식사를 하고 있었나요?
0x0008661c	2	【신타로】\n하하하, 마치 취조 같다.
0x00086663	3	【노리코】\n어......\n죄송합니다......
0x000866ca	5	【신타로】\n아니, 좋다. \n관계자의 알리바이를 두는 것은\n조사의\n간본이니까.
0x00086736	4	【신타로】\n조금 시원하게 말하지만,\n실은 당일, 조금 컨디션이\n아쉬워서…
0x000867bd	5	【신타로】\n0시 딱 정도였기 때문일까… \n40분 정도, 화장실에 들고\n있었어. \n조금 더러운 이야기로 죄송하지만.
0x0008685d	5	【신타로】\n0시 조금 전 정도였기 때문에… \n40분 정도, 화장실에 들고\n있었어. \n조금 더러운 이야기로 죄송하지만.
0x000868e4	2	【노리코】\n아니에요……
0x00086928	5	【신타로】\n사건이 깨어나기 직전까지\n화장실에 있었기 때문에,\n그 사이의 교내의 사정은 잘\n모르겠네.
0x0008699e	4	【신타로】\n그 후 잠시 후,\n점내에 총성이 느껴져,\nVIP룸에 달려갔지만…
0x00086a21	2	【노리코】\n피해자는 벌써 죽고 있었군요.
0x00086a98	3	【신타로】\n그때는 쇼크보다\n무엇이 붐비는지 모르고…
0x00086af8	5	【신타로】\n마침내 최근에,\n시라카와가와가 죽었어도 실감이\n날아왔어…\n이제 시라카와가와는 없어…
0x00086b78	2	【노리코】\n소장…
0x00086bd7	4	【신타로】\n말하는 것으로는, 그런 곳이구나. \n화장실에서 왠지 붐비는 것도\n아니고.
0x00086c34	3	【노리코】\n알았습니다. \n감사합니다.
0x00086cbf	2	【신타로】\n그날은 다음의 상태가 아쉬웠어…
0x00086d1e	4	【노리코】\n피해자와 소장은,\n고교생의 무렵부터의 교제라고\n들었습니다만…
0x00086db6	4	【신타로】\n그대로야. \n수자와 고등학교에서 3년간 같은\n클래스였다.
0x00086e26	6	【신타로】\n대학에서 별개가 되어,\n졸업하고 나서도 나는 호조계,\n아야는\n상업계와\n진언도 전혀 다르다.
0x00086ebc	4	【신타로】\n그래도 종종 연락은 주고받았지.\n술 한잔하면서 서로 근황을 나누곤\n했어.
0x00086f3c	5	【노리코】\n에서도 처음부터 시라카와 그룹의\n고문\n변호사를\n하고 있던 것은 아니었죠?
0x00086fb7	3	【신타로】\n프라이빗과 일은 나누고 싶었으니까.\n하시계선 같은 것을 끌고 있었다.
0x00087029	5	【신타로】\n시라카와가와로부터는 몇 차례 쿠폰을\n받은\n적이 있었지만,\n반쪽 담담 마술이었고.
0x00087098	4	【노리코】\n하지만 지금은\n시라카와 그룹의 고문 변호사가\n되었지요......?
0x00087124	4	【신타로】\n응, 아......\n아니, 신죠가와의 추급은 어렵다.\n위래 유망하다.
0x0008718c	3	【노리코】\n아, 죄송합니다....\n그런 생각은...
0x00087201	7	【신타로】\n아니, 좋아.\n그때는 그때까지 시라카와 그룹의\n고문\n변호사\n상당하고 있던 사람이 투투에\n몰아라.
0x0008727e	2	【노리코】\n미즈타니씨군요…
0x000872cb	8	【신타로】\n그대로. \n당시 시라카와 그룹에서 기쁘게 하고\n있던\n트러블이\n일부 있어, 그래서 나에게\n시라이카의\n건이 살찐다.
0x00087353	3	【신타로】\n그것이 2001년경이었다. \n이래, 함께 일을 하게 됐어.
0x000873fc	3	【신타로】\n시라카와가와와 함께 일하게 된 것은\n2001년경부터야.
0x0008747c	3	【노리코】\n콘도 형사와 피해자는,\n소장과 같은 고등학교 출신이었지요?
0x00087505	3	【신타로】\n아, 그대로지만......\n콘도강인가.
0x00087551	2	【노리코】\n피해자와 콘도 형사는 풍부했어요?
0x000875c1	2	【신타로】\n…………
0x000875fc	3	【노리코】\n(어라……?\n눈부시게 불쾌해 보인다…
0x00087660	4	【신타로】\n......죄송하지만,\n아야들의 이야기는 그다지 하고 싶지\n않아.
0x000876b5	2	【노리코】\n네……?
0x000876fb	4	【신타로】\n정확하게는, 별로 내 입에서\n이야기하고\n싶지 않아.
0x00087758	4	【신타로】\n그 사람들 이야기는, 미즈타니 씨가\n더 자세히 알 거야.\n그녀에게 물어보면 돼.
0x000877be	2	【노리코】\n…………
0x0008783c	3	【신타로】\n아야등의 관계에 대해서는,\n나로부터는 이야기하고 싶지 않아.
0x000878a2	3	【노리코】\n피해자와 미즈타니씨의 관계에 대해,\n무엇인가 아시는 일, 있습니까…
0x00087931	4	【신타로】\n훔……\n시라카와 강과 미즈타니가와의 관계,\n이봐…
0x000879ab	5	【신타로】\n미즈타니가와가\n아야의 회사의 고문 변호사를 하고\n있었다고 하는 이야기는\n전에 했지?
0x00087a17	3	【노리코】\n네.\n뭐든지, 스고팔이었다든가.
0x00087a71	2	【신타로】\n아, 작가였어.
0x00087abf	4	【신타로】\n나와 직접 대결했을 때도, 아야녀는\n신진이었음에도 불구하고,\n정격의 승실을 도전해 왔으니까.
0x00087b60	6	【신타로】\n반대로 말하면, 그 이외는 아무것도\n모른다. \n아야메가 시라카와 그룹의 고문\n변호사에\n속임하는 과정도 세워라.
0x00087bf9	6	【신타로】\n단지, 나 자신, 시라카와 그룹의\n고문\n변호사를 하고 있어,\n 몇번이나 어려운 트러블을 경험해\n왔다.
0x00087c9e	7	【신타로】\n같은 경험을 미즈타니가와도 해 온\n것을\n생각하면,\n정력적으로 상당히 강할 것이라고는\n알 수\n있어.
0x00087d47	4	【신타로】\n아야메가 변호사를 하고 있던 것\n이외는,\n별로 잘 모르는 거야.
0x00087db6	6	【노리코】\n미나즈키 코우지라는 분, 알고\n계십니까?\n\n사건 당일, 피해자를 만나던 젊은\n남자입니다만…
0x00087e55	5	【신타로】\n미나즈키… … 미나즈키… … 아,\n기억했다. \n시라카와 설계에 복귀한 전\n사원이지?
0x00087ec1	4	【노리코】\n네. \n미나즈키씨와 피해자의 관계를 알고\n계십니까?
0x00087f44	4	【신타로】\n흠…\n뭐든지 별로 좋은 관계가\n아니었다든가…
0x00087fbe	3	【신타로】\n……별로 모르는 인간이 말하는 것이\n아니구나.
0x0008801b	5	【신타로】\n내가 속임하기 전,\n2명의 사이에 트러블이 있었던 것\n같지만,\n별로 시원하지 않다.
0x000880be	4	【신타로】\n2명의 사이에 있던 트러블에\n관해서는,\n별로 시원하지 않다.
0x0008813c	4	【노리코】\n피해자와 미사에씨의 유혹 처음에\n대해\n방문하고 싶습니다만…
0x000881d3	3	【신타로】\n훔……\n그것도 사건에 관계가 있는 것인가?
0x00088224	6	【노리코】\n직접은 관계없습니다만,\n피해자를 뒤집는 인물을 특정하기\n위해서,\n피해자 자신의 위인을 알고 두려고\n무거워.
0x000882bf	6	【노리코】\n내가 피해자에 대해 조사한\n느낌이라면,\n매우 일 관심있는 분인 것 같았기\n때문에,\n조금 의외로 거듭했어요.
0x0008834b	4	【신타로】\n음, 확실히 이전의 시라카와가와는,\n가모기를 돌보지 않고 일에 가라앉는\n타입이었다.
0x000883e9	8	【신타로】\n그래서 재혼의 상담을 아야의\n입으로부터\n들었을 때는,\n에이프릴후르인가라고 의심했어. \n게다가, 이 나에게 연애의 상담을\n가르쳐\n온다고는…
0x0008848c	4	【노리코】\n에서도, 소장과 피해자의\n시라카와씨는\n고등학교 시절부터의 교제였지요?
0x000884f9	4	【노리코】\n라면, 당연하네요. \n그것만 소장을 신뢰하고\n상담을 격려한 건가요?
0x0008858d	2	【신타로】\n나를 신뢰해,인가…
0x000885d7	2	【노리코】\n…………?
0x00088638	7	【신타로】\n뭐, 재혼하는 사실보다 가시한\n것은,\n그 이경이다.\n뭐든지 시라카와가와가 한눈에 무덤\n한 것\n같다.
0x000886c3	2	【노리코】\n엣, 한눈에 무덤?
0x00088731	2	【신타로】\n의외일까?
0x00088793	5	【신타로】\n이승, 가문서비스에 방황하게\n되었으니까,\n정말로 미사에씨를 사랑하고 있었을\n것이다.
0x00088845	5	【신타로】\n시라카와가와는 미사에씨에게 첫눈에\n무덤을\n썼다. \n 의외일까?
0x000888bc	2	【노리코】\n피해자에게는 어가 있는 것 같네요?
0x00088930	2	【신타로】\n아, 신지강인가.
0x00088973	2	【노리코】\n어떤 분이었나요?
0x000889bf	4	【신타로】\n훔……\n시라카와 하우징 내의 입장은\n부사장이었다.
0x00088a28	4	【신타로】\n성각을 한마디로 연령한다면,\n시라카와가와는 움직이는 사람으로,\n신지강은 묘의 사람이었어.
0x00088ab5	6	【신타로】\n시라카와 그룹의 강압적인 경영\n방식에\n당시 사원들은 적지 않게 불만을\n품고\n있었지……
0x00088b4f	5	【신타로】\n그것을 신지강이 잘 중화하고\n있었다. \n 부하의 이야기를 제대로 두어\n주었어.
0x00088bc1	4	【신타로】\n신지강이 없었다면,\n시라카와 그룹은\n성태하지 않았을지도 모른다.
0x00088c46	7	【신타로】\n그런 신지였지만, 7~8년 전에\n세상을\n떠났어.\n태어날 때부터 신장이 좋지 않아\n투석 치료를 빼놓을 수 없는\n몸이었지……
0x00088ce5	5	【신타로】\n그럴 때, 신장 이식의 이야기가\n솟아오르고. \n소망을 걸고 격유했지만,\n실패해 죽어 버렸어.
0x00088d79	3	【노리코】\n… … 죽은 것은 알고 있었지만,\n이식 수술의 실패였군요…
0x00088de7	7	【신타로】\n그때는 시라카와가와도 붙어 멋지고\n함께\n격유하고 있었구나. \n 좋아질 것이 역의 결과가 되어\n버려,\n광이었을 것이다.
0x00088e74	3	【노리코】\n피해자도 함께…\n두 사람은 그렇게 풍부했습니까?
0x00088f04	6	【신타로】\n표면적으로는 특별풍이 좋았던 것은\n아니지만,\n음, 그것은 어려운 어른이니까. \n내면에서는 신뢰하고 있었던 것이\n아닐까.
0x00088f91	2	【노리코】\n그렇군요……
0x00089077	3	【신타로】\n시라카와가와가 움직이는 사람이라면,\n신지강은 묘의 사람이었다.
0x000890f1	5	【신타로】\n하지만 신장 이식 수술을 받으려고\n유럽까지 건너갔는데,\n수술은 실패…\n그게 원인이 되어 세상을 떠났어.
0x00089182	3	【노리코】\n소장은 사이토 카츠요 씨를\n아십니까?
0x000891f2	3	【신타로】\n사이토 카츠요… \n 들었던 것 같은......
0x00089269	3	【신타로】\n그것은 피의자의 사이토 코우지와\n어떤 관계가 있는 사람일까?
0x000892c9	3	【노리코】\n그래. \n사이토 코우지 씨의 어머니입니다.
0x00089338	3	【신타로】\n 과연, 어머니? \n 그럼, 그쪽이?
0x00089385	4	【노리코】\n실은, 시라카와 신지씨가\n한때 동경하고 있던 여성인 것\n같습니다.
0x00089408	2	【신타로】\n신지강이 동경했던 사람?
0x00089478	4	【신타로】\n그 니코씨가 사건의 피의자라고 하는\n것인가… ? \n매우 이상한 인연이다.
0x000894fd	2	【신타로】\n훔… … 조금 신경이 쓰이네.
0x00089567	5	【신타로】\n아니, 기다려.\n사이토 가쓰요…\n그래, 그 사이토 카츠요 씨인가!\n?
0x000895cc	2	【노리코】\n무엇인가 무거운 냈어요! ?
0x0008961c	4	【신타로】\n 아, 기억해. \n사이토 카츠요의 이름은\n확실히 신지강에서 들은 적이 있다.
0x000896aa	4	【신타로】\n......그런가. \n그때가 신지강과 감시했다\n마지막의 사화였다…
0x0008976f	2	【신지】\n실례합니다.
0x000897c2	3	【신타로】\n아, 신지강? \n무슨 일이야?
0x00089819	2	【신지】\n…………
0x00089852	4	【신타로】\n그러고 보니, 가까이, 격유하는 것\n같네요. \n신장을 이식하는 거야?
0x000898ca	2	【신지】\n네…
0x00089901	3	【신타로】\n이식 수술이 성공하면\n투석에서도 해방되겠지.
0x00089961	5	【신타로】\n그렇게 되면, 일에도 집중할 수\n있게\n된다. \n 난 너에게 촛대가 있어.
0x000899c2	5	【신타로】\n 노력해,\n지금 이상으로 시라카와 그룹을\n잠그어\n줘.
0x00089a41	3	【신지】\n그렇군요.\n이식 수술이 성공한다면 말이지만……
0x00089a93	2	【신타로】\n… … 수술이 불안한 것일까?
0x00089ad9	4	【신타로】\n이식 수술 중에서도\n신장 이식은 성공률이 높다더군.\n괜찮아, 성공할 거야.
0x00089b85	3	【신지】\n… … 그렇네요. \n나 너무 무겁다.
0x00089bdb	5	【신지】\n그런데,\n누마사키선생님은 지금의 시라카와\n그룹을\n어떻게 무겁습니까?
0x00089c35	4	【신타로】\n어떻게......라고 놓으면,\n어느 부분에 대해 대답하면 좋은\n것인가…
0x00089cb5	2	【신지】\n용, 의 부분입니다.
0x00089cf3	2	【신타로】\n......별로 잘 안 돼.
0x00089d36	4	【신타로】\n나는 이치로강에 얽매이고 있는\n입장이니까,\n별로 나쁘게는 말할 수 없지만…
0x00089d9a	3	【신타로】\n험직하게 말하게 하면,\n내의 정책에 반하는 곳이야.
0x00089df2	3	【신타로】\n시라카와 하우징의 부사장인 신지에게\n할 말은 아니지만 말이야.
0x00089e5c	5	【신지】\n정책에 위배…\n그래도 고문 변호사인 것은\n오빠에게 적을 쥐고 있기\n때문이지요?
0x00089ed7	2	【신타로】\n…………
0x00089f1f	3	【신지】\n미안해......\n아무것도 할 수 없어서......
0x00089f66	4	【신타로】\n아니, 신지강이 사과하는 것이\n아니다. \n 이것은 내 자신의 문제입니다.
0x00089fe7	3	【신지】\n…\n있어요.
0x0008a038	2	【신타로】\n이야기하고 싶은 것?
0x0008a084	4	【신지】\n네. \n나를 위해 희생되어 버린\n2명의 여성의 이야기입니다.
0x0008a0e3	3	【신타로】\n……그 이야기는,\n내가 넣어 좋은 것인가?
0x0008a140	4	【신지】\n누마사키선생님이\n제일 신용할 수 있으면 무겁기\n때문에.
0x0008a190	3	【신타로】\n알았어, 둘까? \n 말해줘.
0x0008a228	4	【신지】\n첫사랑의 사람의 이야기입니다. \n 사이토 카츠요 씨, 라는\n여성입니다.
0x0008a2ac	6	【신지】\n태어나 신장이 적이었던 나는,\n어린 시절부터 별로 외출하지 않고,\n오빠 이외의 사람과 별로\n이야기하는\n일이 없었습니다.
0x0008a357	6	【신지】\n그렇게 당겨 사안의 나의 세계를\n높여\n주는 것이\n어머니씨입니다. \n준텐 고등학교의 두 선배였습니다.
0x0008a3ee	4	【신지】\n그녀는 때로는 나를 아들처럼 아껴\n주었고,\n때로는 호되게 꾸짖어 주었습니다.
0x0008a464	3	【신지】\n그녀에게 마음을 품기까지,\n그렇게 오래 걸리지는 않았습니다.
0x0008a4bf	2	【신타로】\n…………
0x0008a507	5	【신지】\n그녀가 졸업하고 결혼한 뒤에도,\n저는 계속 그녀를 그리워했습니다.\n그녀의 상황이 늘 마음에\n걸렸습니다.
0x0008a5bd	2	【신지】\n그리고, 그 사건이 흩어졌습니다…
0x0008a604	2	【신타로】\n그 사건…
0x0008a650	3	【신지】\n……아야 씨의 남편을,\n오빠가 죽이고 말았습니다.
0x0008a6ba	4	【신지】\n나는......\n오빠를 뿌리려고 하면\n흙 수 있을지도 모른다…
0x0008a722	5	【신지】\n그렇지만 나는…\n오빠를 뚫을 수 없었다…\n나는 첫사랑의 사람을 지키지\n못했다…
0x0008a790	2	【신타로】\n…………
0x0008a82f	5	【신지】\n그녀에게는 이미 아이가 있었습니다.\n그래서 저는 그녀에게 생활비 지원을\n제안했습니다.\n솔직하게 프러포즈도 했습니다.
0x0008a8de	3	【신지】\n에서도, 검증되었습니다. \n동정할 필요가 없다고 했습니다.
0x0008a941	4	【신지】\n그리고, 그 어선을\n더 앞에 두고 싶었다고도\n말씀하셨습니다…
0x0008a9a7	3	【신지】\n그때까지 쭉 뻔했어요…\n아야녀에게 거절되는 것이…
0x0008aa19	4	【신지】\n좀 더 솔직하게 말했다면,\n그녀를 슬프게 하지 않아도 됐을\n텐데……
0x0008aa70	4	【신타로】\n......너는 서투른다. \n그렇게 자신을 주석하는 것이\n아니다…
0x0008aad9	2	【신지】\n…………
0x0008ab38	4	【신지】\n실은 그런 나에게,\n그 어선을 걸어 주는 여성이\n나타났습니다.
0x0008ab8f	3	【신타로】\n오, 그래! \n그것은 좋지 않았다! !
0x0008ac03	2	【신지】\n아끼고 있는 것은, 그것입니다.
0x0008ac5a	4	【신지】\n그녀가 싫은 건 아닙니다.\n하지만 제 마음속에는 아직 카츠요\n씨가……
0x0008acc1	3	【신타로】\n하하하! \n 너는 상당히 서투른다! !
0x0008ad0d	4	【신타로】\n나도 네, 너의 기탄은 모르는 것도\n아니다. \n첫사랑의 상대와는 특별한 것이다.
0x0008ad77	7	【신타로】\n나에게도 첫사랑의 사람은 특별한\n존재다.\n\n이지만, 지금은 그릇이 더 좋다. \n함께 있는 시간이 길어지면\n길어질수록.
0x0008ae05	7	【신타로】\n너도 아야녀와 함께 있는 시간이\n길어지면,\n지금보다 더 아야녀를 사랑스럽게\n느낄 수\n있도록\n이 될 것이다.
0x0008ae8c	2	【신지】\n…… 될까요?
0x0008aeca	2	【신타로】\n아, 된다고 해도.
0x0008af14	3	【신지】\n… … 그럴지도 모르겠네요. \n나에게 시간이 있다면......
0x0008af65	6	【신타로】\n그 시간을 만들기 위해 수술하는\n거야!\n그녀를 위해서라도 반드시 수술을\n성공시키고\n돌아오겠다!!
0x0008b004	2	【신지】\n… … 그렇네요.
0x0008b040	4	【신타로】\n좋아, 떠들썩하게 가자! \n중년 2명이 더 이상 소면에서\n연애의 이야기를 하는 것은 딱!
0x0008b0c2	2	【신지】\n하하, 그렇네요.
0x0008b15f	3	【노리코】\n… … 그 때 이름이 나온 것이\n사이토 카츠요 씨였습니다.
0x0008b1c5	2	【신타로】\n 아, 맞다.
0x0008b227	5	【신타로】\n결막, 격유한 신지강은 돌아가지\n않는\n사람과\n이 되어 버렸다…
0x0008b2ac	2	【신타로】\n 물러나서 깨달았지만…
0x0008b307	5	【신타로】\n그 때의 입만을 생각하면,\n어쩌면 신지강은 자신의 생명이 길지\n않다는 것을\n깨달고 있었을지도 모르겠다…
0x0008b389	2	【노리코】\n…
0x0008b3ea	5	【신타로】\n......너가 총휘하고 있는\n대로다. \n 만약 그렇다고 하면,\n시라카와가와를 용서할 수 없구나…
0x0008b450	2	【노리코】\n…………
0x0008b4c2	4	【노리코】\n신지씨는 왜,\n소장에게 자신의 총을\n이야기했습니까?
0x0008b53f	5	【신타로】\n......분명 내가 편리한\n무례자였기 때문일 것이다. \n변호사라는 장사 무늬도 있을지도\n모르겠네.
0x0008b5c8	4	【신타로】\n라고 하면, 나는 정말로 변호사가\n되어\n좋았다고 무거워.
0x0008b621	5	【노리코】\n……신지씨는 소장을 변호사이니까라는\n것만으로\n신용하고 있던 것은 아니라고\n생각해요.
0x0008b6b0	4	【신타로】\n괜찮아…\n나를 상상해도 아무것도 나오지\n않아.
0x0008b704	2	【노리코】\n상거래 생각은 없습니다.
0x0008b76c	2	【신타로】\n그런가…
0x0008b7b3	5	【신타로】\n나를 신용해 준 사람을 위해서도,\n나 자신도 케지메를 붙일 때\n마을일지도\n모른다.
0x0008b81a	3	【노리코】\n엣… \n무슨 일이죠?
0x0008b885	3	【신타로】\n아니, 아무것도 아니다. \n만져줘......
0x0008b8cf	2	【노리코】\n…………
0x0008b9a5	3	【노리코】\n소장님에게서 들은 정보는 이런\n내용이었어.
0x0008b9fe	5	【코우지】\n… … 고마워, 노리코. \n 어쩌면서 이마바야시의 사건이\n보였다. \n범인의 동기도...
0x0008ba78	3	【노리코】\n......나도 어쩐지 알아왔어 \n하지만......
0x0008baeb	2	【노리코】\n 너무 슬프네…
0x0008bb50	2	【코우지】\n아, 맞아…
0x0008bbc5	3	【코우지】\n… … 아까 이야기로\n신경이 쓰이는 것이 하나 있구나.
0x0008bc58	9	【코우지】\n누마사키 변호사가 컨디션을\n쓰러뜨리고\n화장실에 들고 있었다. \n그동안, 특히 뭔가 있었던 것은\n아니다고\n말했다. \n이것과 모순되는 정보가\n있다......그것은......?
0x0008bdb9	2	【코우지】\n(아니야, 그게 아니야!)
0x0008be19	4	【코우지】\n(사건 당일, 화장실에서 트러블이\n 있었겠지?\n그것은…
0x0008beeb	6	【코우지】\n누마사키 변호사가 화장실에 들어간\n시간과,\n나가 화장실에서 붐비는 트러블의\n시간이\n일치하고 있다…
0x0008bf6d	3	【코우지】\n그런데 그걸 깨닫지 못해…\n이것이 이상하지 않습니까?
0x0008bfff	6	【노리코】\n확실히, 논쟁은 적은 아니었지만,\n코우지는 '형태가 부딪쳤다,\n사과해!\n』라고\n큰 소리를 내고 있었던 것 같네요.
0x0008c0a3	4	【코우지】\n게다가, 내가 얽혀 있던 것은\n다름 아닌 시라카와 이치로였어. \n 눈치채지 못할 거야.
0x0008c118	2	【노리코】\n소장에게 물어보자?
0x0008c17e	4	【코우지】\n아니, 놓고 싶은 것은\n야마야마이지만,\n어차피 잘 속여질 뿐이야.
0x0008c1e4	5	【코우지】\n 서서히 쌓아서,\n저들이 능숙하다고 경회되는 것도\n싫고. \n조금 더 보자.
0x0008c273	4	【노리코】\n다음에, 피해자와 콘도 형사의\n관계를\n두었을 때의 반응이지만…
0x0008c2e5	3	【코우지】\n이 건에 대해서는 아사츠유씨에게\n두는 것이 좋다고 말하고 있었겠지?
0x0008c349	6	【코우지】\n......라는 것은,\n용을 바꾸면 아사츠유 씨는 콘도\n형사와도\n인연이\n있을 것 같다는 것을 알 수 있다.
0x0008c3c7	4	【코우지】\n이 건에 대해서도,\n아사츠유씨에게 쌓아 보아 주지\n않을까?
0x0008c449	2	【노리코】\n응, 알겠어.
0x0008c4d2	4	【코우지】\n다음에, 또 하나 신경이 쓰이는\n것이,\n누마사키 변호사와 피해자의 관계…
0x0008c545	6	【코우지】\n일과 프라이빗을 나누고 있었는데,\n지금은 시라카와 그룹의 고문\n변호사가 된\n것\n……뭔가 용이 있을 것 같다.
0x0008c5f0	5	【노리코】\n쌓아서 물어볼까 생각했지만,\n아마, 소장의 입에서는 이유를 들을\n수\n없다고 생각해…
0x0008c679	6	【코우지】\n아아, 험한 판검이라고 무겁다. \n단지, 이것이 얼마나 중양인\n정보인지\n판검하지 못한다. \n 조금 뿌리를 내려보자.
0x0008c711	7	【코우지】\n그리고, 누마사키 변호사의 행동\n시간을\n알게 된 것으로,\n미나즈키 코우지의 대략의 행동\n시간도\n판명되었다.
0x0008c7ac	5	【코우지】\n누마사키 변호사는 23시 지나면서\n현장에\n도착해,\nVIP 룸에서 가볍게 가교를 했다…
0x0008c829	7	【코우지】\n즉, 묵묵히 생각해,\n교에 들어가 VIP룸에 들어가는\n수제를\n해,\n누마사키 변호사가 나갈 때까지 은\n10분으로 하자.
0x0008c8d0	6	【노리코】\n그렇게 생각하면, 소장으로 엇갈린\n미나즈키씨는\n23시 10분경에 VIP 룸에\n들어가,\n0시경에 나왔다는 것.
0x0008c973	4	【코우지】\n그리고 미나즈키의 언선을 신용하면,\n그 후에는 게임 센터에 갔다… \n과연......
0x0008ca02	6	【코우지】\n그럼,\n게임센터에 가서 미나즈키를 목격한\n사람이\n없는가\n용부를 모아 와 주지 않을까?
0x0008ca83	2	【노리코】\n에에, 표해.
0x0008caf9	2	【코우지】\n피해자가 한눈에 무덤인가…
0x0008cb77	5	【노리코】\n확실히 최근의 피해자는,\n이전 정도의 강인함이 없어졌다고\n이야기는\n치라호라라고 넣지만...
0x0008cbf6	4	【노리코】\n어쩌면,\n이 재혼이 계기가 되었을지도\n지도 모르겠네요.
0x0008cc78	3	【코우지】\n그리고, 시라카와 신지의\n이야기이지만…
0x0008cce6	3	【노리코】\n신장 이식 수술이 실패해 죽었다고\n말해.
0x0008cd6d	3	【코우지】\n피해자가 함께 격유했다고 이야기가\n아무래도 신경이 쓰인다.
0x0008cdfd	6	【노리코】\n나도 거기는 조금 신경이 쓰였지만,\n2명은 서로 신뢰하고 있었다고\n소장으로부터 듣고,\n그 이상은 추급할 수 없었던\n것이군요…
0x0008ce97	3	【코우지】\n흠……\n신뢰하고 있었나,…
0x0008cf1a	1	관리인실
0x0008cf23	1	관리인실
0x0008cf30	1	코우지의 방
0x0008cf3a	1	코우지의 방
0x0008cf48	1	아파트 2층
0x0008cf52	1	아파트 2층
0x0008cf60	1	아파트 1층
0x0008cf6a	1	아파트 1층
0x0008d0de	3	【노리코】\n(이것이, 코우지가 지금 와 있는\n아파트인가…
0x0008d147	2	【노리코】\n(잠깐 어리석은지도……)
0x0008d18c	2	【노리코】\n…………
0x0008d1c5	4	【노리코】\n(그런 말을 하고 있는 경우가\n아니네.\n제대로 조사하지 않으면)
0x0008d230	2	【노리코】\n(코우지의 아파트 앞)
0x0008d354	3	【노리코】\n(이 아파트에는 어떤 사람들이\n오고 있을까......?)
0x0008d3a9	4	【노리코】\n(도내에서는 이웃 사귀가 별로\n없으니까,\n보지도 모르는 일도 있겠지)
0x0008d40a	5	【노리코】\n(특히 코우지 따위는 시간이\n불안정한\n일이니까,\n한층 더…
0x0008d46a	3	【노리코】\n(라고, 제가 신경쓰는 일은\n아니지만)
0x0008d4ea	3	【도어폰】\n 네......\n 어느 쪽입니까?
0x0008d52e	5	【노리코】\n나, 사이토 코우지씨의 대리인을\n하고\n있습니다\n변호사의 신조 노리코라고 합니다.
0x0008d593	4	【노리코】\n아야의 의뢰로\n방안을 조사하러 챙겼습니다만,\n열쇠를 빌릴 수 없을까요…
0x0008d604	2	【도어폰】\n 조금 기다려 주세요.
0x0008d675	2	【관리인】\n기다리게 해서 죄송합니다.
0x0008d6c0	4	【관리인】\n네, 열쇠를 빌려드리기 전에\n신분증 같은 것을\n보여 주시겠어요……?
0x0008d72a	3	【노리코】\n네. \n여기서 괜찮으세요?
0x0008d77a	3	【관리인】\n변호사님의 신분증?\n……이런 것도 있군요.
0x0008d7e0	4	【관리인】\n……변호사 배지도 달고 계시고,\n아무래도 제대로 된 변호사님인\n모양이네요.
0x0008d857	4	【관리인】\n좋습니다.\n그럼 열쇠를 빌려드리겠습니다.\n돌아가실 때 반납하러 와 주세요.
0x0008d8bd	3	【노리코】\n네, 알겠습니다.\n그럼 몇 가지 여쭤볼게요.
0x0008d951	2	【노리코】\n(관리인 씨의 방이네.)
0x0008d994	3	【노리코】\n(코우지 방 열쇠는 빌렸고,\n지금은 볼일이 없어.)
0x0008da1b	2	【노리코】\n(코우지의 방은 맨 앞쪽이야.)
0x0008daa6	3	【노리코】\n(……문이 잠겨 있어서 들어갈 수\n없어.)
0x0008db9c	1	서랍
0x0008dba3	1	서랍
0x0008dbae	1	벽장
0x0008dbb5	1	벽장
0x0008dd57	3	【노리코】\n(생각했던 것보다 깨끗하게 정리되어\n있네……)
0x0008dda2	3	【노리코】\n(그 집은 방 안이\n정말 대단했으니까……)
0x0008de0d	4	【노리코】\n(아…… 그렇구나.\n경찰이 압수해 갔기 때문이야……\n그래서 이렇게 말끔한 거구나.)
0x0008de81	2	【노리코】\n(응, 납득.)
0x0008df8b	2	【노리코】\n(코우지가 쓰는 책상이네.)
0x0008dfcd	2	【노리코】\n(그럼, 실례할게……)
0x0008e01d	3	【노리코】\n(……음.\n특별히 신경 쓰이는 건 없네……)
0x0008e072	2	【노리코】\n(일단 안쪽 서랍을 조사해 볼까.)
0x0008e0ec	2	【노리코】\n(특별히 눈에 띄는 건 없네.)
0x0008e130	3	【노리코】\n(경찰이 압수해 가서\n서랍 안이 텅 비었네……)
0x0008e19b	2	【노리코】\n(특별히 신경 쓰이는 건 없었어.)
0x0008e219	3	【노리코】\n(벽장 안에 있는 물건을 조사해\n보자.)
0x0008e276	2	【노리코】\n…………
0x0008e2af	2	【노리코】\n(포선 이외, 아무것도 없네…
0x0008e312	2	【노리코】\n(포선 이외, 아무것도 없어…
0x0008e3a3	2	【노리코】\n(이제 조사를 끝낼까?)
0x0008e453	2	【노리코】\n(오늘은 이 정도로 해 두자)
0x0008e4b1	2	【노리코】\n(조금 더 여기 있자)
0x0008e53e	3	【노리코】\n코우지의 아파트를 조사해 온 결과는\n이런 느낌…
0x0008e5b6	5	【노리코】\n……라고 해도,\n경찰이 거의 밀어 버린 것 같고,\n아무것도 나오지 않았지만\n......
0x0008e650	6	【코우지】\n그런가… … 어느 정도 예총은\n생겼지만,\n거기까지 아무것도 없다면\n이제 아파트에 가서 조사하는 것은\n낭비일지도.
0x0008e6f6	4	【코우지】\n어쩔 수 없다. \n기간을 잘라서\n실을 생각하자.
0x0008e76a	2	【노리코】\n(아직 조사해야 할 게 있어)
0x0008e8a9	2	【노리코】\n코우지의 아파트 앞이야.
0x0008e9cd	3	【노리코】\n이 아파트에는 어떤 사람들이\n오고 있는 것일까…
0x0008ea07	4	【노리코】\n도내라면 별로 근린끼리의 교제가\n없으니까,\n의외로조차 모르는 경우가 있겠지.
0x0008ea5c	4	【노리코】\n특히 코우지 어쩐지 시간에 불안정한\n일이니까,\n더군다나…
0x0008eaac	4	【노리코】\n아무래도 여기에 이 아파트의\n관리인씨가\n오고 있는 것 같다.
0x0008eaf0	2	【노리코】\n초인종을 눌러 볼까?
0x0008eb33	2	【노리코】\n 그럼, 밀어 봅시다.
0x0008eb69	2	【노리코】\n………
0x0008eb8a	3	【도어폰】\n예…\n어떻습니까?
0x0008ebb6	5	【노리코】\n아, 나, 사이토 코우지씨의\n대리인을\n하고 있습니다\n변호사의 신조 노리코라고 합니다.
0x0008ec07	4	【노리코】\n사이토 코우지씨에게 부탁해,\n방안을 조금 조사하고 싶기 때문에,\n열쇠를 빌리고 싶습니다만…?
0x0008ec5d	3	【도어폰】\n아아, 앞의 변호사 씨. \n조금 기다려 주세요.
0x0008ec9d	2	【노리코】\n………
0x0008ecbe	3	【노리코】\n흠…\n처음이 아닌데 금장할게...
0x0008ecf3	2	【노리코】\n………
0x0008ed1e	3	【관리인】\n기다리게 했습니다. \n여기가 열쇠입니다.
0x0008ed54	3	【노리코】\n아, 고마워.\n신분증을 보여주었어요...
0x0008ed96	4	【관리인】\n아아, 좋아요. \n당신의 봐, 기억하니까. \n그럼 돌아갈 때 바꾸러 오세요.
0x0008edeb	3	【노리코】\n네, 알겠습니다.\n그럼 몇 가지 여쭤볼게요.
0x0008ee39	2	【노리코】\n 좀 더 여기 가자.
0x0008ee74	2	【노리코】\n관리인씨의 방이군요.
0x0008ee9f	3	【노리코】\n코우지의 방의 열쇠는 빌렸고,\n지금은 용사가 없어.
0x0008eedd	2	【노리코】\n코우지의 방은 제일 안쪽이야.
0x0008ef18	2	【노리코】\n...열쇠가 걸려 있어 넣지 않아.
0x0008ef59	3	【노리코】\n관리인으로부터 빌린 열쇠를\n고용합시다.
0x0008ef98	2	【노리코】\n그럼 들어가자.
0x0008f095	3	【노리코】\n코우지의 방이야. \n독립하고 깜짝.
0x0008f177	2	【노리코】\n특히 신경이 쓰이는 것은 없었어.
0x0008f1a5	2	【노리코】\n포선 이외, 아무것도 없어…
0x0008f1d3	4	【노리코】\n보소도 독부하고 있군요. \n 혹시 증거품을 압주할 때, \n경찰 쪽으로 독립해 준 것일까?
0x0008f234	2	【노리코】\n이제 조사를 마치고, 밖에 나간다?
0x0008f279	2	【노리코】\n그래.
0x0008f299	3	【노리코】\n더 이상 조사해도 아무것도 아니고,\n오늘은 돌아가자.
0x0008f2df	4	【노리코】\n응, 아직 조사하는 곳이 타고\n있어. \n조금 더 가자.
0x0008f386	3	【노리코】\n코우지의 아파트를 조사해 온 결과는\n이런 느낌…
0x0008f517	5	【노리코】\n(여기가 도내의 택시 회사를\n관리하고\n있는\n중도 택시 센터네)
0x0008f58b	3	【노리코】\n(코우지의 농차 기록이 타면\n좋지만…
0x0008f5ef	2	【노리코】\n(중도 택시 센터여)
0x0008f6d9	2	【노리코】\n(1격이 창구가 되어 있어)
0x0008f7e0	1	[농차 기록에 대해서]
0x0008f7f5	1	［정기휴일에 대해］
0x0008fb21	3	【노리코】\n(나카가와네.\n일단 이야기를 들어보자)
0x0008fb88	4	【노리코】\n조금\n두고 싶은 일이 있습니다만,\n좋아요?
0x0008fbe7	2	【나카가와】\n 네, 무엇입니까?
0x0008fc25	3	【노리코】\n나, 변호사의 신조 노리코라고\n합니다.
0x0008fc71	5	【노리코】\n어떤 사건에 대해서 조사하고\n있습니다만,\n피의자 쪽이 사건 발생시,\n택시에 진해졌다고 말하고 있습니다.
0x0008fcee	2	【노리코】\n그래서…
0x0008fd33	2	【나카가와】\n아, 사이토 코우지씨의 건이군요.
0x0008fd7a	2	【노리코】\n아… … 알고 계셨나요?
0x0008fdc7	3	【나카가와】\n그래, 경찰 쪽으로부터도\n그전에, 같은 전문을 했으니까.
0x0008fe2d	7	【접수원】\n이번 달 11일 0시부터 1시 사이에\n미야카미 긴자에서 후지시로초까지\n승차 기록이 있느냐고\n물으셨습니다.
0x0008feb8	4	【노리코】\n그랬어요…\n나도 똑같은 일을\n놓으려고 무거웠습니다.
0x0008ff1a	2	【노리코】\n(나카가와네)
0x0008ff54	2	【노리코】\n(현재, 특히 용사는 없어)
0x00090066	3	【노리코】\n(이제 조사를 마치고 밖에\n나갈까?)
0x0009011a	2	【노리코】\n칭찬하는 동안 감사합니다.
0x00090174	2	【나카가와】\n아니, 어쩐지.
0x000901cc	2	【노리코】\n(오늘은 이 정도로 해 두자)
0x0009022a	2	【노리코】\n(조금 더 여기 있자)
0x0009027f	2	【노리코】\n(아직 이야기를 두지 않았어)
0x00090313	3	【노리코】\n중도택시센터에서 두고 온 이야기는,\n이런 느낌이었어…
0x000903a3	3	【코우지】\n아챠-\n보다에 의해, 흰색 탁인가…
0x00090411	2	【노리코】\n…………
0x00090470	4	【코우지】\n이것은 쓰미, 지도. \n나의 알리바이를 증명하는 방법은\n더 이상 없을지도 모른다.
0x000904e1	3	【노리코】\n별로 생각하고 싶지는 않지만,\n그럴지도 모르겠네…
0x00090555	3	【코우지】\n음, 어쩔 수 없다. \n다른 방향에서 압박해 볼까!
0x000905d4	3	【노리코】\n……코우지가 포기하지 않는 급료,\n나도 포기하지 않아.
0x00090633	4	【노리코】\n확실히 다른 적파구가 발견될\n것입니다......\n조사를 진행합시다.
0x000906a0	3	【코우지】\n아아. \n 하겠습니다!
0x00090739	3	【노리코】\n그래서 실제로는 어떻습니까? \n 농차 기록, 있나요?
0x0009079d	2	【나카가와】\n아니, 없습니다.
0x000907d9	4	【노리코】\n엣… \n그, 그런......\n무례자의 증언도 있어요! ?
0x00090841	2	【나카가와】\n잔기입니다만, 없는 것은 없습니다.
0x00090893	5	【나카가와】\n경찰의 요청을 안고, 도내의 택시\n회사,\n그리고 치인 택시 쪽에도\n농차 기록에 대해 문의했습니다.
0x00090923	3	【나카가와】\n 그러나 어디에도 그런 농차 기록은\n 없었습니다.
0x00090974	4	【노리코】\n그렇습니까… \n에서도 여기서 조사한 것은 \n도내의 택시뿐이지요?
0x000909d6	3	【노리코】\n어쩌면, 인근 역의 택시에\n농차해 버렸을 가능성도…
0x00090a46	6	【나카가와】\n경찰 쪽에서도 똑같이 생각한 것\n같고,\n인근의 역의 택시 센터에도 조사의\n자력을\n간교했습니다.
0x00090aca	3	【나카가와】\n 그러나, 어디에도 농차 기록은\n없었습니다.
0x00090b17	2	【노리코】\n그런…
0x00090b5c	3	【나카가와】\n……혹시,\n흰 턱이 아니었습니까?
0x00090baf	2	【노리코】\n하얀 탁,?
0x00090bf8	6	【접수원】\n저희 택시 센터에는\n택시 운전을 하는 사람에게\n승무원증을\n교부하는\n규정이 있습니다.
0x00090c71	4	【접수원】\n즉, 저희 택시 운전기사에 대해서는\n모두 여기에 데이터가 있습니다.\n여기에 데이터가 없다는 것은……
0x00090cf3	4	【접수원】\n그분이 탄 것은\n영업 허가가 없는 불법 택시,\n즉 백택시가 아니었을까 합니다.
0x00090d60	3	【노리코】\n흰색 탁, 인가......\n감사합니다!
0x00090dc6	2	【나카가와】\n그 밖에 무엇이 있습니까?
0x00090e0e	3	【노리코】\n아니, 없습니다. \n 칭찬하는 동안 감사합니다.
0x00090e84	6	【접수원】\n저희 택시 센터에는\n택시 운전을 하는 사람에게\n승무원증을\n교부하는\n규정이 있습니다.
0x00090efd	4	【접수원】\n즉, 저희 택시 운전기사에 대해서는\n모두 여기에 데이터가 있습니다.\n여기에 데이터가 없다는 것은……
0x00090f7f	4	【접수원】\n그분이 탄 것은\n영업 허가가 없는 불법 택시,\n즉 백택시가 아니었을까 합니다.
0x0009103d	3	【노리코】\n여기의 정기 휴일에 대해 가르쳐\n주시겠습니까?
0x00091095	2	【나카가와】\n휴일은 일요일입니다.
0x000912d5	2	【노리코】\n(히가시카미 다이부쿠이이병원네)
0x00091319	3	【노리코】\n(히가시카미대의 부이병원만 있어,\n이 지구에서는 제일 큰 병원이야)
0x00091483	2	【노리코】\n(오늘도 하늘이 맑게 개었네.)
0x000914c9	2	【노리코】\n(…………)
0x00091506	2	【노리코】\n(감상에 울리고 있는 히마는 없네)
0x00091562	2	【노리코】\n(오늘도 하늘이 맑게 개었네.)
0x00091620	1	대기실
0x00091627	1	대기실
0x00091632	1	[사이토 가쓰요에 대해]
0x00091647	1	[사이토 가쓰요의 트러블]
0x0009165e	1	[그 범기가 붙은 것]
0x00091673	3	[요시모토 사와(미즈타니\n아사츠유)에\n대해서]
0x00091694	1	[아사츠유의 병상에 대해서]
0x000916aa	1	[심장 이식 수술의 부진한 점]
0x000916c7	1	[교장 선생님에 대해서]
0x000916dc	1	[미즈타니 아사츠유 정보]
0x000916f1	1	[휴진일에 대해서]
0x000918ad	4	【노리코】\n(대학의 부이 병원 만 있습니다.\n사람이 많아서 활기가 있어…\n라고 말하는 것은 조금 근심하다)
0x00091925	5	【노리코】\n(그런데…\n미즈타니 씨와 코우지의 엄마에 대해\n이야기를 듣고 싶지만,\n어디서 들으면 좋을까… )
0x00091996	5	【노리코】\n(코우지의 엄마의 사건은,\n목격자의 간호자씨가 있을 것 같네…\n…\n우선은 그 사람을 찾아 봅시다)
0x00091a6e	3	【히구치】\n에서는, 나는 일로 돌아가기\n때문에…
0x00091abb	3	【노리코】\n네. \n시간을 주셔서 감사합니다.
0x00091d2e	4	【노리코】\n(과연 이만큼의 대병원이 되면\n간호자씨가 많이 있지만,\n어떤 간호자씨도 칭찬하지 않아…
0x00091da5	3	【노리코】\n(조금 말을 걸기 어렵지만,\n잠깐 길게 하는 것에도 가지 않아)
0x00091e07	2	【노리코】\n…
0x00091e76	2	【간호자】\n 네, 어떻게 했습니까?
0x00091eb8	6	【노리코】\n나, 변호사의 신조 노리코라고\n합니다. \n아름다운 실례합니다,\n두고 싶은 일이\n있습니다만......
0x00091f54	2	【간호자】\n……어떤 용건입니까?
0x00091fa7	7	【노리코】\n 음......5년 전까지 이쪽에서\n추악하고 있었다\n사이토 카츠요 씨와,\n현재도 통원중이라고 생각되는\n미즈타니\n아사츠유씨...
0x00092020	3	【노리코】\n아니, 요시모토 사카 씨에\n대해서입니다만…
0x00092071	7	【노리코】\n음…\n사이토 카츠요 씨와 현재도 통원\n중이라고\n생각된다\n미즈타니 아사츠유씨에\n대해서입니다만…
0x00092119	4	【간호자】\n사이토씨… \n5년전에 현격하게 살아 죽은,\n그 사이토씨입니까?
0x00092180	3	【노리코】\n은, 네! \n 맞습니다!
0x000921bf	5	【노리코】\n사실 사이토 가쓰요 씨의 장남인\n사이토 코우지 씨가\n살인 사건의 범인으로 의심받고\n있습니다.
0x00092239	3	【간호자】\n엣……\n그렇습니까…
0x00092280	8	【노리코】\n 하지만 아야는 무고한 소리입니다.\n\n그리고 무실을 증명하기 위한 정보의\n하나로서,\n사이토 카츠요시씨의 이야기를\n묻는다고\n생각합니다만…
0x00092323	4	【간호자】\n맞습니까?\n내가 알고 있는 범위로 좋으면\n이야기합니다만…
0x00092388	3	【노리코】\n정말입니까! ? \n감사합니다, 도움이 됩니다!
0x0009240a	4	【간호자】\n그리고 사이토씨 이외에 또 1명,\n듣고 싶은 사람이 있다고 말하고\n있었지요?
0x0009246c	4	【노리코】\n네. \n현재도 통원하고 있다고 거듭되는\n요시모토 사카 씨에 대해서입니다만…
0x000924f3	2	【간호자】\n아, 요시모토씨…
0x00092534	4	【노리코】\n(어라, 갑자기 분위기가\n달라졌어……\n뭔가 있는 걸까……?)
0x000925b6	3	【간호자】\n좋아요, 두 사람에 대해\n 이야기합시다.
0x00092607	3	【노리코】\n은, 네. \n 미안해.
0x00092653	5	【노리코】\n네. \n현재도 통원중이라고 거듭되는\n미즈타니 아사츠유씨에\n대해서입니다만…
0x000926d9	2	【간호자】\n미즈타니 아사츠유씨…
0x00092729	2	【간호자】\n조금 기다려 주세요.
0x00092798	5	【간호사】\n환자 명부로 확인해 봤습니다만,\n미즈타니라는 분은 이 병원에\n통원하지 않는 것으로\n보입니다만……?
0x00092818	2	【노리코】\n엣, 그렇습니까…
0x00092858	4	【노리코】\n어…\n그럼, 사이토 씨의 이야기만으로도,\n넣어 주시면 무겁습니다.
0x000928e1	3	【간호자】\n아니, 늦었지만,\n나는 히구치라고 합니다.
0x0009296c	4	【노리코】\n(히구치 씨는 일중이야.\n함부로 말을 건 것은 삼가하지\n않으면)
0x000929cf	3	【노리코】\n히구치씨, 안녕하세요. \n변호사의 신성입니다.
0x00092a51	3	【히구치】\n아, 변호사씨. \n오늘은 무엇입니까?
0x00092a9b	4	【노리코】\n네, 오늘도 이야기를 듣고 싶다고\n무거워서…\n조금 괜찮습니까?
0x00092b09	2	【히구치】\n그래, 좋아요.
0x00092b50	4	【노리코】\n요전날, 놓여 버린 적이 있어서,\n실은 요시모토 사카카씨에 대해서도\n두고 싶었던 것입니다.
0x00092bbe	3	【노리코】\n현재도 통원하고 있으면\n무겁습니다만…
0x00092c2d	2	【히구치】\n아, 요시모토씨…
0x00092c6c	4	【노리코】\n(어라, 갑자기 분위기가\n달라졌어……\n뭔가 있는 걸까……?)
0x00092e1e	3	【히구치】\n……잠시 장소를 옮기지 않겠어요?\n여기는 사람들의 출입이 잦아서……
0x00092e7c	3	【노리코】\n(……사람이 많은 곳에서는\n말하기 어려운 내용이라는 뜻이네.)
0x00092ed3	2	【노리코】\n네, 괜찮습니다.
0x00092f1e	2	【히구치】\n그럼, 이쪽으로……
0x000930fa	3	【히구치】\n……잠시 장소를 옮기지 않겠어요?\n여기는 사람들의 출입이 잦아서……
0x00093158	3	【노리코】\n(……사람이 많은 곳에서는\n말하기 어려운 내용이라는 뜻이네.)
0x000931af	2	【노리코】\n네, 괜찮습니다.
0x000931fa	2	【히구치】\n그럼, 이쪽으로……
0x00093393	3	【노리코】\n(안쪽까지 복도가 제외하고 있어.\n역시 대병원이네…
0x0009340e	3	【노리코】\n(이 사이에는,\n코우지의 엄마가 생긴 격단이 있어)
0x0009346f	2	【노리코】\n(현장에 갈까?)
0x000934e7	2	【노리코】\n(그럼 가자)
0x0009353a	2	【노리코】\n(조금 더 여기 있자)
0x000935b8	2	【노리코】\n(이제 조사를 끝낼까?)
0x00093670	2	【노리코】\n(오늘은 이 정도로 해 두자)
0x000936d5	2	【노리코】\n(조금 더 여기 있자)
0x0009372a	2	【노리코】\n(이제 조사를 끝낼까?)
0x000937e2	3	【노리코】\n그럼 저는 이만 실례하겠습니다.\n바쁘신데도 감사했습니다.
0x0009386b	2	【히구치】\n그럼 저도 일로 돌아가겠습니다.
0x000938bf	2	【노리코】\n(조금 더 여기 있자)
0x00093914	3	【노리코】\n(아직 물어봐야 할 게 남아 있어.\n아직 돌아갈 수는 없겠네)
0x000939c2	3	【노리코】\n동상대부이이병원에서 얻은 정보는\n이런 느낌이었어.
0x00093a93	4	【노리코】\n(병원 로비네.\n어린아이부터 어른까지 여러 사람이\n있어)
0x00093aeb	5	【노리코】\n(붙어 있는 사람이 있다고 해도,\n대부분의 사람이 병이나 부상을\n기쁘게\n하고 있는 것이지)
0x00093b5b	4	【노리코】\n(병원에 오면, 휴식이 매우 중요한\n것이라면\n무거운 소식이 들려)
0x00093bc7	4	【노리코】\n(병원 로비네.\n어린아이부터 어른까지 여러 사람이\n있어)
0x00093c7c	4	【노리코】\n 사이토 카츠요 씨가 어떤\n분이었는지 \n 가르쳐 주시겠습니까?
0x00093cf4	6	【히구치】\n아야는 놀고, 잘 깨닫는\n사람이었어요.\n......라고 말하면, 흔한\n말선에서\n싸게 넣어 버릴지도 모릅니다만.
0x00093d7b	4	【히구치】\n아이가 어릴 때 단나 씨를 죽고\n나서부터\n쭉 이쪽에서 추악하고 있었습니다.
0x00093df3	4	【히구치】\n조금이라도 아이와 함께 시간을\n 만들고 싶었겠지만,\n 열심히 추워서…
0x00093eaa	5	【히구치】\n그런데 적연히, 그 사건이 있고.\n가마우치소가 부끄럽고 농치상\n민감해져\n버렸습니다.
0x00093f21	3	【노리코】\n그래서 심장 이식 수술이\n행해졌지요?
0x00093f7b	3	【히구치】\n그래, 아야의 의지…\n네, 아니, 아무것도 아닙니다.
0x00093fd0	2	【노리코】\n엣?
0x00094012	2	【히구치】\n…………
0x0009404b	5	【노리코】\n(……뭔가 깨우고 있네.\n하지만 좀 더 두고 싶은 이야기도\n있고,\n무리에 추급하는 것도…
0x000940fa	4	【히구치】\n아야녀는 간호자로서도,\n어머니로서도,\n훌륭한 사람이었습니다.
0x000941b0	4	【노리코】\n사이토 가쓰요씨가 죽기 직전에,\n조금의 트러블이 있었다고\n들었습니다.
0x00094238	3	【히구치】\n엣! ? \n하지만 어디서 그런 걸......!
0x00094282	6	【노리코】\n피의자가 되고 있는 사이토\n코우지씨로부터입니다. \n간호자 씨끼리 이야기하고 있던 것을\n\n들었다고 합니다.
0x00094308	3	【히구치】\n……그래.\n그 이야기를 들으러 왔구나……
0x0009438b	3	【히구치】\n……그래.\n그 이야기를 들으러 왔구나……
0x00094434	3	【노리코】\n요시모토 사가씨에 대해\n두고 싶습니다만…
0x000944a9	6	【히구치】\n아야메는 이 병원에서 심장 이식\n수술을\n했습니다. \n 확실히 2004년이었다고\n무겁습니다.
0x00094514	3	【노리코】\n 사이토 카츠요 씨가 죽은 해와\n같네요.
0x00094587	3	【히구치】\n에, 그래……\n그렇네요…
0x000945cb	4	【노리코】\n혹시,\n사이토 카이요씨의 심장이\n이식된 것은…
0x0009464b	4	【히구치】\n… … 심장 이식의 제공자와 \n중용자의 정보는\n비양제가 되고 있습니다.
0x000946cb	5	【히구치】\n저희에게는 비밀 유지 의무가\n있으므로\n그에 대해서는 답변드릴 수\n없습니다.
0x0009472a	6	【노리코】\n태장상, 이야기할 수 없는 것은\n알고\n있습니다. \n그러나, 거기에 어떻게 든 놓을 수\n없습니까?
0x0009479e	3	【노리코】\n중양인 증거에\n 될지도 모릅니다.
0x00094807	2	【히구치】\n…………
0x00094866	6	【히구치】\n…… 변호사씨는, 심장 이식 수술이\n행해질 때에,\n어떻게 제공자와 중용자가\n어설션되는가?\n알고 계십니까?
0x000948f4	3	【노리코】\n아니......\n불웅강으로 죄송합니다만…
0x0009494f	3	【히구치】\n심장 이식 수술을 원하는 환자분은\n미리 수혜자 등록을 합니다.
0x000949ca	6	【히구치】\n그리고 제공자가 나타났을 경우,\n장기 이식기막에 심장 이식을\n실누나하는\n동을 연락해,\n리시피엔트의 독정이 행해집니다.
0x00094a74	3	【히구치】\n즉, 우리의 의지만으로,\n이식 수술을 행할 수는 없습니다.
0x00094ae0	4	【히구치】\n이므로, 변호사씨가 생각해 버리는\n우연은\n극히 적은 것으로 인식해 주세요.
0x00094b50	3	【노리코】\n......알았습니다. \n에서는 전문을 바꿉니다.
0x00094b9c	5	【노리코】\n요시모토 사카 씨가 심장 이식\n수술을 안\n건 것은,\n2004년의 몇월 몇일입니까?
0x00094c36	3	【히구치】\n엣… \n그건...
0x00094c87	2	【히구치】\n… … 10월 22일입니다.
0x00094cdd	4	【히구치】\n죄송합니다만,\n더 이상, 이 건에 관한 전문은\n삼가지 않을까요…
0x00094d4d	3	【노리코】\n......알았습니다. \n 대답해 주셔서 감사합니다.
0x00094daf	2	【히구치】\n…………
0x00094e2d	3	【히구치】\n이 건에 대해서는,\n이제 말할 것은 없습니다.
0x00094ef0	2	【히구치】\n지금은 특별히 없네요.
0x00094f97	3	【노리코】\n요시모토씨의 현재의 병상은\n어떻습니까?
0x0009500a	4	【히구치】\n매우 음조예요. \n큰 거절 반응도 지금까지 나오지\n않았어요.
0x00095070	3	【노리코】\n음조입니다. \n안심했습니다.
0x000950ee	2	【히구치】\n요시모토씨는 지극히 음조예요.
0x00095190	5	【노리코】\n실은 요전날 들었습니다,\n요시모토씨의 심장 이식\n수술입니다만,\n조금 부진인 점이 있어서…
0x00095232	2	【히구치】\n, 뭐죠?
0x00095273	6	【노리코】\n그 뒤, 장기 이식기막에\n문의를 하고,\n당일에 이식 수술이 행해지고\n있었는지\n확인했습니다만…
0x000952f6	2	【히구치】\n… … 기록이 없었던 것이군요.
0x0009533b	2	【노리코】\n그래, 그대로입니다.
0x00095386	6	【히구치】\n… … 기록이 없는 것은\n당연합니다. \n저것은 이 병원내에서\n부밀용에 행해진\n수술이니까......
0x000953f3	2	【노리코】\n무슨 일입니까?
0x00095455	6	【히구치】\n…… 사이토씨는, 자신에게 뭔가\n있었을\n때는,\n심장을 요시모토씨에게 치고 싶다고\n신망되고 있었습니다.
0x000954d5	5	【히구치】\n 그러나, 현실 문제로서,\n제공자가 나타났을 때에는,\n장기 이식기막에 연락하지 않으면\n안됩니다.
0x00095564	5	【히구치】\n그리고 장기 이식기막이 읽은\n중용자에게\n장기가 씹을 수 있다는 보답이 되고\n있습니다.
0x00095600	8	【히구치】\n고인의 의사로 이식 상대를 지정하는\n것은\n범죄를 포함해 여러 문제를\n일으킵니다.\n사이토 씨의 신청이 받아들여질\n가능성은\n없었습니다.
0x000956be	5	【히구치】\n……하지만 사이토 씨는 요시모토 씨에게\n심장을 줄 수 없겠냐고,\n주치의인 하리마 선생님과 계속\n상담하고 있었던 것 같습니다.
0x00095749	7	【히구치】\n그리고 사이토 씨가 죽었을 때에,\n교장 선생님의 '모두 내가 주임을\n탄다'라고 하는 목소리로\n장기 이식 기막에 연락하지 않고\n이식\n수술이 행해졌습니다.
0x000957eb	5	【노리코】\n으로, 입니다만, 그건 불법이군요…\n\n이 병원의 원장은 반대하지\n않았습니까?
0x00095865	4	【히구치】\n하리마 선생님의 실력은 상당해서,\n이 병원의 운영을 좌우하기에\n충분했습니다.
0x000958d0	2	【노리코】\n병원의 정치…
0x00095920	5	【히구치】\n네…\n이런 대병원이 되면 실초 원장의\n의자를\n다양한 주행이 존재합니다.
0x000959ab	5	【히구치】\n그러나 교장 선생님은 마이 페이스인\n쪽으로,\n어떤 파벌에게도 경이하고 있지\n않았습니다.
0x00095a1d	5	【히구치】\n그래서 반대로 확파벌 모두 교장\n선생님을\n아군에 넣으려고\n약동이 되어 있었던 것입니다.
0x00095a8f	6	【노리코】\n… … 과연.\n그래서 교장 선생님이 원장에게\n진언하고,\n부밀 용에 심장 이식 수술을 한\n것입니다.
0x00095b11	5	【히구치】\n네……\n당연, 원장파 이외의 사람에게는\n비밀로,\n하지만.
0x00095b71	3	【노리코】\n그런 사정이었습니까… …\n대략 이해했습니다.
0x00095bf8	4	【히구치】\n사이토씨로부터 요시모토씨로의 이식\n수술은,\n부밀룡에 행해졌습니다.
0x00095cb3	3	【노리코】\n교장 선생님은 아직 이 병원에\n있나요?
0x00095d26	4	【히구치】\n아니, 그 이식 수술의 집당 후,\n1개월 정도 지나고 나서 실종해\n버렸습니다.
0x00095d99	3	【노리코】\n실종? \n실종? ?
0x00095df4	4	【히구치】\n네…\n불법으로 수술 한 것을 만났는지,\n아니면 원장과 트러블을 일으켰는지…
0x00095e74	4	【히구치】\n단지, 교장 선생님이 없어진 뒤,\n원장 선생님도 게임해 버렸으므로,\n그 어떤 진상은 모릅니다.
0x00095eea	2	【노리코】\n원장의 연락처는 알 수 있습니까?
0x00095f45	6	【히구치】\n알겠습니다만, 의미가 없다고\n생각합니다.\n\n원장 선생님은, 게으르다가 곧바로\n자살해 버리셨으니까요.
0x00095fb1	3	【노리코】\n에엣!? \n자살……?
0x0009601a	5	【히구치】\n네…\n유서도 태우지 않고, 누구에게도\n이경을\n말하지 않고…
0x00096074	2	【노리코】\n……………
0x000960af	4	【노리코】\n그……\n원래 교장 선생님은, 어떤\n분입니까?
0x00096129	8	【히구치】\n원래는 유럽의 병원에서 추악하고\n있었던\n것 같습니다. \n별로 들어본 적이 없는\n옥명이었으므로,\n어디의 옥인지는 기억하고 있지\n않습니다만…
0x000961b4	5	【히구치】\n젊은 나이에도 유럽 전역에 이름을\n떨친\n심장 이식의 대가였고,\n그 평판은 매우 높았습니다.
0x0009623f	6	【히구치】\n실은 시라카와 이치로씨의 심장\n이식도\n상당했다는 것으로,\n그 인연으로 이 병원에 전이가\n되었습니다.
0x000962b2	2	【노리코】\n연, 라고 하면?
0x00096301	8	【히구치】\n당시의 원장은 원래 시라카와씨의\n수치소였어요. \n교장 선생님에게 이식 수술을 하고\n나서는,\n일본에서 경과 치료를 안 하고\n싶다고\n부탁했다고 합니다.
0x0009639f	2	【노리코】\n그래서 일본에 왔다고.
0x000963ef	5	【히구치】\n교장 선생님이\n시라카와씨의 송령에 황미가 있다고\n나에게 이야기해 준 적이\n있었습니다.
0x00096468	4	【히구치】\n그것도 일본에 붐비는 하나의\n요인일지도\n일지도 모릅니다.
0x000964b8	2	【노리코】\n황미,입니까…
0x00096503	4	【히구치】\n교장 선생님 정도가 되면,\n소자라기보다는\n반, 학자예요.
0x00096562	4	【노리코】\n시라카와씨나 당시의 원장이 돈을\n쌓고,\n이쪽의 병원에 전이시켰을 가능성은…
0x000965f2	6	【히구치】\n자, 어서… … 나에게는\n거기까지는…\n하지만 교장 선생님은\n돈에는 별로 황미가 없었던 것처럼\n거듭했지만…
0x00096665	3	【노리코】\n과연, 대체로 알았습니다.\n의미있는 이야기, 감사합니다.
0x000966c0	4	【노리코】\n덧붙여서, 교장 선생님의\n사진이라든가\n없습니까?
0x00096734	5	【히구치】\n확실히 어딘가에 타고 있었는지\n무겁습니다만…\n죄송합니다. 곧 나오지 않으면\n무겁습니다.
0x00096798	4	【노리코】\n에서는, 발견되면 연락 받을 수\n있습니까? \n명함을 쳐다보겠습니다.
0x00096813	3	【히구치】\n알았습니다. \n에서는 찾아 둡니다.
0x00096859	2	【노리코】\n고마워요.
0x000968e8	5	【히구치】\n교장 선생님은\n소자라고 하는 것보다 학자 타입의\n쪽이었습니다만,\n팔은 확실했습니다.
0x000969ab	3	【노리코】\n미즈타니 아사츠유씨의 병리에 대해\n방문하고 싶습니다만…
0x00096a2b	2	【히구치】\n미즈타니 아사츠유씨입니까…
0x00096a7a	2	【히구치】\n…………
0x00096ac0	3	【히구치】\n그런 이름의 환자는\n없는 것 같습니다만…
0x00096b18	2	【노리코】\n어라, 그렇습니까?
0x00096b8d	4	【히구치】\n미즈타니 아사츠유씨라고 하는\n환자씨는\n 없습니다.
0x00096c32	3	【노리코】\n여기의 병원의 휴진일을 가르쳐\n주시겠습니까?
0x00096caf	4	【히구치】\n토요일의 오후와 일요일이 휴진이\n되고\n있습니다.
0x00096d60	2	【코우지】\n…………
0x00096da6	3	【코우지】\n어머니……\n역시 살해당한 건가……?
0x00096e19	5	【노리코】\n정말 말할 수 없지…\n실제로 말다툼이라고 해도,\n보는 인실 없음으로 아무래도\n삼켜버려서…
0x00096e94	3	【노리코】\n코우지도\n구론의 목격 증언으로 비밀했지?
0x00096efd	3	【코우지】\n음......\n확실히 그렇지만......
0x00096f4f	4	【노리코】\n그보다 신경이 쓰이는 것은\n구론의 상대가 말했다,\n코우지의 아빠의 이름…
0x00096fd6	3	【코우지】\n… …오후쿠로, 역시 알고\n있었구나.
0x00097045	3	【코우지】\n당연? \n저 수첩을 보면 일목요연이야.
0x000970cb	3	【코우지】\n그것을 추궁하기 위해서,\n어머니는 살해당한 건가……?
0x00097143	2	【노리코】\n…………
0x00097189	4	【코우지】\n……아니, 살해당했다고 단정하는 건\n성급해.\n무엇보다 객관적인 증거가 없어.
0x00097219	3	【노리코】\n에서도 지금이 되고 나서\n증거를 찾아내는 것은 기쁘네요…
0x0009729c	2	【코우지】\n그렇구나.
0x000972e0	5	【코우지】\n거기다 시라카와 이치로가 살해당한\n지금,\n이 건을 고집하는 것은……\n시간 낭비일지도 모른다.
0x00097374	2	【노리코】\n…………
0x000973ea	2	【코우지】\n아사츠유씨가 환자가 아니었다…
0x00097477	5	【코우지】\n아, 그래? \n미즈타니 아사츠유는, 탐정용의\n가명이었던\n것.
0x000974ff	2	【노리코】\n이제, 확실히 해!
0x0009754a	3	【코우지】\n아침. \n의식하지 않기 때문에, 평상시는…
0x000975c3	3	【노리코】\n그래서? \n미즈타니씨의 본명은?
0x0009762e	3	【코우지】\n…………\n지, 실은, 모르는 거야…
0x000976a1	2	【노리코】\n…………
0x000976e7	2	【노리코】\n그럼, 우선은 거기서구나…
0x0009775b	4	【코우지】\n거기에 또 하나 놓칠 수 없는\n정보도\n있고.
0x000977f1	4	【코우지】\n오후쿠로와 아사츠유씨의 심장 이식\n수술의\n날이 같다…
0x0009786b	2	【코우지】\n이것은 벌써, 흠집이야.
0x000978d2	5	【노리코】\n나도 그렇게 무겁다. \n게다가, 또 하나 중양인 정보가\n있는\n거야.
0x0009794e	3	【코우지】\n중양 정보? \n 뭐야?
0x0009799d	6	【노리코】\n실은, 그 뒤 장기 이식기막에,\n2004년 10월 22일에 심장\n이식\n수술의 기록이\n인가 문의해 보았는데.
0x00097a47	2	【코우지】\n… … 설마.
0x00097a8e	4	【노리코】\n그래. \n그 날에는,\n심장 이식 수술의 기록은 없다고.
0x00097b0b	2	【코우지】\n…………
0x00097b51	4	【코우지】\n간호자가 거짓말을 하지 않았다면,\n병원의 독검으로 이식 수술이 있었던\n것일까?
0x00097bd9	3	【노리코】\n확인해 보지 않으면 모르지만,\n 가능성은 높지 않을까 생각한다…
0x00097c5c	5	【코우지】\n이것은 절대로 간과할 수 없는\n사실이다!\n\n 확인해주세요!
0x00097cd5	2	【노리코】\n알겠어.
0x00097d40	4	【코우지】\n과연…………\n그 교장 선생님은,\n멋지게 보이는 사람 같다.
0x00097daa	5	【코우지】\n오후쿠로의 이식 수술뿐만 아니라,\n시라카와 이치로의 심장 이식도\n다루고\n있었다…
0x00097e1a	5	【코우지】\n하지만 그 교장 선생님도 이제\n행방불명인가…\n이야기를 듣고 싶은 곳이지만,\n어쩔 수 없을 것 같다.
0x00097eb0	2	【노리코】\n그렇지……
0x00097f18	4	【코우지】\n기다려. \n아사츠유씨라면 \n무엇인지 알고 있을지도 모르겠네.
0x00097f90	3	【코우지】\n아사츠유씨에게 이야기를 넣어\n주는가?
0x00097ffd	2	【노리코】\n응, 알겠어.
0x0009808e	1	계단 위쪽
0x0009809a	1	계단 위쪽
0x00098284	2	【노리코】\n… … 여기는?
0x000982e4	3	【히구치】\n여기는 사이토 씨가 사무라이에 얽힌\n현장입니다.
0x00098341	2	【노리코】\n어……!?
0x0009837c	2	【히구치】\n…………
0x000983c2	5	【히구치】\n그리고 그 직전에,\n사이토씨와 시라카와가 말다툼하고\n있던\n현장이기도 합니다.
0x00098420	2	【노리코】\n…………
0x0009847f	2	【히구치】\n자, 어디에서 말하면 좋을까요?
0x000984dc	4	【노리코】\n(코우지의 엄마가 사정에 얽힌\n현장의\n현격히…)
0x00098752	2	【노리코】\n여기서 도대체, 뭐가 있었나요…
0x000987b5	2	【히구치】\n…………
0x000987fb	3	【히구치】\n그 때, 사이토씨와 시라카와 쪽이\n구론 하고 있어…
0x00098865	4	【히구치】\n그 직후에, 사이토씨가 현격히\n살아서\n죽었습니다…
0x000988cb	5	【히구치】\n단지, 그것뿐입니다. \n구론과 사이토씨의 사정에 관련은\n없었을지도 모릅니다. \n그냥......
0x00098934	2	【노리코】\n그냥?
0x00098976	4	【히구치】\n구론하고 있던 시라카와의 표정이\n접할 수 없어요. \n5년이 지난 지금도…
0x000989fc	6	【히구치】\n자, 흔히 드라마 같은 데서\n살의가 어떻고 하는 이야기가\n있잖아요.\n그 표정에서 느낀 건 바로\n살의였어요……
0x00098a70	5	【노리코】\n……즉,\n시라카와가 쌓아 올렸을 가능성은\n비장할\n수 없다고.
0x00098afa	2	【히구치】\n......그래.
0x00098b40	4	【히구치】\n이지만, 그 순간은 목격하고 있지\n않습니다. \n 내 마음에 드는 총휘입니다.
0x00098ba9	4	【노리코】\n알고 있습니다. \n어디까지나 가능성의 하나로서\n두게 해 주셨습니다.
0x00098c0e	4	【노리코】\n(코우지의 엄마가 말을 걸었던\n시라카와는\n누구일까……?)
0x00098c6e	2	【노리코】\n(……혹시 그 사람이야…
0x00098cbb	4	【노리코】\n사이토 카츠요 씨가 말다툼하고 있던\n시라카와는,\n이 분이 아니십니까…
0x00098de5	2	【히구치】\n아니, 이 분이 아닙니다.
0x00098e27	2	【노리코】\n 달랐습니까…
0x00098e68	2	【노리코】\n에서는, 이 분입니까…
0x00098ed5	3	【히구치】\n네, 그 분……\n시라카와 이치로씨입니다.
0x00098f21	2	【노리코】\n…………
0x00098f5a	4	【노리코】\n이쪽은,\n내가 조사하고 있는 사건의\n피해자입니다.
0x00098fdd	2	【히구치】\n에…
0x00099015	2	【노리코】\n…………
0x0009904e	4	【노리코】\n이 사건의 혼후에는\n복소한 인간관계가\n들어가는 것 같습니다.
0x000990ab	4	【노리코】\n이렇게 되면, 사이토 카츠요씨가\n이 시라카와와 논쟁하고 있던 것도,\n사건에 관계하고 있을지도 모릅니다.
0x00099136	2	【히구치】\n…………
0x0009916f	5	【노리코】\n구론의 내용은, 기억하고 있지\n않습니까…\n\n역시 5년전의 이야기야......
0x000991dd	4	【히구치】\n…………\n아니, 단 한마디입니다만 기억하고\n있습니다.
0x0009922e	2	【노리코】\n정말입니까… ?
0x0009927b	4	【히구치】\n확실히, 아야의 죽은 단나씨의\n이름이\n시라카와의 입에서 나왔습니다.
0x000992ee	3	【히구치】\n‘내가 사이토 시로를 죽였다고\n의심하고 있는 건가’라고.
0x0009933f	2	【노리코】\n어……!?
0x00099387	6	【히구치】\n굉장히 시끄러운 이야기를 하고\n있는구나\n무거웠습니다. \n그 뒤에 사이토씨가 죽었으므로,\n계속 인상을 타고 있었습니다...
0x00099415	2	【노리코】\n그것은 경찰에…
0x00099463	5	【히구치】\n아니요.\n무서워서……\n말하자면 제가 살해당할 거라고\n생각했으니까……
0x000994c1	2	【노리코】\n…………
0x00099507	6	【히구치】\n에서도, 신용이 있는 동량에게만은\n이야기하려고 무거웠습니다. \n에서도, 이야기하려고 했던 곳에서\n선생님이 와서,\n화하고 우뚝 솟아 버렸습니다.
0x0009958d	2	【노리코】\n선생님…
0x000995ee	3	【히구치】\n심장 이식 수술을 집당한,\n교장 직험 선생님입니다.
0x0009968e	8	【히구치】\n하리마 선생님께 쓸데없는 참견은 말라고\n주의를 받고,\n그 뒤로는 누구에게도 말할 기회가\n없었습니다……\n지금 당신에게 말한 것이\n처음입니다.
0x0009970f	3	【노리코】\n… … 그렇습니까? \n의중한 정보에 감사드립니다.
0x000997d2	3	【히구치】\n이 이야기를 한 것은,\n당신이 처음입니다.
0x00099887	3	【노리코】\n......의중한 정보를 주셔서\n감사합니다.
0x000998f9	2	【히구치】\n아니…
0x00099956	7	【히구치】\n이런 말을 하면 돌려질지도\n모릅니다만,\n나도 쭉 마음에 부정하고 있어\n비뚤어진\n것으로……\n조금 편해졌습니다.
0x000999d0	5	【노리코】\n모두가 밝혀지면 다시 인사에\n옵니다. \n그 때에는 반드시,\n히구치씨도 해방된다고 생각해요.
0x00099a56	2	【히구치】\n… … 감사합니다.
0x00099a97	2	【노리코】\n슬슬 돌아갑시다.
0x00099b30	2	【노리코】\n(조금 더 이야기를 들어 보자)
0x00099bad	4	【노리코】\n(상당히. 이 위의 격에는 병실이\n있는\n것 같다)
0x00099c07	3	【노리코】\n(코우지의 엄마가 이 현격히\n 살아있는 것 같지만…
0x00099c5d	4	【노리코】\n(그 직전에,\n시라카와 이치로와 말다툼한 것\n같아)
0x00099cb1	3	【노리코】\n(……진실은 어떻게 되어 있는\n것일까?)
0x00099d6a	1	직원
0x00099d76	1	크레인 게임
0x00099d84	1	게임
0x00099d8e	1	[미나즈키 코우지 정보]
0x00099da5	1	[영업 시간에 대해]
0x00099f14	2	【노리코】\n(게임 센터 “어뮤즈 하우스”네)
0x00099f6d	3	【노리코】\n(혼자서 뱉는 것은 처음이구나.\n이런 곳…
0x00099fc6	2	【노리코】\n(게임 센터 『어뮤즈 하우스』요)
0x0009a281	2	【노리코】\n이 분, 본 적이 있습니까?
0x0009a2f5	3	【점원】\n아, 미나즈키강이 아니다. \n우치의 단골씨예요.
0x0009a347	3	【노리코】\n그렇습니까! \n 아시면 이야기가 원합니다.
0x0009a3c4	4	【노리코】\n미나즈키씨, 이번 달 11일의\n밤은,\n여기의 가르침에 쓰지 않았습니까?
0x0009a433	4	【교원】\n그래서,\n벌써 10일 이상 전의 것이군요… \n 과연 거기까지는 기억하지 않아요.
0x0009a49b	3	【노리코】\n그렇습니까… …\n그렇네요.
0x0009a4eb	2	【교원】\n아야가 뭐 했나요?
0x0009a52b	5	【노리코】\n아니, 아직 모르겠어.\n좀 더 구체적인 정보를 얻을 수\n있습니다.\n할 수 없어…
0x0009a5a3	3	【교원】\n어라, 기다려…\n11일이라고 하면, 그 날일까?
0x0009a5fa	3	【노리코】\n무엇인가 무거운 나온 적이\n있습니까?
0x0009a64d	3	【교원】\n아니, 아야는 우리의 가르침\n꽤의 팔의 게이머예요.
0x0009a6b4	4	【교원】\n그런데 오랜만에 대전 게임에서\n 실어 버린 것 같고,\n보에게 8개 맞았던 적이 있어요…
0x0009a72f	3	【교원】\n레버 상태가 나빠져 버려서,\n수리했어요……
0x0009a787	3	【노리코】\n그 사리의 기록이라든지\n타고 있습니까?
0x0009a7dd	3	【점원】\n조금 기다려 주세요. \n확인합니다.
0x0009a882	4	【교원】\n 기다리게 했습니다. \n확실히 11일에 사리의 의뢰를 하고\n있었습니다.
0x0009a8e2	5	【노리코】\n과연…\n몇시쯤, 알겠습니까?\n0시 10분부터 1시 정도가\n아닌가요?
0x0009a961	5	【교원】\n흠……\n과연 거기까지는 조금. \n심야라고 하는 것은 기억하고\n있습니다만…
0x0009a9c1	4	【노리코】\n그래요......\n사고까지 그 레버가 들렸다.\n게임의 이름은 무엇입니까?
0x0009aa34	3	【교원】\n『너클 스트리트』군요. \n대전 각 동 게임입니다.
0x0009aa93	3	【노리코】\n그렇군요.\n감사합니다.
0x0009aaf6	4	【교원】\n미나즈키강은 11일…\n즉 10일의 심야에 배웠던 것\n같습니다.
0x0009aba6	2	【노리코】\n여기의 영업 시간을 가르쳐 주세요.
0x0009ac13	7	【교원】\n우치는 간본적으로 격려하지\n않습니다. \n볼링이나 노래방도 같은 빌딩에\n들어가\n있어,\n24시간 영업입니다.
0x0009acb5	4	【노리코】\n(여러가지 게임이 있구나…\n질서 한 숲을 보자 ... ...?\n)
0x0009ad13	2	【노리코】\n(…………)
0x0009ad50	4	【노리코】\n(그만두자.\n10문제 정도로 게임 오버가 되면\n살찌기 못할 것 같다……)
0x0009adcd	2	【노리코】\n(여러가지 게임이 있어)
0x0009ae22	3	【노리코】\n(코우지가 결막 특기였구나…\n다양한 봉제 인형을 받았다.)
0x0009ae82	4	【노리코】\n(……아, 그 봉제인형,\n귀여울지도.\n석방되면 코우지에게 받으세요)
0x0009af00	3	【노리코】\n(코우지가 자랑하고 있는 크레인\n게임이네)
0x0009af53	5	【노리코】\n죄송합니다. \n나, 변호사의 신성이라고 합니다. \n 이야기를 듣고 싶습니다.\n괜찮습니까?
0x0009afea	3	【교원】\n변호사씨? \n무슨 용?
0x0009b0e9	2	【노리코】\n(이제 조사를 끝낼까?)
0x0009b1a1	2	【노리코】\n(오늘은 이 정도로 해 두자)
0x0009b1ee	2	【노리코】\n(조금 더 여기 있자)
0x0009b243	3	【노리코】\n(아직 물어봐야 할 게 남아 있어.\n아직 돌아갈 수는 없겠네)
0x0009b2f1	3	【노리코】\n어뮤즈 하우스에서 얻은 정보는\n이런 느낌이었어.
0x0009b39b	6	【코우지】\n과연. \n증언만으로 판검하면\n미나즈키는 사건 당일 게이센에 갔던\n것\n같다.
0x0009b429	5	【노리코】\n그래. \n단, 정확한 시간까지 모르기\n때문에,\n확실한 알리바이는 되지 않지만…
0x0009b4a7	3	【코우지】\n의지의 게이센에서의 목격 증언으로,\n정확한 시간을 모르면…
0x0009b528	2	【코우지】\n…
0x0009b576	2	【노리코】\n그렇지……
0x0009b5bb	5	【코우지】\n어쩔 수 없구나. \n 이렇게 되면 아오이에 이야기를 둘\n수\n있을 것 같다.
0x0009b61a	5	【코우지】\n미나즈키의 성격, 취미, 행동……\n거기서 뭔가 알리바이를 증명할 수\n있는 정보가\n나오기를 기대할 수밖에 없어.
0x0009b6c0	3	【노리코】\n......알았어. \n확실히, 아오이씨의 전화번호는…
0x0009b73a	5	【코우지】\n… \n잘못해서 전화를 걸어,\n미나즈키 본인에게 찾고 있는 사실을\n알려진 것이 끓기 때문이다.
0x0009b7d7	4	【노리코】\n그런가…\n하지만 직접 만나서 들으려면,\n어떻게 해야 할까?
0x0009b83c	8	【코우지】\n멘도쿠사일지도 모르지만,\n아오이는 미즈타니 탐정사무소의\n근처에\n있는 고등학교에 다니고 있기\n때문에,\n거기서 기다리는 것이 좋다고\n무겁다.
0x0009b8c6	2	【노리코】\n응, 알겠어.
0x0009b9cc	4	【코우지】\n어제, 검사의 취조가 있었다. \n단지, 굉장히 깨끗이 끝나고\n박자 빠졌지만.
0x0009ba9d	4	【노리코】\n제일 큰 목적은 10일간\n구류를 청구하는 거니까.\n그를 위한 죄상 인정 같은 거야.
0x0009bb56	3	【코우지】\n좀 더 나의 이야기를 놓아주어도\n좋으면 무거운데…
0x0009bbb8	4	【노리코】\n결과는 같을 거야.\n아무리 무죄를 호소해도,\n구류될 거라고 생각해.
0x0009bcb5	3	【코우지】\n어제는 현장 검증에\n 데려갔어.
0x0009bd27	5	【코우지】\n살해 현장이 된 VIP룸에도\n들어가 봤지만,\n결국 아무것도 기억해 내지\n못했어……
0x0009bdb6	2	【노리코】\n그렇구나……
0x0009be14	4	【노리코】\n에서도 반대로 생각하면,\nVIP 룸에 들어가지 않을 가능성도\n 있다고 하는 것이군요?
0x0009be9b	6	【코우지】\n그렇구나. \n그래서 뒀어. \n VIP 룸의 문에 나의 지문이\n붙어\n있었던 걸까.
0x0009bf12	9	【코우지】\n그렇게 하면, 아까 노리코가 보고해\n준\n대로,\n도어에는 지문을 흔들어 삼키는\n호랑이가\n있다고 지적되었다. \n내가 증거 각멸을 위해 한\n일이겠지.
0x0009bfcf	2	【노리코】\n그래서, 경찰은?
0x0009c019	7	【코우지】\n시원하게 반론해 왔어. \n문의 지문은 흔들리게 된 지갑이\n있었던\n것 같다. \n내가 증거 각멸을 위해 한\n일이겠지.
0x0009c0bd	2	【노리코】\n지문을 흔들어 삼키는 호랑이…
0x0009c139	5	【코우지】\n이것으로 내가 VIP방에\n 들어가 있지 않은 것을 증명하는\n것은\n기뻐졌다.
0x0009c1bc	6	【코우지】\n 이렇게 되면,\n지제에 목격 증언을 찾는 수밖에\n없다고\n무겁다. \n거기서 노리코에게 물어보고 싶다.
0x0009c23f	6	【코우지】\n라이트 블루의 종업원에게 두어\n숙여를\n하고\nVIP 룸에 들어간 인물의\n목격 증언을 정리해 주었으면 한다.
0x0009c2ed	4	【노리코】\n라이트 블루로 목격 증언의 조사네.\n\n 그래, 알았어.
0x0009c3dd	5	【코우지】\n어제의 취조에서 추급된 것은,\n나가 정말로 굉장히 움츠려 기억이\n 없어지고 있었는지, 라고 하는\n것이었다.
0x0009c470	3	【코우지】\n꽉에 술에 취해 수첩을 한다면,\n증거를 망설이자.
0x0009c4f9	5	【노리코】\n술에 취해 곯아떨어져 있었다는\n증거…\n이제 와서 음주 검사 같은 건 못\n하겠지…
0x0009c58c	3	【코우지】\n무례자에게 내가 몰랐던 것을\n증언해 줄 수밖에 없겠지.
0x0009c5f4	4	【코우지】\n우선 아사츠유씨는 확실히 내가\n취해져 있던 것을 알고 있으니까,\n증언해 줄 것이다.
0x0009c683	3	【코우지】\n……\n아사츠유씨.
0x0009c705	2	【노리코】\n하지만, 그것만으로는 적지요.
0x0009c76d	3	【코우지】\n맞아.\n여러 사람의 증언이 바람직하다.
0x0009c7c7	4	【노리코】\n미즈타니씨 이외에,\n코우지가 응하고 있었음을\n증언해 줄 것 같은 사람은?
0x0009c84e	5	【코우지】\n나는 카운터에 있었고,\n바의 마스터가 나를 기억하고\n있을지도\n모른다.
0x0009c8b5	5	【노리코】\n과연…\n그럼 이건에 관해서는\n미즈타니 탐정사무소에 가서 미즈타니\n씨로부터 이야기를 둘까…
0x0009c936	5	【노리코】\n라이트 블루에 가서,\n마스터에게 증언해 줄 수 있는\n방식으로\n좋을까?
0x0009c99e	2	【코우지】\n아, 그런 사촌일 것이다.
0x0009c9ea	3	【코우지】\n그것과 어제의 취조에서는\n재미있는 일이 있어…
0x0009ca48	6	【코우지】\n이번 사건을 담당하는 미우라 형사의\n부하 중에\n콘도 형사라는 사람이 있는데,\n그 녀석이 사법 거래를 걸어 왔어.
0x0009cae9	2	【노리코】\n 엣, 그런 거야?
0x0009cb31	5	【코우지】\n자백하면, 살인죄가 아니라,\n상해치사죄로 입건하도록\n검사에게 부탁해 오겠다고 말해\n왔어.
0x0009cbd8	2	【노리코】\n…………
0x0009cc1e	2	【노리코】\n이봐, 그건…
0x0009cc81	2	【코우지】\n, 재미있지?
0x0009cce4	4	【노리코】\n그러고 보면 콘도형사는,\n누마사키소장과 같고,\n피해자와 동기생이었지.
0x0009cd87	4	【코우지】\n… … 사실인가? \n우연히 하지 않으면\n 너무 지나치지 않아…
0x0009cef6	4	【코우지】\n어제의 취조는 잤어…\n터무니없는 것이\n올레 집에서 나왔다.
0x0009cf7d	2	【노리코】\n뭐…
0x0009cfdc	6	【코우지】\n피해자의 명함이야. \n이것으로 나와 피해자에게 면식이\n있었던\n것이\n물리적으로 증명되어 버렸다…
0x0009d08e	6	【노리코】\n에엣! ? \n그래도 코우지, 피해자와는 만난\n적이\n없습니다\n! ?
0x0009d0fd	3	【코우지】\n아, 전혀 기억에 없지만…\n나와 버린 것은 어쩔 수 없다…
0x0009d187	3	【코우지】\n거기서, 이다. \n명함에 대해 알아보고 괴롭다.
0x0009d201	3	【노리코】\n명함에 대해서? \n그렇게 조사해 어떻게 하는 거야?
0x0009d25f	5	【코우지】\n자, 명함은 회사의 내소가\n바뀌거나,\n이미지 체인지했을 때에\n디자인이 바뀌거나 할까?
0x0009d2e4	4	【코우지】\n명함을 받았다고 하면,\n최소 최근이 아니면\n무겁다.
0x0009d369	5	【코우지】\n내가 기억하지 못하고 있다는 것은,\n진흙에 빠져 있었던 가능성을\n들여다보면,\n수년…
0x0009d412	4	【노리코】\n알겠어.\n명함을 받았던 시기를\n조사하고 싶은 거지.
0x0009d490	4	【노리코】\n그래서, 코우지가 망했던\n명함의 디자인은,\n어떤 느낌이었는지 기억하고 있는?
0x0009d51e	4	【코우지】\n아......\n어제의 밤, 괭이에 썼다.\n이런 느낌의 명함이었다.
0x0009d5d2	3	【노리코】\n 조금 기다려. \n디지털 카메라로 기록하기 때문에.
0x0009d62c	5	【노리코】\n이것으로 좋다. \n그럼, 이 건에 관해서는,\n시라카와 빌딩에 가서, 넣어\n보겠네.
0x0009d6ed	2	【코우지】\n아, 잘 부탁한다.
0x0009d761	4	【노리코】\n아, 그렇게 말하면,\n시라카와 빌딩에 아를 창했을 때에\n사원씨의 명함을 받고 있었던거야.
0x0009d7f3	3	【코우지】\n그럴까? \n 조금 보여줘.
0x0009d85f	2	【노리코】\n조금 기다려… … 네, 이거.
0x0009d8f4	2	【코우지】\n…………
0x0009d92d	2	【코우지】\n전혀 디자인이 다르구나.
0x0009d974	4	【노리코】\n......그래. \n이것은 조사하는 민완이 있을 것\n같아.
0x0009daa1	4	【코우지】\n어제의 취조는\n사건 당일, VIP룸에 들어간\n인물에 대한 이야기였다.
0x0009db14	4	【코우지】\n경찰이 확인하고 있는 범규에서는,\nVIP 룸에 들어간 관계자는\n피해자를 절면 4명.
0x0009db9d	5	【코우지】\n내 상사인 아사츠유 씨,\n살해 현장을 보존한 콘도 형사,\n그리고 누마사키 변호사와 젊은\n남자야.
0x0009dc1c	6	【코우지】\n경찰로서는 VIP룸에 들어간\n4명 가운데, 듣고 자주 묶인\n젊은 남자라고 하는 것이 나라고\n생각하고\n있는 것 같다.
0x0009dcab	4	【코우지】\n그러니까, 이 사람의 정보를\n누마사키 변호사에게 물어 와서\n귀찮다.
0x0009dd2b	5	【코우지】\n시라카와 그룹의 고문 변호사라면,\n당일, VIP룸에서 피해자와 만나는\n긴자를 하고 있었다\n인물의 정보를 알고 있을지도 몰라?
0x0009ddea	3	【코우지】\n어쩌면, 이 젊은 남자라는 것이\n그녀석일지도 모르고.
0x0009de49	6	【노리코】\n......알았어. \n이 건에 관해서는,\n사무소로 돌아가 소장으로부터\n이야기를\n들어 오는군.
0x0009df45	3	【코우지】\n어제의 취조,\n새로운 증거를 쌓아 올렸다.
0x0009dfc8	3	【노리코】\n또 뭔가 나왔어! ? \n무슨 일이야?
0x0009e021	4	【코우지】\n아버지의 수첩. \n거기에 터무니없는 것이\n쓰고 있었다.
0x0009e082	3	【코우지】\n『나는 시라카와 이치로에 노리고\n있다』
0x0009e0dc	7	【코우지】\n『만약 내게 뭔가 있으면…\n그것이 얼마나 자연스럽게\n보이는지라도,\n시라카와의 손에 의한 것이라면\n무거워\n주었으면 한다』…
0x0009e180	2	【노리코】\n그런…
0x0009e1e6	3	【코우지】\n… … 나의 아버지가 죽은 것이 \n지금부터 20년 정도 전.
0x0009e24a	4	【코우지】\n그 때, 나는 5개로,\n아버지가 죽은 이유라든지,\n구체적인 이야기는 지금까지 몰랐다.
0x0009e2ea	3	【코우지】\n이지만 경찰은\n그렇게는 무거워주지 않는 것 같다.
0x0009e341	5	【코우지】\n이 수첩을 보고,\n내가 아버지의 복수를 위해\n피해자를 죽였다고 볼 수도 있겠지,\n라는 거야.
0x0009e3e2	4	【노리코】\n하지만,\n코우지는 그런 일\n몰랐어요?
0x0009e45a	4	【코우지】\n아. \n하지만 아무리 몰랐다고 해도 \n경찰은 믿지 않는다.
0x0009e4d9	2	【노리코】\n어떻게 할까…
0x0009e53a	2	【코우지】\n어쩔 수 없어.
0x0009e583	4	【코우지】\n굳이 말한다면,\n그 수첩이 나온 나의 방을 조사해,\n어떤 증거를 찾을 수밖에 없다.
0x0009e605	4	【코우지】\n내가 그 수첩을\n지금까지 본 적이 없었다고\n증거를…
0x0009e68b	2	【노리코】\n……알겠어.
0x0009e6d4	4	【노리코】\n어쨌든 코우지의 방에 가서,\n어떤 증거를 찾아 오는 것으로부터\n끝내라.
0x0009e762	2	【코우지】\n그렇겠지……
0x0009e7c1	3	【코우지】\n나의 아파트는 후지요초의\n포레스트하임 201 체실이다.
0x0009e82f	5	【코우지】\n1격의 제일 안쪽에 대가씨가\n와있으니까\n거기서 열쇠를 빌릴 수 있으면\n무겁다.
0x0009e8a9	4	【코우지】\n1층 가장 안쪽에 집주인 아저씨가\n살고 있으니까\n거기서 열쇠를 빌릴 수 있을 거야.
0x0009e91b	2	【노리코】\n알겠어.
0x0009e9e2	3	【코우지】\n어제의 취조에서 얻은 정보는\n특히 없었구나.
0x0009ea48	6	【코우지】\n굳이 말한다면,\n저소해져 재판으로 무죄를 이기고\n받는\n확률은 0.1퍼센트 이하라고\n말했어.
0x0009eaea	3	【노리코】\n그래… … 지금의 사법 제도하라면,\n무죄를 입증하는 것은 매우 기쁘다.
0x0009eb8a	3	【노리코】\n이지만, 재판원 제도가 도입되면, \n조금은 상황이 바뀔지도 모른다.
0x0009ec05	7	【노리코】\n동시에 취조의 가시화에\n대해서도\n의론되고 있어,\n취조의 모습을 카메라로\n촬영하는\n방안도 있는 것 같아.
0x0009ec8d	6	【노리코】\n그렇게 되면, 무리하게 자백하게\n된다는\n것도\n 없어질 것이며,\n조금은 낫게 되면 무겁지만.
0x0009ed06	4	【코우지】\n뭐, 그렇게 생각하면\n미우라의 취조는 그나마 나은 편일지도\n모르겠네.
0x0009ed68	4	【코우지】\n적어도, 나에게 억지로 자백을\n다가가거나 하지는 않아. \n…
0x0009ee64	5	【코우지】\n어제의 취조에서는,\n미우라에게 부탁해 다시 한번\n아버지의\n수첩을 보여 주었다.
0x0009eef5	3	【코우지】\n그 중에서 신경이 쓰이는 것이\n있어…
0x0009ef61	2	【노리코】\n뭔가 쓰고 있었어…
0x0009efb0	4	【코우지】\n시라카와 이치로가 이전,\n심장병을 앓고 있던 것 같은 것이\n쓰고 있어…
0x0009f03d	5	【코우지】\n그렇게 흔한 말도 아닌데,\n사건의 여러 국면에서 이 화제가\n나와……\n정말 우연일까……?
0x0009f0c9	3	【노리코】\n… … 정말 말할 수 없네. \n우연히 혼자 있을 것 같고.
0x0009f133	4	【코우지】\n어쩐지 궁금해…\n내 생각이 너무 많다면\n거기에 온 적은 없지만…
0x0009f1bf	4	【노리코】\n알았어. \n어떤 정보도 울리지 않게,\n나도 신경써 둡시다.
0x0009f245	2	【코우지】\n그래, 고마워.
0x0009f310	3	【코우지】\n어제의 취조에서는,\n특히 정보는 얻을 수 없었다.
0x0009f388	4	【코우지】\n굳이 말하면,\n반론할 수 있는 것도 내일까지 속여\n선고된 뿐이었어…
0x0009f47e	3	【코우지】\n어제는 미우라에게 사과당했어. \n 참을 수 없었다, 라고.
0x0009f4f6	3	【노리코】\n그래서, 증거를 송검하지 않았던\n건?
0x0009f553	4	【코우지】\n아. \n 어떤 의도로 사과했는지는\n모르겠지만.
0x0009f5b8	5	【코우지】\n조금 물어 보았지만,\n 오로지 『게으르지 않는다』라고\n사과할\n뿐…
0x0009f639	4	【노리코】\n사과한다는 것은,\n적어도 코우지에게\n신청하지 않으면 무거운 것이군요.
0x0009f6a2	3	【노리코】\n교의였는지 우연이었는지,\n교의라면 누구의 의지였는지…
0x0009f717	3	【코우지】\n대신은 아니잖아,\n경찰의 정보를 받았어.
0x0009f77d	8	【코우지】\n경찰도 비디오에 발한 그림자의\n인물의\n정체를\n위에 빠지지 않았다는 것과,\n내 이외에도 혐의를 걸고 있는\n인물이\n있다고 정도지만.
0x0009f839	3	【노리코】\n미우라 형사는 조금 코우지에\n배려해 왔다는 것?
0x0009f8be	4	【코우지】\n자, 아직 정말 말할 수 없지만. \n어쨌든 이 후 취조다. \n이쪽에서도 여러가지 찾아보자.
0x0009f94e	4	【코우지】\n그리고, 잘 피해자가 살아 목격된\n시간을\n내어낼 수 있었어.
0x0009f9c9	4	【코우지】\n0시경…\n내가 논쟁했다고 증언 한 콘도의\n정보다운데.
0x0009fa3c	4	【노리코】\n0시경…\n즉 잔행 시간은 0시부터 44분의\n사이라고.
0x0009faac	2	【코우지】\n그런 뜻이야.
0x0009fb75	7	【코우지】\n어제의 취조로 알게 된 것이\n하나\n있다. \n제출되지 않았던 발잔 카메라의\n발휘는,\n콘도 형사의 작업이었다는 것이다.
0x0009fc17	3	【노리코】\n엣......\n그렇다고 의도적으로, 라는 것…
0x0009fc95	3	【코우지】\n그 입만으로 생각하는데,\n틀림없으면 무겁다.
0x0009fd0f	5	【코우지】\n게다가 그 녀석은 앞으로 유효한\n증거가\n나와도\n분실해 버릴 거라며 협박해 왔어.
0x0009fdae	5	【노리코】\n그렇다면 무거운 확실히 불법 행위가\n아닙니다!\n방향이 들어가지 않을거야!\n나, 항의 해!
0x0009fe5b	6	【코우지】\n 그만. \n증거는 이미 집에 있을 것이고,\n저기에 소란이라면 노리코에까지\n피해가\n든다.
0x0009fee7	2	【노리코】\n야나기야, 그런 거야!
0x0009ff4b	6	【코우지】\n부탁한다, 참아줘. \n이 건은 가시로 움직이면\n지금까지의 조사가 전부 낭비가 될\n수\n있다.
0x0009ffe1	4	【코우지】\n상대는 경찰단이다. \n 조심스럽게 모습을 보고,\n진심을 쓰고, 스키를 찾아야 한다.
0x000a0074	5	【노리코】\n무슨 일이야… \n이마바야시의 사건이, 경찰 권위까지\n움직이는 것 같은\n큰 사건이라고?
0x000a0107	5	【코우지】\n자, 그건 모르겠어. \n만 어디의 건에 대해서는\n저희에게 할 수 있는 것은 아무것도\n없다.
0x000a018d	3	【코우지】\n그러니 유효한 증거가 나와도\n경찰에 제출할 때는 신중하게 하자.
0x000a0223	2	【노리코】\n에서도, 그럼…
0x000a026f	4	【코우지】\n알고 있다.\n내가 해냈다.\n성에 맞지 않는다.
0x000a02e6	3	【코우지】\n찾아 준다……\n적파구를.
0x000a03e5	7	【코우지】\n어제의 취조에는 미우라가 없었다. \n대신에 요시모토 형사의 취조를\n안\n했는데,\n거기서 의외의 이야기를 둘 수\n있었어.
0x000a0487	3	【코우지】\n무려, 요시모토 형사와 아사츠유씨는\n실제의 형제다.
0x000a0502	2	【노리코】\n에에, 그렇구나! ?
0x000a0566	6	【코우지】\n아. \n요시모토 형사는 탐정을 끝내고\n나서의\n아사츠유씨를 \n차기 싫어하는 것 같다.
0x000a05f2	6	【노리코】\n탐정이 야쿠자인 장사에 거듭하는\n거겠지.\n\n요시모토 형사, 분명 생생한\n사람이군요.
0x000a065b	2	【코우지】\n(오마에가 말할까……)
0x000a06a9	7	【코우지】\n에서도, 아사츠유씨와 요시모토\n형사가\n형경이라서,\n어떤 인물의 험체로 이어지는 단서를\n얻을\n수 있었다.
0x000a0776	7	【코우지】\n아사츠유씨와 요시모토 형사가\n형제라고\n하는 것으로\n험체의 단서를 얻을 수 있던\n인물과는…\n?
0x000a08ac	2	【코우지】\n(아니야, 그게 아니야!)
0x000a090c	7	【코우지】\n(아사츠유씨와 요시모토 형사가\n형제라고\n하는 것으로,\n아사츠유씨의 진짜 명처를 알 수\n있을\n것이다……?)
0x000a097b	4	【코우지】\n(그에 관계한 인물이 있었을\n것이다.\n그것은……!?)
0x000a0a43	5	【코우지】\n아사츠유씨와 요시모토 형사는 형제.\n\n그리고 『미즈타니 아사츠유』는 \n일용의 가명…
0x000a0abe	4	【코우지】\n아사츠유씨의 본명은 요시모토라는\n것이\n된다.
0x000a0b47	4	【노리코】\n……라는 것은,\n『요시모토 유미』는,\n미즈타니씨의 딸… ?
0x000a0bec	4	【코우지】\n아니, 거기까지는 모른다. \n하지만, 어떤 관계가\n 있는 것이 아닌가와 무겁다.
0x000a0c58	4	【코우지】\n여기까지 정보가 갖추어지면,\n역시 아사츠유씨도\n진짜를 가르쳐 줄 것이다.
0x000a0ce4	4	【코우지】\n요시모토 유미에 대해서,\n아사츠유씨에게 두어 주실 수\n없는가?
0x000a0d5d	2	【노리코】\n……알겠어.
0x000a0eda	3	【코우지】\n그런데, 어디에서 이야기해도 좋은\n것인가…
0x000a0f47	4	【노리코】\n어머, 이마바야시는 정보가 많이\n있는 것\n같네요.
0x000a0fb8	3	【코우지】\n아니,\n대단한 일이 아니지만…
0x000a1020	3	【코우지】\n화가 전후 하는데,\n노조미에서 둔 이야기에서 할까.
0x000a1081	3	【코우지】\n시라카와 신지에게는 고등학교 시절\n좋아했던 사람이 있는 모양이다.
0x000a10e3	3	【코우지】\n한 학년 위 선배였다고 한다.\n하지만 보답받지는 못한 모양이다.
0x000a1150	4	【코우지】\n게다가 원래 신장이 좋지 않아서\n자신이 오래 살지 못하리라는 걸\n알고 있었던 모양이다.
0x000a11dc	4	【코우지】\n그럴 때 이식 수술이 결정되어\n유럽으로 갔지만,\n그대로 세상을 떠나고 말았다……
0x000a126d	3	【노리코】\n……안타깝네.\n희망을 품고 유럽으로 갔을 텐데……
0x000a12d3	2	【코우지】\n그렇겠지……
0x000a1332	4	【코우지】\n에서, 여기부터가 어제의 취조\n조사의\n이야기이지만…
0x000a138e	4	【코우지】\n어제도 미우라가 없어서,\n요시모토 형사의 취조를\n가졌다.
0x000a140c	3	【코우지】\n거기서, 그……\n조금 설교해 버려.
0x000a1487	3	【노리코】\n설교! ? \n피의자가 형사에! ?
0x000a14ed	6	【코우지】\n아니,\n아사츠유씨의 후원을 말하는\n것이니까. \n그것은 아사츠유씨에 의존하고 있을\n뿐이다… 아하하.
0x000a1587	2	【노리코】\n… … 코우지인 것 같아.
0x000a15ec	2	【코우지】\n그, 그렇구나……?
0x000a1636	4	【노리코】\n건당하게 살아 있는 것처럼 보이고,\n무거운 살찐듯 깊은 인생관을\n용해요.
0x000a16bd	3	【노리코】\n......무엇을 생각하고 있는지\n모른다.
0x000a1711	2	【코우지】\n인, 어째서 스스로 하는 거야.
0x000a177b	2	【노리코】\n스러워서 뭔가 없다!
0x000a17e1	3	【코우지】\n은, 네……\n그렇네요, 네.
0x000a184d	4	【노리코】\n......그래서,\n요시모토 형사는? \n도 아니었다?
0x000a18c9	4	【코우지】\n아, 아......\n마지막은 보통으로 말했다고,\n무겁다…
0x000a1949	2	【노리코】\n…………
0x000a19a8	5	【코우지】\n… … 어째서, 어째서 침묵하고\n있는\n거야? \n도 있어?......?
0x000a1a12	3	【노리코】\n우응. \n 흐릿한 것 뿐이야.
0x000a1a7e	2	【코우지】\n그, 그렇군……
0x000a1adf	3	【노리코】\n그래서, 요시모토 형사로부터는,\n정보를 꺼낼 수 없었던 거야?
0x000a1b42	3	【코우지】\n아, 설교가 효과가 있었는지,\n아버지의 수첩을 보여 주었어.
0x000a1bc9	6	【코우지】\n거기에 쓰여져 있는 것으로\n신경이 쓰인 것이,\n『시라카와 신지』『출신\n고등학교』라는\n것.
0x000a1c3e	3	【노리코】\n… … 여기에 와서 잘 둘거야,\n시라카와 신지라는 이름…
0x000a1ca2	6	【코우지】\n 아, 그러니까 궁금해. \n요시모토 형사가 말하기 위해서는,\n시라카와 신지의 출신 고등학교는\n준텐\n고등학교인 것 같다.
0x000a1d3c	4	【노리코】\n준텐 고등학교는……\n아카네씨와 아오이씨가 다니고 있는\n고등학교?
0x000a1db8	5	【코우지】\n그대로.\n어딘가에 놓은 적이 있다고\n무거웠지만,\n사무소 근처에 있는 고등학교였구나.
0x000a1e2d	3	【코우지】\n단지, 알고 있던 이경은\n그것만이 아니다.
0x000a1e85	4	【코우지】\n무거운 냈어. \n준텐 고등학교는,\n오후쿠로의 출신교이기도 하고…
0x000a1f09	3	【노리코】\n그, 그런 거야… ? \n 엄청 우연히.
0x000a1f81	3	【코우지】\n아니,\n이것을 우연히 끝낼 수 있을까?
0x000a1fdf	2	【노리코】\n…………!?
0x000a2029	5	【노리코】\n그렇게 말하면, 시라카와 신지씨의\n개\n기쁜 상대는\n두벌 연상의 선배… ?
0x000a20c3	4	【코우지】\n… … 조사해 주었으면 한다. \n준텐 고등학교에 가서,\n오후쿠로와 시라카와 신지를…
0x000a2153	2	【노리코】\n……알겠어.
0x000a221e	2	【코우지】\n……어제 취조에서 미우라가 돌아왔다.
0x000a2291	4	【노리코】\n그건… … 기쁘지 않아. \n그래도, 미우라 형사......\n지금까지 어땠어?
0x000a2301	4	【코우지】\n그것이 아무래도,\n아사츠유씨에게 미리 나와 있었던 것\n같다.
0x000a235f	2	【노리코】\n미즈타니씨에게?
0x000a23a6	5	【코우지】\n뭐든지, 어떤 고발을 놓인 것\n같다. \n고발의 내용까지는\n가르쳐 주지 않았지만.
0x000a241a	4	【코우지】\n그것과, 아사츠유씨로부터,\n령의 발잔 카메라에 발하고 있던\n발휘를 안 먹은 것 같다.
0x000a24a3	2	【노리코】\n미즈타니씨… … 과연.
0x000a24f1	4	【코우지】\n아. \n에서 그 발휘를\n오늘 보여줄 수 있게 되었다.
0x000a256c	4	【코우지】\n다시 한번 차분히 보고,\n그림자의 정체의 단서를 얻으려고\n 생각해.
0x000a25db	3	【노리코】\n그런가…\n뭔가 알면 알려주세요.
0x000a2649	2	【코우지】\n아, 기대해!
0x000a2731	3	【노리코】\n어땠어? \n발잔 카메라의 발휘는.
0x000a2786	2	【코우지】\n응......아아......
0x000a27e8	3	【노리코】\n저것,\n별로 찢어짐이 좋지 않아…
0x000a2840	4	【코우지】\n......실은,\n그 그림자의 정체가\n콘도 형사라도 밝혀졌다.
0x000a28ca	3	【노리코】\n에엣! ? \n그럼...
0x000a2932	2	【코우지】\n아니, 그런데 그렇지 않다.
0x000a2982	3	【코우지】\n나는, 그 그림자가\n권총에 지문을 붙였다고 무거웠다…
0x000a29f7	6	【코우지】\n하지만, 다르다. \n콘도 형사는, 불험의 증거를\n임배하기\n위해\n카운터에 접근했다.
0x000a2a94	2	【노리코】\n불험의 증거…
0x000a2b01	4	【코우지】\n아사츠유씨가 준비한 것 같다. \n불험의 증거가 괴롭히면,\n모리에 붐비고 미리 콘도에 전해줘.
0x000a2b86	4	【코우지】\n이것으로,\n경기에 붙은 지문의 건은\n기침으로 돌아왔다.
0x000a2c01	4	【코우지】\n오늘의 취조에서,\n콘도와 이야기를 하게 되어 있다. \n거기서 꽉 끼고 있어요.
0x000a2c8a	3	【노리코】\n…………\n별로 무차는 하지 마라…
0x000a2d7c	2	【코우지】\n콘도 형사가 불험에 대해 자백했어.
0x000a2ded	5	【코우지】\n결막, 컴플렉스였구나. \n자신은 숭상하고, 더 이상의 출세는\n바라지 않는다. \n 한편으로 점점 출세하는 학인…
0x000a2e9d	6	【코우지】\n그럴 때, 피해자로부터\n사건의 전나무 집을 부탁받은\n것으로,\n대등이 될 수 있었다고, 착각해\n버렸다.
0x000a2f2f	4	【코우지】\n그것을 계기로,\n실에서 열매로\n부정하게 손을 곁들여 간 것 같다…
0x000a2fb0	5	【노리코】\n...... 경쟁하지 않지만\n......\n컴플렉스\n제대로 인정했구나, 콘도 형사.
0x000a3020	4	【코우지】\n그렇구나. \n음, 범인에 대해 걱정하고 있는\n경우가 아니지만, 저는.
0x000a30ec	3	【코우지】\n이후, 아사츠유씨가 맘에 드는 것에\n되어 있어.
0x000a3149	3	【코우지】\n콘도의 건도 독부했고,\n이 건에 대해 감사를 말하고 싶다.
0x000a31c6	5	【노리코】\n그런가…\n하지만 미즈타니 씨,\n그 밖에도 여러가지 정보를 망설이고\n그렇네요.
0x000a3232	5	【코우지】\n 아, 그것도 어떻게든 내놓고\n싶다. \n더 이상 시간도 없고,\n나는 척할 수 없으니까!
0x000a32c1	3	【코우지】\n그리고, 무엇보다, 그 확인을 하지\n않으면…
0x000a339b	3	【코우지】\n어제는 미우라에게 전문했다. \n경찰의 정보를 가르치기 위해서.
0x000a341e	2	【노리코】\n어떤 전문?
0x000a3470	3	【코우지】\n내 어머니는 지금으로부터 5년 전\n병원 계단에서 떨어져 돌아가셨어……
0x000a34de	4	【코우지】\n당시에는 사고로 처리됐지만,\n사실 시라카와 이치로에게 떠밀렸을\n의혹이 있어.
0x000a355a	4	【코우지】\n이 건에 대해,\n경찰에 정보가 타지 않았는지\n알고 싶다.
0x000a35cc	5	【코우지】\n피해자의 어는,\n신장 이식 수술을 위해 격유했지만,\n수술에 실패해 농치상 민감해진 것\n같다.
0x000a366b	6	【코우지】\n그 결과로서,\n시라카와 신지의 심장은 오빠에게\n튕겨졌지만,\n이것이 의도적으로 행해졌을 가능성이\n있다.
0x000a36f5	4	【코우지】\n이 사건에 대해\n경찰이 뭔가를 파악하고 있는지\n알고 싶어.
0x000a376d	3	【코우지】\n라이트 블루 안에 총성이 울려 퍼져\n사건이 드러났다.
0x000a37e2	5	【코우지】\n 그러나 이 총성은\n외부 음원의 가능성이 있다고 나는\n역리해,\n관계자의 알리바이를 쓰러뜨렸다.
0x000a3869	4	【코우지】\n하지만, 이 음원 자체는\n증거품으로서\n아직 발견되지 않았다.
0x000a38d6	4	【코우지】\n즉, 현재는,\n나의 망총으로 독립되어 버리는\n 가능성도 있다.
0x000a3948	3	【코우지】\n경찰이 어떠한 정보를\n 묶지 않았는지, 알고 싶다.
0x000a39ae	2	【코우지】\n… … 라고.
0x000a39f5	3	【노리코】\n… … 확실히 신경이 쓰이는\n것이구나.
0x000a3a50	4	【코우지】\n대답은 내일.\n......오랜만에 춤이\n기다려요.
0x000a3c07	3	【코우지】\n어제는 모르는 소녀가\n접견에 왔어.
0x000a3c7c	3	【노리코】\n아, 그건,\n피해자의 딸이 아니야?
0x000a3ce4	3	【노리코】\n이름은 확실히… … 노조미. \n 그래, 시라카와 노조미.
0x000a3d43	2	【코우지】\n아, 역시 그럴까…
0x000a3da9	7	【노리코】\n내가 시라카와 집에서 돌아가려고 할\n때\n말을 걸었어. \n피의자를 만나고 싶지만, 어떻게\n하면\n좋을까.
0x000a3e2d	4	【노리코】\n이라도, 피해자의 가문은 피의자와는\n만날 수 없다고 말하면,\n몹시 살아 버려서라.
0x000a3eba	4	【노리코】\n그래서 자연스럽게,\n변장해서 들키지 않도록 가면\n혼자 말을 했는데…
0x000a3f43	3	【코우지】\n잠시 보지 못한 사이에\n 참을성이 있었구나, 노리코도.
0x000a3fb7	4	【노리코】\n에, 다, 뭐야… \n...... 역시, 말하지 않으면\n좋았을까?
0x000a4036	5	【코우지】\n아니, 괜찮아.\n그래서 그 아이, 그렇게 눈썹을\n깊이\n쓰고 왔는지.
0x000a40c0	4	【코우지】\n돌아갈 때 한마디로 『살인자』라고\n말한 건 꽤 충격적이라고 할까,\n조금 슬펐지만 말이야……
0x000a4161	6	【코우지】\n음, 그 아이에게는\n아버지를 죽인 범인에게\n‘살인자’라고\n말하는 것만으로도\n조금은 마음이 풀릴지도 모르지.
0x000a41f8	3	【코우지】\n그래서 뚱뚱해주면\n좋은데…
0x000a4268	2	【노리코】\n…………
0x000a42ae	3	【노리코】\n놀이군요......\n어린 소녀에게는.
0x000a431c	3	【코우지】\n그렇게 말하지 마!\n내가 누구에게도 놀아.
0x000a4383	2	【노리코】\n그렇게 하고 있을까.
0x000a43eb	2	【코우지】\n… … 후우.
0x000a444a	5	【노리코】\n에서도, 아야녀가 현자로 보고\n깨어날\n때까지\n여기에 온 이유는 신경이 쓰이네요…
0x000a44da	4	【코우지】\n아아, 그렇구나.\n『살인자』라고 말하기 위해서만\n일부러 오는 걸까……?
0x000a454d	2	【코우지】\n조금 찾아보지 않을까?
0x000a45b5	2	【노리코】\n알겠어.
0x000a467c	3	【코우지】\n어제도 피해자의 딸,\n시라카와 노조미가 왔어.
0x000a4702	3	【코우지】\n그런데,\n아무래도 모습이 이상했다고 할까…
0x000a4775	2	【코우지】\n돌아갈 때, 사용해 나갔다.
0x000a47e2	3	【노리코】\n사용하고 있었다… \n왜?
0x000a484a	3	【코우지】\n흠......\n 잘 모르겠어......
0x000a48b8	4	【노리코】\n어쩌면,\n코우지가 범인이 아니라고 무거운\n것일까?
0x000a4930	5	【코우지】\n아니, 그렇다면 오히려 반대라고\n무거운데. \n저, 자신이 범인이라고 겹치게 하는\n화를 했고......
0x000a49a8	2	【노리코】\n그렇구나…
0x000a49f0	6	【코우지】\n『나를 뒤집는 것으로 걱정이\n된다면, \n와 철저히 뒤집으면 좋다. \n그 쪽이 몹시 뚱뚱해진다』라고\n말했어.
0x000a4a8f	2	【노리코】\n…………
0x000a4aee	3	【코우지】\n어째서 마지막으로 사용했는지,\n전혀 모르겠어…
0x000a4b67	5	【노리코】\n......그건,\n아야 여자는 역시 코우지가 범인이\n아니라고\n이해했어.
0x000a4bd4	3	【코우지】\n에, 어째서? \n그건 없으면 무겁지만…
0x000a4c46	2	【노리코】\n…………
0x000a4c8c	4	【노리코】\n이렇게 날카로운 역리력이 있는데,\n어째서 사람의 마음에 관해서는\n여기까지 둔감이겠지…
0x000a4d0c	3	【코우지】\n......응? \n무슨 일이야?
0x000a4d74	2	【노리코】\n응, 아무것도 아니다.
0x000a4e62	2	【코우지】\n어제의 노조미가 짊어졌다.
0x000a4ec9	2	【노리코】\n......지금, 미리 버렸지?
0x000a4f35	4	【코우지】\n......응? \n무슨 일이야, 노리코? \n보고 싶어?
0x000a4f96	4	【노리코】\n그럴까?\n그래서, 노조미 씨, 뭔가\n말했습니까?
0x000a4ffb	5	【코우지】\n(뭐, 어쩐지 뛰고 있는 것 같은\n생각도\n하는데,\n뭐, 좋은가)
0x000a507a	4	【코우지】\n노조미는, 처음부터 나의 일,\n범인이 아니라고\n무거운 것 같다.
0x000a50e4	3	【코우지】\n그 근거를 두어 보니,\n재미있는 의견이 바뀌어 왔어.
0x000a5166	2	【노리코】\n헤에, 어떤?
0x000a51ad	3	【코우지】\n나가 권총을 고용한 것에\n위화감이 있다고.
0x000a5231	3	【코우지】\n무시한 이야기지만,\n잘 잘 생각하면 확실히 이상해.
0x000a5295	6	【코우지】\n나를 하메해서, 자신은 경찰에\n잡히지\n않고 도망친다. \n진범은 계획을 깨닫고 실행했을\n것이다.
0x000a532a	5	【코우지】\n그런데 총성으로 잔행이 발각되었다…\n경기도 잔행 시간도 알려져,\n그때 잡히는 치공성도 올랐을\n것이다.
0x000a53c4	3	【노리코】\n… … 과연. \n 말해 보면 확실히 바꾸어.
0x000a541e	4	【노리코】\n에서도 반대로 생각하면,\n어쩌면 진범은 총성을\n두게 하고 싶었을지도 모르겠네요?
0x000a54af	3	【코우지】\n엣......? \n지금, 뭐라고 말했어......?
0x000a5520	4	【노리코】\n엣......\n진범은 총성을\n놓고 싶었던 것일까…
0x000a55a8	2	【코우지】\n…………
0x000a5607	3	【코우지】\n그런가, 그런 것인가…\n드디어 수수께끼가 풀렸다…
0x000a5683	2	【노리코】\n어, 무슨 뜻이야……?
0x000a56ea	5	【코우지】\n노리코가 말하는 대로,\n진범은 교내의 손님에게\n총성을 두게 하고 싶었을지도\n모른다…
0x000a5766	4	【코우지】\n그것은 총성과,\n어떤 사실이 모순되는 것으로부터\n역리할 수 있어…
0x000a584c	6	【코우지】\n교내에 총성이 느껴졌다. \n 그러나 이것은 어떤 사실과\n모순된다. \n그것을 보여주는\n승무원은......?
0x000a5994	2	【코우지】\n(그건 다르다!)
0x000a59ef	4	【코우지】\n(VIP 룸내는 기밀성이 높고,\n여러가지 어울리는 것도 고용된 것\n같다)
0x000a5a57	3	【코우지】\n(그 때문에 언니된 설구가 있었나?\n그것은……?)
0x000a5b24	4	【코우지】\n……미우라가 말하고 있었다.\n아무리 발음설구가 갖추어져도\n총성은 볶을 것이다라고.
0x000a5ba6	3	【코우지】\n 확실히 그것은 잘못 될 수\n있습니다.
0x000a5c1a	7	【코우지】\n이지만, 발음 사양의 방에서\n흘러넘친\n총성을\n분명히 총성이라고 인식할 수 있는\n인간이\n얼마나 있다고 무겁다?
0x000a5cdf	4	【노리코】\n…… 확실히, 보통은 그것이\n총성이라고\n무겁지 않을지도…
0x000a5d81	7	【코우지】\n대부분의 인간에게 있어, 총성은\n비일상적인 것이다. \n에도 불구하고, 그것이 총성이라고\n분명히\n알고,\n관계자들은 VIP룸으로 달려갔다.
0x000a5e32	6	【코우지】\n이것을 납득시키는 하나의\n가능성으로서,\n문을 제물대로 발포했다고 생각하는\n것이\n자연이 아닌가?
0x000a5ee6	5	【노리코】\n그래! ?\n설마…\n의미 없어, 문을 제물로\n발포한다니!
0x000a5f59	3	【노리코】\n그럼, 자신의 잔행을\n교중에 전하는 것 같지 않다!
0x000a5fee	6	【코우지】\n그대로.\n실제로 가게 안에 있던 관계자는\n총성을\n깨닫고,\nVIP 룸으로 달려갔다.
0x000a6077	3	【코우지】\n이 모든 것이 범인의 의도한 것으로\n하면…
0x000a61ab	3	【노리코】\n어째서 범인은 총성을 두게 하고\n싶었던…
0x000a6227	4	【코우지】\n그것은 나도 모른다. \n 고쳐지는 범인의 실수일지도\n모르고......
0x000a628a	7	【코우지】\n… … 아니, 뭔가의 의미가 절대로\n있을\n것이다…\n여기까지 준비 주도한 진범이,\n까다로운 행동을 모를 리가 없다\n......
0x000a6338	4	【코우지】\n여기가 사건의 수수께끼를 푸는\n아마구치다! \n타구리를 해 준다......!
0x000a63b9	4	【코우지】\n단지, 문을 제정한 채 잔행을\n실시했다면,\n신경이 쓰이는 점이 하나 있다.
0x000a6423	2	【노리코】\n신경이 쓰이는 점?
0x000a646a	3	【코우지】\n총성 이외로 VIP 룸내의 소리가\n밖에 울리지 않았던 건 점이다.
0x000a64e2	2	【노리코】\n피해자와 그렸을 때의 술소리라든가?
0x000a6549	2	【코우지】\n아, 그렇지.
0x000a6591	6	【코우지】\n뭐, VIP 룸에 들어가서 곧바로\n발포하면\n술음을 줄 곧,\n......라는 것은 있을지도\n모른다.
0x000a663a	6	【코우지】\n하지만, 항상 VIP룸 안에서\n소리가\n되고 있는 것,\n나이면 BGM라든지 그런 것이다. \n그런 건 없었어?
0x000a66d9	5	【노리코】\n이라도 VIP 룸내에 보냈던\nBGM이\n교내와 같은 것이었다면\n특히 신경이 쓰이지 않지?
0x000a676c	5	【코우지】\n그대로. \n 그것을 풀어 직원에게 확인해\n주었으면\n한다.
0x000a67d6	2	【노리코】\n알겠어.
0x000a689d	3	【코우지】\n어제의 노조미가 짊어졌다. \n조사를 돕고 싶다고 말했다.
0x000a691c	3	【노리코】\n에엣! ?　\n그것은 치하가 아닌가?
0x000a6971	5	【코우지】\n나도 그렇게 생각했다. \n하지만, 내가 거기 거부해도,\n 마음대로 조사하려고 할지도\n모른다.
0x000a69ea	4	【코우지】\n그렇다면 나의 관시하에 놓는 편이\n좋을지도 모른다고 무거웠으니까,\n조심한 도움을 받기로 했어.
0x000a6a89	2	【노리코】\n…………
0x000a6ae8	5	【코우지】\n괜찮아. \n기껏, 시라카와가에 관한 이야기를\n둘\n정도.
0x000a6b57	3	【노리코】\n우, 응......\n그렇다면 좋지만......
0x000a6c2d	3	【코우지】\n어제는 노리코가 연락해 주신 덕분에\n아사츠유씨가 접견에 와 주었어.
0x000a6cb8	4	【코우지】\n그래서 드디어 사건 발생 당시,\n나가 뭐하고 있었는지\n알았다고 할까…
0x000a6d25	3	【코우지】\n그래도, 기억으로서 타고 있는 것은\n미만이지만…
0x000a6da4	4	【노리코】\n이라도,\n조금은 불안을 집에 갈 수\n있었잖아?
0x000a6e14	3	【코우지】\n아. \n 마음이 편해졌다.
0x000a6e62	4	【코우지】\n에서, 아사츠유씨와 여러가지\n이야기했지만,\n조금 의외의 정보도 둘 수 있었어.
0x000a6ece	4	【코우지】\n우선 하나하나. \n아사츠유씨와 피해자는\n아는 사람인 것 같다.
0x000a6f53	3	【노리코】\n헤에! \n그것은 황미 깊은 이야기입니다.
0x000a6fbe	2	【노리코】\n어라, 그렇지만 그렇게 되면…
0x000a700b	5	【코우지】\n아. \n별로 생각하고 싶지 않지만,\n아사츠유씨도 훌륭한 용의자\n후보구나.
0x000a7098	2	【노리코】\n…………
0x000a70de	3	【코우지】\n그런 봐 되고. \n그 무엇은 드라이에 가자.
0x000a7153	2	【노리코】\n우, 응…
0x000a71b3	5	【노리코】\n하지만 피해자와 미즈타니 씨는\n어떤 관계였을까……?\n설마 살의를 품을 정도로 깊은\n관계였던 걸까……?
0x000a7245	3	【코우지】\n쌓아 올려놓으려고 무거웠지만. \n 잘 어울렸다는 느낌이었다.
0x000a72b7	2	【노리코】\n이라면, 소장에게 물어볼까?
0x000a7308	6	【노리코】\n소장은 시라카와 그룹의 고문\n변호사이고,\n피해자와도 자로부터의 아는 것\n같았으니까\n무엇인가 알고 있을지도…
0x000a73ba	4	【코우지】\n 과연, 그 손이 있었나! \n 맞아, 기회가 있다면 \n두고 봐 줄래?
0x000a743f	2	【노리코】\n응, 알겠어.
0x000a74a1	5	【코우지】\n그래서, 정보 2점째이지만…\n뭉클한 나는 아사츠유씨의 형태를\n빌려,\n택시에 진해진 것 같다.
0x000a752b	2	【코우지】\n이 무엇은 노리코의 정보대로다.
0x000a7597	4	【노리코】\n그래. \n다음은 객관적인 증거......라는\n곳이지만.
0x000a75fe	4	【코우지】\n일단 어제, 아사츠유씨로부터 둔\n중양인 것 같은 정보는 이\n정도일까.
0x000a7704	6	【코우지】\n어제도 아사츠유씨가 짊어졌다. \n변호사가 되는 계기,\n그리고 가는 계기에 대해 이야기를\n해\n주었어.
0x000a7780	2	【코우지】\n아사츠유씨는…
0x000a77e2	3	【노리코】\n아, 코우지. \n그 이야기는 하지 않아도 돼.
0x000a7852	2	【코우지】\n에… … 어째서야?
0x000a789b	3	【노리코】\n그것은 미즈타니씨가 코우지에 대해서\n 이야기한 것입니까?
0x000a78f8	4	【노리코】\n프라이빗인 것을\n별로 말하지 않는 편이 좋다고\n무겁다…
0x000a7964	2	【코우지】\n…………
0x000a79c3	3	【코우지】\n그런 의미라면,\n특히 말할 것은 없을까…
0x000a7a1f	5	【노리코】\n 그래, 표해. \n만약 그 이야기가 사건과 연결되었을\n때는\n들려 줘.
0x000a7aa7	3	【노리코】\n그때까지는 코우지의 마음에\n시만해서요.
0x000a7afc	2	【코우지】\n… … 아, 그래.
0x000a7be4	2	【코우지】\n어제, 타타로가 접견에 참았다.
0x000a7c54	3	【노리코】\n누마사키강이 붐비는 거야? \n무슨 말을 했어?
0x000a7cab	3	【코우지】\n아니, 특히는 아무것도. \n초중 닦고도.
0x000a7d28	3	【노리코】\n헤에…\n풍부했어, 둘이야.
0x000a7d9c	3	【코우지】\n에? \n별로?
0x000a7dfc	3	【노리코】\n에? \n어?
0x000a7e5b	5	【코우지】\n오랜만에 그리운 얼굴을 보게 해\n줬어.\n잠깐, 구류돼 있던 일을 잊을\n정도로.
0x000a7f00	4	【코우지】\n여기에서 나오면\n다시 인사하러 가서\n전해 두어줘.
0x000a7f83	2	【노리코】\n응, 알겠어.
0x000a810d	2	【코우지】\n어제, 또 타타로가 짊어졌다…
0x000a817c	3	【노리코】\n아, 또 맘에 들었다.\n역시 풍부했어요?
0x000a81f1	2	【코우지】\n…………
0x000a8250	3	【노리코】\n…………? \n무슨 일이야, 코우지?
0x000a82a6	2	【코우지】\n…………
0x000a8370	5	【타타로】\n우치에는 좋은 변호사가 많이 있다.\n그 중에서 이 사건의 상당에,\n팔의 굵은 변호사를 숲으로 해서\n좋다.
0x000a83ed	5	【신타로】\n어느 정도 융통성을 발휘할 수도\n있다.\n그럼에도 그녀를 고집한다면,\n그건 자네의 이기심이야.
0x000a84e2	2	【코우지】\n… … 뭐, 노리코.
0x000a852e	3	【코우지】\n조금 생각했지만,\n이런거, 이제 그만둘까?
0x000a85a9	3	【노리코】\n엣… \n 무슨 일이야?
0x000a8613	4	【코우지】\n저 하사,\n노리코에는 굉장한 변호사가\n 되어 주었으면 해.
0x000a8684	2	【노리코】\n…………
0x000a86ca	5	【노리코】\n무슨 뜻? \n이 사건에 관여하면,\n내가 굉장한 변호사가 될 수 없다는\n것?
0x000a873d	4	【코우지】\n노리코사…\n지금 변호사 사무소에서\n꽤 기대 받고있는 것 같다.
0x000a87c1	4	【코우지】\n그렇다면…\n더 큰 일을하는 것이\n괜찮지 않을까 무거워…
0x000a8872	4	【노리코】\n큰 일 ......?\n큰 일은 뭐…\n왜 코우지의 변호가 뭔가! ?
0x000a88f8	6	【노리코】\n코우지의 변호는 나에게 있어,\n 무엇보다도 소중한 일이야! \n인데......왜 코우지가 그런\n말하는\n거야! ?
0x000a897b	2	【코우지】\n아……
0x000a89be	3	【노리코】\n나는, 그렇게 신용 없어! ? \n코우지 걸에 뚱뚱하지 않다! ?
0x000a8a23	5	【코우지】\n아니, 아니......다른거야,\n노리코......\n신용이라든가, 그런 거\n아니야......
0x000a8aaf	3	【노리코】\n으응, 좋아……\n알고 있다…
0x000a8b02	6	【노리코】\n고멘…\n내 힘이 몰라요…\n코우지의 역리에 나의 조사가\n따라잡지\n않았어…
0x000a8b7f	3	【노리코】\n알고 있었어......\n하지만, 나에게는 이것이 급계에서
0x000a8bde	3	【노리코】\n......하지만 코우지를 위해\n조금이라도 굉장히 뚱뚱하고…
0x000a8c56	4	【코우지】\n다르다, 노리코! \n노리코의 조사에 불만 따위 없어! \n그냥......
0x000a8cdf	3	【노리코】\n그럼 왜 내가 안돼! ?\n그냥 뭐야!
0x000a8d59	2	【코우지】\n의, 노리코…
0x000a8dbb	4	【노리코】\n코우지…\n벌써…\n이제, 나를 두지 말아줘…
0x000a8eaa	4	【노리코】\n코우지…\n왜… … 왜 아무 말도 없이\n없어져버린다…
0x000a8f08	3	【노리코】\n이런 손꼽뿐이야......\n전해지지 않아, 코우지......
0x000a8fd5	2	【코우지】\n…………
0x000a9034	3	【노리코】\n미안해요......\n삼키고 버려서…
0x000a90a8	3	【코우지】\n......나,\n노리코에 너무 허위라고 무겁다.
0x000a9107	4	【코우지】\n지금 내게는,\n하고 있는 것을 생각하면\n피의자와 변호사는 관계가 아닐까?
0x000a9180	5	【코우지】\n본래는 변호사가 스스로 생각하고,\n조사하고, 변호하고…\n성공이든 실패하든\n그 결과를 스스로 속에 뿌린다.
0x000a922b	3	【코우지】\n하지만 지금, 우리들의 관계는\n다르다.
0x000a9283	5	【코우지】\n노리코는 나의 지시대로 움직여 주고\n있는데,\n만약 변호에 실패하면,\n그것은 노리코의 오점이 된다.
0x000a9307	5	【코우지】\n그리고, 그렇게 한번 붙어 버린\n오점은,\n나가 어떻게 서림이라고\n태태할 수 없다.
0x000a93a2	6	【코우지】\n… … 그것이 나에게는 배울 수\n없다. \n나의 탓에 노리코의 인생에 오점을\n태울지도 모른다니,\n나에게는 참을 수 없어…
0x000a9486	2	【노리코】\n… … 그런 것…
0x000a94d2	2	【코우지】\n…………
0x000a9518	4	【노리코】\n……그 때도 이렇게 말해주면\n이런 불안한 기분이 되지 않아\n게으른데…
0x000a95b5	3	【노리코】\n 이봐, 두고, 코우지. \n내가 지금 가장 귀찮은 걸 알아?
0x000a9632	3	【코우지】\n…… 이야기의 견해로부터 생각하면,\n내가 깨어나는거야?
0x000a9699	5	【노리코】\n응, 더 근본적인 것. \n그것은,\n코우지가 솔직하게 되어 주지 않는\n것야.
0x000a9721	3	【노리코】\n『노리코… … 고멘…\n잠깐 표현하는 나를 용서해줘…
0x000a978e	4	【노리코】\n하지만 내,\n노리코에 폐를 끼치고 싶지 않아…\n굉장한 변호사가 되어라』
0x000a9808	2	【노리코】\n 기억하고 있다…
0x000a9851	3	【코우지】\n...... 내가 5년 전,\n노리코에 빠진 수선이겠지?
0x000a98cd	4	【노리코】\n그래…\n그때 내가 가장 슬펐던 것은\n코우지가 사라진 것이 아니다.
0x000a993b	4	【노리코】\n코우지의 힘이 될 수 없었던 것이 \n가장 슬퍼했다......\n만났다.
0x000a99bf	3	【코우지】\n그러니까 이마바야시는 삼가해\n말하는거야?
0x000a9a3a	3	【노리코】\n물론. \n다시 말해.
0x000a9a8b	4	【노리코】\n내가 제일 이야인 것은,\n코우지가 솔직하게 되어 주지 않는\n것.
0x000a9aed	3	【노리코】\n경력에 오점이 생기는 건 둘째\n문제야.
0x000a9b4e	4	【노리코】\n그래도 코우지가\n나를 상당에서 제외한다고 한다면,\n그야말로 코우지의 에고야.
0x000a9bd3	2	【노리코】\n… … 다르다?
0x000a9c38	2	【코우지】\n…………
0x000a9c7e	5	【코우지】\n… … 고멘, 노리코. \n내들에게 있어서 제일 중요한 코트를\n이해하는데,\n5년도 걸렸던 것 같다…
0x000a9d19	2	【코우지】\n 힘내자, 둘이서.
0x000a9d7f	2	【노리코】\n응, 노력하자, 둘이서…
0x000a9dfe	3	【노리코】\n이제, 그 때처럼,\n투에 없어지는 것은 배니까…
0x000a9e78	3	【코우지】\n아......\n정말 그때의 나는 적기였다…
0x000a9ed5	4	【코우지】\n자신에게 자신감을 없애고,\n무의식 가운데\n이탈집에 전화하고 있었다.
0x000a9f4d	5	【코우지】\n아직 실의 방도 정해져 있지 않은\n사이에…\n아울러 방을 정하면,\n빨리 끌고 가게가 와서…
0x000a9fee	3	【코우지】\n 알아? \n 꺼내고 있어 대단해.
0x000aa058	4	【코우지】\n이쪽이 정물을 정리하지 않아도,\n그 자리에서 테키파키와 골판지에\n쓰고 줘.
0x000aa0cb	4	【코우지】\n이것은 두더지의 유품이라든지,\n건당하게 지시하면,\n순식간에 정법 감각.
0x000aa14b	3	【코우지】\n저것은 프로의 일이라도\n무거웠네.
0x000aa1b8	3	【노리코】\n… … 저기! \n 그런 일은 아무래도 좋다!
0x000aa228	3	【코우지】\n아, 확실히 그렇구나. \n고멘......
0x000aa31f	2	【코우지】\n어제도 타타로가 짊어졌다.
0x000aa389	3	【노리코】\n엣......\n그래, 그래서......?
0x000aa3da	6	【코우지】\n 말했다. \n저들은 각각의 의지로 움직이고\n있다고. \n그것은 누구에게도 땅에 씌울 수\n없어.
0x000aa46c	2	【노리코】\n그, 그래…
0x000aa4b3	4	【코우지】\n……응. \n아이츠에게 그렇게 선언한 이상,\n힘내지 않으면.
0x000aa516	3	【노리코】\n......응. \n 맞아!
0x000aa5fd	3	【코우지】\n어제는 아카네과 아오이라고 하는\n2명의 여고생이 접견에 참았다.
0x000aa689	2	【노리코】\n엣, 여고생…
0x000aa6f9	4	【노리코】\n여고생… … 라고,\n혹시 미즈타니 탐정사무소에\n있던 아이들일까?
0x000aa76b	2	【코우지】\n아, 만난 적이 있는가.
0x000aa7ba	4	【코우지】\n우리 사무소 근처에 고등학교가 하나\n있는데,\n거기 탐정 동아리 부원 두 명이야.
0x000aa836	3	【코우지】\n이전, 길마에 휩쓸려 들었을 때에,\n도 도운 적이 있었다.
0x000aa8a9	4	【코우지】\n그 뒤 우리 사무소에 드나들기\n시작해서\n탐정술을 가르쳐 달라고 하더라고.
0x000aa942	2	【노리코】\n그, 그렇구나……
0x000aa9a5	3	【코우지】\n아사츠유씨는 말야,\n나는 이외에는 윽이구나.
0x000aaa06	4	【코우지】\n저희가 맡은 의뢰에 깊이 관여하지\n않는다는 조건으로,\n사무소 출입을 허가하고 있어.
0x000aaa99	3	【코우지】\n가끔 전화번을 하기도 하고,\n나도 깜짝 놀릴 수 있고.
0x000aab14	4	【노리코】\n그런가…\n위조적으로는 코우지의 후배가 될지도\n어쩔 수 없는 아이들이란 말이야.
0x000aaba0	3	【코우지】\n아니, 아사츠유씨에게 그 생각은\n없는 것 같다.
0x000aabf7	5	【코우지】\n오히려 이 장사의 힘들기를\n가까이에서 보여주고\n정숙한 길로 진행시키려고 하는 것\n같다.
0x000aac83	3	【코우지】\n에서도 이젠 사촌,\n두 사람 모두 동기부족이지만.
0x000aacfa	4	【노리코】\n… … 감전에 역효과라고 생각해. \n코우지 같은 재미있는 인간이 있는\n사무실에서는.
0x000aae09	2	【코우지】\n어제도 여고생 콤비가 짊어졌다.
0x000aae79	2	【노리코】\n아, 그래 그래.
0x000aaec1	6	【노리코】\n어제의 밤, 적연히, 미나즈키\n아오이는\n아이로부터\n휴대폰에 연락이 있었기 때문에\n깜짝 놀랐어.
0x000aaf44	2	【노리코】\n코우지에게 부탁받았다고 말했지만…
0x000aafb7	4	【코우지】\n 아, 맞아. \n두명의 사화를 듣고 있으면,\n의외의 사실을 알았어요.
0x000ab028	4	【코우지】\n사건 당일 VIP룸에 들어갔다는\n코우지라는 이름의 젊은 남자가\n아오이의 오빠일 가능성이 높다.
0x000ab0c1	6	【노리코】\n전화로 아오이씨로부터 들었어. \n오빠가 당일 사건 현장에 가고\n있었는지\n확인하고 괴롭다고 코우지에게\n부탁받았다고.
0x000ab149	4	【코우지】\n결과를 원하게 알고 싶었으니까. \n변호사에게 전화로 전해줘서\n부탁했는데......어땠어?
0x000ab1e2	6	【노리코】\n 맞았어요. \n아오이씨의 오빠인 「미나즈키\n코우지」씨는\n당일, 라이트 블루에 가고\n있었다고.
0x000ab27b	3	【코우지】\n라는 것은 빙고인가!\n좋아…
0x000ab35b	3	【코우지】\n어제는 미나즈키 코우지가 접견에\n참았다.
0x000ab3cd	3	【노리코】\n엣......\n직접 쫓겨났어?
0x000ab41d	4	【코우지】\n듣고 싶은 것이 있다면\n경을 고용하지 않고 들으려고. \n 도전적인 민감함으로 말했다.
0x000ab496	4	【코우지】\n 그래서 몇가지 전문해 보았다. \n우선, 당일 왜 라이트 블루에\n 갔는지부터.
0x000ab520	3	【노리코】\n황미 있구나. \n 그럼?
0x000ab56e	5	【코우지】\n피해자에게 예정된 것 같다. \n『또 시라카와 설계로 추악하지\n않을까』라고\n말해졌다고.
0x000ab5e6	3	【코우지】\n원제, 다음 주 아침부터 다시\n일하게 됐대.
0x000ab654	4	【노리코】\n하지만, 그런 이야기,\n어째서 일부러 심야의 바에서\n하는 것일까…
0x000ab6d3	4	【코우지】\n나도 그건 무거웠지만,\n『그런 것은 모르겠어』라고\n변환되었어.
0x000ab73a	6	【코우지】\n단지, 피해자는 캠플라주가\n어쨌든,\n의 의미가 통하지 않는 것도 말한\n것\n같다.
0x000ab7b5	3	【노리코】\n캠플라주? \n......무슨 일이야?
0x000ab80c	3	【코우지】\n나도 모르겠다. \n지금은 두자.
0x000ab87b	5	【코우지】\n어쩔 수 없으니까, 그 견해로,\n어째서 시라카와 설계를 가로챈 것\n같아\n화도 들어 보았다.
0x000ab8ef	4	【코우지】\n그러면 피해자를 싫어하니까\n매우 스트레이트한 대답이\n바뀌어 왔다.
0x000ab968	4	【코우지】\n피해자에게\n인생을 어색하게 되었다고까지\n말했어.
0x000ab9ea	4	【노리코】\n없고, 대단히, 대담한 것을\n말하는 사람이구나......\n용의자가 되어도 불평할 수 없어?
0x000aba6f	4	【코우지】\n그것은 좋다고 한다. \n그날 하루 무슨 일을 했는지\n두었는데......
0x000abaed	6	【코우지】\n16시까지는 집에 있어,\n그 후 게이센에 가서,\n23시 지나서 게이센을 나와,\n현장으로\n향한 것 같다.
0x000abb71	5	【코우지】\n화가 끝난 뒤는 게이센에 와서,\n1 플레이 해 돌아온 것 같다. \n집에 도착한 것은 1시 30분\n지나.
0x000abbf1	4	【코우지】\n그 사이의 알리바이를\n증명해 주는 사람은 없다고\n말하고 있었구나.
0x000abc6e	2	【노리코】\n그렇구나……
0x000abcd7	5	【코우지】\n마지막으로 그 날의 복장에 대해\n놓으면,\n『지금 입고 있는 옷』이라고\n말했어.
0x000abd47	4	【코우지】\n적어도, 그 발휘에 발하고 있던\n옷과는\n다른 것이었다.
0x000abdc7	3	【노리코】\n그것이 둘 수 있을 뿐이라도\n큰지도.
0x000abe33	4	【노리코】\n단지, 아야가 말한 것이\n정말인지는\n모르지만…
0x000abeae	4	【코우지】\n아.\n어쨌든 용이 잡히면\n좋지만.
0x000ac031	2	【코우지】\n그리고……
0x000ac0f8	5	【코우지】\n어제, 노조미에게\n누마사키 변호사와 시라카와 아시요의\n관계를\n화해 주었어.
0x000ac17f	3	【노리코】\n그런가…\n노조미 씨, 충격 이었습니까?
0x000ac1f0	4	【코우지】\n자......\n나의 앞에서는 기장에 물린 닦고\n있었지만.
0x000ac276	5	【코우지】\n에서도,\n노조미가 마주해야 하는 문제다. \n 잘 어둡게 하고 있어 주면\n좋지만.
0x000ac308	2	【노리코】\n그렇지……
0x000ac3cf	4	【코우지】\n어제, 노조미에 요시모토 유미가,\n아사츠유씨와 시라카와 신지의 아이도\n화했어.
0x000ac441	4	【코우지】\n그렇게 하면, 재미있는 이야기를\n가르쳐\n주었어.
0x000ac4b1	2	【노리코】\n엣, 어떤 이야기…
0x000ac517	5	【코우지】\n심장 이식을 건 사람은,\n원래의 심장의 격자의 기억을\n안 쓰는 일이 있을지도 모른다고\n이야기…
0x000ac5a3	3	【코우지】\n사실은 구치소 도서실에 있는 책에서\n비슷한 이야기를 읽었거든.
0x000ac624	4	【노리코】\n심장이 기억을 쓰러뜨린다… \n 있을 수 있습니까? \n그런 것.
0x000ac698	3	【코우지】\n어떻겠지. \n그냥......
0x000ac6e4	4	【코우지】\n노조미도 요시모토유미를\n시라카와빌딩의 사장실에서 보인 것\n같지만…
0x000ac74d	4	【코우지】\n어쩌면\n신지의 심장을 쓰러뜨린 피해자에게\n아버지의 그림자를 보지 않았을까.
0x000ac7d6	3	【노리코】\n설마......\n그런 일......
0x000ac83e	2	【코우지】\n에 왠지 믿을 수 없는 이야기지만…
0x000ac92d	6	【코우지】\n노조미에게, 시라카와 이치로가\n재혼한\n계기는\n첫눈에 반했기 때문이라고 말했더니,\n뜻밖이라는 반응이더라.
0x000ac9d1	6	【노리코】\n그건 그렇지? \n피해자의 정보는,\n가모기보다 일, 강인한 경영이라고\n말할\n뿐이다.
0x000acae5	4	【코우지】\n노조미에서 둔 시라카와 신지의\n이야기는\n아까.
0x000acb41	2	【코우지】\n즉, 그런 일이다.
0x000acb92	3	【코우지】\n시라카와 신지에게는 고등학교 시절\n좋아했던 사람이 있는 모양이다.
0x000acbf4	3	【코우지】\n한 학년 위 선배였다고 한다.\n하지만 보답받지는 못한 모양이다.
0x000acc61	4	【코우지】\n게다가 원래 신장이 좋지 않아서\n자신이 오래 살지 못하리라는 걸\n알고 있었던 모양이다.
0x000acced	4	【코우지】\n그럴 때 이식 수술이 결정되어\n유럽으로 갔지만,\n그대로 세상을 떠나고 말았다……
0x000acd7e	3	【노리코】\n……안타깝네.\n희망을 품고 유럽으로 갔을 텐데……
0x000acde4	2	【코우지】\n그렇겠지……
0x000ace43	8	【코우지】\n그리고 또 하나, 중양인 정보가\n있다. \n유럽으로 건너가해서 이식 수술이\n실패했을\n때에,\n시라카와 신지의 심장이 이치로에\n이식되었다고 한다.
0x000acef3	3	【노리코】\n엣… ? \n그건 사실이야! ?
0x000acf4c	5	【코우지】\n아아. \n 이것은 결막 중양 정보일지도\n모른다. \n만지지 않도록 하자.
0x000ad037	4	【코우지】\n어제는 노조미가 접견에 왔다. \n시라카와 빌딩의 사장실에서\n어린 소녀를 보는 이야기였다.
0x000ad0cc	3	【노리코】\n여자? \n어떤 아이?
0x000ad119	5	【코우지】\n5, 6개 정도로,\n이름은 「요시모토 유미」라고 말하는\n것\n같다.
0x000ad184	4	【노리코】\n『요시모토 유미』? \n요시모토, 라고 혼이라면,\n요시모토 형사가 있지만...
0x000ad20d	2	【코우지】\n그것은 나도 일순간 생각했다.
0x000ad263	5	【코우지】\n하지만 요시모토 형사의 나이에\n아이는\n좀처럼 없으면 무겁고…\n그런 분투는 아니지만, 그 사람.
0x000ad311	4	【코우지】\n일단 두어 보고 싶지만,\n그런 일 놓으면 무엇을 말할 수\n있을까…
0x000ad38f	6	【코우지】\n원래, 비록 요시모토 형사에 아이가\n있었다고 해도,\n그 아이가 시라카와 빌딩의 사장실에\n있는\n이유가 없고.
0x000ad427	3	【노리코】\n맞아…\n『요시모토』는 자주 있는 명처이고.
0x000ad486	2	【코우지】\n그렇겠지……
0x000ad570	5	【코우지】\n어제는 노조미가 접견에 왔어.\n노조미의 친어머니인 아시로 씨의\n자살에 대해\n조사하고 있던 내용을 알려 줬어.
0x000ad612	2	【코우지】\n에서 의외의 사실이 발각되었다.
0x000ad67e	5	【노리코】\n이 사건의 조사를 거두고 나서, \n가시의 연제인 것. \n이제, 대부분의 일은 가시가\n아니야.
0x000ad71a	5	【코우지】\n그런가. \n......누마사키 변호사와\n아시로가\n불륜한 것 같다.
0x000ad79d	5	【노리코】\n에에아아아아아아아아아아아아아아아아아\n아아아\n아아! ? \n 오, 그, 소장! ?
0x000ad7fe	2	【노리코】\n하고, 믿을 수 없다…
0x000ad865	5	【코우지】\n사실인 것 같다.\n게다가 그것을 피해자는 알고 있었던\n것\n같다.
0x000ad8e8	5	【노리코】\n……라는 것은,\n피해자는 두 사람의 불륜을 알고\n있었고,\n소장을 고문 변호사로 했다…
0x000ad999	5	【코우지】\n피해자와 누마사키 변호사는\n프라이빗과 일을 나누고 있었다고\n하는\n정보도 있다.
0x000ada11	9	【코우지】\n하지만, 아사츠유씨가 시라카와\n그룹의\n고문 변호사를 가로채고 나서,\n쭉 쭈그리고 있던 누마사키 변호사가\n이\n포스트를 안 갔다\n리경의 일단이 여기에 있는 것 같은\n생각이 든다.
0x000adacf	2	【노리코】\n그래…
0x000adb25	2	【코우지】\n이것으로 하나의 수수께끼가 풀렸다.
0x000adbc6	4	【코우지】\n누마사키 변호사와 아시로의 불륜. \n 그것을 알고 있던 피해자. \n여기에서 도출되는 결론은?
0x000add10	2	【코우지】\n(아니야, 이게 아니야!)
0x000add70	5	【코우지】\n(계속 누마사키 변호사가 젓가지고\n있던\n시라카와 그룹의 고문 변호사의\n포스트)
0x000adde8	3	【코우지】\n(이것을 속이는 계기가 된 것이,\n이 불륜이었을지도 모른다)
0x000ade47	9	【코우지】\n(그 사실을 피해자가 알게\n함으로써,\n누마사키 변호사에게는 빌릴 수 있어\n버린\n것이다.\n 그것을 단적으로 나타내는 정보가\n있었을\n것이다!)
0x000adf4c	4	【코우지】\n야스요와의 불륜.\n그 사실이 피해자에게 알려진 게\n교수 변호사의 약점이 된 거겠지.
0x000adfda	5	【코우지】\n교수 변호사는 계속 고문 변호사\n자리를\n노리고 있었지만, 결국 맡을 수밖에\n없게 된 거야.
0x000ae09f	6	【노리코】\n또 하나 신경이 쓰이는 일이 있어.\n\n피해자는 장어의 불륜 상대를,\n어째서 그런 중양인 포스트에\n놓았을까?
0x000ae12f	4	【노리코】\n보통 불륜 사실 때문에\n소장님을 믿을 수 없게 되는 거\n아닌가?
0x000ae1d8	4	【코우지】\n확실히 그렇다…\n아무래도 또 하나 용이 있을 것\n같다.
0x000ae236	2	【노리코】\n……소장님에게 직접 물어볼까?
0x000ae28b	4	【코우지】\n그럴 수 있겠어?\n야스요가 자살했다는 사실도\n함구하도록 강요당했을 정도잖아?
0x000ae309	7	【노리코】\n응……\n하지만 여기까지 왔으니 이제 물러설\n수\n없어.\n본인에게 직접 묻지 않으면 알 수\n없는걸.
0x000ae37f	4	【코우지】\n알았다. \n요청. \n하지만 조심해.
0x000ae3e4	3	【코우지】\n교수 변호사가 진범일 가능성도\n부정할 수 없어.
0x000ae463	3	【노리코】\n……응.\n신중하게 물어보고 올게.
0x000ae55a	4	【노리코】\n언제라도 소장에게 이야기를\n들어오니까,\n그 때는 지시해 주세요.
0x000ae5d6	2	【코우지】\n그래, 고마워.
0x000ae6a1	4	【코우지】\n어제, 아사츠유씨가 접견에 배웠다.\n\n그때 재미있는 것을 넣어...
0x000ae712	5	【코우지】\n이 이야기는 하고 있지 않았다고\n생각하지만,\n아사츠유씨가 변호사였을 때,\n개인 사람이 있었던 것 같다.
0x000ae78b	2	【코우지】\n그 개 기인인의 이름이…
0x000ae7f4	4	【노리코】\n기다려. \n그것은 비공개이기 때문에,\n말하지 않는 편이 좋다고 무겁지만…
0x000ae863	3	【코우지】\n아니, 이것이\n사건과 관계 있을지도 모른다.
0x000ae8d7	3	【노리코】\n사건과 관계가 있다? \n미즈타니 씨의 연애가?
0x000ae952	5	【코우지】\n아. \n아사츠유 씨가 강아지였던 사람의\n이름은,\n시라카와 신지…
0x000ae9b9	3	【코우지】\n살해당한 시라카와 이치로의\n딸이야.
0x000aea1f	2	【노리코】\n에…
0x000aea90	4	【코우지】\n시라카와 신지에 대해 조사해\n주었으면\n한다.
0x000aeb00	3	【노리코】\n알았어. \n소장에게 이야기를 들어보자.
0x000aeb56	4	【노리코】\n피해자와는 고등학교 시절부터의\n지인이었으니까,\n분명 어머니도 알고 있으면 무겁고.
0x000aebd4	2	【코우지】\n아… … 부탁한다.
0x000aeca4	3	【코우지】\n어제, 타타로가 짖었다. \n아빠의 모습이 이상해.
0x000aed22	6	【노리코】\n음…\n말해 보면 분명히\n위의 하늘 때가 많은 것 같은\n생각이\n들지만…
0x000aeda8	5	【노리코】\n단지 나는 누마사키강만큼\n소장과의 교제가 긴 것은 아니고,\n최근은 조사로 사무소를 비우기\n때문에.
0x000aee44	4	【코우지】\n흠…\n타타로이기 때문에 깨달은 것인가,\n타타로의 생각 너무,…
0x000aef85	4	【코우지】\n어제는 여고생 콤비가\n접견에 배웠어. \n작은 사실을 알았다.
0x000aeffd	6	【코우지】\n미나즈키 코우지이지만,\n경의 아오이의 이야기라면,\n사건 당일의 단격으로는 슈트를\n탄하고\n있지 않은 것 같다.
0x000af079	4	【코우지】\n아무래도 예전에 회사에서 해고됐을\n때,\n슈트를 전부 버렸던 모양이야.
0x000af105	6	【노리코】\n… … 과연. \n이라도, 설레지 않았다고 해도\n친구로부터\n빌릴까,\n위장의 방법은 있겠지.
0x000af1a0	3	【코우지】\n맞아.\n용 붙이가 모르면 제일이지만…
0x000af215	5	【코우지】\n미나즈키가 복직한다는 이야기는,\n1개월전부터 구체적으로 되어 있었던\n것\n같다.
0x000af28b	4	【코우지】\n저는 시라카와 이치로가 죽은 직후에\n미나즈키 코우지가 복직한 것에\n부진감을 망쳤다.
0x000af325	6	【코우지】\n하지만 실제로는,\n1개월전부터 그런 움직임이 있었다.\n\n사건과 관계없는 가능성이 나온\n것이다.
0x000af3b9	5	【코우지】\n거기서 노리코에게,\n미나즈키가 복직하기 위해 취한\n과정을\n조사해 주었으면 한다.
0x000af429	4	【코우지】\n경우에 따라서는,\n미나즈키가 용의로부터 벗어날지도\n모른다.
0x000af4ab	5	【노리코】\n......알았어. \n그렇다면 직접,\n신대표의 시라카와 사토루에 두어\n보자.
0x000af530	3	【코우지】\n엣… ? \n할 수 있을까?
0x000af580	6	【노리코】\n새로운 대표는 인당도 좋을 것\n같고,\n이쪽에는 시간도 없고. \n 엘라 사람만큼 직접 암격 쪽이\n원이야.
0x000af628	3	【코우지】\n......그런가. \n 그럼, 그걸 부탁해.
0x000afb76	2	【코우지】\n다만 지금-
0x000afbd2	3	【나나시바】\n어서 봐~\n…
0x000afc23	3	【코우지】\n음, 어쩔 수 없어. \n이것도 인생이다.
0x000afc92	3	【나나시바】\n으음……\n나는 기쁘니까 괜찮지만……
0x000afceb	3	【유치계】\n사이토, 돌아왔을 뿐이지만,\n변호사가 접견에 붐비고 있어.
0x000afd45	3	【코우지】\n노리코인가…\n보고하지 않으면 안돼…
0x000afd9c	3	【나나시바】\n노리코 씨, 슬퍼하겠지……\n네가 위로해 줘, 코우지.
0x000afdfc	3	【코우지】\n…… 위로해 주었으면 하는 것은,\n나의 편이지만.
0x000afe93	5	【노리코】\n오늘은 검사의 취조에\n 다녀 왔지? \n어땠어......? \n…
0x000aff01	3	【코우지】\n아, 결막,\n석방되지 않고 끝났으니까.
0x000aff5a	5	【코우지】\n이라도 뭐, 별로 좋다. \n조사할 시간이\n10일간 늘었다고 거듭하면 된다. \n그냥......
0x000affce	2	【노리코】\n단지…
0x000b0007	3	【코우지】\n 음, 그것에 대해 노리코에게\n확인하고 싶은 것이 있었다.
0x000b005a	5	【코우지】\n『라이트 블루』의 발잔 카메라의\n비디오,\n\n경찰에 제출했지?
0x000b00de	2	【노리코】\n그래, 물론.
0x000b0119	6	【코우지】\n그런가…\n분명히, 미우라도 취조을 조사 할\n때\n보았습니다.\n말했던 것.
0x000b019b	2	【노리코】\n이봐, 뭐야?
0x000b01d7	3	【코우지】\n아니......검사 수중에\n그것이 빠지지 않았던 것 같다.
0x000b0251	2	【노리코】\n엣…
0x000b02b0	5	【노리코】\n그건 재미있어! \n 적어도 코우지가 검찰청에 갔을\n때,\n함께 송검되었을 것이다.
0x000b0321	4	【코우지】\n나도 그렇게 생각했다. \n이지만 검사를 받았다. \n그런 것은 내 수중에 없어, 라고.
0x000b03b0	3	【노리코】\n……그렇다면 경찰서에 탄 채로\n그대로……라는 건가?
0x000b0409	2	【코우지】\n그럴지도 모르겠네.
0x000b046b	3	【노리코】\n그런 것, 있을 수 없다……\n그런 중양인 증거를…
0x000b04c5	6	【코우지】\n이지만 사실이야. \n이제 이런 시간이니까,\n취조는 내일이 된다고\n생각하지만,\n그때 미우라에게 물어볼게.
0x000b0547	3	【노리코】\n우, 응......\n이지만......
0x000b0589	4	【코우지】\n음, 지금 저것 이것 생각해도\n어쩔 수 없어. \n내일이 되면 알겠다.
0x000b05e4	5	【코우지】\n그것보다, 지금부터가 문제야.\n10일간 연장된 구류지만,\n지금까지 해 온 것과는\n다른 방식으로 움직여 보려고 해.
0x000b0690	2	【노리코】\n다른 커팅?
0x000b06cb	7	【코우지】\n지금까지는 어느 쪽인가 하면,\n관계자의 행적이라든가\n알리바이라든가,\n살해 방법이나 트릭을 중심으로,\n사건이 일어난 당시의 일을\n조사해 왔던 거지?
0x000b0758	4	【코우지】\n지금부터는, 더 깊게 자르고,\n사건의 혼후 관계에 대해\n조사하려고 무거워 있어.
0x000b07c9	4	【코우지】\n그리고 진범을 밝혀내는 것과\n동시에,\n살해 동기까지 밝혀내고 싶어.
0x000b084a	5	【노리코】\n… … 왜 그런 곳까지? \n게다가, 10일간에\n그렇게 깊게 조사하는 것,\n할 수 있을까......?
0x000b08bb	5	【코우지】\n아니, 반대다. \n여기까지 조사하지 않으면, 사건의\n진상도,\n진범도 모르겠다고 무거웠다.
0x000b0925	4	【코우지】\n사실, 살해 방법을 알게 된\n지금도,\n진범을 특정하지 못했어.
0x000b098b	3	【코우지】\n이 사건을 낳은 어둠… …\n그것과 마주해야 한다.
0x000b09ff	2	【노리코】\n…………
0x000b0a45	5	【노리코】\n......알았어. \n그렇게 되면,\n나도 각오를 쪼개지 않으면 안\n되겠지.
0x000b0aa6	5	【코우지】\n그럼, 오늘은 이미 늦고,\n지금부터 조사를 부탁하는 것은\n어려울\n것이다.
0x000b0b0d	3	【코우지】\n내일까지 구체적인 조사 방식에 대해\n생각해 두자.
0x000b0b77	3	【노리코】\n그래, 최선을 다합시다, 코우지. \n 그럼 내일 오전에 올 거예요.
0x000b0bd2	3	【코우지】\n고마워, 노리코…\n승차 10일간, 잘 부탁해.
0x000b0ec7	4	【노리코】\n안녕, 코우지. \n오늘부터 질투를 품고\n최선을 다하자.
0x000b0f29	3	【코우지】\n하자. \n이상 실패는 용서되지 않으니까.
0x000b0f97	4	【노리코】\n그래, 맞아…\n향해도 사용해도,\n타고 10일… …실전 9일간이군요.
0x000b1001	4	【코우지】\n어제 말했듯이,\n앞으로의 조사 방식을 생각해\n보았다.
0x000b1058	6	【코우지】\n사건의 혼후관계까지\n자르는 아카리로서,\n피해자인 시라카와 이치로를\n중심으로,\n인간관계를 조사해 나가려고 한다.
0x000b10ec	2	【노리코】\n…………
0x000b1125	3	【코우지】\n…………? \n무슨 일이야, 노리코?
0x000b117a	4	【노리코】\n으, 응…\n앞으로 점점 더 나의 행동이\n크게 영향을 받고 무거웠으니까…
0x000b120d	3	【노리코】\n지금까지의 조사는,\n축과 구체적이었잖아?
0x000b1272	5	【노리코】\n‘살해 현장에 대해 조사한다’는\n거였다면,\n라이트 블루 안을 조사해 달라고\n했으면 됐을 텐데……
0x000b1303	4	【노리코】\n사건의 혼후를 찾는다면,\n나도 생각하고 행동하지 않으면서\n무거워…
0x000b1361	5	【코우지】\n나는 노리코에게 아무런 불안도\n없지만.\n오히려 조사의 센스가 있다고\n무겁다.
0x000b13c2	4	【코우지】\n사무소내에 있던 플레이어를\n이동한 호랑이는,\n꽤 몰라?
0x000b1427	4	【코우지】\n그래서 경찰을 빠져나갔고,\n저 사진을 찍어 온 시점에서,\n노리코의 승리야.
0x000b14c0	3	【노리코】\n그, 그렇게 말해 주면,\n조금 기쁘지만…
0x000b150f	3	【코우지】\n괜찮아. \n 자신감을 농담, 노리코.
0x000b1562	6	【코우지】\n오히려 노리코에 아지 않는 것은\n자신이다. \n노리코의 잠재력은 \n아사츠유씨에게도 실수하지 않으면\n나는 무거워.
0x000b15f8	3	【노리코】\n그, 그런…\n그 미즈타니씨에게, 나 뭔가가…
0x000b1649	6	【코우지】\n그래, 거기서 자신이다. \n노리코에 경험과 자신감이 있으시면,\n아사츠유씨에 필적......아니,\n아사츠유씨 이상의 존재가 될 수\n있다!
0x000b16d0	4	【코우지】\n그러나,\n저기까지 강렬한 캐릭터가 되면,\n역시 나도 당기는데…
0x000b1759	4	【노리코】\n… … 후후. \n그렇게 말하자면,\n미즈타니씨에게 아쉬워.
0x000b17af	3	【코우지】\n… … 고혼. \n 이야기를 되돌릴 것입니다.
0x000b17f9	7	【코우지】\n사건의 혼후관계를 조사하는데\n있어서,\n우선은 『시라카와 이치로』를\n중심으로 한\n인물관계를 찾아보자고\n무거워 있는 거야.
0x000b1876	9	【코우지】\n시라카와 이치로와 콘도 레이미의\n관계\n......\n시라카와 이치로와 누마사키 신타로의\n관계\n......\n미즈타니 아사츠유……미나즈키\n코우지……
0x000b18f9	2	【코우지】\n우선은 이 것을 중심으로.
0x000b1960	2	【노리코】\n알겠어.
0x000b1998	6	【코우지】\n나중에,\n각 관계자와 이야기할 생각이\n있으면,\n다시 알리바이를\n듣고 귀찮다.
0x000b19fe	3	【코우지】\n누마사키 변호사, 미나즈키 코우지\n그리고 아사츠유씨…
0x000b1a54	4	【코우지】\n정말은 이 3명에게 순결해\n콘도의 알리바이를\n조사하고 싶은 곳이지만…
0x000b1adb	4	【노리코】\n잘못해 본인에게 알리바이를 두면,\n우리가 이렇게 조사하고 있는 것이\n바레 버릴지도 모른다…
0x000b1b48	4	【코우지】\n그렇구나. \n그래서, 우선 콘도에 대해서는\n보류로 하자.
0x000b1ba0	5	【코우지】\n우선은 아까 말한 3명이다.\n0시 44분이라고 생각했던 살해\n시각이,\n그보다 이전으로 바뀐 셈이니까……
0x000b1c16	5	【코우지】\n맞아…\n가능하면 23시 30 분경부터\n0시 44 분까지의 알리바이\n두고 싶다.
0x000b1cad	2	【노리코】\n응, 알겠어.
0x000b1cf0	4	【코우지】\n다음은, 피해자가 마지막으로\n목격된 시간이\n알고 싶은 곳이지만…
0x000b1d5e	4	【코우지】\n이것은 내 쪽에서 어떻게든 하자. \n미우라에서 이야기를 보내고\n잘 꺼내 보려고 무겁다.
0x000b1dc3	5	【코우지】\n 이렇게 관계자의 알리바이를\n특정하는 것에 의해서, 반대로\n알리바이를 확정할 수 없었던 인물이\n진범이 되는 것이다.
0x000b1e3c	4	【코우지】\n단지, 알리바이만\n 고집하고 있는 것도 마음 허락\n없다.
0x000b1e94	5	【코우지】\n그러므로 피해자와 관련된 인물들의\n관계를 더 깊이 파고들어,\n살해 동기까지 도달해야 한다고\n생각해.
0x000b1f27	4	【노리코】\n즉 알리바이와 살해 동기의\n양면에서 사건을 파헤쳐 가는\n거군요.
0x000b1f81	2	【코우지】\n아아, 그런 일이다.
0x000b1fbf	6	【코우지】\n그리고 또 하나. \n라이트 블루에 가서,\n령의 발범 카메라의 발휘의\n더빙이 있는지\n확인해 주었으면 한다.
0x000b2040	5	【코우지】\n한 번에 안 된다면 다시 한번\n쌓아,\n이번이야말로 중요한 증거로서\n시용받기 위해서.
0x000b20dd	5	【노리코】\n그래. \n그럼,\n우선 어디서 조사해\n갈까......?
0x000b2179	3	【노리코】\n알았어. \n 그럼, 내일까지 알아볼게요.
0x000b21c8	3	【코우지】\n아. \n 부탁해, 노리코!
0x000b2668	3	【노리코】\n안녕, 코우지. \n오늘부터 다시 노력하겠습니다.
0x000b26b6	2	【코우지】\n…………
0x000b2715	3	【노리코】\n… … 무슨 일이야, 코우지? \n요시 봐.
0x000b2766	3	【코우지】\n어제의 조사 결과를 듣기 전에,\n확인해 두고 싶은 것이 있다.
0x000b27e6	2	【노리코】\n에… … 뭐야?
0x000b2820	3	【코우지】\n어제, 피해자의 딸,\n시라카와 노조미가 접견에 왔다.
0x000b28ab	4	【노리코】\n노조미씨가… \n그래, 그래서, 뭔가 말하고\n있었던…
0x000b2900	3	【코우지】\n……노리코,\n내가 깨어나지 않을까?
0x000b2976	2	【노리코】\n엣… … 뭐, 무슨 일?
0x000b29b7	2	【코우지】\n…………
0x000b29f0	2	【코우지】\n노조미의 어머니의 일이다.
0x000b2a55	3	【노리코】\n미, 미사에씨? \n 아무것도 깨우지 않지만...
0x000b2aab	3	【코우지】\n… … 미사에가 아니잖아,\n노조미의 진짜 어머니는.
0x000b2b18	2	【노리코】\n…………!?
0x000b2b7b	2	【노리코】\n미안해요......
0x000b2bb9	4	【코우지】\n사과한다는 것은,\n의도적으로 깨웠던 것을\n인정한다는 것이구나…
0x000b2c21	2	【노리코】\n…………
0x000b2c67	3	【노리코】\n네......\n각각했어......
0x000b2ce7	4	【코우지】\n어째서야! ? \n 무거운 확실히 무거운 것입니다!\n!
0x000b2d35	4	【코우지】\n미사에가 재혼 상대라고 알고\n있으면,\n역리하는 내용이 바뀌어 온다!
0x000b2d9f	4	【코우지】\n2명이 재혼한 것이라도,\n미사에의 책략일 가능성이\n나오는 것이 아닌가!
0x000b2e20	3	【노리코】\n…………\n코우지가 말하는 대로구나…
0x000b2e6b	3	【코우지】\n알고 있었다면,\n어째서 깨웠어!
0x000b2eb7	3	【코우지】\n이것은 우리들의 신뢰 관계에\n관련되어 오는 이야기야!
0x000b2f1f	3	【노리코】\n…………\n미안해…
0x000b2f63	2	【코우지】\n……젠장!
0x000b2f9d	4	【코우지】\n하나 각성이 있으면,\n범에도 있잖아?\n감구치마겠지! ?
0x000b3004	3	【코우지】\n이것이 우리들 사이에 있는\n5년의 블랭크는 녀석인가! ?
0x000b3059	4	【코우지】\n이렇게,\n이제 노리코를 신용하는 것 같다\n할 수 없다! !
0x000b30ae	2	【노리코】\n…………
0x000b30f4	3	【노리코】\n미안해......\n진짜 말씀해요......
0x000b314d	2	【코우지】\n…………
0x000b3193	3	【노리코】\n실은…\n소장에게 뿌려져 있었던 것…
0x000b31e2	2	【코우지】\n누마사키 변호사에게…
0x000b3231	5	【노리코】\n그래.\n이 건에 관해서는,\n이마바야시의 살인 사건과는\n관계없어……
0x000b329a	4	【노리코】\n피해자의 프라이버시에\n관련되는 문제이니까,\n코우지에게는 말하지 말아…
0x000b3304	2	【코우지】\n뭐...... 바보야!
0x000b3342	4	【코우지】\n누마사키 변호사는,\n저희들의 방식에\n찬성해 주었잖아! ?
0x000b33b8	4	【코우지】\n인데 어째서,\n그것을 근저로부터 쓰레기 같은\n정보 조작을 하는 거야! ?
0x000b342a	4	【노리코】\n미안해…\n하지만 나에게도 소장의 생각은\n모르겠어…
0x000b3480	3	【코우지】\n노리코도 노리코다! \n말해주면 좋을까!
0x000b34cf	3	【코우지】\n여기서 말한 것 같은가,\n누마사키 변호사에게 알 수 없겠지!
0x000b354b	2	【노리코】\n그것이 조건이었어!
0x000b35af	7	【노리코】\n내가 기쁘게 하고 있던 몇개의\n사건을\n선배에게 끌려가게 하고,\n코우지의 사건에 집중시켜 줄 수\n있는\n조건이었어…
0x000b3638	2	【코우지】\n조건…
0x000b368e	3	【노리코】\n코우지의 사건에\n집중시켜 주는 조건…
0x000b36ea	4	【노리코】\n노조미 씨의 어머니가 자살한 것을\n코우지에게 숨겨 두는 것이……\n그렇군요.
0x000b374b	5	【코우지】\n어째서… \n어째서 그런 조건을 누마사키\n변호사는\n출한거야…
0x000b37b7	5	【노리코】\n몰라…\n모르겠지만…\n실은 나, 이 건을 조사해\n보았는데…
0x000b3815	4	【코우지】\n조사했다……고?\n노조미의 어머니가 자살한 사건\n말이야?
0x000b3874	5	【노리코】\n그래. \n소장에게 말한 것은\n코우지에게 말하게 되어\n일 뿐이었으니까…
0x000b38dd	4	【노리코】\n나는 노조미 씨의 어머니……\n아시로 씨가 자살한 이유를\n몰래 조사하고 있었어……
0x000b3950	6	【노리코】\n여기에서 새로운 사실을 알면,\n그때는 코우지에\n말할 생각이었다…\n믿을 수 없을지도 모르지만\n......
0x000b39c7	5	【코우지】\n… … 나에게 그 정보를\n말하지 않는다는 것은\n아직 구체적인 것은\n모르겠다는거야?
0x000b3a37	2	【노리코】\n…………
0x000b3a70	3	【코우지】\n누마사키 변호사 본인에게 둔\n것인가?
0x000b3ac6	3	【노리코】\n소장에게는 들을 수 없겠지요,\n이것은…
0x000b3b12	3	【코우지】\n…………\n확실히 그렇구나.
0x000b3b63	3	【노리코】\n......미안해요,\n코우지......
0x000b3ba9	2	【코우지】\n…………
0x000b3be2	5	【코우지】\n......아니, 사과하지 않아도\n돼. \n사과하지 않으면 안 되는 것은\n나야......
0x000b3c3b	4	【코우지】\n노리코의 기분도 모른 채\n괜히 들이대 버렸어……\n최악이야, 나는……
0x000b3cae	3	【노리코】\n응......\n코우지는 아쉽지 않다…
0x000b3d02	4	【노리코】\n내가 갈 수 없었어…\n왜 코우지에 깨울 수 있다고\n무거운 거겠지…
0x000b3d6a	2	【코우지】\n…………
0x000b3da3	3	【코우지】\n일단, 아시로의 일은\n보류로 해 둘게.
0x000b3e22	5	【코우지】\n뭔가 정보가 들어가면,\n노리코의 판검으로 나에게 보고해\n주면\n좋다.
0x000b3e8f	4	【노리코】\n우, 응......\n알았다......\n구즈......
0x000b3ee5	2	【코우지】\n어, 어……
0x000b3f1f	3	【코우지】\n(향도적인 사촌은,\n5년 전과 다르지 않은,인가……)
0x000b3fa8	3	【코우지】\n그럼 마음을 다시 잡고\n어제의 보고를 둘까.
0x000b40aa	5	【노리코】\n아, 그렇다. \n말을 건드렸지만,\n어제, 조금 의외의 것을\n보고 버렸어.
0x000b4111	2	【코우지】\n의외의 것?
0x000b4171	5	【노리코】\n그렇구나. \n어제, 코우지와의 접견이 끝나고\n조사에 나오려고 했을 때\n이지만...
0x000b420a	4	【노리코】\n서의 주차장의 순으로,\n미즈타니씨와 요시모토 형사가,\n무엇인가 말 그리기를 하고 있었어.
0x000b4287	2	【코우지】\n아사츠유씨와 요시모토 형사가?
0x000b42ca	3	【코우지】\n아사츠유씨, 또\n어쩐지 참담한 것일까?
0x000b4313	5	【노리코】\n아니, 그런 느낌은 아니었어.\n특히 요시모토 형사가 감정을 그대로\n드러내며\n미즈타니 씨에게 달려들었어……
0x000b4386	2	【코우지】\n그 멋진 요시모토 형사가?
0x000b43c8	5	【노리코】\n그렇구나. \n 소문으로 뒀던 이야기와 \n인상이 다르니까\n조금 의외였어.
0x000b446b	3	【코우지】\n… … 흠. \n무엇인가 인연이 있을까.
0x000b44e2	3	【노리코】\n2명의 관계,\n조사해 본다?
0x000b4529	4	【코우지】\n… … 아니, 지금은 좋다. \n비공개일지도\n모르고.
0x000b4584	4	【코우지】\n사건과 관계가 있다고 알면\n조사해 줄지도 모르지만,\n신경쓰지 않아도 좋을 것이다.
0x000b460e	3	【노리코】\n알았어. \n 그럼, 갈 거 야.
0x000b4b23	2	【코우지】\n…………?
0x000b4b5e	2	【코우지】\n(노리코가 누군가 데려왔다……)
0x000b4bc3	3	【코우지】\n(어딘가에서 본 적이 있는 것\n같은……)
0x000b4c31	3	【노리코】\n 음......\n상회하네.
0x000b4c88	4	【노리코】\n내가 소생하고 있는\n누마사키법률 사무소의 소장,\n누마사키 신타로 변호사입니다.
0x000b4d21	3	【코우지】\n… … 네! ? \n누마사키 변호사! ?
0x000b4d79	5	【노리코】\n어, 그래…\n어제 코우지에 소장과 아시로 씨\n관계에 대해 알아보고 싶습니다.\n부탁 받았습니까?
0x000b4dfb	3	【노리코】\n소장으로부터 이야기를 듣고 싶어,\n그 경위를 이야기하면…
0x000b4e7d	3	【신타로】\n그 사키는 내가 이야기하자,\n신죠가와.
0x000b4ec6	2	【노리코】\n네, 네……
0x000b4f14	3	【신타로】\n만나서 반갑습니다. \n강이 사이토가와, 그렇지?
0x000b4f5f	4	【코우지】\n만나서 반갑습니다.\n신기 씨에게는 항상 빚을지고\n되어 있습니다.
0x000b4fc0	3	【신타로】\n그렇게 괴롭히지 않아도 좋다. \n 평소 말하는 법으로 상관없다.
0x000b5024	3	【신타로】\n그쪽이 기분 없이\n화를 할 수 있으니까.
0x000b5078	2	【코우지】\n은, 하아…
0x000b50bf	3	【신타로】\n음, 자기상회는 이 정도로 해\n본제에 들어가자.
0x000b512b	4	【신타로】\n오늘, 내가 여기에 온 것은,\n아시요씨와 나의 관계에 대해\n강에 설명하기 위해서다.
0x000b5193	4	【코우지】\n그랬습니까…\n직접 이야기 할 수있어서\n고맙습니다.
0x000b51f0	4	【신타로】\n음, 이런 섬세한 이야기는\n무례자를 좁히는 것보다\n직접 말하는 편이 좋다.
0x000b527e	3	【신타로】\n실은 아야......아시로씨와 나는\n모의 하토코네.
0x000b52d7	2	【코우지】\n에… … 그, 그렇습니까? ?
0x000b5328	4	【신타로】\n아. \n신죠가와에도 부밀하게 하고\n있었지만.
0x000b5384	3	【신타로】\n친가가 가까웠던 적도 있어,\n어린 시절부터 풍요로웠다.
0x000b5409	7	【신타로】\n아야메가 시라카와가와라고 생각하고\n결혼한\n것은\n우연이었지만,\n우가타카와 알고 있었던 나는,\n잘 아야의 상담에 진하고 있었다.
0x000b54be	3	【신타로】\n강도 이미 알고 있다고는 무겁지만,\n시라카와가와는 바로 일의 귀신으로.
0x000b552c	3	【신타로】\n시라카와 그룹이 커진 것은,\n일단 아야의 실력이다.
0x000b55aa	8	【신타로】\n하지만 그만큼,\n가모기를 돌보는 여웅이 없는\n사람이기도\n했다. \n그러니까 아시요 씨는 나에게 잘\n외롭다고\n유출하고 있었어.
0x000b5630	2	【코우지】\n…………
0x000b568f	4	【신타로】\n그런 아야 여자가 어느 날,\n엉성한 것을 발견했다. \n시라카와가와의 수기다.
0x000b5717	5	【신타로】\n그 수기에는,\n남자 한 명을 죽였다는 내용이\n암시되어 있었어.\n그 남자는…… 준이라면 알겠지?
0x000b582b	2	【코우지】\n(그건 다르지 않나?)
0x000b5873	6	【코우지】\n(일부러 나에게 이런 식으로\n묻는 방법을 택할 정도다.\n나와 더 가까운 사람……\n그래, 시라카와 이치로가 죽인\n사람은……)
0x000b5916	3	【신타로】\n그렇지, 시라카와 준이 죽인 사람은\n준의 아버지인 사이토 시로 씨야.
0x000b5998	4	【신타로】\n사이토씨는 나도 잘 알고 있다. \n내가 닮았던 사건으로\n여러 번 보았다.
0x000b5a23	4	【신타로】\n아야가 힌트를 준 덕분에,\n간죄를 증명할 수 있었던 적도\n있었다.
0x000b5a82	3	【코우지】\n굉장했어요,\n우리의 아버지는…
0x000b5ad9	5	【신타로】\n아야의 조사 능력은 진짜였다. \n시라카와가와의 불험에 대해서도\n남김없이\n조사하고 있던 것 같다.
0x000b5b6e	3	【신타로】\n 그러나 그 결과,\n시라카와가와의 손에 의해…
0x000b5bbe	2	【코우지】\n…………
0x000b5bf7	5	【코우지】\n험직, 나에게는 실감 없어요.\n5개 때의 출배사입니다.\n물심이 드디어 붙어 왔을 때,\n별로 기억을 타지 않아서…
0x000b5c96	3	【신타로】\n……강에 걸리는 언선을 찾을 수\n없어.
0x000b5cef	3	【신타로】\n이 사건은,\n아시요 씨에게도 쇼크를 물렸다.
0x000b5d6a	5	【신타로】\n그녀는 겁에 질려 있었어……\n그럴 만도 하지.\n남편이 사람을 죽이고 있었던\n거니까.
0x000b5de6	4	【신타로】\n나도 마찬가지다. \n시라카와가와는 고등학교 시절부터의\n교제였다…
0x000b5e51	5	【신타로】\n강에는 죄송하지만,\n우리 둘은 그 사건을\n모양 나타내지 않고 두는 것에\n주저했다.
0x000b5edc	3	【신타로】\n그…… 용서해 주는 것은…\n말할 수 없지만…
0x000b5f2c	3	【코우지】\n......좋아요. \n 제외하십시오.
0x000b5f99	4	【신타로】\n우무… … 그런 일도 있어,\n나는 야스시로 씨를 혼자 유지한다.\n시노비 사라졌다.
0x000b602a	5	【신타로】\n하지만 어느 날, 부밀로 생각하고\n있던\n것이 \n아야에 들키고 말았다.
0x000b608e	6	【신타로】\n아시요씨는\n상당 시라카와가와에서 주석을 당한\n것\n같다. \n 불륜하고 있었겠지, 토네.
0x000b60f9	2	【코우지】\n…………
0x000b6132	3	【코우지】\n이치로씨는 당신과\n아무것도 말하지 않았습니까?
0x000b61a5	4	【신타로】\n한 번만,\n정말인지 확인됐어. \n그래도 내가 자란다.
0x000b6230	5	【신타로】\n아시로 씨가 그때 ‘알았다’고\n말했지만,\n아시로 씨가 자살한 것을 생각하면,\n믿지 않았던 것 같네……
0x000b62a8	2	【코우지】\n…………
0x000b62ee	4	【신타로】\n나와 아시요씨가\n시라카와강을 용절하고 있던 것에는\n변화의 여지가 없다.
0x000b635b	6	【신타로】\n상담을 하고 있었다고는 말할 수\n있고,\n시라카와가와에 비밀로 생각하고 있던\n것은\n사실이고…
0x000b63e3	4	【신타로】\n그것이 원인이 되어\n시라카와 이치로가 그녀를 책망하다\n자살해 버렸어……
0x000b644a	3	【신타로】\n그녀의 자살은,\n전부 내 책임이야……
0x000b649a	4	【코우지】\n왜 노리코에게\n아시로 씨가 자살한 것을\n입 다물게 한 겁니까?
0x000b6503	5	【신타로】\n… \n그때 마음에 깊은 상처를 입은\n나는,\n아야녀의 뒤를 쫓으려고 무거웠다…
0x000b6582	4	【신타로】\n 그러나 나에게는 가문이 있었다. \n아야등을 타고 치아를 치는 데는\n 가지 않았다…
0x000b6606	4	【신타로】\n아니, 그건 그냥 단정일 뿐이야.\n그녀의 뒤를 쫓아갈 만큼의 용기도\n내게는 없었어……
0x000b6699	3	【신타로】\n씹는 것이 컸다…\n단지, 그것뿐이다.
0x000b66f8	4	【신타로】\n스스로는 그것을 알고 있었다. \n그러나 그것을 알고 싶다\n없었다...
0x000b6761	4	【신타로】\n내가 존경하고 있던,\n사이토 시에토씨의 니코인\n강에만는…
0x000b67bf	2	【코우지】\n…………
0x000b67f8	2	【노리코】\n…………
0x000b6831	4	【코우지】\n...... 나는 당신을\n지루한 사람이라고\n생각하지 않아.
0x000b6882	3	【코우지】\n나, 가문을 잃는 광택은,\n잘 알고 있으니까…
0x000b68d4	2	【신타로】\n…………
0x000b690f	4	【코우지】\n당신은 살아 있는 것만으로,\n가문에 있어서 민완이 있습니다. \n 그냥 만지지 마세요.
0x000b699b	2	【신타로】\n…………
0x000b6a15	3	【신타로】\n강은 훌륭한 사람이구나…\n사이토 씨의 학자인 만큼 있다.
0x000b6a6b	4	【코우지】\n… … 2개 정도 전문이 있습니다.\n\n 대답해 주시겠습니까?
0x000b6aca	2	【신타로】\n물론.
0x000b6b03	3	【코우지】\n우선 하나는,\n너의 알리바이에 대해입니다.
0x000b6b53	5	【코우지】\n당신의 알리바이에는\n모순이 있습니다. \n그것은 당신이 거기에 있었다고\n증언한 것입니다.
0x000b6c6d	3	【코우지】\n(다르다!\n거기가 아니야!)
0x000b6cb5	3	【코우지】\n(누마사키 변호사가 말한 알리바이를\n잘 무겁게 낸다!)
0x000b6d0c	4	【코우지】\n당신은 사건 당일의\n0시경부터 총성이 떠난 직전까지,\n계속 화장실에 들어갔다고 했다.
0x000b6d85	4	【코우지】\n그리고 그동안,\n특히 바뀐 적은 없었다고\n말하고 있었습니다.
0x000b6dda	4	【코우지】\n하지만 그건 재미있습니다. \n그 시간, 내가 조금 \n트러블을 붐비고 있었습니다.
0x000b6e3e	6	【코우지】\n게다가 그 트러블의 상대는\n너의 자로부터의 학자이며\n클라이언트이기도 한\n시라카와 이치로씨였다. \n 이걸 알아차리지 않았나요?
0x000b6ee4	4	【신타로】\n… … 그냥 좋다. \n그 건에 대해서도 험직하게\n이야기하자.
0x000b6f45	3	【신타로】\n실은 그 시간,\n내 휴대폰에 착신이 들어가.
0x000b6fc4	4	【신타로】\n비통지로 걸려왔으니까\n무시했지만,\n유수전이 타고 있었다.
0x000b7035	3	【신타로】\n유수전을 두고 보니,\n그 내용은 나를 위협하는 것이었다.
0x000b709f	3	【신타로】\n시라카와 아시요의 건을 장미한다,\n토네.
0x000b70e8	3	【코우지】\n위협했다… \n 도대체, 누가! ?
0x000b7179	4	【신타로】\n그것이, 모르겠어. \n음성 체인저에서\n목소리를 바꾸고 있었으니까요.
0x000b7200	5	【신타로】\n아주던 나는,\n그 목소리의 손을 특정하기 위해서\n교의 순으로 확방면에 전화를 하고\n있었어.
0x000b727b	4	【신타로】\n그러니까 화장실에 들어갔다고\n속임했어. \n거짓말을 해서 미안해…
0x000b72d7	3	【코우지】\n… … 과연. \n이 문제에 대해 납득했습니다.
0x000b7326	2	【코우지】\n두고 싶은 것은 또 하나 있습니다.
0x000b736a	4	【코우지】\n피해자에게 있어 당신은,\n전의 부인을 잃은 계기가 된\n인물이기도 하다…
0x000b73da	4	【코우지】\n인데 왜, \n당신은 지금 시라카와 하우징의\n고문 변호사를 하고 있습니까?
0x000b7460	2	【신타로】\n…………
0x000b74a8	6	【신타로】\n나와 시라카와가와의 사이에는,\n프라이빗으로 아무리 풍부해도,\n비즈니스가 되면\n축소해 접한다고 하는\n암묵의 흠해가 있었다.
0x000b754b	4	【신타로】\n이기 때문에,\n일의 관계가 우정에 금을 넣지 않게\n시끄러운 거리를 망치고 있었다.
0x000b75cb	4	【신타로】\n그러나 지금까지 시라카와 주택의\n고문 변호사였던 미즈타니 아사츠유…\n확실히 지금은 강의 상사였다.
0x000b7672	3	【신타로】\n아야메를 해임한 직후,\n시라카와가와는 나에게 일을 물었다.
0x000b76e1	6	【신타로】\n아야에 어떤 신바시의 변화가\n 있었는지는 모르겠지만,\n나에게는, 아야의 제안을 검거하는\n자각등\n없었다.
0x000b777b	3	【신타로】\n 하지만, 이것이 두 번째 실수의 \n 끝이었다…
0x000b77e2	5	【신타로】\n나는 아야에게 말해진대로\n업무를 해냈지만,\n그 대부분은\n불험을 모으는 일이었다…
0x000b7865	5	【신타로】\n아야는 어쩌면 일부러 불륜 누명을\n씌워\n나에게 벌을 주고 있었던 걸지도\n몰라.
0x000b78de	3	【코우지】\n(그렇다면……\n왜곡되지 마…
0x000b798b	3	【신타로】\n……강에는 신죠가와라는\n유능한 변호사가 붙어 있다.
0x000b79f0	4	【신타로】\n그리고 이 나도,\n전면적으로 강에 자력하는 것을\n긴자한다.
0x000b7a70	3	【신타로】\n그것이 나에게 부과된,\n마지막 일이라고 무거워서…
0x000b7ad4	2	【코우지】\n……마지막……?
0x000b7b43	3	【신타로】\n강은 조만간 석방되게 된다. \n그것은 보장하자.
0x000b7bb1	2	【신타로】\n그럼 이제 무례할게.
0x000b7bf5	3	【코우지】\n그, 조금 기다려 주세요. \n아까의 이야기는 도대체…
0x000b7c55	3	【신타로】\n신죠가와. \n다음은 부탁해.
0x000b7cc6	2	【노리코】\n은, 네.
0x000b7d24	3	【신타로】\n에서는 사이토가와. \n실례합니다.
0x000b7da1	2	【코우지】\n…………
0x000b7dda	4	【코우지】\n......아야는 이 사건의 모든\n것을\n알고 있는 것 같네...
0x000b7e2c	2	【코우지】\n그 아야가 나의 석방을 긴자했다…
0x000b7e7c	2	【코우지】\n…………
0x000b7eb5	2	【코우지】\n이야한 예감이 하지마…
0x000b8109	3	【노리코】\n그리고 어제 조사한 또 다른 장소를\n보고하네요.
0x000b81f9	3	【코우지】\n여기서 관계자들의 알리바이에 대해,\n한 번 더 생각해 볼까?
0x000b8278	4	【코우지】\n피해자가 마지막으로 목격된 시각부터\n총성이 들린 0시 44분까지의\n알리바이를 대조해 보자.
0x000b832c	3	【코우지】\n미나즈키 코우지는 절 제외하자. \n하면......
0x000b8386	4	【노리코】\n소장과 미즈타니씨와 콘도 형사의\n알리바이가\n확정하지 않았다…
0x000b8405	3	【코우지】\n그래.\n이 중 누군가가 범인인가……?
0x000b8476	3	【코우지】\n누마사키 변호사는 절 제외하자. \n하면......
0x000b84d0	5	【노리코】\n미즈타니씨와 미나즈키씨와 콘도\n형사의\n알리바이가\n확정하지 않았다…
0x000b8553	3	【코우지】\n그래.\n이 중 누군가가 범인인가……?
0x000b85c3	5	【코우지】\n미나즈키 코우지와 누마사키 변호사는\n절\n제외하자. \n하면......
0x000b8628	4	【노리코】\n......미즈타니씨와 콘도 형사의\n알리바이가\n확정하지 않았다
0x000b86a6	3	【코우지】\n아. \n어느 쪽이 범인인가…
0x000b8728	3	【코우지】\n멋지게까지 전원의 알리바이가\n확정하지 않은 셈이다, 하하하.
0x000b878c	2	【코우지】\n아마 이 안에 범인이 있겠지만…
0x000b87fd	2	【노리코】\n어쩐지 꼼짝 못하게 할까?
0x000b886f	2	【코우지】\n그렇겠지……
0x000b88d3	3	【코우지】\n여기서 관계자들의 알리바이에 대해,\n한 번 더 생각해 볼까?
0x000b8952	4	【코우지】\n피해자가 마지막으로 목격된 시각부터\n총성이 들린 0시 44분까지의\n알리바이를 대조해 보자.
0x000b8a06	2	【코우지】\n미나즈키 코우지는 절 제외하자.
0x000b8a58	3	【코우지】\n콘도 형사도 별건으로 자백했으니,\n남은 건……
0x000b8ab7	3	【노리코】\n소장과 미즈타니씨의 알리바이가\n확정하지 않았다…
0x000b8b2d	3	【코우지】\n그래.\n이 둘 중 하나가 범인인가……?
0x000b8b97	2	【코우지】\n누마사키 변호사는 절 제외하자.
0x000b8be9	3	【코우지】\n콘도 형사도 별건으로 자백했으니,\n남은 건……
0x000b8c48	3	【노리코】\n미즈타니씨와 미나즈키씨의 알리바이가\n확정하지 않았다…
0x000b8cc2	3	【코우지】\n그래.\n이 둘 중 하나가 범인인가……?
0x000b8d2b	4	【코우지】\n미나즈키 코우지는 게임 센터에서\n각동 게임을 플레이하고 있었다. \n증인은 미나즈키의 학자다.
0x000b8dac	6	【코우지】\n누마사키 변호사는 익명의 전화에\n위협받아,\n전화의 손을 쌓기 위해,\n각 방면에 전화를 하고 있었던 것\n같다.
0x000b8e44	3	【코우지】\n그리고 콘도는 불험의 증거를 모르게\n현장에 붐비고 받았다.
0x000b8eb1	6	【코우지】\n현시점에서 알리바이는 증명되지\n않았지만,\n향후, 콘도의 자백 증언을 바탕으로\n경찰이 용부 수사를 진행해 증명될\n것이다.
0x000b8f49	5	【코우지】\n게다가 콘도 자신도 부정한 증거를\n회수하는 데\n필사적이어서,\n살해할 여유는 없었다고 봐도 좋아.
0x000b8fce	2	【코우지】\n타는 것은…
0x000b902d	3	【노리코】\n미즈타니 씨만,\n알리바이가 없다…
0x000b90a7	2	【코우지】\n…………
0x000b90ed	2	【코우지】\n별로 생각하고 싶지 않았구나…
0x000b915e	3	【코우지】\n콘도 형사는 별건으로 자백했으니까,\n타는 것은…
0x000b91bd	4	【노리코】\n소장, 미즈타니씨, 미나즈키씨의\n알리바이가\n확정하고 있지 않네.
0x000b9226	5	【코우지】\n아.\n이 안에 진범이 있을지도 모른다.\n어쨌든 위아래를 자르지 않을까\n......
0x000b98ac	2	【노리코】\n좋은 아침, 코우지.
0x000b98e9	2	【코우지】\n그래, 좋은 아침이야, 노리코.
0x000b9987	3	【노리코】\n어제는 시간을 내줘서\n고마워, 코우지.
0x000b99f9	3	【노리코】\n실은 어제 우리 대학에 갔다가\n교수를 만나고 왔어.
0x000b9a5c	3	【코우지】\n뭐, 대학에……?\n무슨 용무로 간 거야?
0x000b9ab8	4	【노리코】\n지금은 아직 비밀이야.\n여기서 나갈 수 있게 되면,\n그때……
0x000b9b0f	2	【코우지】\n그, 그렇군……
0x000b9b81	4	【노리코】\n어제는 선배 일을 도와드리고\n있었으니까,\n특별한 보고는 없어.
0x000b9e11	3	【노리코】\n그럼,\n우선은 어제의 보고로부터 하는군요.
0x000b9ee7	2	【노리코】\n그리고……
0x000b9f5e	2	【노리코】\n어제는 시라카와 빌딩에 다녀왔어.
0x000ba02b	3	【노리코】\n하지만 쉬는 날이었어.\n어제는 정기휴일이었던 모양이네.
0x000ba0e2	4	【노리코】\n하지만 쉬는 날이었어.\n아무래도 그날은 정기휴일인\n모양이네.
0x000ba194	2	【노리코】\n그리고……
0x000ba224	2	【노리코】\n어제는 준텐 고등학교를 찾아왔어.
0x000ba27e	3	【노리코】\n어제는 미즈타니 탐정사무소 주변에\n다녀왔어.
0x000ba354	4	【노리코】\n에서도, 교문이 격려하고 넣지\n않았던\n거야.
0x000ba3c1	2	【노리코】\n하지만 사무소에는 아무도 없었어.
0x000ba434	4	【코우지】\n젠장!\n오늘은 정기휴일이었지……\n이제부터는 주의해야겠어.
0x000ba4a7	4	【코우지】\n젠장!\n일요일과 월요일은 휴일이었지……\n이제부터는 주의해야겠어.
0x000ba518	3	【노리코】\n하지만 미즈타니 씨가 안 계셔서,\n이야기를 들을 수 없었어.
0x000ba5ae	3	【코우지】\n그렇지만,\n실은 아사츠유씨, 행방불명이야…
0x000ba629	3	【노리코】\n엣… ? \n무슨 일이야! ?
0x000ba67c	2	【코우지】\n사무소에 수선이 탑재된 것 같다.
0x000ba6d2	3	【코우지】\n찾았던 사람이 발견되었기 때문에,\n잠시 멈추게 한다고…
0x000ba753	7	【노리코】\n...... 여러가지 신경이 쓰이는\n곳은\n있지만,\n비공개에 관여할 것 같은 부분이기\n때문에,\n두지 말라.
0x000ba7e7	3	【코우지】\n아아. \n지금은 그렇게 해 줘.
0x000ba83b	5	【코우지】\n일단,\n더 이상 아사츠유씨를 의지할 수\n없게\n되었다고 말함.
0x000ba8a7	5	【코우지】\n뭐, 여기까지 오면,\n다음은 스스로 어떻게든 하지 않으면\n안\n되는데.
0x000ba95e	2	【노리코】\n그리고……
0x000ba9d5	3	【노리코】\n어제는 살해 현장이 된\n라이트 블루에 다녀왔어.
0x000baac0	3	【노리코】\n하지만 영업하지 않았어.\n영업은 오후부터인 모양이네.
0x000bab32	2	【노리코】\n하지만 정기휴일이었어.
0x000bac1d	2	【노리코】\n그리고……
0x000bac94	3	【노리코】\n어제는 소장님께 이야기를 들으려고,\n법률사무소에 한 번 돌아갔어.
0x000bad88	2	【노리코】\n하지만 소장님은 안 계셨어.
0x000baded	4	【노리코】\n어제는 소장님이 쉬는 날이었던\n모양이네.\n깜빡했어.
0x000bae9c	2	【노리코】\n그리고……
0x000baf13	3	【노리코】\n어제는 히가시카미 다이부쿠이이병원에\n 다녀왔어.
0x000bafe8	4	【노리코】\n에서도, 험문이 격려하고 있었어. \n토요일 오후와 일요일은\n휴진하고 싶다.
0x000bb0fa	2	【노리코】\n그리고……
0x000bb171	3	【노리코】\n어제는 게임 센터에\n 다녀왔어.
0x000bb2ab	3	【노리코】\n그리고 소장님에게도 이야기를\n들었어.
0x000bb40f	2	【노리코】\n보고는 이게 전부야.
0x000bb49c	4	【코우지】\n알겠어.\n그럼 내가 얻은 정보를\n전할게.
0x000bb516	2	【코우지】\n우선 탐문 조사부터야.
0x000bb6fd	3	【코우지】\n탐문 조사는\n이 정도군.
0x000bb792	4	【코우지】\n먼저, 어제 접견을 와 준\n사람에게서\n얻은 정보에 대해 말인데……
0x000bb9bf	3	【코우지】\n어제는 노조미가 짊어졌지만,\n특히 말할 것은 없었구나.
0x000bbbb8	2	【코우지】\n나중에…
0x000bbc1a	3	【코우지】\n어제는 딱히 아무도 오지 않았으니\n새로운 정보는 없어.
0x000bbc9a	2	【코우지】\n내 쪽은 이상이야.
0x000bbd2e	2	【노리코】\n그리고.
0x000bbd8b	3	【노리코】\n소장으로부터 용서가 나오고,\n이 사건에 집중할 수 있게 된 것.
0x000bbdf0	4	【노리코】\n그러니까,\n1일 3곳까지 조사가 가능하게 되면\n무거워.
0x000bbe6b	3	【코우지】\n진짜인가! ? \n그것은 도움이......! !
0x000bbf36	3	【노리코】\n그럼,\n오늘 조사하는 3곳을 지시해.
0x000bbfa4	2	【노리코】\n알겠어.
0x000bc04c	3	【노리코】\n그럼, 오늘의 조사를 어떻게 하는지\n지시해 준다?
0x000bc0e5	4	【코우지】\n……오늘은 특별히 조사해 달라고 할\n게\n떠오르지 않네.
0x000bc148	4	【노리코】\n그렇구나……\n그럼 사무소 선배가 도와 달라고\n부탁한 일이 있는데……
0x000bc1d1	2	【코우지】\n아, 해 줘도 괜찮아.
0x000bc23b	3	【노리코】\n고마워, 코우지.\n그럼 그렇게 할게.
0x000bc2be	2	【코우지】\n그게 말이야……
0x000bc31d	4	【코우지】\n쓰러져서 기억을 잃었다면,\n내가 진범일 가능성도\n부정할 수 없어……
0x000bc39a	5	【코우지】\n진범이 아니라면\n그 증거를 내놓아라……\n미우라 그 자식은 그런 말을\n한다고!
0x000bc427	3	【노리코】\n……그걸 솔직하게 말할 수 없으니까\n변호하고 있는 건데……
0x000bc4a1	3	【코우지】\n하지만 살인 트릭도 거의 해명했고,\n할 수 있는 건 다 했다고 생각해.
0x000bc523	4	【코우지】\n……오늘은 특별히 조사해 달라고 할\n게\n떠오르지 않네.
0x000bc586	4	【코우지】\n남은 날짜를 생각해도\n새로운 증거를 찾기는\n어려울 테고……
0x000bc612	4	【노리코】\n그럼\n오늘은 조사를 쉬고\n각자 시간을 가져도 될까?
0x000bc67d	6	【코우지】\n그래, 좋아…… 오히려 나 때문에\n쉬지도\n않고\n여기까지 잘해 줬다고 생각해.\n고마워.
0x000bc710	3	【노리코】\n그럼 오늘만은 쉴게.\n그럼 내일 봐……
0x000bc775	2	【코우지】\n그래, 또 봐.
0x000bc925	3	【코우지】\n노리코, 계속 일만 했잖아?\n지금부터는 쉬어.
0x000bc9a9	2	【노리코】\n아니, 나는 괜찮아.
0x000bc9f5	4	【코우지】\n아니, 앞으로를 생각해서라도\n쉬었으면 해.\n부탁이야.
0x000bca53	4	【코우지】\n게다가 지금은 특별히\n조사해 달라는 것도 없어.\n그러니까…… 응?
0x000bcad2	3	【노리코】\n……알겠어.\n고마워, 코우지.
0x000bcb2e	3	【노리코】\n알겠어.\n그럼 다녀올게.
0x000bcc86	2	【노리코】\n알겠어.
0x000bcceb	3	【노리코】\n......드디어. \n 최선을 다해, 코우지.
0x000bcd37	3	【코우지】\n아아. \n 최선을 다하겠습니다.
0x000bcd9d	3	【노리코】\n그럼, 또. \n코우지.
0x000bd246	2	【노리코】\n좋은 아침, 코우지.
0x000bd283	2	【코우지】\n그래, 좋은 아침이야, 노리코.
0x000bd2d5	3	【코우지】\n오늘부터 잘 부탁해,\n노리코.
0x000bd32f	3	【노리코】\n 그래. \n 최선을 다하겠습니다!
0x000bd39d	3	【노리코】\n조금씩이지만,\n사건의 개양이 보였어요.
0x000bd3f3	4	【코우지】\n아직 아직 정보는 부족하지만. \n에서도 꾸준히 앞으로 나아가고\n있다.
0x000bd449	2	【코우지】\n이 상태로 진행하자!
0x000bd4d3	3	【노리코】\n이제, 승리한 날이,\n 적어져 왔네…
0x000bd521	3	【코우지】\n땀을 흘리면 실물이다, 라는 것은\n아사츠유씨의 가르치지만…
0x000bd59e	3	【노리코】\n그럼, 땀을 흘리지 말고,\n포기하지 않고 진행합시다.
0x000bd614	3	【노리코】\n드디어 오늘이\n조사할 수 있는 마지막 날이군요.
0x000bd661	4	【코우지】\n그렇구나. \n 할 수 있는 일을 해,\n최종일을 맞이하자!
0x000bd6f7	2	【노리코】\n오늘 마지막이구나…
0x000bd739	3	【코우지】\n아… …\n마지막 보고, 부탁해.
0x000bd7e4	3	【노리코】\n어제는 시간을 내줘서\n고마워, 코우지.
0x000bd856	3	【노리코】\n사실 어제 우리 대학에 다녀와서,\n선생님을 만나고 왔어.
0x000bd8b9	3	【코우지】\n뭐, 대학에……?\n무슨 용무로 간 거야?
0x000bd915	4	【노리코】\n지금은 아직 비밀이야.\n여기서 나갈 수 있게 되면,\n그때……
0x000bd96c	2	【코우지】\n그, 그렇군……
0x000bd9de	4	【노리코】\n어제는 선배 일을 도와드리고\n있었으니까,\n특별한 보고는 없어.
0x000bdc61	3	【노리코】\n그럼,\n우선은 어제의 보고로부터.
0x000bdd1c	2	【노리코】\n그리고……
0x000bdd93	2	【노리코】\n어제는 시라카와가에 갔다.
0x000bde5f	2	【노리코】\n하지만 아무도 없었어요.
0x000bdf00	2	【노리코】\n그리고……
0x000bdf77	2	【노리코】\n어제는 시라카와 빌딩에 다녀왔어.
0x000be044	3	【노리코】\n하지만 쉬는 날이었어.\n어제는 정기휴일이었던 모양이네.
0x000be0fb	4	【노리코】\n하지만 쉬는 날이었어.\n아무래도 그날은 정기휴일인\n모양이네.
0x000be15e	3	【노리코】\n하지만 쉬었어.\n분명히 금요일은 정기 휴일처럼.
0x000be1c1	5	【노리코】\n하지만 쉬었어.\n아무래도, 월요일, 금요일은 정기\n휴일\n같네요.
0x000be279	2	【노리코】\n그리고……
0x000be2f0	3	【노리코】\n어제는 미즈타니 탐정사무소 주변에\n다녀왔어.
0x000be3da	2	【노리코】\n하지만 사무소에는 아무도 없었어.
0x000be44d	4	【코우지】\n젠장!\n오늘은 정기휴일이었지……\n이제부터는 주의해야겠어.
0x000be4c0	4	【코우지】\n젠장!\n일요일과 월요일은 휴일이었지……\n이제부터는 주의해야겠어.
0x000be52c	4	【코우지】\n 버렸다! \n어제는 정기휴일이었구나......\n이번부터 조심하지 않으면.
0x000be59a	3	【노리코】\n하지만 미즈타니 씨가 안 계셔서,\n이야기를 들을 수 없었어.
0x000be655	2	【노리코】\n그리고……
0x000be6cc	3	【노리코】\n어제는 살해 현장이 된\n라이트 블루에 다녀왔어.
0x000be7b7	3	【노리코】\n하지만 영업하지 않았어.\n영업은 오후부터인 모양이네.
0x000be829	2	【노리코】\n하지만 정기휴일이었어.
0x000be8cf	3	【노리코】\n하지만 쉬는 날이었어.\n어제는 정기휴일이었던 모양이네.
0x000be97d	2	【노리코】\n그리고……
0x000be9f4	3	【노리코】\n어제는 소장님께 이야기를 들으려고,\n법률사무소에 한 번 돌아갔어.
0x000beae8	2	【노리코】\n하지만 소장님은 안 계셨어.
0x000beb4d	4	【노리코】\n어제는 소장님이 쉬는 날이었던\n모양이네.\n깜빡했어.
0x000bebfc	2	【노리코】\n그리고……
0x000bec73	3	【노리코】\n어제는 코우지의 아파트에\n 다녀왔다.
0x000bed44	3	【노리코】\n에서도, 관리인씨가 없어서\n안에는 넣지 않았어.
0x000bedf1	2	【노리코】\n그리고……
0x000bee68	3	【노리코】\n어제는 중도 택시 센터에 가서\n왔다.
0x000bef3b	3	【노리코】\n하지만 쉬었어.\n분명히 일요일은 정기 휴일처럼.
0x000bf040	2	【노리코】\n보고는 이게 전부야.
0x000bf13e	4	【코우지】\n아.\n그럼, 내가 얻은 정보\n가르쳐.
0x000bf1a0	4	【코우지】\n알겠어.\n그럼 내가 얻은 정보를\n전할게.
0x000bf201	2	【코우지】\n우선 탐문 조사부터야.
0x000bf410	3	【코우지】\n탐문 조사는\n이 정도군.
0x000bf48c	4	【코우지】\n먼저, 어제 접견을 와 준\n사람에게서\n얻은 정보에 대해 말인데……
0x000bf7db	2	【코우지】\n그리고……
0x000bf83e	3	【코우지】\n어제는 딱히 아무도 오지 않았으니\n새로운 정보는 없어.
0x000bf8be	2	【코우지】\n내 쪽은 이상이야.
0x000bf932	2	【노리코】\n알겠어.
0x000bf9ce	4	【노리코】\n그럼,\n오늘의 조사를 어떻게 할지 지시\n해 준다?
0x000bfa68	4	【코우지】\n……오늘은 특별히 조사해 달라고 할\n게\n떠오르지 않네.
0x000bfae4	4	【노리코】\n그렇구나……\n그럼 사무소 선배가 도와 달라고\n부탁한 일이 있는데……
0x000bfb6d	2	【코우지】\n아, 해 줘도 괜찮아.
0x000bfbd7	3	【노리코】\n고마워, 코우지.\n그럼 그렇게 할게.
0x000bfc50	2	【코우지】\n그게 말이야……
0x000bfcaf	4	【코우지】\n쓰러져서 기억을 잃었다면,\n내가 진범일 가능성도\n부정할 수 없어……
0x000bfd2c	5	【코우지】\n진범이 아니라면\n그 증거를 내놓아라……\n미우라 그 자식은 그런 말을\n한다고!
0x000bfdb9	3	【노리코】\n……그걸 솔직하게 말할 수 없으니까\n변호하고 있는 건데……
0x000bfe33	3	【코우지】\n하지만 살인 트릭도 거의 해명했고,\n할 수 있는 건 다 했다고 생각해.
0x000bfe9c	4	【코우지】\n남은 날짜를 생각해도\n새로운 증거를 찾기는\n어려울 테고……
0x000bff28	4	【노리코】\n그럼\n오늘은 조사를 쉬고\n각자 시간을 가져도 될까?
0x000bff93	6	【코우지】\n그래, 좋아…… 오히려 나 때문에\n쉬지도\n않고\n여기까지 잘해 줬다고 생각해.\n고마워.
0x000c0026	3	【노리코】\n그럼 오늘만은 쉴게.\n그럼 내일 봐……
0x000c008b	2	【코우지】\n그래, 또 봐.
0x000c0212	3	【코우지】\n노리코, 계속 일만 했잖아?\n지금부터는 쉬어.
0x000c0296	2	【노리코】\n아니, 나는 괜찮아.
0x000c02e2	4	【코우지】\n아니, 앞으로를 생각해서라도\n쉬었으면 해.\n부탁이야.
0x000c0340	4	【코우지】\n게다가 지금은 특별히\n조사해 달라는 것도 없어.\n그러니까…… 응?
0x000c03bf	3	【노리코】\n……알겠어.\n고마워, 코우지.
0x000c0532	2	【노리코】\n응, 알겠어.
0x000c058e	2	【노리코】\n…………
0x000c05c7	2	【코우지】\n무슨 일이야, 노리코?
0x000c0611	4	【노리코】\n응……\n코우지와 함께 조사할 수 있는 것이\n조금 기쁘고…
0x000c0671	2	【코우지】\n그, 그렇군……
0x000c06ac	2	【코우지】\n… … 나도 있어.
0x000c070d	2	【노리코】\n어……!?
0x000c0748	2	【코우지】\n…………
0x000c07a7	2	【노리코】\n그, 그럼, 다녀오네.
0x000c07ea	2	【코우지】\n어, 어……
0x000c0847	2	【노리코】\n알겠어.
0x000c0893	3	【노리코】\n......드디어. \n 최선을 다하겠습니다, 코우지.
0x000c08df	2	【코우지】\n그래.
0x000c0921	2	【노리코】\n그럼, 또.
0x000c096e	3	【노리코】\n알겠어.\n그럼 다녀올게.
0x000c0b6f	3	【노리코】\n그리고 소장님에게도 이야기를\n들었어.
0x000c0bf5	2	【노리코】\n실례하겠습니다.
0x000c0c8e	4	【신타로】\n신조 씨인가.\n시라카와 사건 조사는 진척되고\n있나?
0x000c0cf4	3	【노리코】\n네. \n조금씩 진행하고 있습니다.
0x000c0d38	4	【노리코】\n그래서,\n사건 발생시의 모습을\n가르쳐 주시면과 무거워서…
0x000c0dbb	2	【신타로】\n......그때는 깜짝 놀랐어.
0x000c0e32	3	【신타로】\n총성이 가게 안에 울려 퍼져,\n일순간, 손님끼리 보아 맞았다.
0x000c0eae	5	【신타로】\n그런 가운데, 콘도강…\n지금 형사를 하고 있는 고등학교의\n동기생으로,\n아야도 현장에 거주했지만…
0x000c0f2c	4	【신타로】\n아야가 맨 먼저, 총성이 놓이는\n편,\nVIP 룸으로 달려갔다.
0x000c0f9e	4	【신타로】\n그 외에 미즈타니가와…\n아야녀는 지금 탐정을 하고\n있었을까…
0x000c102e	3	【노리코】\n소장은 미즈타니씨와도\n 아는 사람이군요.
0x000c107b	3	【노리코】\n실은, 피의자가 되고 있는\n사이토씨의 상사입니다.
0x000c10fc	6	【신타로】\n그런가. \n피의자의 보기에 기억이 있다고\n생각했지만,\n그날, 아야의 동반이었던\n시라카와인가.
0x000c116f	3	【노리코】\n그래. ......그래서 \nVIP 룸에 간 뒤는 어땠어?
0x000c1217	5	【신타로】\n 도중에 문이 있었다. \n콘도강이 제시하려고 했지만,\n아무래도 열쇠가 격려하고 있었던 것\n같네요.
0x000c128e	4	【신타로】\n그것을 본 미즈타니가와가,\n일단 교환해,\n곧바로 문의 열쇠를 망쳐 돌아왔다.
0x000c1306	6	【신타로】\n마스터에게 열쇠를 빌려서 가져온\n거겠지.\n그녀 사정도 있었고,\n그렇게 시간을 낭비하진 않았을\n거야.
0x000c137c	3	【신타로】\n미즈타니 씨에게서 열쇠를 건네받아,\n콘도 씨가 열쇠를 열었어.
0x000c13dd	4	【신타로】\n그리고 콘도강이 말했다. \n이 방금 아직 권총을 망친 범인이 \n있을지도 모른다.
0x000c144b	3	【신타로】\n치명적이기 때문에 자신 혼자 간다.\n범인은 여기서 기다려야 합니다.
0x000c14a9	5	【신타로】\n그래서 문 앞에서 기다리고\n있었다면,\n중에서 콘도강의\n술이 뒀다.
0x000c1575	5	【신타로】\n나와 미즈타니가와는 술소리가 놓이는\n것과\n동시에,\nVIP룸 안에 들어갔다.
0x000c1609	5	【신타로】\n하면 거기에는 콘도 준과\n살해당한 시라카와 준의 시신만\n있었고,\n범인은 벌써 어디에도 없었다.
0x000c1698	5	【신타로】\n곧바로 미즈타니가와는 VIP룸에서\n나와\n110번 통보를 해 사무소로\n향했다.
0x000c1726	5	【신타로】\n잠시 후 콘도 씨가\n여기는 현장 보존을 위해 막는다며\n방 밖으로 나가라고 지시했어.
0x000c17d2	4	【신타로】\n그리고 홀로 돌아와서,\n다음은 경찰의 사정 청림을 안\n갔어…
0x000c1896	3	【노리코】\n소장으로부터 들은 이야기는,\n이런 느낌이었어.
0x000c18f0	4	【노리코】\n그리고, 마지막에 또 하나. \n이것은 사무소의 선배에게 둔 정보\n이지만…
0x000c1967	8	【노리코】\n이번 사건 담당이 된 미우라 마사노부\n형사는,\n수사 1과 안에서도\n최고의 수완가로 이름이 나 있어.
0x000c1a25	6	【노리코】\n또 한 명인 요시모토 사야카 형사는\n아직\n신참이지만,\n국가공무원 시험에 수석으로 합격한\n재원이야.
0x000c1adb	2	【노리코】\n험직, 어느 쪽도 힘든 상대네.
0x000c1b48	4	【코우지】\n그런가…\n이쪽도 기합 넣어\n꾸짖을 권하지 않으면 안된다.
0x000c207e	6	【코우지】\n(오늘은 경찰서 내에서 취조는\n진행되지 않고,\n살해 현장이 된 바 ‘라이트\n블루’로\n끌려왔다)
0x000c211e	3	【미우라】\n어때, 사이토.\n뭔가 무거운 내놓은 적이 있습니까?
0x000c216d	3	【코우지】\n… \n하지만 그것뿐이다.
0x000c21e4	5	【미우라】\n그만큼,? \n 잘. \n앞으로 차분히\n무거운 꺼내 주자.
0x000c2263	3	【미우라】\n피해자·시라카와 이치로는 이 가게의\nVIP룸에서 사람을 만나고 있었다.
0x000c22c8	3	【코우지】\nVIP룸 이봐…\n꽤나 야한 태장이구나.
0x000c2329	5	【미우라】\n그렇구나. \n피해자는 시라카와 하우징의 대표,\n그리고 시라카와 그룹의 톱에\n서는 사람이다.
0x000c23c5	3	【미우라】\n너도 시라카와 그룹 정도\n상식으로 알고 있을까?
0x000c241a	4	【코우지】\n자......\n어쨌든 나는 탐정이야.\n비상식적인 일을 하고 있네요.
0x000c24a2	3	【미우라】\n… … 훈,\n상당히 자조한 것이다.
0x000c251b	3	【미우라】\n화를 되돌리자. \n우선 이걸 보자.
0x000c25fa	2	【미우라】\n이것이 가르침의 입구입니다.
0x000c2687	6	【미우라】\n여기가 지금 우리가 있는 홀이야.\n너와 미즈타니 아사츠유는 이\n카운터에서\n시간을 때우고 있었고……\n그건 틀림없지?
0x000c271f	4	【코우지】\n 아, 거기까지는 기억하고 있다. \n여기의 카운터에서 떠났다. \n그것은 인정한다.
0x000c277a	4	【미우라】\n훔. \n그리고, 여기가 문제의\nVIP룸이다.
0x000c2812	4	【미우라】\n그림에서 알 수 있듯이,\n여기에서는 VIP방이\n어떻게 되어 있는지 볼 수 없다.
0x000c28ca	4	【미우라】\n이지만, 여기에 있던 사람에게도\n확실히\n두는 것 같은 총성이 울렸다.
0x000c292e	4	【미우라】\n곧 객수명이\nVIP 룸으로 달려들었더니,\n피해자가 부서지고 있었다.
0x000c29a5	2	【코우지】\n…………
0x000c29de	3	【미우라】\n이 안에 들어가기 위해서는\n두 개의 루트가 있다.
0x000c2a28	4	【미우라】\n하나는 함측의 화장실에 가는 도중에\n있는\n도어로부터 들어가는 루트.
0x000c2b4b	3	【미우라】\n 또 하나가 입구 왼쪽에서 직접\nVIP 룸으로 향하는 루트다.
0x000c2c73	3	【미우라】\n 그러나, 함측의 루트로부터는\n 들어갈 수 없다.
0x000c2cc1	6	【미우라】\n왜냐하면,\n이 문은 안쪽에서 밖에 나오지\n않는,\n자동 락의 막법이\n되어 있기 때문이다.
0x000c2d74	4	【미우라】\n화장실로 향하는 손님이\n잘못 들어오지 않도록\n이런 막법이 되고 있다.
0x000c2dd9	5	【미우라】\n화장실 측에서 문을 제기하려면,\nVIP룸을 고용하는 사람이 자유롭게\n설정할 수 있는 비밀번호가\n필요하다.
0x000c2e50	3	【미우라】\n당일, 이것을 알고 있던 인물은,\n피해자만이었다는 것이 된다.
0x000c2eb5	2	【코우지】\n면적한 막법이 되고 있구나.
0x000c2f6d	4	【미우라】\n기밀성이 높은 회의나 협의에\n쓰일 것을 상정하고 있기 때문이다.
0x000c2fda	4	【미우라】\n중은 발음 사양이 되고 있는데다,\n각각의 문에는 열쇠가 걸리도록\n되어 있다.
0x000c305d	4	【미우라】\n모든 문에 열쇠를 걸면,\n외의 홀로부터는\n감전에 고립된다.
0x000c30cd	4	【코우지】\n그럼 사건 당일 밤,\n나도 여기는 다닐 수 없었던\n것이다.
0x000c3121	5	【미우라】\n 어떨까. \n구론 후,\nVIP방으로 돌아가는 피해자가\n입력한 비밀번호를 맹세했다...
0x000c31a2	2	【미우라】\n그 가능성은 충분히 생각된다.
0x000c31e9	3	【코우지】\n(어디까지나 나에게 불리한\n상황인가…
0x000c326e	4	【코우지】\n… … 아니, 조금 기다려 줘. \n 또 하나, 신경이 쓰이는 점이\n있다.
0x000c32ed	3	【미우라】\n편. \n 말해봐.
0x000c332b	4	【코우지】\n확실히 교내에 총소리가 느껴지고\n말했지?\n발음 사양인데?
0x000c33c2	3	【미우라】\n……총소리 정도 큰 소리라면\n뭉쳐도 이상하지 않을까?
0x000c3424	5	【코우지】\n(……그럴지도 모른다.\n그러나…\n그래서 끝낼 수 있을까......?\n)
0x000c3483	4	【코우지】\n......알았다, 지금은 좋다. \n이 VIP 룸 안은 \n 보여줄까?
0x000c34ee	4	【미우라】\n앞으로 보여주려고 무거웠던 곳이다.\n\n 따라오세요.
0x000c3582	2	【미우라】\n이 문이다.
0x000c35cd	5	【미우라】\n총성이 교내에 울려\n관계자가 이 문을 통과하려고\n했지만,\n열쇠가 격려하고 있었다는 것이다.
0x000c364d	5	【코우지】\n안쪽에서는 손으로 열쇠를 격려할 것\n같다. \n외측에서는……\n열쇠가 필요하게 되는 막법인가.
0x000c36be	3	【코우지】\n이 열쇠는 누가 관리하고 있는\n거야?
0x000c3719	5	【미우라】\n홀의 카운터내에\n키를 두는 장소가 있다. \n영업 시간 타이즈는,\n거기에 열쇠가 놓여 있는 것 같다.
0x000c3791	4	【코우지】\n카운터 내…\n라는 것은, 간본적으로\n가게의 관계자밖에 망설이지 않는다…
0x000c3804	4	【미우라】\n그대로다. \n게다가 카운터에는\n마스터가 있다.
0x000c3861	4	【미우라】\n간본적으로 열쇠는\n마스터의 관리하에\n 있다고 해도 좋을 것이다.
0x000c38c9	4	【미우라】\n총성이 점내에 울렸을 때,\n관계자가 마스터의 아래로 달려가,\n열쇠를 빌려 문을 제시했다고 한다.
0x000c3965	4	【미우라】\n이 문의 열쇠 뿐만이 아니라,\n교내에 있는 사무소의 열쇠도\n함께 관리되고 있다.
0x000c39eb	5	【미우라】\n그렇게 말하면 사건의 전날에\n사무소의 열쇠가 제대로 확실히\n되어 있어\n문제가 된 것 같다.
0x000c3a68	4	【미우라】\n그러니까 당일은 더욱이\n엄중하게 열쇠의 관리를\n하고 있었다고 한다.
0x000c3ac2	5	【코우지】\n……과연.\n그 엄중하게 관리되고 있던 열쇠를\n내가 부수고,\n피해자를 죽였다는 건가.
0x000c3b3b	2	【코우지】\n굉장해, 나.
0x000c3b9c	2	【미우라】\n……농담할 생각인가?
0x000c3c02	5	【미우라】\n너가 깨진 것은\n자동 락의 문뿐이다. \n마스터가 관리하고 있는 키는\n관계없다.
0x000c3c8c	2	【미우라】\n앞으로 나아간다.
0x000c3d0b	3	【미우라】\n여기가 VIP룸의 문이다. \n 들어갈 거야.
0x000c3d9b	5	【미우라】\n여기가 피해자가 살해당해 있던\nVIP룸이다.\n최초 발견자는 콘도 가쓰미……\n내 상사다.
0x000c3e51	3	【코우지】\n… … 상사? \n무일 발견자는 형사였는가?
0x000c3eb6	7	【미우라】\n그렇다. \n당일,\n 우연히 이 교에서 떠들고 있던\n곳,\nVIP 룸으로부터 총성이 놓여져,\n제일에 진하게 자란 것 같다.
0x000c3f4e	5	【미우라】\n피해자가 부서져 있고,\n범인다운 인물은\n이미 보이지 않았다고\n증언하고 있다.
0x000c3fce	4	【미우라】\n그리고 교외의 쓰레기 진 속에,\n경기가 된\n권총이 보내지고 있었다.
0x000c404b	3	【미우라】\n덧붙여 피해자가 부서지고 있던 것이\n그 소파다.
0x000c40a5	3	【코우지】\n소파에 부서지고 있었다… \n 앉아 있지 않았다?
0x000c411f	5	【미우라】\n우울증의 상민…\n즉, 소파의 결혼 기대 부분에\n굵은 피하는 듯한 민첩성으로\n발견되었다.
0x000c419a	2	【코우지】\n…
0x000c4200	2	【미우라】\n요시모토 형사.
0x000c425f	2	【요시모토】\n네.
0x000c42c5	4	【코우지】\n(……확실히,\n이것이라면 부드럽다는 표현이\n어려울지도 모른다…
0x000c435b	4	【코우지】\n……하지만 왜야? \n왜, 이런 체쟁으로\n치아......?
0x000c43b0	3	【코우지】\n쏴도 없는 심장을 잡고,\n그리고…
0x000c442d	4	【미우라】\n거기까지다. \n심정토에 해 실혈치에 해,\n너의 혐의는 변하지 않는다.
0x000c4492	2	【코우지】\n뭐라고… ?
0x000c44f5	3	【미우라】\n사인이 총격으로 인한 것임은\n명백하다.
0x000c455c	4	【미우라】\n그리고…\n너의 지문이 달린 권총이\n타고 있었다.
0x000c45e8	4	【미우라】\n그 사실로 충분하다…\n너가 범인이라고 결론을 내리지\n마라!
0x000c4640	2	【코우지】\n큭!
0x000c4676	6	【코우지】\n(현장에 지문이 묻은 권총이 있었던\n이상,\n약간 부자연스러운 점은 반론 자료가\n되지\n않아……!)
0x000c4724	3	【미우라】\n에서, 어때? \n기억이 돌아왔나요?
0x000c4775	3	【코우지】\n그전의 문제다. \n이 방에 들어간 기억조차 없다.
0x000c47ef	3	【미우라】\n훈, 과연. \n다시 편리하게 기억이 없는 것이다.
0x000c4848	4	【코우지】\n다르다! \n이 방에 들어간 것은 \n 정말 오늘이 처음이야!
0x000c48a7	3	【코우지】\n……그렇다! \n지문이다!
0x000c48ef	3	【코우지】\n이 방에 들어갈 때까지\n일부 문이 있었을거야!
0x000c4940	3	【코우지】\n거기에 나의 지문은 붙어 있었는지!\n?
0x000c49b2	2	【미우라】\n…………
0x000c49eb	3	【코우지】\n(미우라가 가시고 있다……\n이것은……!?)
0x000c4a66	3	【미우라】\n확실히 너의 지문은\n붙어 있지 않았다.
0x000c4ab5	5	【코우지】\n그게 뭐야!\n내가이 방에 들어 가지 않았다고\n말한다.\n무엇보다의 증거일 것이다!
0x000c4b43	3	【미우라】\n… … 사이토. \n 진심으로 말하는 거야?
0x000c4b8e	2	【코우지】\n뭐?
0x000c4c3b	7	【미우라】\n……문에는\n최초 발견자의 지문밖에\n남아 있지 않았다.\n사전에 누군가가\n지문을 닦아냈다고 볼 수 있다.
0x000c4cce	3	【코우지】\n뭐라고… ? \n지문을 흔들어 버렸다…
0x000c4d3a	3	【미우라】\n그런 일을 하는 인간은\n1명밖에 생각할 수 없다.
0x000c4dae	4	【미우라】\nVIP 룸에 들어간 증거를\n인멸하기 위해\n네가 닦아낸 거겠지!
0x000c4e4c	5	【미우라】\n그 정도의 소재공으로\n무죄를 수첩할 수 있다고 생각했나?\n\n전혀, 깨끗한 사람이다.
0x000c4eb0	4	【코우지】\n그, 그런 일은 하지 않았어! \n나는 이 방에\n 들어간 것조차… !
0x000c4f34	5	【미우라】\n너의 수첩에는 용부가 없다. \n이 방에 들어 있지 않다고\n수첩한다면\n더 논리적으로 말하는구나.
0x000c4fa4	2	【코우지】\n우우…
0x000c5011	3	【미우라】\n… … 훈. \n지금까지입니다.
0x000c5053	2	【코우지】\n…………
0x000c50b2	4	【미우라】\n어때? \n기억이 없어도\n상황은 파악할 수 있었을 것이다.
0x000c5126	2	【미우라】\n뭔가 반론이 있다면 속이지만?
0x000c516d	4	【코우지】\n(…… 젠장!\n아무것도 바꿀 수 없다\n......! )
0x000c51e3	4	【미우라】\n오늘은 이것으로 돌아가기로 한다. \n내일부터의 심문을\n기대해 둔구나.
0x000c5748	5	【미우라】\n그럼,\n오늘은 근본적인 곳에서 끝내자. \n너가 굉장히 움켜잡고 있던\n이라는 이야기다.
0x000c57b4	4	【코우지】\n아. \n그래서 나는 그 시간의\n기억이 없다......
0x000c5830	3	【미우라】\n이 상민은 일견, 너에게 있어서\n불리한 상황이라고 말할 수 없어.
0x000c58a1	5	【미우라】\n하지만 한편으로는,\n불리한 사실에 갈등을 맞출 수\n있는,\n편리한 상황이기도 하다.
0x000c5919	3	【코우지】\n어디까지나 그 선으로 진행할\n생각인가…
0x000c5985	4	【미우라】\n좋은가, 사이토.\n기억이 없다면 무거운 꺼내라.\n그것이 너에 탑승된 유이치의…
0x000c5a69	2	【콘도】\n어떻게, 상태는?
0x000c5acc	3	【미우라】\n……지금, 중양인\n막면에 빠져 있습니다.
0x000c5b28	2	【미우라】\n여기는 나에게 맡기고 싶다.
0x000c5b6b	3	【코우지】\n(……?\n미우라가 동양하고 있다……?)
0x000c5be6	4	【콘도】\n훈! \n언제까지 맡겨 두면 좋을까? \n이쪽은 기다리고 뭉개져 있는 거야.
0x000c5c4c	4	【콘도】\n그만큼 증거가 갖추어져있어\n아직도 자백이 삼키지 않는다고는…\n수심에서도 순수하지 않을 것이다!
0x000c5cea	3	【미우라】\n설마…\n그런 일은, 깨어.
0x000c5d59	3	【콘도】\n어이, 너. \n 사이토라고 말했구나.
0x000c5da1	2	【코우지】\n……응.
0x000c5e15	3	【콘도】\n 쓸데없는 아연은 좋고, \n 벌써 입을 축하라.
0x000c5e6b	2	【코우지】\n큭!
0x000c5edf	5	【미우라】\n과장! \n폭력을 동반한 취조는\n불법이다! \n 그만해!
0x000c5f69	4	【콘도】\n이 정도로?\n미우라… … 너의 방법은\n손 미지근해.
0x000c5fce	3	【콘도】\n내가 모범을 보여줄 테니까,\n침묵해 봐라.
0x000c602f	3	【콘도】\n좋은가. \n 조용히 봐! ?
0x000c60ab	2	【미우라】\n쿠…
0x000c610a	4	【콘도】\n너와 시라카와가 말다툼한 곳을\n이 내가 본 거야! \n너에게는 충분한 동기가 있어!
0x000c619a	4	【코우지】\n(…… 말투라고 말해도\n마음대로 오마에\n말하는 것만이 아닌가! )
0x000c625d	3	【코우지】\n자신의 기억에 없는 것을\n인정할 수는 없습니다.
0x000c631d	4	【콘도】\n무슨 기억이야! \n이쪽이 어른스럽게 하면\n 끓인 입, 두고 와서! !
0x000c6386	4	【콘도】\n기억이 없다고 한다면\n무리에게도\n무거운 내게 하자! !
0x000c63e1	2	【코우지】\n…………
0x000c641a	4	【콘도】\n뭐야, 그 도전적인 눈은?\n경찰을 너무 무시하지 마, 이\n자식아!
0x000c64ae	4	【미우라】\n과장! \n이상은,\n상에 보고하지 않을 수 없어요.
0x000c6503	2	【콘도】\n… … 흠! !
0x000c65b6	3	【콘도】\n언제나 이 언제나,\n내 방해를 해라!
0x000c6607	2	【코우지】\n…………
0x000c664d	4	【콘도】\n어이, 사이토. \n기억에 상관없지만,\n빨리 죄를 인정해 버린다.
0x000c66bd	4	【콘도】\n지금 자백하면 무서운 꼴을 당하지\n않고\n끝낼 수 있다고?
0x000c6765	4	【콘도】\n무엇이냐면, 지금 자백하면,\n살의는 없었다고 조서에 써 주지.\n이 경우에는 상해치사죄다.
0x000c680b	2	【미우라】\n인가, 과장! ?
0x000c686d	5	【콘도】\n하지만 저항한다면,\n살의가 있었다는 걸 증명하는 증거를\n얼마든지 제시해 주지!\n무리하게라도!
0x000c690a	3	【콘도】\n살인이 증명되면,\n사형도 있을 수 있어!
0x000c6992	3	【코우지】\n거짓말의 사실을 네츠법할 정도라면\n다시 수첩합니다.
0x000c69f1	2	【코우지】\n나는 하지 않았어.
0x000c6a52	4	【콘도】\n...… 너는 바보인가! ? \n당신을 위해 무거워\n말하는 거야!
0x000c6aae	4	【코우지】\n나를 위해서… \n 사용하지 마라. \n당신의 행위는 마치 사법 견인이다!
0x000c6b15	5	【코우지】\n사실을 나사 구부리는 것은\n나에게 패가선언일 뿐이다.\n아쉽지만, 이런 협박에\n나는 절대로 굴복하지 않는다.
0x000c6bbc	2	【콘도】\n구구구…
0x000c6c07	3	【코우지】\n(코이츠…\n무슨 일이야…
0x000c6c83	5	【미우라】\n과장님, 여기는 물러나 주십시오.\n과장님 심정은 압니다만,\n지금은 자백보다\n진실을 밝히는 쪽이 중요합니다.
0x000c6d27	3	【콘도】\n쿠…\n마음대로 해라! !
0x000c6e1c	2	【미우라】\n…………
0x000c6e7b	2	【미우라】\n아쉬웠구나, 사이토.
0x000c6ec7	5	【미우라】\n… … 이것으로 취조를\n끝내고 싶은 곳이지만,\n너를 심문해야\n태장이다…
0x000c6f48	2	【미우라】\n단단해.
0x000c6f80	2	【코우지】\n……그래.
0x000c7242	1	[본 적이 있다]
0x000c7253	1	[본 적도 없다]
0x000c72c6	3	【미우라】\n......어제는\n우리의 콘도가 미안했다.
0x000c7312	3	【코우지】\n… … 뭐, \n새로운 형사의 견본이라고 무거웠어.
0x000c7361	4	【코우지】\n오히려 형사란 원래 그런 거라고\n생각했지.\n너처럼 특별한 사람은 드물어.
0x000c73f1	4	【미우라】\n힘 쓰는 것으로 자백시키는 것은\n나의 방식이 아니다. \n 그게 다야.
0x000c7453	3	【미우라】\n오늘은 너와 피해자의 관계에 대해\n두게 한다.
0x000c74d5	4	【미우라】\n너는 피해자인 시라카와 이치로와는\n면식이 없다고 말하고 있었다. \n그것은 확실히?
0x000c7551	3	【코우지】\n 틀림없다. \n나는 아야와 면식이 없다.
0x000c75b5	4	【미우라】\n그것은 일상의 고객이 된\n 가능성도 제로이다,\n라고 하는 것으로 좋은가?
0x000c761d	4	【코우지】\n아. \n라고는 해도, 전화로 의뢰되어\n보를 보지 않는 경우도 있지만.
0x000c7682	5	【코우지】\n에서도, 간모토는 대면해 의뢰를\n한다. \n그럴 때의 보기는 전원 기억하고\n있다.
0x000c771c	5	【코우지】\n 그래서, 일로 얽힌 적도 없을\n것이다.\n\n하지만......
0x000c7780	5	【코우지】\n본 적이 있다……라고 해도,\n상장 기업의 대표이기도하고,\n시라카와 그룹의 톱에\n서 있던 사람이다.
0x000c7803	4	【코우지】\nTV, 넷, 신문…\n어떤 매체를 통해\n보고 본 적이 있다는 정도다.
0x000c789c	4	【미우라】\n과연. \n 본 적이 있는 건 자지 않는\n건가.
0x000c78f7	3	【미우라】\n이 건에 관해서는 너의\n말을 믿자.
0x000c7951	5	【미우라】\n 만약 본 적이 없다고 수첩하고\n있으면,\n너를 신용할 수 없게 되어 있을지도\n일지도 모른다.
0x000c79b3	2	【코우지】\n……무슨 소리야?
0x000c79f6	4	【코우지】\n......아니, 신경 탓이었다. \n아야와는 만난 적도 없고,\n본 적도 없다.
0x000c7a62	5	【미우라】\n......그런가. \n이라면, 굳이 두자. \n너는 TV나 그물을 보거나\n하지 않을까?
0x000c7ac6	2	【코우지】\n… … TV나 넷?
0x000c7b2b	3	【미우라】\n시라카와 그룹은\n고고 영업에 적극적이다.
0x000c7b9f	4	【미우라】\nTV에서는 CM이 보내지고 있고,\n인터넷의 포털 사이트에서도\n고고를 잘 보인다.
0x000c7c17	4	【미우라】\n그럴 때 그룹의 총수로서\n시라카와 이치로가 모습을 보인 적도\n종종 있다.
0x000c7ca1	3	【미우라】\n그런 사람의 견을… …\n정말 본 적이 없는 것인가?
0x000c7cf2	4	【코우지】\n네, 아니......\nTV도 그물도 별로\n보지 않아…
0x000c7d44	4	【코우지】\n(어쩐지,\n 도가니에 빠져 있는 것 같은\n기분한다…
0x000c7d9a	4	【코우지】\n(하지만 여기까지 쓰면\n안능에 의견을 끌어들이는 것은\n오히려 치어이다)
0x000c7e1c	3	【미우라】\n흠……\n음, 그렇다면 그것으로 좋다.
0x000c7e70	5	【미우라】\n하지만, 텔레비전이나 넷에\n관계없이,\n너는 피해자의 보고를\n본 적이 있을 것이다.
0x000c7edb	2	【코우지】\n……무슨 소리야?
0x000c7f4a	2	【미우라】\n너의 방에서 나온 명함이다.
0x000c7fda	3	【코우지】\n나……! ? \n어째서 이런 것이! ?
0x000c8023	4	【코우지】\n오, 나의 방에서\n나왔다고......\n방의 어디에서 나왔어! ?
0x000c8081	5	【미우라】\n통의 서랍에 들어가 있던\n명함 넣어 안에서다. \n굉장한 명함을 망설이고 있어. \n 가시 했다.
0x000c8146	4	【미우라】\n하지만, 이것으로 너와 피해자가\n이전에 만났던 것이\n증명된 셈이다.
0x000c81dd	4	【미우라】\n이래도 아직,\n피해자를 만나지 않았다고\n말씀할 생각인가! ?
0x000c823d	4	【코우지】\n(그런…\n내가 피해자의 명함을…\n전혀 기억에 없다… )
0x000c82c1	3	【코우지】\n우……\n쿠소오!
0x000c8325	2	【미우라】\n… … 훗.
0x000c8384	3	【미우라】\n그럼,\n심문을 끝내자.
0x000c86aa	3	【미우라】\n어떻게, 사이토. \n슬슬 자백할까?
0x000c8704	3	【코우지】\n기억에 없는 것의\n자백은 할 수 있을까!
0x000c8754	3	【코우지】\n나는 죽이지 않았어!\nVIP룸에도 들어가지 않았다고!
0x000c87cc	5	【미우라】\n……흠.\n그럼, 이번에는 그 이야기를 해 둘까.
0x000c881b	2	【코우지】\n… … 그 이야기?
0x000c887c	4	【미우라】\n두고 새겨진 결과… … 사건 당일,\nVIP 룸에 들어간 인간이,\n적어도 4명 있는 것으로 나타났다.
0x000c8907	6	【미우라】\n우선 변호사의 누마사키 신타로다.\n아야는 시라카와 그룹\n고문 변호사이기 때문에,\n피해자와 함께 VIP방에\n들어가도 부의의가 아니다.
0x000c89bd	3	【미우라】\n그리고 총성이 교내에 울렸을 때,\n내의 상사인 콘도가 들어가 있다.
0x000c8a35	5	【미우라】\n권총을 탄 범인이 있는 것을\n총정해,\n당초는 혼자서 VIP룸에\n 들어간 것 같다.
0x000c8ab4	3	【미우라】\n이어서, 미즈타니 아사츠유도\nVIP룸에 들어간 것 같다.
0x000c8b08	3	【코우지】\n(여기까지는 누마사키 변호사가\n 말한 대로구나…
0x000c8b68	5	【미우라】\n그리고 마지막 1명…\n고객의 증언에 따르면 "젊은 남자"\nVIP 룸쪽으로 느슨해진 것이\n목격되고 있다.
0x000c8beb	2	【코우지】\n젊은 남자…
0x000c8c34	6	【미우라】\n그래, 젊은 남자다. \n당일 현장에 들어간 것은,\n누마사키 신타로, 미즈타니\n아사츠유,\n그리고 콘도 히미…
0x000c8cda	4	【미우라】\n모두 '젊은 남자'가 아니다.\n즉, 이 『젊은 남자』야말로 범인…\n너라는 거다!
0x000c8d89	4	【코우지】\n이봐, 잠깐만! \n『젊은 남자』라니까\n나와는 급하지 않을 것이다! !
0x000c8e17	2	【미우라】\n에서는, 누구라고 말하는 거야!
0x000c8e5c	3	【코우지】\n그, 그런거야…\n나에게 알 수 없을 것이다!
0x000c8ebf	5	【미우라】\n현장에 지문이라는 흔적을 타고 있는\n너라고 생각하는 것이 자연일\n것이다! \n 다르다! ?
0x000c8f37	2	【코우지】\n큭……!
0x000c8f96	4	【미우라】\n 점점 증거가 갖추어져 왔구나. \n이 건에 대해서도 논리적인 반론을\n연대하고 있다.
0x000c902e	2	【미우라】\n에서는 심문에 들어간다.
0x000c94c9	2	【미우라】\n어제는 잘 잠들었나?
0x000c950d	2	【코우지】\n큰 신세다.
0x000c9570	2	【미우라】\n훗… … 그래.
0x000c95ac	3	【코우지】\n(뭐, 뭐야, 이 여웅의 표정……?\n…
0x000c963a	4	【미우라】\n빨리지만…\n피해자와 너의 연결을 밝히기\n결정적인 물증이 발견되었다.
0x000c96bf	2	【미우라】\n요시모토 형사.
0x000c971e	2	【요시모토】\n네.
0x000c9784	2	【미우라】\n너의 방에서 나온 것이다.
0x000c97c9	2	【코우지】\n나의 방에서…
0x000c9847	5	【요시모토】\n네. \n 밀어넣기 안쪽에 있던 \n 골판지 안에서 발견되었다고 \n 묻고 있습니다.
0x000c98b5	5	【코우지】\n압입? \n아, 끌어당기고 나서 제게 하지\n않았다\n저 골판지인가…
0x000c9925	3	【코우지】\n그렇다면 내가 아니라\n오후쿠로의 것이야.
0x000c9994	3	【미우라】\n어...\n이 수첩은 너의 어머니의 것이라고?
0x000c99f0	4	【코우지】\n그렇다. \n오후쿠로가 죽어,\n자택을 태태했을 때의 정물이다.
0x000c9a7a	3	【미우라】\n과연……정물을 받고 있다고는\n좀처럼 어머니 생각이 아닌가.
0x000c9afa	5	【미우라】\n하지만… … 정확히 말하면\n이 수첩은 너의 어머니의 것이\n아니다.\n물론, 너의 것도 아니다.
0x000c9b66	2	【코우지】\n……무슨 소리야?
0x000c9bb1	2	【미우라】\n안을 보는 편이 원일 것이다.
0x000c9c67	3	【코우지】\n…………! ? \n이, 이건......! ?
0x000c9cb3	2	【코우지】\n이 수첩은 사이토 시에의…
0x000c9d48	5	【미우라】\n그렇다.\n예전에 네 아버지가 일하던 신문사에\n문의했더니,\n아야가 쓴 원고가 실려 있더군.
0x000c9de8	2	【미우라】\n필정경정에서 일치했어.
0x000c9e4e	2	【코우지】\n…………
0x000c9e87	5	【코우지】\n(아버지는 프리의 저널리스트로,\n 이전에는 대기업 신문사의 보도부에\n있었다고\n오후쿠로에게 들어본 적이 있었구나…
0x000c9f0f	3	【코우지】\n응? \n 뭐야 이거......?
0x000c9f4f	3	【코우지】\n…………\n『시라카와』?
0x000c9fb9	5	【미우라】\n 역시 그것이 눈에 들어갔는가. \n그렇다……그 『시라카와』는 \n피해자인 시라카와 이치로를\n가리키고 있다고 거듭된다.
0x000ca037	2	【코우지】\n……그렇군.
0x000ca097	2	【미우라】\n 쪽, 별로 가시가 없지?
0x000ca0df	3	【코우지】\n수첩을 일부러 나에게\n보이는 정도다.
0x000ca127	5	【코우지】\n아버지의 수첩이라고 알았던 순간에\n이 안에 시라카와 이치로의 일이\n쓰고 있는 것 정도\n총휘는 붙어.
0x000ca19d	3	【코우지】\n그래서 나와 피해자에게\n연결이 있다고 말하고 싶을까?
0x000ca1f8	4	【코우지】\n승기이지만, 나는 이 수첩의 내용은\n 본 적도 없었다. \n연결이 없다.
0x000ca282	3	【미우라】\n훗. \n 글쎄, 좋아.
0x000ca2e6	4	【미우라】\n이 수첩을 보는 한,\n네 아버지는 피해자를 집요하게\n뒤쫓았던 모양이군.
0x000ca35a	2	【코우지】\n이니까 뭐야.
0x000ca394	5	【코우지】\n아버지가 칫솔질한 것은\n내가 5개가 되었을 무렵이다.\n즉,이 수첩이 작성된 것은\n지금부터 20년 이상 전이 된다.
0x000ca415	4	【코우지】\n지금 이런 것처럼 보여도,\n나에게는 전혀 관계가 없는\n이야기다.
0x000ca479	2	【미우라】\n여기를 마셔 보라.
0x000ca4bc	2	【코우지】\n…………?
0x000ca539	2	【코우지】\n… ?
0x000ca581	3	【미우라(시와)】\n『나는 시라카와 이치로에 노리고\n있다.
0x000ca5e3	7	【미우라(시와)】\n만약 내가 뭔가 있으면 ......\n그것이 얼마나 자연스럽게\n보이는 것이라도,\n시라카와의 손에 의한 것이라면\n무거워\n주었으면 한다」
0x000ca685	3	【미우라】\n… … 이것이 의미하는 곳은 \n 단 하나이다.
0x000ca6d1	4	【코우지】\n…………\n아버지는 시라카와 이치로에게\n살해당한 건가?
0x000ca72e	3	【코우지】\n 바보 같아! \n아버지는 교통사고에서! !
0x000ca79f	2	【미우라】\n그렇구나.
0x000ca7fe	5	【미우라】\n이지만, 교통사고이라고 해도,\n히도 도망쳤다는 것을 생각하면,\n이 문면 대로의 일이 행해진\n 가능성이 높다고 하는 것이다.
0x000ca881	4	【코우지】\n잠깐 기다려…\n뭐야, 그것!\n그런 우연……있어 참을까!
0x000ca90c	3	【미우라】\n… \n내가 어떻게 할 수 있을까?
0x000ca96d	3	【미우라】\n너가 거짓말을 하고 있는 것처럼\n보이지 않는다…
0x000ca9c5	4	【미우라】\n하지만, 피의자인 너가\n피해자와의 연결을 깨려고 하는 것도\n당연한 일.
0x000caa46	2	【코우지】\n내가 거짓말을 하고 있다는 거야!
0x000caaaf	4	【미우라】\n너가 험직하게 말하고 있다는\n객관적인 증거가 없는 이상,\n그렇게 생각하지 않을 수 없구나.
0x000cab1e	2	【코우지】\n큭……!
0x000cab57	4	【코우지】\n(어떻게 되어 있는 거야!?\n이런......이런\n일......!)
0x000cabd1	3	【미우라】\n… … 음, 좋아. \n슬슬 심문을 끝내자.
0x000caf3b	1	[30퍼센트 이상]
0x000caf52	1	[10퍼센트 전후]
0x000caf69	1	[3퍼센트 이하]
0x000caf7e	1	[나는 하지 않으면 수첩]
0x000caf94	1	[내가 해냈다고 자백]
0x000cb00c	3	【미우라】\n어떻게, 사이토. \n슬슬 자백하면 어때?
0x000cb059	2	【코우지】\n…………
0x000cb0b8	5	【미우라】\n너는 기분이 좋다. \n잘못 말하고 입을 술하기 전에\n단리를 흠뻑 자르면 도망치면\n무거워 있을 것이다.
0x000cb166	4	【미우라】\n이지만, 그 생각은 희귀해. \n현재의 증거만으로도,\n너를 소소하는 충분한 이경이 된다.
0x000cb1e4	5	【코우지】\n…… 나에게는 가문도 몸부림도 없기\n때문에,\n따로 재판을 하는 것은 막지\n않는다.
0x000cb243	4	【코우지】\n하지만, 나는 무고하다. \n재판으로 분죄였다고 분명히 하면\n수욕을 하는 것은 안타들이다.
0x000cb2dc	2	【미우라】\n…
0x000cb345	5	【미우라】\n재판에서 무죄를 받아낼 수 있을지도\n모른다고 생각한다면,\n그런 기대는 지금 미리\n버려 두는 게 좋겠군.
0x000cb3b5	3	【코우지】\n뭐라고… \n무슨 뜻이야?
0x000cb466	4	【미우라】\n너는 현재의 일본의 사법 제도하에서\n저소된 피고가 무죄가 되는\n확률을 알고 있는가?
0x000cb4f2	5	【코우지】\n30퍼센트 이상은 있을 것이다. \n별로 생각하고 싶지 않지만,\n나 같은 부당 체포는\n많을 것이다.
0x000cb592	4	【미우라】\n훗……웃기는군.\n너는 현실이라는 걸\n조금도 모르고 있어.
0x000cb606	4	【코우지】\n나처럼 부당 체포된 자가\n10퍼센트 전후라고 생각하면,\n대략 그 정도가 아닌가?
0x000cb68a	3	【미우라】\n즉, 부당 체포된 사람은,\n전원 무죄 판칭을 취할 수 있어도?
0x000cb715	3	【미우라】\n훗… \n더 현실을 보는 편이 좋다.
0x000cb771	3	【코우지】\n그렇게 수가 많지 않은 것은\n나도 알고 있다.
0x000cb7be	3	【코우지】\n좋아서 3퍼센트는\n곳일까?
0x000cb82c	3	【미우라】\n상당히 좋은 곳을 쌓고 있다. \n 하지만 아직.
0x000cb8a6	5	【미우라】\n정답은 1퍼센트 후만이다. \n아니, 좀 더 정확하게 말한다면\n지난 몇년의 수처에서는\n0.1퍼센트 전후다.
0x000cb922	2	【코우지】\n인… ?
0x000cb96a	5	【미우라】\n경찰의 내가 말하는 것도 느낄 수\n있지만,\n현실 문제로서\n부당 체포는 있을지도 모른다.
0x000cba01	6	【미우라】\n이지만, 현재의 사법 제도는 이런\n것이다. \n소소된 피고는 거의 유죄가 된다. \n조소전에 필요한 수사는 \n감소하고 있으니까.
0x000cbaaa	3	【코우지】\n재판이 되면 끝,\n라고 말하고 싶은 건가…
0x000cbb21	3	【미우라】\n이기 때문에,\n나는 너에게 자백을 끓이고 있다.
0x000cbb75	2	【코우지】\n…………
0x000cbbae	4	【코우지】\n(안돼…\n여기서 자백이라면,\n유죄가 확정된다…
0x000cbc0b	3	【코우지】\n(하지만 아무리 분죄를 수첩해도,\n유죄 확률은 99퍼센트 이상…
0x000cbcaa	3	【코우지】\n(……쿵!\n어떻게 하면 돼! ? )
0x000cbd2d	2	【코우지】\n… … 내가 했습니다.
0x000cbd92	3	【미우라】\n편……\n자백하는구나, 사이토?
0x000cbddb	2	【코우지】\n……응.
0x000cbe3a	4	【미우라】\n알았다. \n이라면 아까워하지 않는다. \n요시모토 강!
0x000cbeaf	3	【요시모토】\n네. \n 즉시 조서를 준비합니다.
0x000cbf1c	2	【미우라】\n부탁해.
0x000cbf66	5	【미우라】\n곧 요시모토 강이,\n너가 자백한 동의 조서를 준비한다.\n거기에 네가 사인을 하는 것으로,\n자백이 성태한다.
0x000cc038	5	\n　\n(얼마 후 건네받은 조서에\n서명한 시간은,\n길었는지 짧았는지……)
0x000cc09e	5	\n　\n(무슨 말을 했는지도,\n더 이상 무거울 수 없다.\n나는 묶여 있었다)
0x000cc0fa	3	\n　\n(싸움은 끝났어……)
0x000cc145	2	【코우지】\n… … 나는 하지 않았다.
0x000cc1aa	3	【미우라】\n…………\n아직도 경항할 생각인가.
0x000cc1f9	3	【코우지】\n확률은 문제가 아니다. \n소중한 것은 진실이다.
0x000cc24a	2	【코우지】\n나는 무고하다!
0x000cc2ab	2	【미우라】\n……좋다.
0x000cc317	2	【미우라】\n에서는, 심문으로 쫓아 버린다!
0x000cc781	2	【미우라】\n그럼, 취조를 끝낼까.
0x000cc7c4	2	【코우지】\n그전에… … 부탁이 있다.
0x000cc818	2	【미우라】\n뭐지?
0x000cc84e	4	【코우지】\n아버지의 수첩…\n저것을 다시 보여주길 바란다.\n동양하고 내용을 기억하지 못한다.
0x000cc8e4	2	【미우라】\n…………
0x000cc943	2	【미우라】\n……요시모토강.
0x000cc9a6	2	【요시모토】\n 네, 조금 기다려 주세요.
0x000cca4f	6	【코우지】\n(……전부터 무거웠지만\n「요시모토 강」의 한마디로 의중\n소통한다\n이 두 사람은\n도대체 어떤 관계일까? )
0x000ccad1	3	【코우지】\n(……두고 싶지만\n절대로 도망칠 것이다)
0x000ccb61	2	【요시모토】\n기다리게 해서 죄송합니다.
0x000ccbc3	2	【미우라】\n감사합니다.
0x000ccc2c	2	【미우라】\n10분 뿐이다.
0x000ccc68	2	【코우지】\n......알았다.
0x000ccd05	2	【코우지】\n…………
0x000ccd3e	2	【코우지】\n(『접근』)
0x000ccd7b	2	【코우지】\n(『18시』)
0x000ccdba	2	【코우지】\n(『금리↑』)
0x000ccdf9	2	【코우지】\n(『인사이더』)
0x000cce39	2	【코우지】\n(『커리어』)
0x000cce76	5	【코우지】\n굉장해…\n여기에 쓰는 것이 사실이며,\n세상에 묘사되면\n당시의 일본은 뒤집히고 있지…
0x000ccef4	3	【미우라】\n이 수첩이 고용되고 있던 것은\n1989년 전후.
0x000ccf46	7	【미우라】\n버블 붕괴 후,\n시라카와 하우징이 단숨에 건설\n업계의\n대기업으로\n이름을 떨치기 시작한 시기이기도\n하지.
0x000ccfbf	4	【미우라】\n너의 아버지는,\n투성장하는 시라카와 하우징을\n철저하게 마크하고 있던 것 같다.
0x000cd02e	4	【코우지】\n(그러나 그 결과, \n그 의미심장한 한 문장을 타고\n케이통사 혼잡으로…
0x000cd096	2	【코우지】\n(……응?)
0x000cd10d	2	【코우지】\n심장병…
0x000cd157	3	【미우라】\n시라카와 이치로는 한때\n심장을 앓고 있었던 것 같다.
0x000cd1b8	3	【미우라】\n그리고 현외로 도항해\n이식 수술을 했다는 기록이 있다.
0x000cd23a	4	【미우라】\n분명 네 어머니,\n사이토 가쓰요도 심장 이식 수술을\n받았었지?
0x000cd295	2	【코우지】\n…………
0x000cd324	4	【미우라】\n이지만 사이토 카츠요는 제공자. \n시라카와 이치로는 중용자다. \n입장이 거꾸로 된다.
0x000cd3b5	3	【미우라】\n단, 시라카와 이치로는\n심장 이식 수술의 때에…
0x000cd475	2	【코우지】\n그만해줘!
0x000cd4d3	2	【미우라】\n! ?
0x000cd508	5	【코우지】\n……지금은… … 그만해줘…\n심장 이식이라든지,\n그런 이야기는\n............
0x000cd576	2	【미우라】\n…………
0x000cd60b	3	【코우지】\n(엄마……\n쿡…
0x000cd6de	4	【코우지】\n(심장이식이라는 이통점…\n그냥 우연인가?\n아니면…
0x000cd740	4	【코우지】\n아쉬웠던, 투투에 큰 소리를\n내고......\n제외해줘......
0x000cd7b9	3	【미우라】\n......좋을 것이다. \n에서는 심문을 날린다.
0x000cdaa6	3	【미우라】\n 그런데, 오늘의 취조를\n끝내지만…
0x000cdb15	3	【미우라】\n어떻게, 사이토. \n자백할 생각이 없어?
0x000cdb61	2	【코우지】\n너, 그 뿐이구나.
0x000cdbc7	3	【미우라】\n나에게도 너에게도,\n그것이 제일의 방법이니까.
0x000cdc29	5	【미우라】\n기일은 내일이다.\n내일까지 모든 심문에 대해\n반론하지 못하면\n형사소송 절차에 들어가게 해주지.
0x000cdcb6	2	【코우지】\n…………
0x000cdcfc	3	【미우라】\n......그런가. \n마지막까지 아련한가?
0x000cdd73	3	【미우라】\n이라면, 내가 이 손으로\n인도를 들여다 보자!
0x000cddd9	2	【미우라】\n심문을 시작한다!
0x000ce0d5	7	【미우라】\n그런데, 오늘이 취조 마지막\n날이\n된다.\n오늘까지 얻은 증거와 증언은\n모두 내일에는 검찰청에\n보내지게 된다.
0x000ce16b	3	【미우라】\n그 자료를 바탕으로 하여 검사가\n소리, 불소소를 결정하는 것이지만…
0x000ce1e8	6	【미우라】\n내의 심문에 모두 대답할 수 없는\n경우는,\n곧바로 친소수제외에 들어가 주셔서\n문제 없다, 라고 써서 순결해\n둔다.
0x000ce273	3	【코우지】\n… … 오늘이 마지막 기회,\n뭐라고?
0x000ce2e4	2	【미우라】\n그럼, 심문을 시작한다!
0x000ce3af	3	【코우지】\n(……안 돼……!\n추리가 전혀 정리되지 않아……!)
0x000ce40d	3	【코우지】\n(이대로 진행해도\n무죄를 증명하는 건 불가능……)
0x000ce46a	2	【코우지】\n(남은 증거는……)
0x000ce4b8	2	【코우지】\n……큭!
0x000ce4fe	2	【코우지】\n……제가…… 했습니다……
0x000ce56d	2	【미우라】\n그건 자백으로 받아들여도 되나?
0x000ce5c4	2	【코우지】\n……응.
0x000ce623	4	【미우라】\n……알겠다.\n요시모토 형사, 조서를 작성해\n주게.
0x000ce674	2	【요시모토】\n네.
0x000ce6a9	2	【코우지】\n…………
0x000ce6e2	4	【코우지】\n(이렇게 할 수밖에 없었다.\n내 힘으로는 이 사건을 풀 수\n없어.)
0x000ce751	6	【코우지】\n(이렇게 된 이상 죄를 인정하고\n후회와 반성의 뜻을 보여서\n조금이라도 형을 가볍게 해 달라고\n할\n수밖에 없어……)
0x000ce840	5	\n　\n　\n(그리고 3년 후,\n나는 징역 10년의 형을 받았다…)
0x000ce8fb	2	【미우라】\n그럼, 다음이다.
0x000ce975	2	【코우지】\n…………
0x000ce9d4	3	【미우라】\n묵비권인가……\n뭐, 그것도 좋겠지.
0x000cea8a	3	【미우라】\n 말했을 것이다. \n반론이라면 논리적인 것을, 라고.
0x000ceb00	2	【코우지】\n우……!
0x000ceb46	4	【미우라】\n그런 수첩은 통용하지 않는다. \n......더 생각하고 말하는 편이\n너의 몸을 위해서다.
0x000cebc1	2	【코우지】\n(심증을 참아버렸구나…
0x000ceca1	3	【미우라】\n우선은 확인이다.\n네가 죽인 건 누구냐?
0x000ced8d	3	【코우지】\n나는 아무도 죽이지 않았다.\n그러므로 묵비권을 행사하겠다.
0x000cee29	4	【미우라】\n훗……\n잡히지 않았나. \n라면, 다시 놓자.
0x000cef08	3	【미우라】\n어……\n네가 죽인 것을 인정하는 거냐?
0x000cef93	2	【코우지】\n뭐, 뭐야! ?
0x000cf00c	3	【미우라】\n나는 ‘네가 죽인 건 누구냐’고\n물었단 말이다?
0x000cf0a0	3	【코우지】\n키, 왔네-! \n그래, 개미!
0x000cf0f4	3	【코우지】\n뭐, 그럼, 다시 자란다!\n내가하지 않았다!
0x000cf183	3	【미우라】\n훈......\n음, 좋은.
0x000cf1ea	3	【미우라】\n하지만, 조서에는 한 번 강정했다고\n 써 두기 때문에.
0x000cf282	2	【코우지】\n큭……!?
0x000cf35f	4	【미우라】\n이번 사건에서 피해자가 된 것은\n누구지?
0x000cf457	3	【미우라】\n그대로다. \n사람의 이야기를 둔 것 같다.
0x000cf4e2	4	【코우지】\n당연하다. \n몸에 익숙하지 않은 사건으로\n조금 빠졌어.
0x000cf576	4	【미우라】\n훗… … 익숙하지 않은 사건? \n마지막까지 그 스탠스에서\n 있을 수 있을까?
0x000cf671	4	【미우라】\n너의 알리바이는 애매하다.\n살해 시각에, 너는 무엇을 하고\n있었지?
0x000cf7bb	4	【코우지】\n나는 뭉툭해서 기억나지 않지만,\n함께 있던 아사츠유씨가\n택시에 진해졌다고 말했다.
0x000cf83a	3	【코우지】\n아사츠유씨에게 두어 주면,\n증언해 줄 것이다.
0x000cf8d9	3	【미우라】\n그런 것은 경찰에서도\n이미 조사 참망이다.
0x000cf931	6	【미우라】\n이지만, 미즈타니 아사츠유는 너의\n신내도\n동연. \n이라면, 거짓말을 했을 가능성도\n비정할 수 없다.
0x000cf9eb	4	【코우지】\n 뭐야, 그것! \n아사츠유씨의 증언까지\n의심받는거야…
0x000cfa4e	3	【코우지】\n어떻게 알리바이를\n증명하라고 말하는 거야!
0x000cfada	3	【미우라】\n 맞지 말아라. \n인정하지 않는다고는 말하지 않았다.
0x000cfb30	4	【미우라】\n미즈타니 아사츠유의 증언은 일단\n담아\n넣자.
0x000cfc1a	4	【미우라】\n미즈타니 아사츠유의 증언에 의하면,\n너가 택시에 진한 것이\n0시 35분경.
0x000cfc8f	9	【미우라】\n하지만 경찰에 의한 조사의 결과,\n그\n시간에\n동상 철자에서 너의 와 있는\n아파트까지\n객을 진하게 알게 된 택시는\n존재하지\n않았다.
0x000cfd52	6	【미우라】\n따라서,\n미즈타니 아사츠유의 증언은 신용할\n수\n없다,\n라고 하는 것이다!
0x000cfde9	2	【코우지】\n......우우!
0x000cfe78	3	【코우지】\n살해 시각,\n나는 완전히 술에 취해 있었어.
0x000cfed8	2	【코우지】\n마스터도 증언해 줄 것이다.
0x000cff65	3	【미우라】\n……살해 시각에,\n너는 이미 가게를 나갔을 터다.
0x000d0002	2	【코우지】\n어라, 그래?
0x000d007d	4	【미우라】\n……건당하게 속이려고 하는 그\n대쟁,\n좋지 않아.
0x000d00de	4	【미우라】\n요시모토 형사,\n조서에는 그 취지를 확실히\n기재하도록.
0x000d0136	2	【요시모토】\n알았습니다.
0x000d01a1	5	【코우지】\n(겟……!?\n야, 위험...\n더 신중하게 가지 않으면\n......)
0x000d02a8	4	【미우라】\n너를 농차시켰다는\n택시는 존재하지 않는다! \n 이것을 어떻게 설명하겠습니다! ?
0x000d03fa	3	【코우지】\n그것은 내가 진한 택시가\n 우연히 하얀 탁이었기 때문이다!
0x000d048a	3	【미우라】\n흰색 탁, 그럼? \n그것은 진심으로 말하는가?
0x000d0517	3	【코우지】\n아, 진심도 진심. \n그렇게 생각하면, 츠지가 맞는다.
0x000d05b2	2	【미우라】\n…………
0x000d0611	6	【미우라】\n확실히 너가 말하는대로,\n흰색 탁에 농차했다고 생각하면,\n관계자, 무례자의 증언이 모두\n모순이\n없는 것이 된다.
0x000d06a0	3	【미우라】\n좋을 것이다. \n지금은 너의 수첩을 인정하자.
0x000d0758	2	【코우지】\n(좋아!)
0x000d07d0	3	【미우라】\n이지만, 흰색 탁이라는 존재 자체가\n아야후야인 것이다.
0x000d082d	5	【미우라】\n또 흰 택시를 탔다고 해도\n곧바로 내려 살해 현장으로\n달려갔다는\n해석도 가능하지.
0x000d0917	6	【미우라】\n그 택시에 진하게 집까지 갔다는\n증거가 없으면 너의 알리바이는\n증명되지\n않는다. \n… … 그것을 만지지 않는 것이다.
0x000d09ca	2	【코우지】\n…………
0x000d0a6c	6	【미우라】\n경기가 된 권총에는, 너의 지문이\n붙어\n있었다. \n이것은 네가 실행 남아 있다는\n무엇보다의 증거가 아닌가?
0x000d0bf4	4	【코우지】\n라이트 블루의 발잔 카메라에,\n나가 앉아 있던 카운터를\n발하고 있는 것이 있었다.
0x000d0c61	5	【코우지】\n거기에는 테이블에 쌓아 올리고 있는\n나에게\n가까워지는, 시원한 그림자가\n나왔다.
0x000d0d0d	4	【미우라】\n뭐야? \n 능숙한 그림자,\n그렇다면......?
0x000d0d83	4	【코우지】\n승기하면서,\n그냥 그림자가 되어 버려,\n그것이 누군가는 모른다.
0x000d0df4	6	【코우지】\n그렇지만 그 그림자가 나의 수중을\n향해\n어떻게 하는 재공을 하고 있는\n장면은\n분명히 발하고 있다.
0x000d0e94	3	【코우지】\n그 그림자가, 망하고 있던 권총에\n나의 지문을 붙였다!
0x000d0f20	3	【미우라】\n뭐라고… \n그런 발휘가 있다는 것인가…
0x000d0f97	5	【미우라】\n… … 나는 그 발휘를 보고 있지\n않다.\n\n황미 깊은 이야기다.
0x000d101d	4	【코우지】\n(보지 않는다……?\n발범 카메라의 발휘 따위,\n경찰이 먼저 확인할 것 같지만… )
0x000d10b0	4	【코우지】\n발휘는 나의 변호사가 망하고 있다.\n\n증거품으로 제출하겠지?
0x000d1157	4	【미우라】\n… … 과연. \n거기까지 말한다면\n아무래도 이야기는 할 것 같다.
0x000d1278	3	【미우라】\n이라면, 그 발휘가 존재한다고 하는\n전제로 이야기를 진행시킨다고 해서…
0x000d132f	4	【미우라】\n권총에 지문을 붙이고 있었던 것에\n조차 모르는 정도\n너는 둔감인가! ?
0x000d1498	3	【코우지】\n그래서 말할 것입니다!\n나는 굉장히 움켜 잡히고 있었다고.
0x000d152c	2	【미우라】\n… … 후우.
0x000d1572	3	【미우라】\n경찰은 너가 뭉클하고 있었다는 것을\n인정하고 있지 않다.
0x000d15ec	2	【미우라】\n그것은 너를 위해서도 있는데?
0x000d166f	2	【코우지】\n......뭐야?
0x000d16e7	3	【미우라】\n너가 거기까지 말한다면,\n수첩을 인정하자.
0x000d17fd	4	【미우라】\n하지만 이 결과는 너를 비추게\n된다. \n각오해 두어…
0x000d18c3	6	【미우라】\n네가 피해자와 말다툼하고 있었다는\n목격 증언이 있다.\n이것은 살해 동기로 이어질 수 있는\n이야기다.\n이걸 어떻게 설명할 거냐?
0x000d1ab2	4	【코우지】\n초래 경찰이 마음대로 말하고 있는\n것만으로\n실제로는 논쟁이 아니었어!
0x000d1b4e	2	【미우라】\n구론이 아니다, 라고?
0x000d1bb3	3	【코우지】\n 아, 그래. \n 원래 콘도의 증언이 잘못 됐어!
0x000d1c5e	3	【미우라】\n거기까지 말하기에는\n제대로 된 근거가 있겠지?
0x000d1ced	4	【코우지】\n 아, 물론. \n오마에의 상사, 콘도 형사는,\n대단히 증언을 하고 있을 뿐이다!
0x000d1d91	3	【미우라】\n… … 거기까지 말한다면\n놓아 달라고 하지 않을까.
0x000d1e09	3	【미우라】\n콘도 형사의 증언이 과장되었다고\n증명할 수 있을까!
0x000d1e8e	2	【코우지】\n(근거는……있다!)
0x000d1ed7	7	【코우지】\n(콘도는 나와 피해자의 트러블에\n대해\n구론과 붐비고 있었다.\n나를 범인에게 뚱뚱하게 올리려고\n하는\n것처럼)
0x000d1f57	4	【코우지】\n(그 콘도의 이야기로 신경이 쓰이는\n것이\n하나 있다!)
0x000d1fd2	5	【코우지】\n(나를 범인과 붐비려고 하고 있는\n콘도의\n신경이 쓰이는 행동.\n그것은......?)
0x000d20f8	2	【코우지】\n(아니야, 그게 아니야!)
0x000d2158	6	【코우지】\n(나와 콘도가 직접 말할 생각이\n있을\n때, \n나를 범인으로 결정하려 했을까?\n그건......)
0x000d21dc	5	【코우지】\n(그래…\n콘도는 분명히\n내가 범인이라고 결정하기 위해\n노력한다)
0x000d2237	4	【코우지】\n(어쨌든, 취조할 때는\n사법 삼키기 마모를 걸어 왔을\n정도다)
0x000d2295	4	【코우지】\n(콘도가 어떤 생각일까는 모르겠다.\n사건의 현장에 있었어,\n어쩌면 진범은 선도 있다…
0x000d230b	5	【코우지】\n(어느 쪽으로도 콘도는\n분명히 사건을 네트법하려고 하고\n있다.\n그것만은 확실히 말할 수 있다!)
0x000d245d	8	【코우지】\n나의 변호사가 종업원으로부터 얻어\n온\n증언에 의하면,\n저것은 움켜잡고 있던 내가\n『형태가 부딪쳤기 때문에\n사과해』라고\n말한 만큼의 이야기다!
0x000d250d	5	【코우지】\n피해자는 그런 나를 가볍게 하고,\n곧바로 나타난 것 같다. \n매우가 아니지만, 논쟁은 옳지\n않다.
0x000d25d0	3	【미우라】\n자네는 콘도 형사가\n과장해서 증언하고 있다고 말했지!
0x000d2630	4	【미우라】\n같은 말을 그 직원의 증언에도\n적용할 수 있다고는 생각하지\n않나!?
0x000d2695	3	【미우라】\n그 직원은 사실을 작게\n증언하고 있을 뿐일지도 모른다! ?
0x000d273e	4	【코우지】\n여러 직원의 증언이다. \n여러분이 혼란스럽지 않다고\n증언하고 있다!
0x000d27b1	4	【코우지】\n원래 콘도에는\n신용하기 힘든 시원한 행동이\n범에도 있다!
0x000d2819	3	【코우지】\n오마에도 보았을까?\n나에게 자백을 다쳤을 때의 모습을!
0x000d28b1	2	【미우라】\n음, 우…
0x000d2929	5	【코우지】\n아무래도 콘도는,\n이 사건에 관해서 나를 범인에게\n완고하게 하고 싶어하는 비틀이\n있다…
0x000d29b6	6	【코우지】\n그런 녀석이 『나와 피해자가\n논쟁하고\n있었다』라고 해도, \n그것이 신용할 수 있을까! ? \n안타는 어때!
0x000d2a6e	2	【미우라】\n…………
0x000d2ae6	2	【코우지】\n이상이야.
0x000d2be0	8	【코우지】\n나의 변호사가 종업원으로부터 얻어\n온\n증언에 의하면,\n저것은 움켜잡은 내가\n『형태가 부딪쳤으니까 사과해』라고\n말했을\n뿐이라고 이야기다!
0x000d2c90	3	【코우지】\n매우가 아니지만, 논쟁은 옳지\n않다.
0x000d2d4c	3	【미우라】\n자네는 콘도 형사가\n과장해서 증언하고 있다고 말했지!
0x000d2dac	4	【미우라】\n같은 말을 그 직원의 증언에도\n적용할 수 있다고는 생각하지\n않나!?
0x000d2e11	3	【미우라】\n그 직원은 사실을 작게\n증언하고 있을 지도 모르겠지! ?
0x000d2e91	4	【코우지】\n쿠… \n하지만 직원 중 일부가 \n 그렇게 말하고 있습니다! ?
0x000d2f12	4	【미우라】\n근거가 빈약하군.\n그런 건 몇 명이 모여 봤자,\n결국 받아들이는 쪽의 문제다.
0x000d2f94	6	【미우라】\n증언자가 100명이라면 신빙성도\n많이\n있다.\n하지만 몇 명밖에 없다면\n콘도 형사의 증언이 더 강하다.
0x000d3028	4	【미우라】\n현재, 너희들이 크게 작아져\n트러블을 붐비고 있던 사실이\n있으니까.
0x000d3095	2	【코우지】\n큭……!?
0x000d30d0	5	【코우지】\n(안돼…\n콘도의 신용이 생기지 않는 급료,\n이 심문을 쓰러뜨릴 것 같지 않다…\n)
0x000d31a1	4	【미우라】\n너는 VIP룸에 들어가 있지 않으면\n수첩하고 있지만,\n그 증거는 있는 것인가?
0x000d32f9	4	【코우지】\n확인하지만,\n경기가 된 권총에는 나의 지문이\n붙어 있었지?
0x000d33a9	2	【미우라】\n아아, 그 말이 맞다.
0x000d340c	8	【코우지】\n즉, 나는 장갑을 끼는 등\n지문 대책은 하지 않았다고 하는\n것이다.\n\n이라는 것은, 내가 사와한 것에는\n지문이\n붙을 것이다.
0x000d34e0	6	【미우라】\n그래서 VIP 룸 주위의 문에는\n지문을 흔들어 삼키는 호랑이가\n있었다. \n당신이 증거 각멸을 도모했기\n때문일까?
0x000d35c8	7	【코우지】\n그럼 반대로 놓게 하지만,\n어째서 지문을 흔들어 앉을 정도로\n신경을\n쓰는 녀석이,\n권총에 자신의 지문을 타고 있어!\n?
0x000d36b2	5	【미우라】\n고치는 견생이 될 것이다.\n그 이외의 대답이 있다고 말하는\n것인가!\n?
0x000d377d	3	【코우지】\n 아, 어라. \n더 깨끗이 해치는 대답이야!
0x000d3810	2	【미우라】\n뭐라고?
0x000d3886	2	【코우지】\n생각해봐.
0x000d38cd	5	【코우지】\n나는 그 날, 뭉개져 있었다. \n나의 손가락에 권총을 붙이는\n것만으로,\n권총에 재공하는 것이 가능하다.
0x000d395c	6	【코우지】\n하지만, 문에 나의 지문을 붙이려고\n하면\n취해진 나 자신을 기쁘게,\n문까지 창고, 지문을 붙일 수밖에\n없다!
0x000d39f7	4	【코우지】\n 그러나, 그것은 분명히 부진한\n행동이고,\n현실적이지 않다!
0x000d3a8a	5	【코우지】\n문에 나의 지문을 붙일 수 없기\n때문에,\n권총의 지문과 모순이 나오지 않게\n도어의 지문을 흔들어 버렸어!
0x000d3b39	5	【코우지】\n즉, 누군가가 나를 빠뜨리기 위해서\n행한\n공작일 가능성이 높다! \n 맞아! !
0x000d3c32	2	【미우라】\n…………
0x000d3c91	4	【미우라】\n훗……재미있다. \n 확실히 그 수첩은 근육이 다니고\n있다.
0x000d3d1b	5	【미우라】\n하지만, 그것은 어디까지나,\n권총에 대해 있던 지문이 타인에게\n붙여졌다고\n전제로의 이야기에 지나지 않는다!
0x000d3dc7	6	【코우지】\n(이것만으로는 적인가…\n권총의 지문이 누군가의 손에 의해\n붙어\n있다고\n증명할 수밖에 없다! )
0x000d3e8c	2	【미우라】\n쿠… !
0x000d3f06	2	【코우지】\n이상이야.
0x000d4012	6	【미우라】\n너는 굉장히 응하고 있었다. \n그래서 기억을 잃고,\n아무것도 기억하고 있지 않다고\n수첩하고\n있다.
0x000d408e	4	【미우라】\n하지만 그것은,\n경찰의 심문에서 벗어나기 위한\n말씀 밖에 둘 수 없다.
0x000d4103	3	【미우라】\n너가 몰랐다는\n객관적인 증거는 있는가?
0x000d424f	6	【코우지】\n카운터고에 대응한 마스터에 두어 봐\n주세요. \n아야가, 내가 보고 있었음을 증언해\n줄\n것이다.
0x000d4305	4	【미우라】\n너가 응한 척을 하고 있던 것을\n보실 수 없었다고 하는 것도\n생각할 수 있지만?
0x000d4393	4	【코우지】\n신용할 수 없다고 한다면,\n실험에서도 뭐든지 해 보면 좋을\n것이다.
0x000d43f8	6	【코우지】\n술에 취한 사람과 취하지 않은\n사람을\n100명 무작위로 섞어 놓고,\n정말 취한 사람만 가려낼 수 있는지\n말이야.
0x000d4491	4	【코우지】\n변호사를 통해 놓았어. \n그 실험을 갈 수 있어,\n마스터가 말하고 있다고.
0x000d451e	2	【미우라】\n…
0x000d457d	4	【미우라】\n결막,\n너는 뭉툭하고 있었다고 수첩하는\n것이다.
0x000d45e0	3	【미우라】\n거기까지 말하면 좋을 것이다. \n여기에도 생각이 있다.
0x000d463d	2	【미우라】\n그 수첩에 비추는 것이 좋다.
0x000d46b0	3	【코우지】\n(……훈.\n열심히 말한다.)
0x000d47d1	6	【코우지】\n아사츠유씨가 증언해 줄 것이다. \n나에게 던진 꽉의 양도, 그 때의\n나의\n민첩도. \n그것만으로도 충분한 증언이겠지?
0x000d488b	2	【미우라】\n그건 어떨까.
0x000d48d2	5	【미우라】\n미즈타니 아사츠유는 너의 신내\n동연의\n태장이다. \n즉 너를 덮을 가능성이 있다.
0x000d495c	3	【미우라】\n신내의 증언은 효력이 낫다. \n 알아요?
0x000d49ee	2	【코우지】\n큭……!
0x000d4a81	4	【코우지】\n발잔카메라의 발휘에,\n나가 뭉툭해지고 있는 새들이\n발하고 있는 하즈다! !
0x000d4b23	2	【미우라】\n그런 것은 증거가 되지 않아!
0x000d4b78	4	【미우라】\n술취한 척\n하고 있을 뿐이지!\n여러 번 말하지 마라!
0x000d4c13	3	【코우지】\n… \n 모르게 그만! !
0x000d4cc9	5	【미우라】\n너의 방에서 나온,\n피해자의 명함… … 이것은 분명히,\n너와 피해자가 과표를 만났다는 것을\n보여주고 있다.
0x000d4d6a	4	【미우라】\n너는 피해자와는 면식이 없다고\n말했지만,\n이것을 어떻게 설명할 생각이야?
0x000d4ec9	5	【코우지】\n내가 고교생일 때,\n오후쿠로가 리폼을 시라카와 그룹에\n부탁하고 있었던 것을\n무거운 내놓았다.
0x000d4f43	5	【코우지】\n그때, 아무래도 나는\n피해자와 만나 인사를 맡고 있었던\n것\n같다.
0x000d4fd3	5	【코우지】\n가장, 지금부터 9년전의\n이야기이고,\n 만났다고 해도 몇 분 정도다. \n 만져도 이상하지 않겠지?
0x000d5086	5	【미우라】\n너가 말하고 있는 것이\n맞다고......\n만난 것이 9년 전이라는 사실을\n객관적으로 증명할 수 있을까?
0x000d5137	3	【코우지】\n오, 할 수 있어요.\n나의 방에서 나왔다고 명함…
0x000d519e	7	【코우지】\n그것은 9년전까지 고용되고 있었던\n것으로,\n그 이후는 리뉴얼한 것을\n고용하고 있다고 이야기를\n변호사로부터\n뒀다.
0x000d521f	5	【코우지】\n게다가, 9년 전,\n나의 집을 리폼했다는 기록이\n시라카와 하우징을 타고 있는 것\n같다.
0x000d52ca	4	【미우라】\n과연……\n아무래도, 이 건은\n너의 수첩이 험한 것 같다.
0x000d5428	4	【미우라】\nVIP 룸에 너 정도의 젊은 남자가\n 들어간 것을 일반 손님이 목격하고\n있다.
0x000d54a6	3	【미우라】\n이 젊은 남자라고 하는 것은,\n너 자신이 아닌 것인가?
0x000d55f9	4	【코우지】\n그건 내가 아니야! \n미나즈키 코우지라는 사람이다! \n시라카와 설계의 전 사원이다!
0x000d569a	5	【미우라】\n무엇……시라카와 설계의 전 사원,\n이라고? \n그런 사람이 왜 피해자와\n만나고 있었어?
0x000d574a	3	【코우지】\n시라카와 설계에 복직하는 건으로\n피해자를 만난 것 같다.
0x000d57e6	2	【미우라】\n복직?
0x000d5843	4	【코우지】\n과표, 미나즈키 코우지는 피해자와\n트러블을 접어들고\n시라카와 설계를 가르고 있었다.
0x000d58be	3	【코우지】\n사건 당일 생각하고 있던 건\n그런 문제를 청산하는 일이었겠지.
0x000d596a	6	【미우라】\n건강한 말을 하지마! \n문제를 초래한 인간이\n또 과표의 직장으로 돌아간다고\n생각할까!\n?
0x000d5a26	2	【코우지】\n그러니까 바로 청산이었던 거야!
0x000d5a75	6	【코우지】\n아야는 팔뚝의 설계사다! \n비즈니스 유저의 피해자라면\n되돌리려고\n생각했다고\n재미있지 않아!
0x000d5b3e	2	【미우라】\n…………
0x000d5bb6	8	【코우지】\n무엇이라면, 미나즈키 코우지의\n연락처를\n가르쳐 줄게. \n우치의 탐정 사무소에 자주 놀고\n오는\n고등학생의\n애니키인 것 같아.
0x000d5c7b	3	【미우라】\n그 필요는 없다. \n요시모토 강.
0x000d5cc0	3	【요시모토】\n네. \n확인해 봅시다.
0x000d5d10	3	【미우라】\n잘 부탁한다. \n 이대로 조금 기다려라.
0x000d5d91	2	【코우지】\n…………
0x000d5e51	5	【요시모토】\n확인, 삼켰습니다. \n확실히 미나즈키 코우지는 당일,\n피해자와 VIP룸에서 만났던 것\n같습니다.
0x000d5ef2	2	【코우지】\n그런 뜻이야.
0x000d5f6b	3	【미우라】\n......좋을 것이다. \n이 건은 너의 수첩을 인정한다.
0x000d605d	4	【미우라】\n너의 아버지 수기에 적혀 있던,\n시라카와 이치로의 손에 의해\n살해당했다는 내용.
0x000d60d1	4	【미우라】\n이건 충분히 이번 사건의 동기로\n이어진다.\n이 사실을 어떻게 해명할 셈이지?
0x000d617e	3	【코우지】\n나는 수첩의 존재는 알고 있어도,\n내용을 보는 것은 처음이었다.
0x000d620e	4	【코우지】\n 그래서, 수첩의 내용은 동기에\n연결되지\n않는다!
0x000d629a	3	【미우라】\n쪽……\n지금까지 몰랐던,?
0x000d6308	3	【미우라】\n훔......좋을 것이다. \n그 수첩은 인정하자.
0x000d638e	3	【미우라】\n다만, 너가 지금까지 이 내용을\n몰랐다는 증거가 존재하면!
0x000d64f8	4	【코우지】\n나의 집을 시라카와 그룹이\n리폼하고 있었던 것이,\n무엇보다의 증거다!
0x000d6569	5	【코우지】\n만약 내가 아버지를 죽인 범인이\n시라카와 이치로라는 걸 알고\n있었다면,\n리폼을 부탁할 리가 없어!
0x000d6617	5	【미우라】\n리폼을 마친 후,\n이 내용을 알았다고 하는 것도\n생각할 수\n있다.
0x000d66b0	2	【코우지】\n…
0x000d66f6	4	【코우지】\n…… 이 수첩은 계속,\n푹신 푹신한 것이야.\n그래서 내가 본 적이 없었다!
0x000d67a1	4	【미우라】\n에서는 다시 들으자. \n이 수첩을 너의 어머니가\n관리하고 있었다는 증거는 있는가?
0x000d684d	2	【코우지】\n그건……
0x000d68aa	2	【코우지】\n(……기다려?)
0x000d6902	5	【코우지】\n(적어도 나는 푹신푹신이 죽은\n이래,\n정물에 손을 대지 않았다.\n 그것을 증명할 수 있으면…
0x000d6a97	4	【코우지】\n이 수첩이 발견된 것은\n밀어넣기의 안쪽에 있던\n골판지 안이었지?
0x000d6b3d	2	【미우라】\n아아, 그 말이 맞다.
0x000d6bb9	5	【코우지】\n그 골판지에는,\n오후쿠로가 죽었을 때에\n오후쿠로의 유품을 모두 쓰고 자고\n있었다.
0x000d6c35	4	【코우지】\n그리고 5년전에 껌 테이프로 걸고\n이승,\n골판지를 붙인 적이 없다.
0x000d6cca	3	【코우지】\n그것이 무엇보다의 증거가 될\n것이다!
0x000d6d55	4	【미우라】\n확실히 그 골판지에는\n껌 테이프로 고정한 뒤에\n제물된 경적은 없었다.
0x000d6dca	3	【미우라】\n하지만, 껌 테이프가 5년전에\n 걸렸다는 증거는 없을까?
0x000d6e6a	3	【코우지】\n쿠… \n그런 곳까지 증거가 있는 거야!
0x000d6efd	6	【미우라】\n당연하다. \n검 테이프를 걸는 등 곧 할 수\n있다. \n5년 전이 아니더라도, 잔행의\n전날이라도.
0x000d6fa8	2	【코우지】\n…………!
0x000d6ff0	3	【코우지】\n…………그렇다. \n지문이다! !
0x000d704b	4	【코우지】\n그 껌 테이프에,\n나 이외의 지문이 붙어 있지\n않았나?
0x000d70e4	3	【미우라】\n지문……?\n아니, 거기까지는 확인하지 않았다.
0x000d717a	6	【코우지】\n따뜻하게 했을 때에,\n따기실의 아르바이트가\n골판지의 바닥이 찢어지지 않도록\n보강을\n하고 있었다…
0x000d721e	3	【코우지】\n그 아르바이트의 지문… …\n그것이 증거가 될 것이다!
0x000d72bc	2	【미우라】\n…………
0x000d731b	3	【코우지】\n알아보자!\n나는 몇 시간이라도 기다린다!
0x000d73a8	2	【미우라】\n……좋다.
0x000d73f1	4	【미우라】\n너가 거기까지 말한다면,\n나중에 확인한다고\n이 장소는 너의 이야기를 신용하자.
0x000d74fa	2	【미우라】\n하지만, 그래도 문제가 있다.
0x000d7549	4	【미우라】\n너가 끌고 온 것은 5년전. \n그리고 리폼한 것은 9년전. \n여기에 4년간의 공백이 있다.
0x000d75f7	4	【미우라】\n이 4년의 블랭크의 사이에\n너가 어머니의 소유물이었던 수첩을\n본 가능성은 비장할 수 없다!
0x000d76a5	4	【코우지】\n보지 않는다! \n오후쿠로가 관리하고 있던 것을 \n 엿볼 리가 없을 것이다!
0x000d773d	3	【미우라】\n그것을 객관적으로 증명하는\n증거는 있는가?
0x000d77df	4	【코우지】\n그럼, 반대로 질문하겠다!\n동생에게 그 수첩을 보였다고 해서,\n왜 지금 피해자를 죽인 거냐!?
0x000d7866	4	【코우지】\n최소 5년 이상의 공백이 있었을\n것이다!\n어째서 지금 와서 죽이는 거야!?
0x000d7908	2	【미우라】\n화장실에서 피해자를 만났을까?
0x000d7999	2	【코우지】\n(아니야, 이게 아니야!)
0x000d79e0	4	【코우지】\n(오후쿠로가 죽은 5년전에\n 푹 빠진 출배사가 있었을 것이다!\n그것은......?)
0x000d7ac2	3	【미우라】\n훈……\n반론할 수 없어.
0x000d7b43	2	【코우지】\n…
0x000d7bdb	5	【미우라】\n화장실에서 피해자와 우연히 만나,\n아버지를 죽인 원한을 떠올리고,\n충동적으로 범행에\n이르렀다…… 다른가?
0x000d7cc8	3	【코우지】\n적발적이라고? \n그것은 있을 수 없다!
0x000d7d29	4	【코우지】\n적어도 이마바야시의 사건이\n계획적인 살인인 것은 분명하다!\n왜냐하면……!
0x000d7e5e	2	【코우지】\n경기는 권총이다!
0x000d7ed0	5	【코우지】\n나가 시라카와를 만나는 날을 구경해\n언제나 권총을 망쳐 풀고 있었다고\n해도\n수첩할 생각인가?
0x000d7f7f	2	【미우라】\n… … 무우!
0x000d7fdf	4	【미우라】\n......좋을 것이다. \n이건에 관해서는\n너의 의견을 인정해 준다…
0x000d8142	3	【미우라】\n이번에 사건이 발생했을 때\n현장에 있던 관계자가 몇 명 있다.
0x000d81ac	4	【미우라】\n하지만 너 이외의 관계자는,\n총성이 교내에 울렸을 때,\n홀에 있었다.
0x000d8226	4	【미우라】\n이로써 각자가 알리바이의 증인이 되어,\n서로의 알리바이를 성립시키고 있다.
0x000d829b	4	【미우라】\n하지만, 너의 알리바이만은\n꽉에 의해 흰 탁에 진해졌다고 하는\n매우 멍청한 것이다.
0x000d830e	5	【미우라】\n결막, 관계자중에서\n너의 알리바이만이 확정되어 있지\n않다. \n 이것을 어떻게 설명하겠습니다!
0x000d8469	3	【코우지】\n확실히, 총성이 느껴졌을 때,\n알리바이가 없었던 것은 나뿐이다.
0x000d84fb	4	【코우지】\n하지만……실제의 잔행 시간이\n총성이 느끼는 시간보다 전이었다고\n하면?
0x000d85a3	3	【미우라】\n뭐야? \n......무슨 일이야?
0x000d8625	4	【코우지】\n저것은 알리바이 공작이었어! \n총성은 VIP 룸내에 있는\n스피커로부터 보낼 수 있는 것이다!
0x000d86bd	6	【코우지】\n그 스피커를 제어하고 있는 것이\n사무소에 있는 플레이어. \n 그 플레이어에게 외부 음원이\n연결된\n경적이 있다.
0x000d8777	4	【코우지】\n그 외부 음원에 총성이 녹음되고\n있어,\n재생되었어!
0x000d8816	4	【미우라】\n라고 하면,\n지금까지의 알리바이 조사의 결과가\n 뒤집히게 된다…
0x000d8883	2	【미우라】\n증거는 있는 것인가, 사이토!
0x000d890b	3	【코우지】\n 뽕나는 나의 변호사로부터 놓아\n줘.
0x000d8971	5	【코우지】\n플레이어가 탑재된 경적의 사진이나,\n종업원의 증언이라고 하는 증거도\n충분히\n갖추어져 있다.
0x000d8a30	2	【미우라】\n……무우…
0x000d8aa3	3	【미우라】\n기다려! \n 당신이 말하는 것은 모순입니다!
0x000d8b37	2	【코우지】\n뭐야! ?
0x000d8bae	4	【미우라】\n가령 네 말대로,\n플레이어에 외부 음원이\n설치되어 있었다고 치자.
0x000d8c1e	6	【미우라】\n 그러나, 우리의 조사에서는,\n당일의\nVIP룸내에는\n피해자의 리퀘스트로 클래식이\n보낼 수 있었던 것을 알고 있다.
0x000d8cae	4	【미우라】\n직원은 플레이어를 세트하고,\n사무소의 열쇠를 격려하고, 열쇠를\n마스터에게 받았다.
0x000d8d29	7	【미우라】\n그 이후 총성이 가게 안에 울려 퍼질\n때까지\n열쇠는 마스터의 관리 아래 카운터에\n놓인 채,\n한 번도 손대지 않았다고 들었다.
0x000d8dcc	4	【미우라】\n당일의 VIP룸에는 클래식……\n즉, CD음원으로부터의 BGM이\n보냈다.
0x000d8e5c	5	【미우라】\n사무소의 열쇠가 격려하고 있던\n이상,\n외부 음원으로 절화할 수 없다! \n 이것을 어떻게 설명하겠습니다!
0x000d8f15	2	【코우지】\n으……
0x000d8f76	4	【코우지】\n(쿠, 쿠쏘!\n여기까지 붐비고 뒤집혀서\n쌓이는가……!)
0x000d8fcf	2	【코우지】\n(생존해 생각해…
0x000d9013	4	【코우지】\n(외부 음원이 접제되어,\n총성이 재생되었다고 하는 생각은\n잘못되어 있지 않을 것이다)
0x000d908d	4	【코우지】\n(문제는 사무소에 들어가지 않고\n플레이어를 잘라야만\n 된다는 것……)
0x000d90f4	2	【코우지】\n(…………!?)
0x000d9135	6	【코우지】\n(그, 그래!\n사무소에 들어가지 않고,\n플레이어를 원격 조작하는 방법이\n있는 게\n아닌가!)
0x000d91d8	4	【코우지】\n(이 두 승무원을 권리하면\n플레이어의 입력을 잘라낼 수 있다!\n그것은……!)
0x000d92f9	3	【코우지】\n(하나는 원격 조작을 위한,\n그거다)
0x000d934d	4	【코우지】\n(그리고 또 하나 중양인 것이,\n콘크리트의 완벽을 분리해까지는\n조작할 수 없는 것이다)
0x000d93b6	6	【코우지】\n(그래… … 저를 고용하는 함교가\n필요해.\n그것에 대한 정보가 있었을\n것입니다!\n그것은 ......! )
0x000d94ab	6	【코우지】\n사무소의 열쇠가 격려하고 있어도,\n리모콘이 있으면 사무소 밖에서\n플레이어의\n입력을\n변경할 수 있다!
0x000d9561	2	【미우라】\n리모콘, 그럼?
0x000d95db	6	【코우지】\n 아, 그래. \n 확실히 사무실 문의 일부는\n유리창으로,\n\n안이 붙게 되어 있었다.
0x000d9679	4	【코우지】\n즉, 리모컨을 망설이고 있으면,\n도어 밖에서 플레이어의 입력을\n절화할 수 있다!
0x000d9721	2	【미우라】\n…………
0x000d9799	7	【코우지】\n이렇게 리모컨을 고용해\n총성이 녹음되고 있던 외부 음원으로\n잘라,\n0시 44분에 총성이 떠오르도록\n짊어지고\n있었어.
0x000d9859	3	【코우지】\n이것으로 모든 관계자의 알리바이가\n쓰러진다!
0x000d98e8	6	【미우라】\n쿠… \n그래, 분명히 사건 당일,\n리모콘이 분실하고 있었다고 하는\n정보가\n있었다.
0x000d998a	7	【미우라】\n하지만, 하지만! \n 비록 당신이 말하는 것이\n사실이라도,\n그것은 당신의 알리바이를 증명한\n것이\n아니다!
0x000d9a38	6	【코우지】\n확실히 그렇지만, 나 이외의\n관계자의\n알리바이도\n이것으로 멍하니 되었다. \n수사는 물러나서 돌아왔다는 것일까?
0x000d9aeb	3	【코우지】\n적어도 알리바이를 이경에게\n나만 범인처럼 하는 것은 실수다!
0x000d9b99	3	【미우라】\n쿵… … 하지만, 권총에는 너의\n지문이…
0x000d9c45	6	【코우지】\n그것은 관시 카메라에 나왔다\n아늑한 사람 그림자가 붙은 것이다!\n\n증거도 제출해, 갈아입고가 있을\n거야!
0x000d9cf5	2	【미우라】\n누우우…
0x000d9d7a	5	【코우지】\n이어서 말해두면,\n나가 피해자와 말다툼을 하고 있다고\n이야기도\n이미 갈등이 붙어 있다.
0x000d9df2	6	【코우지】\n즉, 나를 체포하는 계기가 된\n증언이나 증거는, 모두 범행과\n관계없는\n것이\n증명되었다는 것이다.
0x000d9ea2	5	【코우지】\n자아! \n더 이상 나를 떠나면,\n나중에 방향을 보는 것은 경찰이다!\n!
0x000d9f41	2	【미우라】\n…………
0x000d9fc5	5	【미우라】\n… … 석방하는 것은 아마 \n하지만, 그것은 어디까지나,\n내 모든 심문에 대해 근육이 다니는\n반론을 했을 때다.
0x000da056	3	【미우라】\n내가 납득하지 않는 급기는\n너를 석방할 수는 없다.
0x000da0f1	2	【코우지】\n뭐……?
0x000da1e5	5	【미우라】\n......하지만, 아직 동기의\n건에\n관해서는\n납득이 가는 반론을 두지 않았다.
0x000da250	3	【미우라】\n너는 피해자와 논쟁하고 있던 곳을\n목격되고 있다.
0x000da2e8	7	【미우라】\n이것에 대해 납득해 가는 반론을 둘\n수\n없는 급함,\n범인의 알리바이가 아야후야가 된\n곳에서\n너를 석방할 수는 없다.
0x000da3a8	2	【코우지】\n쿠… ?
0x000da427	2	【미우라】\n…………
0x000da4ab	4	【미우라】\n확실히 너의 말대로. \n아리바이만으로 너를 범인과\n만질 수는 없다.
0x000da51c	4	【미우라】\n하지만 착각하지 마라. \n너는 자신의 알리바이를\n증명한 건 아니야.
0x000da5bc	5	【미우라】\n결막, 권총에 너의 지문이 타고\n있는\n이상,\n너는 피의자야!
0x000da671	3	【코우지】\n굉......\n확실히......!
0x000da6f3	4	【미우라】\n훗…… 음색에 진하는 것은,\n자신의 알리바이를 증명한 후\n하는구나.
0x000da779	2	【코우지】\n……젠장!
0x000da81c	2	【코우지】\n…………
0x000da862	2	【코우지】\n반론, 할 수 없다…
0x000da8e0	4	【미우라】\n논파해 주는 것을 초대하고\n있었지만,\n아래인가?
0x000da95d	2	【코우지】\n쿠…
0x000da9f3	4	【미우라】\n너는 뚫고 있었다고 수첩했다.\n하지만 결과적으로 너는 자신을\n쫓아버렸다.
0x000daa73	5	【미우라】\n술에 취해 있었다면,\n살인을 저지른 행위 자체를 건드리고\n있는 셈이다.\n그렇게 생각할 수 없나?
0x000dab35	2	【코우지】\n…………! ?
0x000dab98	5	【미우라】\n술에 취해 기억을 잃고 있는데\n살인을 저지르지 않았다고\n주장한다면,\n그 근거를 보여 봐!
0x000dacb2	3	【코우지】\n이봐, 잠깐만요! \n그런데, “악마의 증명”이 아닌가!
0x000dad1d	4	【코우지】\n살인을 했다는 증명은,\n증거가 하나라도 있으면 성립한다!\n지금 경찰이 하는 일이야!
0x000dad9a	5	【코우지】\n하지만 “하지 않았다”는 걸\n증명하려면\n“했다”는 모든 가능성을\n부정하는 수밖에 없어!
0x000dae1b	3	【코우지】\n그런 것,\n불가능에 가까운…
0x000daea3	5	【미우라】\n그 말이 맞다.\n그러니 충고했잖아?\n술에 취해 기억이 없다는 네 주장이\n널 괴롭힌다고.
0x000daf4a	5	【미우라】\n하지만 이것은 "악마의 증명"등이\n아니다.\n왜냐하면 너는 사건 당시의 기억을\n생각나면 되는 것만.
0x000dafed	4	【미우라】\n너의 기억이 돌아가 실무,\n여기서 용부 수사를 행한다. \n자, 기억할 수 있다면 기억해!
0x000db0a7	2	【코우지】\n큭……!?
0x000db1c7	2	【미우라】\n………
0x000db278	4	【미우라】\n……오늘의 심문은\n이것으로 끝나지만,\n내일은 엄격히 갈거야.
0x000db320	3	【미우라】\n......오늘의 심문은\n이것으로 끝이다.
0x000db37e	3	【미우라】\n사건에 대해서,\n 차분히 무거운 내구나.
0x000db40e	3	【미우라】\n……오늘 심문은 이걸로\n끝이다.
0x000db46c	4	【코우지】\n이미 끝이야? \n나는 이대로 제외해 주어도\n막지 않지만.
0x000db4ec	2	【미우라】\n…………
0x000db54b	2	【미우라】\n내일이야말로 각오해 두어.
0x000dbc02	3	【미우라】\n앞으로 8일이면 구류 기간이\n끝난다.
0x000dbc77	3	【미우라】\n앞으로 7일이면 구류 기간이\n끝난다.
0x000dbcec	3	【미우라】\n앞으로 6일이면 구류 기간이\n끝난다.
0x000dbd61	3	【미우라】\n앞으로 5일이면 구류 기간이\n끝난다.
0x000dbdd6	3	【미우라】\n앞으로 4일이면 구류 기간이\n끝난다.
0x000dbe4b	3	【미우라】\n앞으로 3일이면 구류 기간이\n끝난다.
0x000dbec0	3	【미우라】\n앞으로 2일이면 구류 기간이\n끝난다.
0x000dbf35	3	【미우라】\n앞으로 1일이면 구류 기간이\n끝난다.
0x000dbfa3	3	【미우라】\n앞으로 9일이면 구류 기간이\n끝난다.
0x000dc002	3	【미우라】\n앞으로 10일이면 구류 기간이\n끝난다.
0x000dc074	2	【미우라】\n타고 있는 심문은 하나다!
0x000dc0e0	2	【미우라】\n타고 있는 심문은 2개다!
0x000dc14c	2	【미우라】\n타고 있는 심문은 3개다!
0x000dc1b8	2	【미우라】\n타고 있는 심문은 4개다!
0x000dc224	2	【미우라】\n타고 있는 심문은 5개다!
0x000dc290	2	【미우라】\n타고 있는 심문은 6개다!
0x000dc2fc	2	【미우라】\n타고 있는 심문은 7개다!
0x000dc368	2	【미우라】\n타고 있는 심문은 8개다!
0x000dc3d4	2	【미우라】\n타고 있는 심문은 9개다!
0x000dc440	2	【미우라】\n타고 있는 심문은 10치이다!
0x000dc4af	2	【미우라】\n타고 있는 심문은 11치이다!
0x000dc51e	2	【미우라】\n타고 있는 심문은 12치이다!
0x000dc58d	2	【미우라】\n타고 있는 심문은 13치이다!
0x000dc5fc	2	【미우라】\n타고 있는 심문은 14치이다!
0x000dc66b	2	【미우라】\n타고 있는 심문은 15치이다!
0x000dc6c9	3	【미우라】\n모두에 대답할 수 없는 급료는,\n너를 소소하게 된다.
0x000dc72a	2	【미우라】\n각오하는구나!
0x000dc8cc	4	【코우지】\n(결막… … 마지막 심문을 논파하는\n것이\n할 수 없었다… )
0x000dc956	2	【미우라】\n…………
0x000dc98f	3	【코우지】\n… … 나의 실물이다. \n소유해도 뭐든지 하는 것이 좋다!
0x000dca06	4	【미우라】\n에서는 긴자다. \n내 심문에 대답할 수 없었다고,\n검사에게 전해 둔다.
0x000dca78	3	【미우라】\n다음은 검사가 판검하는 것이다. \n내일, 그 결과를 들으면 좋다.
0x000dcad2	2	【코우지】\n…………
0x000dcb31	2	【미우라】\n…………
0x000dcb6a	3	【코우지】\n뭐야…\n그렇게 내가 부자마인가?
0x000dcbd9	3	【미우라】\n그렇지 않다. \n그냥......
0x000dcc19	2	【코우지】\n단지…
0x000dcc5f	2	【미우라】\n…………
0x000dccf9	5	【미우라】\n기분이 바뀌었다.\n이제 구류를 10일 연장받을 수\n있도록,\n검사에게는 전해 두자.
0x000dcd72	2	【코우지】\n에…
0x000dcdd0	6	【미우라】\n이 사건에는 아직 수수께끼가 타고\n있다.\n\n 이대로 끝나게 하려면 \n 가지 않는다.
0x000dce53	2	【요시모토】\n미, 미우라 선배!
0x000dceb7	3	【미우라】\n요시모토강. \n 이것은 내 독검입니다.
0x000dcf24	3	【요시모토】\n으로, 입니다만, \n그런 일을 하면, 선배의 타이바가…
0x000dcf9d	3	【미우라】\n… … 그래서, 이것은 나의\n독검이다.
0x000dcff1	4	【미우라】\n너에게 폐를 끼칠 생각은 없다. \n모두 내 주석이야. \n너는 대필해 주는 것만으로 좋다.
0x000dd084	4	【요시모토】\n…………\n알았습니다. \n그럼 바로 조서를 씁니다.
0x000dd12d	4	【코우지】\n(한순간, 요시모토 형사에게\n휘둘렸던……\n대단한 사람이네, 그 사람……)
0x000dd1b4	2	【미우라】\n…………
0x000dd1ed	2	【코우지】\n 도대체, 무엇을 생각하고 있는?
0x000dd254	6	【미우라】\n… … 나는 진실이 알고 싶을\n뿐이다. \n이런 막아당김으로 납득할 수 있을\n만큼,\n생각하지는 않았다.
0x000dd2ca	4	【미우라】\n 말해 두지만,\n너를 도울 생각은 전혀 없다. \n 그것에 판검하는 것은 검사다.
0x000dd32c	3	【코우지】\n 아, 알고 있다. \n 하지만 예는 말해 둡시다.
0x000dd39e	2	【미우라】\n흥……
0x000dd458	3	【미우라】\n승기였다. \n여기서 시간이 끊겼다.
0x000dd4c7	2	【코우지】\n큭……!
0x000dd525	4	【미우라】\n원래라면 앞으로 10일간\n구류를 연장받을 수도 있지만,\n그럴 필요도 없다.
0x000dd5ab	3	【미우라】\n곧바로 친소수 제외에 들어가도록,\n검사에는 전해 두자.
0x000dd636	5	【코우지】\n이봐, 잠깐만요! ! \n관계자의 알리바이가 쓰러졌다! ! \n다시 끝에서 다시 조사해야 한다!\n!
0x000dd6c1	2	【미우라】\n 필요 없다.
0x000dd720	5	【미우라】\n단단히 말했겠지? \n모든 심문에 대답 나를 납득시킬\n뿐의\n리경이 없으면, 너를 소홀히 하면.
0x000dd7be	5	【미우라】\n너는 모든 심문에 대답할 수\n없었다. \n 그리고 나를 설득할 수 없었다. \n 그러니까 소홀하다.
0x000dd83c	2	【미우라】\n그것 뿐이다.
0x000dd89a	2	【코우지】\n…………
0x000dd8e0	2	【미우라】\n취조는 끝이다!
0x000dd995	6	\n　\n　\n(미우라의 말대로\n즉시 기소 절차가 진행되어\n나는 재판을 받게 되었다.)
0x000dd9fe	4	\n　\n　\n (그리고…)
0x000dda4f	5	\n\n\n(나에게는 살인죄로 무기징역의\n형이 내려졌다……)
0x000de988	1	살해 시각에 코우지는 라이트 블루에서\n술에 취해 있었던 것일까?\n우선 그 알리바이 조사를 시작해 보자.
0x000de9e0	4	경찰은 범행 시각으로 여겨지는 0시 44분 전에\n코우지가 퇴장했다는 정보를 파악하고 있으므로,\n이 진술은 범행 시각의 행동과\n일치하지 않는다.
0x000dea7b	3	하얀 탁의 이야기를 탕으로 경찰에 쌓아도,\n이해할 수 없을 것이다.\n우선은 아사츠유에서 둔 정보를 쌓아 보자.
0x000deb0a	1	말다툼하고 있었던 것은 범행 시각으로 여겨지는\n0시 44분보다 훨씬 전이다.\n그러므로 이 경우에는 알리바이를\n증명한 것이 되지 않는다.
0x000deb90	2	이 건에 관해서는, \n콘도 형사는 사실을 나사 구부리지 않았다.
0x000debee	3	「꽉에 응하고 있었기 때문에 권총에 지문이 붙어 있다」\n에서는 의미가 통하지 않을 것이다. \n여기는 확실한 물적 증거를 쌓아라!
0x000dec76	4	이 문제에 관해서는\n콘도 형사는 사실을 나사 구부리지 않았다.\n분명한 물적 증거가 존재하기 때문에,\n그것을 쌓아라!
0x000ded00	5	발총은 나쁘지 않지만,\n여기서 제시해야 할 것은\n권총에 지문이 달린 밝은 이유다.\n분명한 물적 증거가 존재하기 때문에,\n그것을 쌓아라!
0x000ded94	1	「술에 취해 있었기 때문에 말다툼하고 있었다」\n「술에 취해 기억하지 못한다」\n라면, 경찰이 주장하는 「말다툼이 살해 동기가 되었다」\n는 가능성을 부정할 수 없다.\n여기는 말다툼을 하지 않았다고 부인하고 싶은 부분이지만…
0x000dee6c	5	말다툼이 있었다고 가정하는 것만으로는 의미가 없다.\n정말 말다툼이 있었는지,\n얼마나 격렬한 말다툼이었는지를\n조사하면\n자연히 수수께끼가 풀릴 것이다.
0x000def27	5	말다툼이 있었다고 가정하는 것만으로는 의미가 없다.\n정말 말다툼이 있었는지,\n얼마나 격렬한 말다툼이었는지를\n조사하면\n자연히 수수께끼가 풀릴 것이다.
0x000defcc	5	확실히 코우지는 술취했지만 \n 한 번도 위를 떠나지 않았던 것일까? \n화장실에 가기 위해 위를 벗고 있다면,\n경찰은 그 때 VIP방에 들어갔다고\n 생각할 것이다.
0x000df050	4	술취한 코우지. \n계속 카운터에서 자고 있는 것처럼 보이지만,\n몇 번이나 화장실에 가기 위해 위를 벗고 있다. \n그때 VIP 룸에 들어갔다고 경찰은 보고 있다.
0x000df0fb	5	아사츠유의 증언을 믿는다면\n코우지는 택시를 타고 있었을 것이다.\n하지만 집으로 돌아갔다는 기록이 없으므로\n택시에서 곧바로 내려 현장으로 돌아갔을\n가능성도 부정할 수 없다.
0x000df1a1	5	확실히 비디오에는 술취한 코우지가 나왔다. \n그러나 경찰은 어디까지나 코우지는 취한 척을\n하고 있다고 생각하고 있는 것 같다. \n이 심문을 논파하기 위해서는\n객관적인 증언이 유효하다.
0x000df261	4	“권총에 지문이 붙어 있는데 문에는 없었다.\n이 모순된 행동은 술취했기 때문이다.”\n그렇겠지?\n이것으로는 자신이 실행범이라는 전제가 되어 버린다.
0x000df2ff	1	신내의 증언은 객관적인 증거로서 시용되기 어렵다.
0x000df35d	5	“권총에 지문이 붙어 있는데 문에는 없었다.\n이 모순된 행동은 술취했기 때문이다.”\n그렇겠지?\n하지만 이것으로\n자신이 실행범이라는 전제가 되어 버린다.
0x000df3fa	2	정체가 밝혀지지 않은 사람의 승무원에서는, \n경찰은 납득해 주지 않을 것이다.
0x000df45e	1	지금은 코우지의 소유물이며,\n언제든 수첩 안을 읽을 수 있으므로,\n이 반론에서는 적절하지 않다.\n여기서는 코우지가 아버지를 죽인 사건의 진상을\n알고 있었을 경우의 행동 모순을 들이대는 편이\n좋을 것 같다.
0x000df519	5	코우지는 맡겨 코스에서 끌고 업자에게 \n 의뢰하고 있었지만, 어머니의 정물만은\n스스로 정리해 창창했을 가능성도 비정할 수 없다. \n그 때문에 이 승무원에서는 시로의 수첩을\n보고 있지 않다는 이유는 되지 않을 것이다.
0x000df5ae	1	여기서는 코우지가 아버지를 죽인 사건의 진상을\n알고 있었을 경우의 행동 모순을 들이대는 편이\n좋을 것 같다.
0x000df62d	3	지문을 집을 짓는 것은 참으로 할 수 있는 것. \n적발적으로 잔행을 무겁게 붙였을 때에도\n아무런 문제 없이 지문을 집에 둘 수 있을 것이다.
0x000df6b4	1	발각될 수밖에 없는 VIP룸에서\n권총을 발사해 살해한 범행은\n겉보기에는 계획적으로 보이지만,\n총성은 밖으로 새어 나가 버렸다.\n계획적인 범행이라고 보기에는\n조금 엉성한 점이 눈에 띈다.
0x000df76d	1	확실히 알리바이 공작을 한 것은\n계획적이라고 말할 수 있을 것이다.\n그러나 이 알리바이 공작은 이 시점에서\n통상의 공론에 지나지 않고,\n계획적인 살인을 뒷받침하는 증거로서는 약하다.\n여기서는 보다 근본적인 이유를 제시하자.
0x000df831	5	언뜻 보면, 계획적인 범행으로 보이지만, \n당일 코우지가 술에 취해 라이트 블루에\n오기까지 계획할 수 없을 것이다. \n원래 경찰은 코우지가 술에 취해 있었다고\n믿지 않는다.
0x000df8e8	5	아사츠유의 증언을 믿는다면\n코우지는 택시를 타고 있었을 것이다.\n하지만 집으로 돌아갔다는 기록이 없으므로\n택시에서 곧바로 내려 현장으로 돌아갔을\n가능성도 부정할 수 없다.
0x000df992	5	관계자 가운데 알리바이가 분명하지 않은 것은 \n코우지뿐이지만, 범행 시간으로 여겨지는 0시 44분에는,\n이미 코우지는 게으르고,\n발범 카메라에 코우지의 사이는 나오지 않기 때문에\n코우지의 알리바이를 증명하려면 채취하지 않는다.
0x000dfa59	3	확실히 아사츠유가 택시에 농차시켰다고\n증언하고 있지만,\n아사츠유는 신내 동연하기 때문에 증언의 힘은 적다.
0x000dfaae	4	동생에게 농차시킨 것이 사실이라고 해도, \n자택에 돌아왔다는 기록이 없기 때문에,\n택시로부터 곧바로 내려 현장에 돌아왔을 가능성도\n아무리 정할 수 없다.
0x000dfb41	1	설령 술에 취해 있었다고 해도,\n살인은 가능하다.
0x000dfb9a	3	어디까지나 잔행 시간이 0시 44분 이외일 가능성을\n제시하는 내용의 승무원이며\n코우지의 잔행을 비정하는 것은 아니다.
0x000dfc40	3	집에 있던 지문과 권총에 관해 있던 지문에 \n모순이 있다고 해도,\n그것은 어디까지나 역론이다.
0x000dfc8d	5	발범 카메라에 발하고 있던 시원한 그림자는 \n권총에 코우지의 지문을 붙이고 있었을까… \n지문을 흔들고 있던 것은, 코우지의 지문이\n붙어 있지 않은 위화감을 없애기 위해서… \n 이들은 어디까지나 코우지의 역리라는 총휘에 지나지 않는다.
0x000dfd53	5	코우지에 접근하는 그림자 ...\n코우지는 이때 지문을 권총에 붙였다고\n수첩도, 그것은 어디까지나 총휘에 불과하다.\n어쩌면 전에 앉아 있던 손님이,\n만지는 것을 삼키러 왔을 뿐일지도 모른다…
0x000e00b9	4	【코우지】\n(오늘은 아사하라 구니 호송차에\n진해져\n검찰청으로 데려왔다)
0x000e0118	3	【코우지】\n(그 목적은 물론,\n검찰단에 의한 삼조조사다)
0x000e0189	3	【검사】\n그런데… …\n10일만이네.
0x000e01ce	2	【코우지】\n…………
0x000e0207	4	【검사】\n세간 이야기야, 이것은. \n 묵부하는 것 같은 곳은 \n 없었다고 무겁지만?
0x000e0268	3	【코우지】\n………\n죄송합니다.
0x000e02c6	4	【검사】\n자료를 본 바,\n상황은 그다지 바뀌지 않은 것\n같네요.
0x000e0343	3	【검사】\n그렇지만, 너는 언제까지\n사항할 생각이야?
0x000e0399	6	【코우지】\n...... 거짓말은 붙고 싶지\n않기\n때문에,\n하지 않은 것을\n했다고 말할 수 없습니다.
0x000e03f2	3	【검사】\n과연네-\n너는 그런 인간인가.
0x000e0438	5	【검사】\n거짓말을 한 인간은,\n거짓말을 거짓말로 분노하고,\n그 중 자신의 거짓말을 진심으로\n믿는다…
0x000e04ad	3	【코우지】\n거짓말이 아닙니다. \n정말입니다!
0x000e04f5	5	【검사】\n 아, 맞아? \n그럼, 저의 전문에 대해서\n거짓말은 하지 않으면 긴자 할 수\n있을까?
0x000e0555	2	【코우지】\n 물론, 그 생각입니다.
0x000e0595	2	【검사】\n에서는 놓도록 한다.
0x000e05d3	4	【검사】\n어째서 경기가 된 총에\n지문이 붙어 있었어? \n 설명해 주시겠습니까?
0x000e069c	2	【코우지】\n…………
0x000e06d5	3	【검사】\n 과연, 묵부하는 건가. \n그래도 괜찮아.
0x000e0727	6	【검사】\n하지만. 거짓말은 하지 않는다고\n긴자한 뒤에\n묵묵한다는 것은,\n진실을 말하면 형편이\n반대로 하는 것이지?
0x000e079f	5	【검사】\n웅변적인 침묵이군요. \n이것으로, 권총의 지문이 중요한\n증거라고\n확신할 수 있었어.
0x000e0826	6	【코우지】\n… … 잠깐, 조금 기다려 주세요.\n\n권총에 지문이 붙어 있던 이유를\n제대로 설명합니다. \n그건......
0x000e08de	4	【검사】\n아까, 거짓말은 붙지 않는다고\n말했지? \n즉 이것은 거짓말이 아니야?
0x000e0935	2	【코우지】\n아니, 아니......그......
0x000e097c	5	【검사】\n… … 이삭 좋지 않은 인간은\n싫어. \n너의 발언은\n아무것도 하나 신용할 수 없다.
0x000e09e2	2	【코우지】\n아니… … 지금은 실수로…
0x000e0a2d	5	【검사】\n너를 지금 사건의 진범으로서\n소소한다.\n\n이상.
0x000e0a8b	2	【코우지】\n 조금 기다려 주세요!
0x000e0aeb	3	【검사】\n 나가세요. \n 이야기는 끝이다!
0x000e0b71	5	\n\n(변명할 틈조차 없었어.\n조금 마음이 혼란스러웠을\n뿐인데……)
0x000e0bdc	4	\n\n(……아니, 마음이 혼란스러웠더라도\n거짓말을 해서는 안 됐어……)
0x000e0c36	4	\n　\n(이것이라면 묵부하는 편이\n마시였을지도 모른다……)
0x000e0c8d	3	\n 　\n(나는 붐비는…
0x000e0cee	5	\n　\n(그리고 3년 후, \n나에게 역 10년의 형발이\n내렸다……)
0x000e0d96	5	【코우지】\n사건이 있던 바\n『라이트 블루』에 있는\n발잔 카메라의 발휘는\n보가 되었습니까?
0x000e0dfc	5	【코우지】\n저기로 나오는 그림자가,\n내 곁에 가까워지고 있습니다. \n그 타이밍에\n지문을 붙인 것은 아닐까 역사…
0x000e0eac	3	【검사】\n……?\n뭐, 발잔 카메라의 발휘는?
0x000e0efa	4	【코우지】\n엣? \n내 변호사가 제출한\n증거품이지만......
0x000e0f59	2	【검사】\n그런 것, 안 쓰고 있지 않지만?
0x000e0fa5	3	【코우지】\n나! ? \n그, 그런, 바보 같은!
0x000e0feb	4	【검사】\n나의 손에 없는 증거품의 이야기\n등,\n무의미하다.
0x000e1047	5	【검사】\n중요한 증거품은\n반드시 나의 수중에 빠질 것이다. \n너, 거짓말은\n붙지 않았잖아......?
0x000e10bd	4	【코우지】\n우, 거짓말이 아니야!\n사실이야!\n상당한 형사에 문의 해주세요!
0x000e1125	2	【검사】\n문의할 필요는 없다.
0x000e1169	8	【검사】\n다시 한번 말해. \n중요한 증거는 반드시 나의 손에\n빠진다.\n\n나의 손에 없으면,\n그런 증거는 존재하지 않는다는\n것이다.
0x000e11fb	5	【코우지】\n 조금 기다려줘! \n아무리 내가 거짓말을 하지 않으면\n긴자했다고, 경찰이 거짓말을 끝내자\n어쩔 수 없잖아!
0x000e126f	5	【검사】\n뭐라고… \n너는 설마,\n우리가 증거를 깨웠다고해도\n수첩할 생각인가......! ?
0x000e12e6	2	【코우지】\n그건…
0x000e1320	3	【검사】\n우리를 모욕하는 것도\n그 정도로 해 두는군요.
0x000e1375	2	【코우지】\n뭐?
0x000e13c9	2	【검사】\n 나가서.
0x000e1403	3	【코우지】\n 조금 기다려 줘! \n나의 이야기를......!
0x000e146c	2	【검사】\n 나가라.
0x000e14a5	2	【코우지】\n쿵…
0x000e154e	6	\n　\n(이후, 전림과 같이\n재판소에 데려가,\n재 판단으로부터 몇가지 전문을\n넣었다)
0x000e15b6	6	\n\n\n(그 결과,\n10일간의 구류 연장이 결정됐다……\n좋아)
0x000e161e	4	\n　\n(좋은 것은 아니지만, 각오한\n일이다)
0x000e166a	6	\n　\n(하지만 증거품이 제출되지\n않았다고,\n무슨 일이야……?\n………)
0x000e1abb	2	【미우라】\n…………
0x000e1af4	2	【코우지】\n…………
0x000e1b3a	2	【미우라】\n… … 미안했다.
0x000e1b77	3	【코우지】\n......사과할 정도라면,\n우선은 설명해 줘.
0x000e1bc4	4	【코우지】\n비디오 테이프의 건이다. \n왜 그게 \n송검되지 않았어?
0x000e1c1a	2	【미우라】\n…………
0x000e1c53	5	【코우지】\n그 발휘는,\n나 이외에 범인이 있을 가능성을\n나타낸,\n중양인 증거다.
0x000e1cbd	3	【코우지】\n너들의 수사에도\n 크게 영향을 주는 것이 아닌가?
0x000e1d2a	2	【미우라】\n……미안하다.
0x000e1d68	3	【코우지】\n사과가 아니다! \n 설명을 해줘!
0x000e1db6	2	【미우라】\n…………
0x000e1def	2	【코우지】\n…………
0x000e1e28	2	【코우지】\n……설명은 할 수 없다는 것인가.
0x000e1e7a	2	【미우라】\n……미안하다.
0x000e1eb8	3	【코우지】\n… … 젠장! \n 알아요!
0x000e1f07	2	【미우라】\n…………
0x000e1f66	2	【미우라】\n하나, 둘 수 있을까?
0x000e1fa5	4	【코우지】\n이것은 취조일까? \n일일이 나에게\n허가를 받을 필요 없어.
0x000e200c	4	【미우라】\n그러면 넣지만,\n너는 이 사건에 대해,\n어떻게 생각하고 있는?
0x000e209c	4	【코우지】\n어떻게 생각한다고…\n수사의 프로인 형사씨가,\n내 아마추어 의견을 두고 싶습니까?
0x000e2132	7	【미우라】\n너는 아마추어가 아니다.\n탐정이다.\n…… 속에서도 생각하는 것을\n그만두지\n않는,\n전문이다.
0x000e21a5	3	【코우지】\n(이녀석… … 노리코의 조사,\n붙어 있지 않겠지…
0x000e2230	4	【미우라】\n피의자인 것은 일단 두고,\n사고 의견으로서,\n너의 생각을 놓으면 좋겠다.
0x000e22c5	3	【미우라】\n나는 어디까지나 형사의 굵은 곳에서\n너에게 자백을 끓이지만…
0x000e232d	3	【미우라】\n원래 경찰의 본분은,\n진상의 추구이며, 진범의 체포다.
0x000e2391	4	【코우지】\n그러기 위해서는\n피의자의 의견이라도 뭐든지\n두고 두는 건가.
0x000e23fd	2	【미우라】\n…
0x000e2445	2	【코우지】\n…………
0x000e247e	3	【코우지】\n… … 나의 생각은, \n너에게 말해 온 것이 전부다.
0x000e24d0	3	【코우지】\n내 이외에 진범이 있고,\n아야하다고 겹쳐지는 인물도 있다.
0x000e252c	5	【코우지】\n스피커에 의한\n총성의 시간차 트릭을 이용하면,\n내 이외에도 잔행이\n가능하다는 것…
0x000e25a3	4	【코우지】\n그리고 실제로,\n나의 주위를 우로쵸로 하고 있던\n아름다운 그림자가 있었다는 것.
0x000e2609	5	【코우지】\n하지만, 이 그림자가 누구인지\n특정할 수 없고,\n진범을 위아래로 자르지 않는 것이\n현상이다.
0x000e26a9	2	【미우라】\n훔…
0x000e2706	6	【미우라】\n경찰로서는, 너 이외에도\n아야하다고 거듭되는 인물을\n3명 마크하고 있다. \n그것은 당일, 현장에 있던\n관계자들…
0x000e2797	4	【미우라】\n누마사키 신타로. \n미즈타니 아사츠유. \n그리고 미나즈키 코우지다.
0x000e2816	4	【요시모토】\n미……미우라 선배! \n경찰의 수사 상황은\n기밀사항입니다!
0x000e28ad	5	【미우라】\n좋아, 요시모토강. \n 이것은 내 독검입니다. \n이것은 \n상에 보고해 주어도 상관없다.
0x000e293b	2	【요시모토】\n…………
0x000e298d	4	【코우지】\n이봐, 괜찮겠어?\n나 때문에 해고라도 당하면\n마음이 편치 않은데.
0x000e2a2a	6	【미우라】\n 젖지 마라. \n나는 진실을 알고 싶다. \n그러니까 고용하는 것은 모두\n고용한다. \n 그냥 그냥.
0x000e2ab9	2	【요시모토】\n………
0x000e2b09	5	【코우지】\n그럼 대체로…\n그건 아니지만,\n내가 생각하는 다른 사람\n시원한 인물에 대해 이야기할까.
0x000e2b96	7	【코우지】\n누마사키 신타로, 미즈타니\n아사츠유,\n미나즈키 코우지. \n그리고 또 한명,\n아야하다고 무거운\n인물은......?
0x000e2cb4	2	【코우지】\n(아니야, 그게 아니야!)
0x000e2cfb	5	【코우지】\n(아까님에게\n나를 범인에게 솜씨 올려보려고\n하고 있던 인물이 있을 것이다!\n그것은……!?)
0x000e2d67	4	【코우지】\n그래, 콘도다.\n눈부신 범인한 사람\n솜씨 올려고 하는 행동…
0x000e2dc8	6	【코우지】\n오히려 제일 시원하다고 거듭하는\n인물이다. \n 그것을 안타들이 제외하고 있는\n것은,\n 일부러 밖에 거듭한다.
0x000e2e4e	4	【코우지】\n신내의 불상을 깨우기 위해,\n나를 스케이프 고트에\n할 생각인가?
0x000e2ef9	3	【요시모토】\n당신, 경찰이\n각각 공작을 하고 있다고 해도! ?
0x000e2f81	2	【미우라】\n요시모토 형사.
0x000e2fe0	2	【요시모토】\n… … 죄송합니다.
0x000e3042	4	【미우라】\n너 너, 사이토. \n경찰을 둘러보지 마. \n스케이프 고트는 너무 말했다.
0x000e30a2	4	【코우지】\n… … 아, 그렇겠지. \n적어도 너는\n그렇게 하지 않을 거야.
0x000e3100	3	【코우지】\n이지만,\n콘도가 시원한 것에는 변함없다.
0x000e3176	2	【미우라】\n…………
0x000e31af	3	【코우지】\n......하나만\n가르치고 싶은 것이 있다.
0x000e31fa	4	【코우지】\n피해자가 살아\n마지막으로 목격된 것은\n 몇시 몇분인가?
0x000e3286	6	【미우라】\n… … 0시 전후다. \n너와 시라카와가 논쟁을 하고\n있었다고\n콘도 형사가 증언하고 있던\n시간이다.
0x000e32f3	4	【코우지】\n(0시인가……라고 하는 것은,\n잔행 시간은 0시부터 44분 사이\n그런데…
0x000e3383	2	【미우라】\n두고 싶은 것은 그만큼인가?
0x000e33c3	2	【코우지】\n 아, 지금은 네.
0x000e3428	3	【미우라】\n수다가 지나갔다…\n직무로 돌아가자.
0x000e34a4	2	【미우라】\n심문을 시작한다!
0x000e3a08	3	【미우라】\n그럼, 어제는 사고까지 너의 의견을\n두게 했지만…
0x000e3a61	3	【코우지】\n피의자의 의견은\n사고가 된 것인가?
0x000e3adc	4	【미우라】\n그렇구나. \n최소한 나에게는\n사고가 되었다.
0x000e3b2c	3	【코우지】\n훈......\n안타에게 있어서는, 이봐.
0x000e3be6	3	【콘도】\n어때, 자백은 낫었나?\n더 이상 시간이 없어!
0x000e3c62	4	【미우라】\n… …죄송합니다. \n입니다만, 차분히 진행하고\n있습니다.
0x000e3cdf	4	【콘도】\n미우라… …\n이 사람이 그렇게 귀여워? \n더 많이 들려줘.
0x000e3d67	5	【미우라】\n… … 최근에는 취조의\n시각화의 움직임도 있고,\n세상적으로도 문제 의식이\n높아지고 있습니다.
0x000e3dee	3	【미우라】\n별로 강인한 취조는\n찬성하기 어렵습니다.
0x000e3e79	4	【콘도】\n무엇인가 착각하고 있지 않을까,\n미우라……\n잔죄자에게 인권은 없다!
0x000e3eef	3	【콘도】\n내가 본을 보여 준다! \n대신!
0x000e3f5e	2	【미우라】\n… … 네.
0x000e3fbd	3	【콘도】\n그럼, 사이토가와야. \n 슬슬 낭비는 멈추지 않을까?
0x000e400f	3	【코우지】\n(사이토가와 때였어…\n기분이 아쉬운…
0x000e4060	4	【코우지】\n 쓸데없는 반점을 하고 있을 생각은\n\n 없어요.
0x000e40a9	5	【코우지】\n내가 범인이 아닌 증거도\n서서히 갖추어져 있고,\n용의가 뛰어넘는 것도\n시간의 문제라고 무겁기 때문에.
0x000e4162	3	【콘도】\n훈. \n당신이 범인 아닌 증거,?
0x000e41c1	5	【콘도】\n그것은, 예를 들면,\n너의 변호사가 제출했다는,\n발잔 카메라의 비디오를\n말하고 있는 것인가?
0x000e4263	4	【코우지】\n…… 어이.\n왜 안타가 그걸\n알고 있니?
0x000e42b3	2	【코우지】\n설마…
0x000e4313	3	【콘도】\n… … 하하하! \n아하하하하아! !
0x000e436a	4	【콘도】\n그 증거는,\n승기인 것에 부하가\n분실해 버렸어! !
0x000e43db	2	【코우지】\n나……! ?
0x000e4423	4	【콘도】\n부하의 불상사 때문에 폐를 끼치지\n마라!\n하지만 없어진 건 어쩔 수 없겠지.
0x000e449c	3	【콘도】\n 왠지 밝히는구나! \n아하하!
0x000e44ea	4	【코우지】\n 바보 같은! ? \n그런 중양인 증거품을 없애는 것은,\n어떤 관리를 하고 있어!
0x000e459a	4	【콘도】\n바보, 그러면… \n경찰단에 뭐가 굉장히 있어,\n키사마!
0x000e45f3	4	【코우지】\n믿을 수 없어…\n쓰레기야, 너는!\n그 비디오 테이프를 바꿔라!
0x000e464f	3	【콘도】\n없는 몬은 없어! \n당신이 저쪽에 술을 보자!
0x000e46a3	2	【코우지】\n……큭!
0x000e46dc	2	【콘도】\n………
0x000e4713	5	【콘도】\n뭐야,\n그 반항적인 눈은… \n너,\n자신의 굵은 곳을 모르는 것 같아?
0x000e4783	4	【코우지】\n태장이야. \n오마에야말로 타이바가\n알지 못하잖아?
0x000e47da	4	【코우지】\n이것은 굉장한 불상사… … 아니,\n잔죄다! \n 나도 생각이 있다!
0x000e483f	4	【콘도】\n뭐야, 생각해. \n변호사에게 희미한가? \n매스컴을 치는가?
0x000e489e	4	【콘도】\n하하! \n 할 수 있다면 해보자! \n변호사 마다 모임 집 하자!
0x000e4901	4	【콘도】\n무엇이라면 지금,\n너의 존재를 모방해도\n좋아?
0x000e495f	3	【콘도】\n재판이 끝나면\n너의 죄는 거의 확정한다.
0x000e49ac	2	【콘도】\n아무리 너가 아만하겠지만,!
0x000e49f9	2	【코우지】\n큭……!
0x000e4a32	3	【콘도】\n마침내 자신의 굵은 곳은 몬이\n알았던 것 같다!
0x000e4a80	4	【콘도】\n어쨌든 너가 제출한 비디오는\n부하가 분실해 버렸다. \n 그렇게!
0x000e4b27	5	【콘도】\n아, 부하라고 해도,\n거기 있는 미우라 형사가 아니다. \n그것만은 아야의 명함을 위해\n말해 둡시다.
0x000e4bc2	2	【미우라】\n…
0x000e4c20	4	【콘도】\n 물론 요시모토 형사도 아니다. \n 아야 여자는 본서에 오고 있는 \n젊은 희망이니까!
0x000e4ca7	2	【요시모토】\n…………
0x000e4d06	2	【콘도】\n음, 면적이니까 드디어 말해 둔다.
0x000e4d7b	5	【콘도】\n부의의에,\n너가 유리하게 되는 정보나 증거는,\n향후도 없어져 버리는 것이\n많아질 것이다.
0x000e4e10	2	【콘도】\n각오해 두겠구나!
0x000e4e54	2	【코우지】\n그것은 위협 밖에…
0x000e4ebd	4	【콘도】\n위협이란 어선을 고용하지 말아라. \n나는 인간이 실수를 하는 동물이라도\n이 말하고 싶어!
0x000e4f2a	2	【코우지】\n… … 쿠.
0x000e4fd0	3	【콘도】\n훈! \n어떻게, 미우라.
0x000e501e	3	【콘도】\n취조라고 하는 것은,\n 이렇게 하는 거야!
0x000e508f	2	【미우라】\n…………
0x000e50ee	2	【콘도】\n그럼, 나머지는 맡겼어, 미우라.
0x000e5159	3	【콘도】\n 사이토! \n더 이상 도망갈 곳이 없어!
0x000e51b4	3	【콘도】\n원래에 자백하는 것이\n너를 위해서라면 무겁지만?
0x000e5252	2	【코우지】\n…………
0x000e5298	2	【미우라】\n…………
0x000e52d1	3	【코우지】\n이것이, 어제 너가\n사과한 리후?
0x000e5341	4	【미우라】\n…………\n정말 망설이지 않는다…\n오늘의 취조는 이것으로…
0x000e53d5	4	【코우지】\n조금 기다려라! \n안타,\n정말로 이것으로 좋을까! ?
0x000e544e	2	【미우라】\n…………! ?
0x000e5495	3	【코우지】\n너, 진실이 알고 싶다고\n말했잖아! !
0x000e54e7	3	【코우지】\n이런 방법,\n납득할 수 있을까요! !
0x000e5557	2	【미우라】\n…………
0x000e5590	3	【코우지】\n나와 너는 태장적으로\n적끼리 된다…
0x000e55dd	3	【코우지】\n솔직히, 당신의 엄격한 추급에\n몇번이나 싫은 생각을 해왔다.
0x000e564a	2	【미우라】\n…………
0x000e5683	3	【코우지】\n언젠가 나의 무고를 증명해 주는\n일지도 모르는 기대도 있었다…
0x000e56db	3	【코우지】\n이지만……\n이지만, 결막은 이것인가!
0x000e5725	4	【코우지】\n콘도에 굴복하는\n지루한 사람이었는지,\n안타하! !
0x000e57a8	4	【요시모토】\n좋은 순감하라! \n당신이 미우라 형사의 \n 무엇을 알고 있다고! !
0x000e582e	2	【미우라】\n요시모토강… … 좋다.
0x000e5895	2	【요시모토】\n에서도 선배! !
0x000e58f8	3	【미우라】\n...... 분명히 네가 말한대로,\n사이토.
0x000e5952	3	【미우라】\n콘도 형사의 행동을 묵인하는 급급,\n나는, 입만의 시시한 사람이다.
0x000e59de	2	【요시모토】\n선배…
0x000e5a44	5	【미우라】\n… … 심문으로 옮긴다. \n당신의 수첩을 넣자. \n 말하고 싶은 것이 있으면 말하면\n좋다.
0x000e5dcf	2	【코우지】\n......어라?
0x000e5e15	4	【요시모토】\n오늘은 내가 취조를\n실시합니다. \n불만?
0x000e5e65	4	【코우지】\n아니, 아니......\n불만이라든가, 그런 일은\n없지만......
0x000e5eb6	3	【코우지】\n뭐라고 할까, 이렇게......\n신선으로 좋아요.
0x000e5f07	3	【코우지】\n(무엇을 알 수 없는 것을\n 말하고 있어, 나는!?)
0x000e5f69	2	【요시모토】\n낭비 입은 결막입니다.
0x000e5fb0	3	【코우지】\n은, 네……\n죄송합니다…
0x000e5ff4	4	【코우지】\n(동양해 헨인 일\n 말해 버렸지만,\n왠지 박력 있구나……)
0x000e605e	3	【코우지】\n(그렇다고 해도……\n미우라는 도대체 어떻게 했어?)
0x000e60af	2	【요시모토】\n…………
0x000e60e8	2	【코우지】\n…………
0x000e6121	2	【요시모토】\n…………
0x000e615a	2	【코우지】\n…………저?
0x000e61a4	2	【요시모토】\n무엇인가?
0x000e61da	3	【코우지】\n취조 하지만, 그,\n뭔가 나에게 놓지 않습니까?
0x000e6252	3	【요시모토】\n내가 놓으면,\n솔직하게 자백해 주는 것입니까?
0x000e62a2	4	【코우지】\n아니, 자백이 아니고,\n두어진 것에 대해서\n무실을 희미하고 싶습니다만…
0x000e6332	3	【요시모토】\n우리가 눈치채지 못했을 거라고\n생각하셨나요?
0x000e637d	3	【코우지】\n엣......\n무슨 일이죠?
0x000e63cd	4	【요시모토】\n당신은 무죄를 호소하는 척하면서\n우리에게서 정보를 캐내려 하고\n있는 거죠?
0x000e6434	3	【코우지】\n아......\n역시 들렀다?
0x000e6484	6	【요시모토】\n그래, 물론. \n에서도 미우라 형사는,\n 일부러 정보를\n 쓰러뜨리고 있었던 것\n같았습니다만…
0x000e64f9	5	【요시모토】\n저는 그녀처럼\n교섭술에 능하지 않으므로,\n당신의 자백을 기다리는 것 외에는\n아무것도 할 생각이 없습니다.
0x000e657a	3	【코우지】\n… \n하하하…
0x000e65ca	2	【요시모토】\n…………
0x000e6603	3	【코우지】\n그, 모처럼이니까,\n나에게서 전문해도 괜찮습니까?
0x000e6662	2	【요시모토】\n안 붙이지 않습니다.
0x000e669e	4	【코우지】\n아니, 아니, 그렇게 말하지 않고…\n그냥 당신에게\n두고 싶은 것이 있었어요.
0x000e67a2	4	【코우지】\n(다르겠지!\n요시모토 형사에 관한\n정보가 있었을까?)
0x000e67ff	3	【코우지】\n(본인에게 듣는 좋은 기상이다.\n저것은……)
0x000e688b	3	【코우지】\n우리 소장, 알고 계십니까? \n미즈타니 아사츠유라고 합니다만.
0x000e68ee	2	【요시모토】\n… … 그런 분은 모릅니다.
0x000e6931	5	【코우지】\n어라, 이상해? \n당신이 우치의 소장과\n구론하고 있었다고 정보가\n있습니다만…
0x000e69a5	5	【요시모토】\n모르겠습니다. \n그런 야조인은,\n드디어 형경의 인연을 끊고\n있습니다.
0x000e6a3e	2	【코우지】\n…………
0x000e6a7e	4	【코우지】\n에, 그래 그래! ? \n요시모토 형사와 아사츠유씨는\n형경인! ?
0x000e6b07	3	【요시모토】\n그러니까,\n다르다고 말하고 있겠지요! !
0x000e6b62	6	【요시모토】\n마치 지금 알았던 것 같은\n 일부러 같은 민첩성은 그만두세요!\n\n변호사에게 물어보고,\n우리의 관계를 찾고 있었을 거야!
0x000e6bdf	5	【코우지】\n아니, 지금 처음 알았습니다. \n역시 개인적인 일이라면\n무거워서,\n조사는 하지 않았어요.
0x000e6c73	2	【요시모토】\n에… ?
0x000e6cd3	3	【요시모토】\n그렇다면…\n이 자리에서 두는 것도 삼가라!
0x000e6d27	4	【코우지】\n아니, 신경이 쓰인 것으로,\n드디어. \n죄송합니다.
0x000e6dd8	4	【코우지】\n아니~,\n그렇다고 해도 아사츠유씨와\n형경이었다니 가시네요.
0x000e6e42	3	【요시모토】\n 원래 아야의 본명은 \n미즈타니 아사츠유가 아닙니다!
0x000e6eab	5	【코우지】\n그렇게 같네요. \n탐정이라는 직업상,\n가명을 고용하고 있다고는 두고\n있었습니다만.
0x000e6f3e	3	【요시모토】\n……하지만 당신은\n본명을 쓰고 계시네요.
0x000e6f89	7	【코우지】\n뭐, 가명을 고용할 때도\n있습니다만…\n내가 지켜야 할 가문이 없기\n때문에,\n신원을 찾더라도\n그렇게 문제는 없습니다.
0x000e700c	2	【요시모토】\n…………
0x000e7045	3	【코우지】\n덧붙여서, 아사츠유씨의 실명은\n뭐라고 말합니까?
0x000e70a3	3	【요시모토】\n… … 그런 일, 말할 의리는\n없습니다.
0x000e70ee	2	【코우지】\n아니, 음, 그렇습니다만…
0x000e7134	4	【코우지】\n라면, 다른 전문. \n왜 요시모토 형사는 아사츠유씨,\n그렇게 싫어하는 거야?
0x000e71c4	2	【요시모토】\n그것도 말할 의리는 없습니다!
0x000e7207	3	【코우지】\n… \n힌트.
0x000e7279	2	【요시모토】\n…………
0x000e72b2	4	【코우지】\n......알았습니다. \n 당신에게서 이야기를 넣는 것은 \n 포기합니다.
0x000e732c	2	【요시모토】\n……그래서 좋다.
0x000e736b	3	【코우지】\n아사츠유씨로부터 직접 두면\n좋은 일이니까.
0x000e73dd	2	【요시모토】\n인… ?
0x000e7418	4	【코우지】\n아니, 의외로 이것이 사건에\n관련이 있을지도 모르고…\n우선, 두어 보지 않는 것에는…
0x000e74aa	3	【요시모토】\n그런 사람이, 마토모인 것을\n말할 리가 없습니다!
0x000e7506	3	【요시모토】\n저런, 변호사를 그만두고\n탐정 따위나 하는 사람은……!
0x000e7562	5	【코우지】\n… … 저기. \n나도 탐정이니까,\n『탐정이란』이라든지 말하면,\n조금 충격이지만…
0x000e75de	5	【요시모토】\n도 그렇죠! \n스트레이트로 사법 치험에 합각해,\n사사적 지룡의 높은 변호사가\n되었다고 하는데......
0x000e7662	2	【요시모토】\n어째서 보다에 의해 탐정에…
0x000e76a7	4	【코우지】\n......과연 지금은\n직업 멸시가 아닌가? \n탐정도 굉장한 직업이다.
0x000e7715	3	【코우지】\n......그렇구나. \n2개월 정도 전이었던 건데…
0x000e7765	6	【코우지】\n어디서 놓았을지 모르지만,\n초등학생의 소녀가 사무소에\n애완동물의 고양이가 돌아오지\n않는다고\n향하면서 오고…
0x000e77e2	5	【코우지】\n아사츠유씨, 필치에 고양이를 찾고\n있었어. \n1 연간, 그 고양이 찾기 밖에\n 하고 있었으니까…
0x000e785f	4	【코우지】\n(덕분에 그 때의 일,\n모두 나에게 숲에 와서\n힘든 눈에 있었는데......)
0x000e78c4	3	【코우지】\n어떻게든 그 고양이를 찾아내서\n받은 보수가 500엔이야.
0x000e792c	6	【코우지】\n타다로 하지 않았으니까\n쌓아 올리면,\n세상의 권리는 제대로 가르치지\n않는다고\n라고 말했었는데…
0x000e79ca	2	【요시모토】\n…………
0x000e7a03	6	【코우지】\n변호사도 탐정도,\n근본적인 것은 변하지 않으면\n무겁다. \n모두 사람을 돕고 싶다는 것이\n본전이야.
0x000e7a9a	2	【요시모토】\n… … 그런 것은 궤변입니다.
0x000e7ae6	4	【코우지】\n음, 그럴지도 모르지만. \n하지만 당신은 아사츠유씨를\n정해하고 있다.
0x000e7b44	4	【코우지】\n사람을 비 기뻐한다면,\n그만한 정보를 모으고 나서 쪽이\n좋으면 무겁지.
0x000e7ba1	4	【코우지】\n가 아니면,\n증거가 없는데\n범인처럼 하는 경찰과 같다.
0x000e7c2c	4	【요시모토】\n…………\n당신에게는 살해했다는 증거가\n있습니다.
0x000e7c82	5	【코우지】\n아. \n지금은 확실히 그렇지만. \n그들의 증거도\n조금씩 아야후야가 되어 왔다.
0x000e7cea	4	【코우지】\n내가 누명을 벗겨도\n당신은 나를 범인으로 단정하고\n끝까지 기소할 생각이지?
0x000e7d70	2	【요시모토】\n…………
0x000e7da9	3	【코우지】\n그때의 당신의 반응에는\n황미 있구나.
0x000e7df3	5	【코우지】\n그러기 위해서도,\n저는 자신의 놈의 옷을\n뛰어보게 한다고\n일로 할까.
0x000e7e5a	2	【코우지】\n아사츠유씨를 위해서도.
0x000e7ea6	4	【요시모토】\n… … 불쾌합니다. \n오늘의 취조 검사는 이것으로\n끝납니다.
0x000e7f03	2	【코우지】\n(안됐다…
0x000e82e7	3	【코우지】\n(……요시모토 형사 1명은\n오늘도 미우라는 유수인가…
0x000e836b	2	【요시모토】\n…………
0x000e83a4	3	【코우지】\n(…… 이대로 침묵해도 시간이\n아깝고......)
0x000e83fe	4	【코우지】\n(조금이라도 경찰측의 정보를\n인출할 수 있도록,\n이쪽에서 쌓아 보는지……?)
0x000e846f	3	【코우지】\n…………\n저것…
0x000e84bd	3	【요시모토】\n……모르겠다. \n어째서 당신 같은 사람을......
0x000e850c	2	【코우지】\n......에, 뭐라고?
0x000e8558	4	【요시모토】\n미우라 형사가 당신을\n인정하고 있는 것을 모르는\n것입니다.
0x000e85ac	3	【코우지】\n미우라가 나를 인정하고 있다? \n......무슨 일이야?
0x000e85fd	2	【요시모토】\n…………
0x000e8636	3	【코우지】\n저기,\n조용히 말해도 모르겠다고.
0x000e8684	4	【코우지】\n부치고 말하지 않나? \n모처럼 이렇게\n대면하고 있어.
0x000e86db	2	【요시모토】\n…………
0x000e8714	3	【코우지】\n아니면, 아사츠유씨의 아들인\n나가 살고 견딜 수 있을까?
0x000e8794	3	【요시모토】\n… … 살고 있지 않습니다. \n 하지만 납득도 하지 않습니다.
0x000e87ec	2	【코우지】\n납득…
0x000e886d	4	【요시모토】\n어제의 이야기입니다. \n변호사와 탐정의 책 앞이\n같다고......
0x000e88c5	5	【코우지】\n아,\n저것은 다툼으로 말한 부분도\n있으니까. \n납득할 수 없어도 어쩔 수 없다.
0x000e894a	3	【요시모토】\n뭐… ?\n얼마나 좋은 순감! ?
0x000e89bb	4	【요시모토】\n모처럼, 네가 말하는 것에\n일리 있다고 생각했는데…\n그것을 깔끔하게!
0x000e8a1c	4	【코우지】\n아니,\n싸움으로 말한 것은 틀림없지만,\n건당한 것을 말한 생각은 없어.
0x000e8a90	4	【요시모토】\n모르겠습니다!\n피의자의 말을 믿고 귀를 기울인 게\n잘못이었어요……!
0x000e8af7	2	【코우지】\n…………
0x000e8b30	6	【코우지】\n저것, 이런 것,\n나가 말하는 것이 아닐지도\n지도 모르지만,\n너는 조금 범인에 너무 의존한다고\n무겁다.
0x000e8ba5	5	【코우지】\n무한 인상으로 미우라\n의존하고 있는 것이 보이었고…\n아사츠유 씨의 뒷면도,\n의존의 용환에 거듭한다.
0x000e8c3f	2	【요시모토】\n 의존, 그렇다고…
0x000e8c86	5	【코우지】\n아깝다.\n이런 식으로 말하면 또 화낼지도\n모르지만,\n당신은 아사츠유 씨의 딸이겠지?
0x000e8cf2	5	【코우지】\n게다가, 옥가양무원 치험에\n중간했던 커리어다운 것이 아닌가. \n즉 기분이 좋다면 아사츠유씨에게도\n당첨을 모르지 않는 것이다.
0x000e8d6e	6	【코우지】\n하지만 아사츠유씨와의 결정적인\n차이는,\n적극성과 자립심이구나. \n그것을 망설이지 않는 급료,\n너는 아사츠유씨에게 빠지지 않는다.
0x000e8dfb	3	【요시모토】\n좋은 순감한 것만\n말하지 마! !
0x000e8e50	4	【요시모토】\n당신이 말하고 있는 것은,\n권위에 빠진 적이 없는 사람의\n똥이야! !
0x000e8eba	5	【요시모토】\n권위 안에서 개인이 자기 생각대로\n움직이면\n통제가 안 돼.\n그건 용서할 수 없는 일이야!
0x000e8f34	5	【코우지】\n에서도, 너가 존경하는 미우라\n형사는\n지금, 정확히 치인의 생각으로\n이동하고 있는 것이 아닌가?
0x000e8fc1	2	【요시모토】\n우……
0x000e8ff8	2	【코우지】\n(역시 그럴까……)
0x000e9038	6	【코우지】\n이렇게 가지만,\n나는 녀석을 인정하고 있다. \n화를 하고 있어 금장감을 망설이는\n녀석은,\n아사츠유씨 이외로 처음으로 만났어.
0x000e90c0	6	【코우지】\n하지만 아야의 언선이 경찰이라고\n하는\n권위의 대변일 밖에 없다면,\n저는 여기까지 미우라를\n인정하는 것은 없었을 것이다.
0x000e9133	7	【코우지】\n미우라가 지금, 직독 행동을 하고\n있는\n것은,\n경찰이라는 권위 중에서는\n진실이 보이지 않으면 무거운\n일까?
0x000e91aa	2	【요시모토】\n…………
0x000e91e3	6	【코우지】\n너에게 아이츠와 같은 행동을\n하라고는\n말하지 않지만,\n적어도 조직을 등지고\n자신을 죽여서는 안 돼.
0x000e9259	4	【코우지】\n권위에 이르고 있어 자태는 할 수\n있다,\n나는 무겁지.
0x000e92ab	2	【요시모토】\n…………
0x000e92e4	2	【코우지】\n(어라…
0x000e933c	4	【요시모토】\n자태…\n분명 미우라 형사는\n자태하고 있을지도 모르겠네요…
0x000e93a5	6	【요시모토】\n미우라 형사는 언제나 혼자였습니다.\n\n아야는 험의감이 너무 강해서,\n권위로부터 쵸해져 버리는 것이\n자주 있었던 것 같습니다.
0x000e942f	5	【요시모토】\n그리고 지난번 사건,\n미우라 형사는 자신의 정의에\n따라 밀고 나아가,\n조직 수사를 일탈하고 말았습니다…
0x000e94d3	7	【요시모토】\n그 영향으로\n이마제키는 직접 수사에 나서는 것이\n금지되어,\n당신의 취조를 담당하게\n되었습니다.
0x000e9566	4	【요시모토】\n나는… … 그런 아야에 대해서\n붙여졌다\n관시장입니다…
0x000e95dd	4	【코우지】\n… … 좋은 것인가. \n그런 내부 정보를\n나에게 말해 버려.
0x000e9659	4	【요시모토】\n물론, 안 됩니다. \n그래도, 당신이라면 미우라 형사를\n경쟁해 줄 것 같은 생각이었으니까…
0x000e96c0	4	【코우지】\n… … 그것은 다르다. \n미우라를 겨루는 것은 미우라 자신일\n뿐이다.
0x000e971c	4	【코우지】\n게다가 나는 살인 사건의 피의자다.\n오히려 이쪽이 도와주고 싶을\n정도야.
0x000e97b0	3	【요시모토】\n… … 조금 여기에서 기다려\n주세요.
0x000e97f7	2	【코우지】\n 아, 아.
0x000e98e9	2	【요시모토】\n기다리게 해서 죄송합니다.
0x000e9967	2	【코우지】\n이것은… … 아버지의 수첩?
0x000e99aa	5	【요시모토】\n……이 수첩에\n쓰여진 것에 관해서는\n경찰에서도 신중한 검증이 이루어지고\n있습니다.
0x000e9a1b	4	【요시모토】\n이지만, 당신에게 밖에 모르는 것도\n쓰고 있는 것이 아닐까 하고\n무겁게 해.
0x000e9a77	3	【코우지】\n… … 내가 보고 좋을까? \n 이건 무거운 증거품이겠지?
0x000e9ad4	4	【요시모토】\n네. \n그것이 사건 해칭......\n진실로 연결된다면.
0x000e9b28	3	【요시모토】\n나만이 혼자가 되는 것에\n대비하고 있는 것은 되지 않으니까.
0x000e9b81	3	【코우지】\n......알았다. \n 마실 수 있습니다.
0x000e9bc7	2	【요시모토】\n……나중에 형에게도 사과합니다.
0x000e9c0c	2	【코우지】\n엣, 지금, 뭐라고 말했어?
0x000e9c4e	2	【요시모토】\n아니, 큰 일이 아닙니다.
0x000e9cb1	4	【코우지】\n......그런가. \n그럼, 이쪽에 집중시켜서......\n응......?
0x000e9d12	3	【코우지】\n시라카와 신지......라고,\n확실히 아사츠유씨의...
0x000e9d62	2	【요시모토】\n형의 연인이었던 사람이군요.
0x000e9dad	2	【코우지】\n알고 있었나?
0x000e9de8	4	【요시모토】\n네. \n나도 여러 번 만난 적이 있다. \n매우 놀을 것 같은 사람이었습니다.
0x000e9e44	2	【요시모토】\n본건 피해자의 어였어요.
0x000e9e90	5	【코우지】\n아. \n그리고 아야의 심장은 시라카와\n이치로에\n이식되고 있었다.
0x000e9ee6	7	【코우지】\n확실히 피해자는 충격으로 심장이\n토둑 맞았지? \n견해를 비틀면, 시라카와 신지의\n심장이\n토둑 맞았다고 하는 말도 할 수\n있다.
0x000e9f72	3	【요시모토】\n그렇습니다만,\n그것으로 무엇인가 바뀝니까?
0x000e9fbd	3	【코우지】\n별로 변하지 않지만......\n그렇지만......뭔가......
0x000ea011	4	【요시모토】\n네. \n 걸립니다. \n 그것은 미우라 형사도 말했다.
0x000ea06a	2	【코우지】\n응, 이거는…
0x000ea0a5	4	【요시모토】\n『시라카와 신지』『출신\n고등학교』라는\n쓰고 있네요.
0x000ea0fc	4	【요시모토】\n확실히 시라카와 신지의 출신\n고등학교는,\n준텐 고등학교라고 무거웠습니다만…
0x000ea15e	3	【코우지】\n준텐 고등학교? \n어딘가에 놓은 게......
0x000ea1a9	5	【코우지】\n…………\n아. \n아카네과 아오이가 다니는\n고등학교인가!
0x000ea27f	7	【요시모토】\n에서는, 이것으로 취조도 끝으로\n합니다. \n내일부터는 지금까지대로 미우라\n형사가\n취조를 한다고 생각하기\n때문에...
0x000ea2f4	2	【코우지】\n아, 각오해 둘게.
0x000ea347	2	【요시모토】\n에서는, 이것으로…
0x000ea383	2	【코우지】\n아, 마지막으로 한마디만 말해줘.
0x000ea3f1	3	【요시모토】\n…… 아직도 나에게\n설교하고 접한 적이 있습니까?
0x000ea447	2	【코우지】\n아하, 그렇지 않다고.
0x000ea487	3	【코우지】\n수첩을 보여주셔서 감사합니다. \n그것이 말하고 싶었어요.
0x000ea541	2	【요시모토】\n…………! ?
0x000ea59f	2	【요시모토】\n미우라 선배! !
0x000ea63b	2	【미우라】\n지금, 돌아왔다.
0x000ea6a1	2	【요시모토】\n저쪽은…
0x000ea705	3	【미우라】\n 아, 미리 묶었다. \n다음은 쫓는 것 뿐이다.
0x000ea787	2	【요시모토】\n그렇습니까…
0x000ea7c1	4	【코우지】\n……이봐,\n두 사람만으로 납득하지 말고,\n나도 설명해줘.
0x000ea845	7	【미우라】\n잔기이지만, 지금은 아직 말할 수\n없다.\n\n하지만 조만간 반드시 대답은 낸다.\n\n그때까지 기다려.
0x000ea8a9	2	【코우지】\n… … 의미를 모르겠지만.
0x000ea8fb	3	【미우라】\n에서는. \n 바로 하지만 심문을 날린다.
0x000ea949	3	【코우지】\n에엣! ? \n지금부터 할 거야!
0x000ea99a	3	【미우라】\n당연하다. \n그 때문에 돌아왔으니까.
0x000ea9ea	4	【코우지】\n(……\n일부러 돌아오지 않아도\n괜찮아! )
0x000eace4	2	【미우라】\n2일도 부재중으로 하고 아쉬웠구나.
0x000ead36	3	【미우라】\n유수로 하고 있던 데는\n리경이 있다.
0x000ead7d	4	【코우지】\n리조, 이봐. \n그 이유와 야를\n두게 해 줄 수 있을까?
0x000eadf7	3	【미우라】\n무론이다. \n너도 관계가 있는 이야기니까.
0x000eae44	2	【코우지】\n나에 관계 있는 이야기…
0x000eaeac	4	【미우라】\n우선은 어제이다. \n너의 상사인 미즈타니 아사츠유에\n나는 미리 나왔다.
0x000eaf0c	3	【코우지】\n아사츠유씨에게? \n 왜! ?
0x000eaf8c	3	【미우라】\n…… 아야녀로부터,\n하나의 고발을 안았다.
0x000eafea	3	【미우라】\n이지만, 그 내용은 아직 말할 수\n없다.
0x000eb02f	4	【코우지】\n어째서야! \n나도 관계 있는 이야기라도\n 말했잖아!
0x000eb0aa	5	【미우라】\n말하지 않는다고 하는 것은 아니다.\n\n지금은 아직 말할 수 없다고 말하고\n있어.
0x000eb12b	5	【미우라】\n게다가 이 고발 자체는,\n너 자신에게\n직접 관계가 있는 것은 아니다. \n 그래서 걱정하지 마세요.
0x000eb195	2	【코우지】\n신경쓰지마, 라고도…
0x000eb1fc	5	【미우라】\n화에는 제외가 있다. \n제일 어제, 미즈타니 아사츠유로부터\n고발을 떠나,\n어제, 그 용부를 삼키고 있었다.
0x000eb27a	4	【미우라】\n그리고 그 고발은,\n상당한 신빙성을\n태우고 있는 것을 알았다.
0x000eb307	6	【미우라】\n그 고발의 내용은,\n너무 충격적인 내용이었다. \n그것을 너의 상사로부터 안 갔던\n것에\n나는 머물렀다.
0x000eb393	6	【미우라】\n 그래서 나는 미즈타니 아사츠유에\n확인했다. \n『이 고발의 내용을 어떻게 하면\n좋을까』\n라고.
0x000eb425	5	【미우라】\n그러자 아야는 말했다.\n『나 자신은 그것을 겉표할 생각은\n없다.\n2명에게 맡긴다』라고.
0x000eb48f	2	【코우지】\n2명…
0x000eb4f0	2	【미우라】\n나와 너다.
0x000eb52a	2	【코우지】\n오, 나! ?
0x000eb571	3	【미우라】\n고발을 가리키거나 부익하든,\n우리 2명에게 맡긴다는 것이었다.
0x000eb5d7	3	【코우지】\n, 그렇다면 그 고발의 내용, \n 나에게도 가르쳐라!
0x000eb641	2	【미우라】\n…………
0x000eb687	3	【미우라】\n그 고발의 내용은\n 크게 나누어 2개 있다.
0x000eb6e1	3	【미우라】\n그 중 하나가,\n령의 발휘다.
0x000eb728	2	【코우지】\n령의…
0x000eb788	4	【미우라】\n발잔 카메라에 발하고 있던,\n카운터에 쌓여 있는\n너에게 다가오는 그림자의 발휘다.
0x000eb806	4	【미우라】\n미즈타니 아사츠유는 사건의 마감에,\n테이프를 더빙시켜 주고 있었다\n인것 같다.
0x000eb868	2	【코우지】\n사, 과연이구나, 아사츠유씨…
0x000eb8ae	4	【코우지】\n… … 라고, 그럼 어째서 더\n원한다\n가르쳐주지 않았어! ?
0x000eb929	3	【미우라】\n그것이 또 하나의 내용에\n관계하는 것이기 때문이다.
0x000eb977	2	【코우지】\n그 또 하나의 내용은…
0x000eb9c9	2	【미우라】\n그것은 가르칠 수 없다.
0x000eba06	5	【코우지】\n 조금 기다려! \n아사츠유 씨가 망해 온 고발일\n것이다! \n 내가 듣는 권리가 있을 것이다!
0x000eba92	5	【미우라】\n확실히 미즈타니 아사츠유에 의한\n고발이지만,\n중독한 것은 나다. \n 너 아니야!
0x000ebaf3	2	【코우지】\n큭……!?
0x000ebb2e	4	【코우지】\n(뭐, 어째서 아사츠유씨는,\n직접 나에게\n가르쳐주지 않았어……!?)
0x000ebb8f	4	【코우지】\n알았다. \n안타가 깨우고 싶은 것은\n두지 않는다.
0x000ebbe3	2	【코우지】\n(일단, 그렇지만……)
0x000ebc27	3	【코우지】\n 대신, 발범 카메라의 발휘를\n확인시키고 싶다.
0x000ebca2	3	【미우라】\n......알았다. \n 좋아요.
0x000ebcf2	5	【미우라】\n실은 그 발휘이지만,\n증거품으로서 제출하고 있지 않기\n때문에\n이 경찰서에는 없다.
0x000ebd6a	3	【미우라】\n내 독검으로,\n어느 장소에 보관하고 있다.
0x000ebdb7	3	【코우지】\n왜! ? \n태파한 증거품일까?
0x000ebe16	4	【미우라】\n증거 각멸되지 않기 때문이다. \n그러니까 내일 망설이자. \n그래요?
0x000ebe7d	2	【코우지】\n… … 아, 그래도 좋다.
0x000ebee3	3	【미우라】\n좋아. \n에서 심문을 날려!
0x000ec40a	3	【미우라】\n요청한 대로,\n방범 카메라 영상을 가져왔다.
0x000ec45a	2	【코우지】\n그럼, 바로 보여줘.
0x000ec4a9	2	【미우라】\n 아, 그럼 재생한다.
0x000ec552	2	【코우지】\n…
0x000ec597	2	【미우라】\n 응한 척을 하고 있는 너구나.
0x000ec5de	3	【코우지】\n그게 ......\n아니, 이제 그 의론은 두자.
0x000ec64c	2	【코우지】\n…
0x000ec68f	5	【코우지】\n나의 역리에서는,\n이 때에 지문을\n붙일 수 있었을까라고\n무거워 있다.
0x000ec6f1	2	【미우라】\n……이면, 좋았지만.
0x000ec737	3	【코우지】\n……은? \n무슨 일이야.
0x000ec779	2	【미우라】\n여기서 흙 짓겠다.
0x000ec7d3	4	【코우지】\n… … 이 그림자는 슈트를 입고\n있다. \n거기까지는 알고 있었다.
0x000ec82a	5	【코우지】\n그래서 나는,\n당일 슈트를 입고 있던 인물을\n찾았다. \n그 결과…
0x000ec88c	5	【코우지】\n사건 당일,\n피해자를 절고 정장을\n입고 있던 관계자는 2명. \n그건......?
0x000ec9af	2	【코우지】\n(다시 한번 잘 생각해보자)
0x000ec9f3	7	【코우지】\n(이마바야시의 사건에 관계하고 있는\n인물은,\n누마사키 신타로, 콘도 히미,\n미즈타니\n아사츠유,\n미나즈키 코우지이다)
0x000eca6d	3	【코우지】\n(이 안에서 슈트를 입은\n인물은……?)
0x000ecaba	5	【코우지】\n사건 당일, 슈트를 입고 있던\n관계자는\n누마사키 신타로와 콘도 숙미의\n2명이다!
0x000ecb21	4	【코우지】\n즉, 이 그림자의 인물은,\n이 2명의 어느 쪽인가일 확률이\n높다!
0x000ecbbf	3	【미우라】\n그럼 두자.\n즈바리, 너는 어느 쪽이라 무거워?
0x000ecd48	3	【미우라】\n훗……\n실망했어.
0x000ecd90	2	【코우지】\n, 뭐야! ?
0x000ecdf1	3	【미우라】\n이런 것도 모른다\n너에게 실망했다고 말했어.
0x000ece67	5	【미우라】\n아니, 결막,\n이렇게 어리석은 사람에게\n나도 줄무늬 받았을 뿐이라고\n 말하는 것인가.
0x000eced7	3	【미우라】\n그런 의미에서는,\n나 자신에게도 실망한다…
0x000ecf27	2	【코우지】\n… … 무슨 의미야.
0x000ecf8e	3	【미우라】\n이제, 나는 자신감을 잃었다. \n상당을 바꾸어 주기로 한다.
0x000ecff3	2	【미우라】\n다음은 잘 부탁하는, 요시모토강.
0x000ed063	2	【요시모토】\n미, 미우라 선배!
0x000ed12d	3	\n　\n(………………)
0x000ed16a	5	\n　\n(사건의 상당자가 바뀌어,\n또 처음부터 취조가\n행해지게 되었다)
0x000ed1c6	4	\n\n(그 녀석은 내가 무엇을 호소해도\n내 의견에는 귀를 기울이지 않았다)
0x000ed21c	5	\n\n(승차의 일수도 임박한 상태민으로,\n죄송합니다.\n나는 결막 소소하게 되었다)
0x000ed2aa	4	\n 　\n (그리고 나에게는 최종적으로, \n무유역의 형이 부과되었다……)
0x000ed31b	2	【코우지】\n어떻게 생각해도 콘도일 것이다!
0x000ed382	4	【미우라】\n에서는 두자. \n이 그림자가 콘도 형사이면 무거운\n근거를!
0x000ed489	2	【코우지】\n(아니야, 그게 아니야!)
0x000ed4d0	3	【코우지】\n(콘도는 지금까지 시원한 움직임을\n몇번인가 보여줬다)
0x000ed526	4	【코우지】\n(그중에서도, 이 발휘에 관한\n아름다운 움직임이 있었을 것이다!\n그것은……!?)
0x000ed58b	3	【코우지】\n콘도는 지금까지 몇번인가\n아야운 움직임을 보인 적이 있었다.
0x000ed5e5	3	【코우지】\n구론의 목격 증언. \n그리고 폭력적인 취조......
0x000ed645	5	【코우지】\n하지만, 뭐니뭐니해도,\n이전에 이쪽으로부터 제출한 이\n발휘를\n각멸한 것이 제일 크다.
0x000ed6b4	4	【코우지】\n그 이경은 어떠한 일도 없다. \n여기에 나오는 그림자가\n콘도 자신이기 때문이다!
0x000ed73d	3	【미우라】\n......그렇구나. \n나 너무 무겁다.
0x000ed783	4	【코우지】\n이라면 흠집이 아닌가! \n콘도가 뭉툭한 나에게 다가가,\n권총에 지문을 붙였다!
0x000ed7fb	5	【코우지】\n그리고 콘도는 장갑을 하고\n자신의 지문이 붙지 않게\n잔행을 실행했다! \n이 발휘는 무엇보다 증거입니다!
0x000ed890	4	【미우라】\n… … 이 그림자가 콘도 형사인\n것은\n비장하지 않는다.
0x000ed926	5	【미우라】\n 그러나, 콘도 형사가 권총에\n지문을\n붙인 것은 비정한다. \n즉, 콘도 형사는 범인이 아니다.
0x000ed9a5	2	【코우지】\n 그러나, 이 발휘가… !
0x000eda1a	3	【미우라】\n콘도 형사는 다른 목적으로,\n너에게 다가갔어!
0x000eda79	3	【미우라】\n권총에 지문을 붙이기 위해서가\n아니다!
0x000edace	3	【코우지】\n베, 다른 목적… ? \n무슨 목적이야! !
0x000edb48	2	【미우라】\n이것을 보라.
0x000edbbc	3	【미우라】\n콘도 형사가 남긴 불험에 대해,\n콰이재에 정리된 리포트다.
0x000edc27	2	【코우지】\n……불험, 왜……?
0x000edc6b	3	【미우라】\n…\n또 하나의 고발 증거다.
0x000edd01	2	【코우지】\n아사츠유씨로부터의 고발…
0x000edd50	4	【미우라】\n아야녀는 그 날,\n콘도 형사를 미리 내고 있었다고\n한다.
0x000eddb1	4	【미우라】\n그리고 사건 당일,\n카운터아래에,\n이 서미를 두고 있었다.
0x000ede18	3	【미우라】\n부정을 폭로당하고 싶지 않으면\n서류를 가지러 오라고 말이지.
0x000ede6e	2	【코우지】\n…………
0x000edeb4	6	【미우라】\n그리고 그녀가 자리를 비운 틈을 노려,\n콘도 형사가 이 서류를 가지러 왔다.
0x000edf2a	2	【미우라】\n그것이, 이 발휘다.
0x000edf69	3	【코우지】\n콘도의......불험의\n증거......
0x000edfdd	5	【미우라】\n이 불험은 아야 1명의 문제가\n아니다. \n경찰이 권위적으로 행하고 있던\n것이다.
0x000ee04c	3	【미우라】\n그래서 콘도 형사는 필사적으로\n이 증거를 되찾으려 했다.
0x000ee0c4	2	【미우라】\n단지, 그만큼이다.
0x000ee103	5	【코우지】\n무슨 일이야…\n...... 결막, 권총에 내\n지문을\n붙인 인간이 누군가는 모르고,?
0x000ee17f	3	【코우지】\n마지막 신망이었는데…\n하하하, 이걸로 씹을까…
0x000ee1f7	2	【미우라】\n…………
0x000ee230	2	【코우지】\n… … 당신에게 부탁이 있다.
0x000ee29c	2	【미우라】\n……뭐지?
0x000ee2d6	3	【코우지】\n……콘도 형사와\n이야기 할 수 없습니까?
0x000ee349	2	【미우라】\n…………
0x000ee38f	4	【미우라】\n미즈타니 아사츠유는,\n이 고발을 나와 너의 2명에게\n맡기겠다고 말하고 있었다.
0x000ee3fa	3	【미우라】\n라면, 너의 말도\n두기로 하자.
0x000ee452	3	【미우라】\n내일, 아야를 취조에\n 얽혀 오는 것을 긴자한다.
0x000ee4a3	2	【코우지】\n… … 아, 부탁한다.
0x000ee50c	2	【미우라】\n그럼, 심문을 시작한다!
0x000ee9c3	2	【콘도】\n훈…
0x000ee9fa	2	【코우지】\n…………
0x000eea59	3	【미우라】\n긴자 대로, 콘도 형사에게\n노래 받았다.
0x000eeacc	3	【콘도】\n훈! \n지금 너와 얘기할 거야!
0x000eeb43	4	【미우라】\n과장! \n당신도 좋은 순감,\n자신의 입장을 깨달아!
0x000eebc3	3	【콘도】\n빌어먹을… \n좋은 궁금해...
0x000eec33	3	【미우라】\n어쨌든, 아야와 이야기 합니다! \n나와 긴자 했을 거 야!
0x000eecab	2	【콘도】\n… … 훈!
0x000eece4	2	【코우지】\n(…
0x000eed52	2	【콘도】\n으로, 뭐야?
0x000eed8b	3	【코우지】\n확인이에요. \n여러분.
0x000eedf5	4	【콘도】\n라면, 빨리 줘. \n나도,\n그렇게 히마가 아니야!
0x000eee4b	5	【코우지】\n괜찮아요. \n향후, 무거워 명확하게 히마가\n될지도\n일지도 몰라요.
0x000eeeae	2	【코우지】\n구치소 안에서 말이야.
0x000eef12	2	【콘도】\n누우……! !
0x000eef4d	3	【코우지】\n에서는 첫 번째 확인입니다. \n발범 카메라의 발휘는 보았지요?
0x000eefcd	2	【콘도】\n…………
0x000ef006	2	【코우지】\n발잔 카메라의 발휘는 보셨죠?
0x000ef073	4	【콘도】\n같은 것을 2림 두지 말아라! \n 보았다! \n이게 좋을 거 야! !
0x000ef0c9	3	【코우지】\n솔직하게 환사를 해 주면,\n2림 두지 않습니다.
0x000ef140	2	【콘도】\n쿠…
0x000ef179	3	【코우지】\n그 발휘에 발하고 있는 그림자는,\n당신으로 틀림없네요?
0x000ef1e5	2	【콘도】\n…………
0x000ef21e	3	【코우지】\n고발의 증거는\n이쪽이 잡고 있는 거야.
0x000ef273	4	【코우지】\n어쨌든,\n저희들의 판검 하나. \n 알아요?
0x000ef2eb	2	【콘도】\n우… !
0x000ef34c	4	【콘도】\n와, 알았다……\n무슨 소망이야… \n 말해봐!
0x000ef3ae	3	【콘도】\n석방인가? \n 아니면 금? ?
0x000ef413	2	【미우라】\n…………
0x000ef472	5	【콘도】\n너희가 원하는 대로 하지 않을까. \n미우라는 금에 황미 없을 것\n같으니까,\n출세시켜 주지 않을까.
0x000ef540	6	【미우라】\n최악이다, 당신은! ! \n조금 더 경찰 권위의 과장이라고\n하는\n입장에 계속되고 있는 자각을\n간격하면 어땠어! !
0x000ef5dd	3	【콘도】\n아무것도 모르는 소조가\n멋지다고 말하지 말아라! !
0x000ef63f	4	【콘도】\n뭐가 과장이다! ! \n그렇게 어리석은 형태 어쩐지\n빌어먹을 먹어라! !
0x000ef6ac	4	【콘도】\n엘리트 코스를 풀고 있다\n너에게, 나의 기탄치가\n알고 쌓이는가! !
0x000ef720	2	【미우라】\n…………
0x000ef77f	3	【콘도】\n……숭배 올리면,\n이 지룡이 굉장해.
0x000ef816	3	【코우지】\n과장이라도,\n훌륭한 입장이 아닌가.
0x000ef86e	4	【콘도】\n…… 매년,\n젊은 커리어와 예기되는 무리가,\n나를 쫓아가는…
0x000ef8fd	4	【콘도】\n그런 굴욕을,\n너희에게 이해할 수 있을 리가\n없다…
0x000ef97c	4	【미우라】\n… … 당신만이 아닙니다. \n전옥에 당신과 같은 태장의 경찰단은\n많이 있어요.
0x000efa0a	2	【미우라】\n당신의 그것은 단지 거미입니다.
0x000efa77	4	【콘도】\n……그것은 알고 있다.\n하지만 내 경우에는\n친구가 너무 훌륭했다…
0x000efaea	4	【콘도】\n카타야 대회사의 사장......\n그리고 카타야 변호사계의\n대고소......
0x000efb5c	6	【콘도】\n하지만 나만이 우달을 오르지\n않는다.\n중간 관리직이다…\n아무리 노력해도,\n아야 등을 따라잡을 수 없어…
0x000efbd3	2	【코우지】\n…………
0x000efc0c	4	【코우지】\n 끓일 것 같은 말을 할까와\n거듭하면, \n단지의 컴플렉스일까.
0x000efc8b	2	【콘도】\n뭐…
0x000efcea	3	【미우라】\n…… 아야의 어선은 조금 말했다고\n생각합니다만, 일리가 있습니다.
0x000efd52	4	【미우라】\n극단적인 이야기, 경찰을 가로질러\n다시 시작하는 것도 가능했을\n것이다.
0x000efdbc	3	【미우라】\n그렇게 하지 않았던 당신의 어선에\n설득력은 느끼지 않습니다.
0x000efe35	4	【콘도】\n...... 나도 다시 시도하고\n싶다.\n무거운 것은 있었다…
0x000efeb0	4	【콘도】\n하지만 그런 때야.\n시라카와에서 업무 불험\n붙잡아달라고 부탁받은 것은.
0x000eff21	2	【코우지】\n……시라카와의 불험?
0x000eff6e	6	【콘도】\n모리 처에 위협을 걸고\n있었다......\n그 삼키는 곳이 경찰에 달려들어도\n잡으려고 괴롭다고,\n다장의 사례 금아미로.
0x000f0018	5	【콘도】\n난 아쉬웠어…\n하지만 결막, 나는 다장한 사례금을\n위로 내보내고,\n시라카와의 요망을 알렸다.
0x000f00ad	2	【미우라】\n…………
0x000f010c	3	【콘도】\n가장 갈수록 순조롭게 역리되었어. \n게다가 괴물이라고까지 말했다.
0x000f017a	6	【콘도】\n어째서, 이렇게 참직한 것일까하고,\n그때까지 양심의 걸 주석에 낳고\n있었던\n것이\n마 답답해졌다.
0x000f0227	4	【미우라】\n그것이 계기로,\n실제로 부정을 추악하도록\n이 된 것입니까…
0x000f02a6	5	【콘도】\n그렇다. \n친구에게 감사를 받고\n상사에게도 좋은 볼 수 있다. \n금도 들어온다.
0x000f0315	3	【콘도】\n이런 어중간한 지룡의 나에게는,\n많은 아군과 돈이 필요했어.
0x000f03a5	4	【콘도】\n경멸한다면 하는 것이 좋다.\n이미 나는 끝났다.\n아무래도.
0x000f0406	3	【코우지】\n… … 죄는 보상받을 거야. \n그것이 줄무늬라고 했으니까.
0x000f047d	2	【콘도】\n…………
0x000f04b6	3	【코우지】\n… … 안타의 질투,\n전혀 모른다는 건 아니다.
0x000f050a	4	【코우지】\n아군도 돈도,\n살아가는 데는 절대로 필요한\n것이다.
0x000f055e	4	【코우지】\n나도 노리코…… 변호사나\n아사츠유 씨에게 의지하지 않으면,\n아무것도 할 수 없었다…
0x000f05c4	3	【코우지】\n1명이라면, 아무것도 할 수\n없었다.
0x000f0608	2	【콘도】\n…………
0x000f0641	5	【코우지】\n하지만, 우리들 사이에는 신뢰가\n있다. \n그냥 젓가락을 이용하고 있던\n안타들과는 근본적으로 다르다.
0x000f06cb	7	【콘도】\n 아, 알고 있어. \n나와 시라카와의 사이에 존재하고\n있던\n것은\n연어를 이용할 뿐의,\n그림비의 우정이다…
0x000f0758	3	【콘도】\n더 원할 생각이 들었다면\n좋았지만…
0x000f07a6	2	【코우지】\n…………
0x000f07df	4	【코우지】\n또 하나 놓아서 짜증난다. \n왜, 저를 억지로 범인에게\n 뚱뚱하게 올리려고 했어?
0x000f0844	6	【코우지】\n나에게는 아사츠유씨라는 자승이\n있다. \n이런 방법을 하면,\n아사츠유씨가 침묵하고 있는 것,\n없을까?
0x000f08e4	2	【콘도】\n……진범이 무서운 거야.
0x000f0934	2	【코우지】\n…
0x000f0999	3	【콘도】\n진범이 체포되어,\n재판이라도 되어 보라.
0x000f09fb	4	【콘도】\n경찰에 관한 불상사가\n있는 것 없는 것이 증언되어,\n샬레가 되지 않게 된다.
0x000f0a71	3	【콘도】\n그 진범이 너에게\n누명을 씌운 거야.
0x000f0ad4	5	【콘도】\n즉 오마에를 체포·조소하라고 하는,\n진범의 메세지에\n따를 수밖에 없어. \n경찰로서는…
0x000f0b55	3	【코우지】\n...... 너는 범인이 누구인지\n알고 있는 것인가…
0x000f0bd1	3	【콘도】\n...... 너도\n아찔한 느낌이 들고 있을까?
0x000f0c26	2	【코우지】\n…………
0x000f0cb7	4	【콘도】\n이제 좋을 것이다. \n미우라, 나를 체포하라. \n 너에게 편지를 줘.
0x000f0d46	3	【미우라】\n… … 알았습니다. \n요시모토 강.
0x000f0db2	3	【요시모토】\n네……\n16시 20분입니다.
0x000f0e38	3	【미우라】\n콘도 카츠미.\n수뢰죄 혐의로 긴급 체포한다.
0x000f0ee7	3	【콘도】\n훈……\n 데려가.
0x000f0f27	2	【미우라】\n에서는 사냥합니다.
0x000f0f61	2	【콘도】\n그럼, 미즈타니와 이 소조야!
0x000f0ff2	2	【코우지】\n…………
0x000f108d	2	【미우라】\n… … 폐를 끼쳤구나, 사이토.
0x000f10da	5	【코우지】\n… … 음, 좋은 점.\n오히려 만난 것은\n콘도의 경우는 오마에\n부탁받은 일이다.
0x000f1174	3	【미우라】\n… … 신내의 불상사다. \n당연한 일을 할 때까지.
0x000f11ce	4	【코우지】\n게다가 더욱……하나,\n부탁하고 싶은 것이 있지만,\n좋은가?
0x000f1251	2	【미우라】\n… … 말해봐.
0x000f128e	3	【코우지】\n아사츠유씨와 이야기하고 싶다. \n 예뻐요?
0x000f1301	3	【미우라】\n......좋을 것이다. \n내일, 오도록 주문하자.
0x000f1360	3	【미우라】\n음, 콘도 형사의 건은 해칭했지만,\n너의 혐의는 아직 뛰어나지 않았다.
0x000f13eb	2	【미우라】\n심문을 시작한다!
0x000f17d0	1	[사이토 가쓰요의 치인]
0x000f17e6	2	[시라카와 신지는 살해당한\n것인가?]
0x000f1801	1	[총성의 음원에 대해서]
0x000f1879	3	【미우라】\n우선,\n하나 보고해 두는 일이 있다.
0x000f18ce	3	【미우라】\n어제, 너가 말하고 있던,\n미즈타니 아사츠유의 건이지만…
0x000f1930	4	【미우라】\n부하를 미즈타니 탐정사무소로\n향하게 한 곳,\n휴업의 끈이 굳어 있었다고 한다.
0x000f199a	2	【코우지】\n엣, 휴업… ?
0x000f1a01	4	【미우라】\n그리고 문의 틈새에,\n너 아의 수선이 타고 있던 것\n같다.
0x000f1a9c	2	【미우라】\n이것이 그 수선이다.
0x000f1b02	5	【코우지】\n『마침내 오랫동안 찾고 있던 인물이\n찾았으므로,\n 잠시 유수로 합니다. \n미안해, 코우짱…
0x000f1b7a	2	【코우지】\n…………
0x000f1bf2	4	【코우지】\n……확실히 아사츠유씨,\n누군가를 찾고 있었던 것 같지만\n......
0x000f1c78	5	【미우라】\n훔, 과연. \n라고 하는 것은, 이 수선의 내용은\n\n신용해 좋은 것 같다.
0x000f1cd7	3	【코우지】\n(……이것으로, 아사츠유씨의 도움은\n더 이상 얻을 수 없을지도…
0x000f1d30	4	【코우지】\n(다음은 자력으로 어떻게든 하지\n않으면\n 안 된다는 건가……)
0x000f1d91	3	【미우라】\n미즈타니 아사츠유의 건은, 이것으로\n좋은가?
0x000f1dd8	4	【코우지】\n아. \n본인이 없어,\n어쩔 수 없어.
0x000f1e4c	3	【미우라】\n흠…\n그렇다면 다시 취조를 끝낸다.
0x000f1ea6	6	【미우라】\n콘도 과장의 건은\n어제로 독이 붙은 셈이지만,\n반대로 경기의 지문에 대한\n설명이 붙지 않게 되어 버린\n것이다.
0x000f1f38	4	【미우라】\n경찰로서는, 여전히\n너를 무일의 피의자로서\n보고 있는 상황은 변하지 않는다.
0x000f1fb6	5	【코우지】\n그러고 보니, 콘도 형사가\n 말했지? \n저의 유리하게 되는 정보는\n콘도 형사가 빚지고 있었다고.
0x000f2027	3	【코우지】\n그 정보는,\n어떤 정보야…
0x000f2099	3	【미우라】\n맞아…\n너가 당일 뭉쳐있었던 것.
0x000f20f9	4	【미우라】\n경찰로서는 취한 척을\n해 주실 수 있을까라는\n의심을 탄하고 있었다.
0x000f2165	6	【미우라】\n하지만, 당일에 새긴 꽉의 양을\n관계자로부터 물어본 결과,\n취하고 있었다는 수첩을\n어느 정도 인정해도 좋다는\n결론이 되었다.
0x000f221e	5	【미우라】\n그러나 술에 취해 있어도\n사람을 죽일 수는 있다.\n어디까지나 너의 기억이 없다는\n주장만을 인정한다는 것이다.
0x000f229b	5	【코우지】\n훈. \n콘도에게 있어서는,\n나는 응하지 않았던 편이\n편리가 좋았을테니까.
0x000f2328	7	【미우라】\n……그리고 또 하나.\n너와 피해자는 말다툼이라 할 만한 일은\n하지 않았다는 것.\n이것도 어제\n콘도 형사가 증언을 다시 받아냈다.
0x000f23b4	4	【코우지】\n우가타카타 모두\n나가 수첩하고 있던 것이 아닐까. \n더 의미 있는 정보가 없습니까?
0x000f243c	3	【미우라】\n……없는 것은 없다. \n 하지만 가르칠 수는 없습니다.
0x000f2489	5	【코우지】\n어째서야! \n 내가 범인이 아니라고\n무거워한다면, \n 가르쳐 주었으면 좋지 않을까!
0x000f2510	4	【미우라】\n수사상의 부밀을\n 울릴 수는 없다. \n이 규칙입니다!
0x000f2573	2	【코우지】\n… … 케치.
0x000f25d2	3	【미우라】\n무슨 말을 하려고,\n여기서 가르칠 수 없다.
0x000f2622	3	【코우지】\n이라면, 내가 놓고 싶은 것을\n전문하기 때문에, 가르쳐 줘.
0x000f269c	2	【미우라】\n전문이라고…
0x000f26d9	6	【코우지】\n그래, 전문. \n오마에는 거기에 대답한 것만으로,\n수사상의 부밀을 울린 것은 아니다.\n\n그래도 괜찮을까?
0x000f277d	4	【미우라】\n… … 네가 모르는 정보를\n가르치면,\n부밀을 울리는 것과 다르지 않다.
0x000f27df	4	【코우지】\n그럼,\n나가 알고 있었던 것으로 하면\n된다.
0x000f2829	3	【코우지】\n앞으로 하는 전문의 대답을,\n나는 알고 있다.
0x000f2877	4	【코우지】\n하지만, 용을 확실히 모르고 싶다.\n\n 그래서 말해줘.
0x000f28c7	2	【코우지】\n(거짓말이지만)
0x000f2928	2	【미우라】\n… … 사변이다.
0x000f296b	3	【코우지】\n예변이 아니다. \n알고 있는 것을 넣는 것 뿐이다.
0x000f29be	2	【미우라】\n…………
0x000f2a1d	2	【미우라】\n하나뿐이다.
0x000f2a56	2	【코우지】\n(좋아!)
0x000f2a94	2	【코우지】\n그럼, 전문시켜 주자.
0x000f2b10	3	【코우지】\n(그런데…\n무엇을 전문할까……)
0x000f2b5c	5	【코우지】\n(하나만 가르쳐 주는 것이고,\n여기는 제일 무거운 것 같고,\n신경이 쓰이는 것을\n두는 편이 좋다…
0x000f2c2b	2	【코우지】\n(그럼, 뭐를 전문할까……?)
0x000f2c86	3	【코우지】\n내 어머니는 지금으로부터 5년 전\n병원 계단에서 떨어져 돌아가셨어……
0x000f2ce7	4	【코우지】\n당시에는 사고로 처리됐지만,\n사실 시라카와 이치로에게 떠밀렸을\n의혹이 있어.
0x000f2d56	4	【코우지】\n이 건에 대해,\n경찰에 정보가 타고 있지 않은지\n알고 싶다.
0x000f2dce	6	【코우지】\n피해자의 어는,\n신장 이식 수술을 위해서\n격유했지만,\n수술에 실패해 농치상 민감하게\n된 것 같다.
0x000f2e61	6	【코우지】\n그 결과로서,\n시라카와 신지의 심장은 오빠에게\n튕겨졌지만,\n이것이 의도적으로\n행해졌을 가능성이 있다.
0x000f2edf	4	【코우지】\n이 사건에 대해\n경찰이 뭔가를 파악하고 있는지\n알고 싶어.
0x000f2f5c	3	【코우지】\n라이트 블루 안에 총성이 울려 퍼져\n사건이 드러났다.
0x000f2fc4	5	【코우지】\n 그러나 이 총성은\n외부 음원의 가능성이 있다고\n저는 역리해,\n관계자의 알리바이를 쓰러뜨렸다.
0x000f303f	4	【코우지】\n하지만, 이 음원 자체는\n증거품으로서\n아직 발견되지 않았다.
0x000f30a0	4	【코우지】\n즉, 현재는\n나의 망총으로 독립되어 버리는\n 가능성도 있다.
0x000f3103	3	【코우지】\n경찰에서 어떠한 정보를\n 묶지 않았는지, 알고 싶다.
0x000f318e	3	【미우라】\n......좋을 것이다. \n 대답하자.
0x000f31e1	3	【미우라】\n단, 환답은 내일이다. \n나도 확인하고 싶은 게 있다.
0x000f3235	5	【코우지】\n답을 기대하지 않았던 것뿐이야.\n내일이라도 상관없어.\n뭐, 하필 내일이\n구류 연장의 마지막 날이지만.
0x000f3318	3	【미우라】\n내일중에 혐의가 뛰어나지 않으면,\n오마에는 소소된다.
0x000f337a	2	【코우지】\n… …알고 있다.
0x000f33dc	2	【미우라】\n…
0x000f3430	4	【미우라】\n……혹시,\n너는 이미 진범이 누군가\n알고 있지 않습니까?
0x000f3493	3	【코우지】\n글쎄, 어때?\n그건 그렇고, 당신은 어떻습니까?
0x000f3508	3	【미우라】\n나도 어느 정도의 목록은 붙이고\n있다.
0x000f354f	3	【코우지】\n정말인가! ? \n그건 누구야! ?
0x000f3599	2	【미우라】\n…………
0x000f35d2	3	【코우지】\n… … 네 네, 알고 있어요. \n 말할 수 없어?
0x000f3630	6	【미우라】\n그대로다. \n하지만, 너가 목록을 붙인 인물과 \n동일한 인물이라면,\n나는 그 인물의 취조를 맑은\n공한다.
0x000f36ba	3	【미우라】\n그렇게 되면,\n너는 석방될지도 모른다.
0x000f370e	2	【코우지】\n…………
0x000f3754	3	【미우라】\n네가 생각하는 진범…\n이 후의 심문으로, 놓도록 한다.
0x000f37dc	2	【미우라】\n그럼, 심문을 시작한다!
0x000f3b75	4	【미우라】\n그럼, 원제이지만,\n우선은 너로부터 건 전한 질문에\n답하자.
0x000f3c1d	4	【미우라】\n사이토 가쓰요가 시라카와 이치로에\n 쌓인 혐의가\n 있다는 것이었지만…
0x000f3c92	3	【미우라】\n이 건은, 사건으로서\n역리되어 있던 것 같다.
0x000f3ced	5	【미우라】\n유서도 특별히 남아 있지 않았기\n때문에,\n다리를 술하게 하는 환생사교가 되고\n있었다.
0x000f3d78	5	【미우라】\n경찰에는 더 이상\n자료는 타지 않았다.\n하지만 이건에 대해\n확실히 의문이 타는 부분도 있다.
0x000f3dec	2	【코우지】\n의문을 타는 부분…
0x000f3e3c	5	【미우라】\n병원의 간호자로부터 들은\n이야기라면,\n피해자는 큰 소리로 말 그리기를\n하고 있었던 것 같다.
0x000f3eb7	4	【미우라】\n이 간호자는 사건 당시,\n 쾅해져 증언할 수 없었다고\n 말하고 있다.
0x000f3f28	6	【미우라】\n하지만, 그만큼 큰 소리로 말\n그리기를\n하고 있었다면,\n범에 그 교환을 둔 사람이 있어도\n재미있지 않다.
0x000f3fbc	7	【미우라】\n 그러나,\n 그러한 증언의 기록이 일절 없다.\n\n어쩌면 당시,\n누군가가 정보 조작을 하고 있었던\n 가능성이 있다.
0x000f4037	2	【코우지】\n설마, 그것도 콘도 형사가…
0x000f408c	3	【미우라】\n그대로. \n아야에 확인하면 죄를 인정했어.
0x000f4101	2	【미우라】\n정말 미안해, 사이토…
0x000f4145	2	【코우지】\n…………
0x000f41a2	4	【미우라】\n시라카와 신지의 심장 이식 수술이\n의도적으로 행해졌을지도 모른다\n라는 것이었지만…
0x000f4237	4	【미우라】\n과연 현외에서 행해진\n이식 수술에 대해서는\n이쪽에서 파악하는 것은 기쁘다.
0x000f42ac	5	【미우라】\n게다가 본인은 죽어 버렸고,\n이상, 우리가 인원을 축축해\n이 건에 대해 조사하는 것은\n기쁘다.
0x000f4331	4	【미우라】\n승기하면서,\n너를 만아시키는 대답은\n마련할 수 없었다.
0x000f4388	2	【코우지】\n그렇구나……
0x000f43d9	4	【미우라】\n당신이 말했듯이,\n플레이어를 움직인 굴이\n찾았다.
0x000f4441	4	【미우라】\n또한, 외부 입력단자를\n쑥하게 조사한 결과,\n작은 상처가 발견되었다.
0x000f44c7	3	【미우라】\n아무래도 그 상처도\n최근 붙은 것 같다.
0x000f451f	3	【미우라】\n종업원은 외부 입력 단자를,\n고용한 적이 없다고 증언하고 있다.
0x000f4597	4	【미우라】\n그리고 생각하면,\n너의 역리는 어쩌면 실수로는\n없는 것 같다.
0x000f45f6	2	【코우지】\n은, 그렇다…
0x000f465a	5	【미우라】\n하지만, 그렇다고 해서,\n이것은 너의 무고를 뛰어넘는\n증거에는\n일 수 없다.
0x000f46bf	5	【코우지】\n알고 있어. \n단, 역리의 방향성은 틀리지 않다.\n\n그게 중양이야.
0x000f474d	2	【미우라】\n……그럼, 마지막 심문을 제단한다.
0x000f47c5	5	【미우라】\n이마제키의 심문에서 자신의 무죄를\n증명하지 못하면\n기소 절차에 들어가게 된다.\n……알고 있겠지!
0x000f484d	3	【코우지】\n아. \n 날려줘!
0x000f495b	3	【코우지】\n(……안 돼……!\n추리가 전혀 정리되지 않아……!)
0x000f49b9	3	【코우지】\n(이대로 진행해도\n무죄를 증명하는 건 불가능……)
0x000f4a16	2	【코우지】\n(남은 증거는……)
0x000f4a64	2	【코우지】\n……큭!
0x000f4aaa	2	【코우지】\n……제가…… 했습니다……
0x000f4b19	2	【미우라】\n그건 자백으로 받아들여도 되나?
0x000f4b70	2	【코우지】\n……응.
0x000f4bcf	4	【미우라】\n……알겠다.\n요시모토 형사, 조서를 작성해\n주게.
0x000f4c20	2	【요시모토】\n네.
0x000f4c55	2	【코우지】\n…………
0x000f4c8e	4	【코우지】\n(이렇게 할 수밖에 없었다.\n내 힘으로는 이 사건을 풀 수\n없어.)
0x000f4cfd	6	【코우지】\n(이렇게 된 이상 죄를 인정하고\n후회와 반성의 뜻을 보여서\n조금이라도 형을 가볍게 해 달라고\n할\n수밖에 없어……)
0x000f4e04	5	\n　\n　\n(그리고 3년 후,\n나는 무기징역을 선고받았다……)
0x000f4eb8	2	【미우라】\n…………
0x000f4f17	2	【미우라】\n그럼, 다음이다.
0x000f4f84	2	【코우지】\n…………
0x000f4fe3	3	【미우라】\n묵비권인가……\n뭐, 그것도 좋겠지.
0x000f50b4	2	【미우라】\n진심으로 말하고 있는 것인가?
0x000f511a	2	【코우지】\n뭐……!?
0x000f518a	4	【미우라】\n이제 와서 얼버무리며,\n엉터리 답변을 바꾸는 건 그만둬!\n이건 너를 위한 말이다!
0x000f521d	3	【코우지】\n( 위험한.\n진심으로 하고 있다……)
0x000f52dd	4	【미우라】\n직당 직입에 두자! \n너의 역리하는 진범은...\n누구야! ?
0x000f53d3	2	【코우지】\n………………
0x000f5436	8	【미우라】\n아직 모르겠다고 하는 것인가. \n뭐, 그렇게 뻔뻔하게 아는 것도\n아닐\n것이다. \n진범이 판명되었을 때에 가르쳐\n주면\n된다.
0x000f54ea	5	【미우라】\n그럼,\n미즈타니 아사츠유가 진범이라고\n무거운\n리우경은…
0x000f55ca	3	【미우라】\n여기까지 와서\n묵비권을 행사할 수는 없겠지.
0x000f5622	3	【미우라】\n이유를 모른다면,\n애초에 이름을 내세워서는 안 된다!
0x000f5742	4	【코우지】\n아사츠유씨 이외의 관계자 전원의\n알리바이가\n확정했어.
0x000f57f7	4	【코우지】\n아사츠유씨 이외의 관계자의\n알리바이가\n확정했어.
0x000f5871	3	【코우지】\n단지, 내가 시원하다고 무거워,\n콘도의 알리바이는 모르겠지만.
0x000f590f	4	【미우라】\n......콘도 형사는,\n일단 생각하지 않아도 좋다. \n이지만......
0x000f59a8	5	【미우라】\n...... 분명히,\n미즈타니 아사츠유의 알리바이만이\n확정되지\n않았다…
0x000f5a41	2	【코우지】\n즉은, 그런 말이야.
0x000f5ac0	5	【미우라】\n에서는 마지막에 두자. \n이에 대답하면, 미즈타니 아사츠유를\n피의자로서,\n체포장을 맑은 구하기로 한다!
0x000f5b57	3	【미우라】\n경기가 된 총에는\n너의 지문이 붙어 있었다.
0x000f5bd0	5	【미우라】\n하지만, 너가 의지하고 있던\n발잔 카메라의 발휘에 발하고 있던\n것은\n콘도 형사였다.
0x000f5c47	3	【미우라】\n미즈타니 아사츠유가 범인이라면,\n권총의 지문은 어디서 묻은 거지!?
0x000f5cbd	7	【미우라】\n이지만, 발범 카메라의 발휘에\n발하고\n있던 그림자는\n슈트를 입은 사람이었다. \n적어도 미즈타니 아사츠유가 아닐\n것이다.
0x000f5d41	3	【미우라】\n미즈타니 아사츠유가 범인이라면,\n권총의 지문은 어디서 묻은 거지!?
0x000f5e6e	3	【미우라】\n여기까지 와서\n묵비권을 행사할 수는 없겠지.
0x000f5ec6	4	【미우라】\n리원을 모른다면,\n처음부터 입을 제대로 해서는 안\n된다!
0x000f5fd9	2	【미우라】\n……무슨 뜻인지 모르겠는데?
0x000f6043	2	【코우지】\n… … 나도 의미를 모른다.
0x000f60ad	3	【미우라】\n… \n손님! !
0x000f61c3	6	【코우지】\n… … 아사츠유씨는 나의 옆에 앉아\n있었다. \n특별한 트릭은 필요 없다. \n언제라도 그 기회는 있을\n것이다...
0x000f6248	4	【코우지】\n그런 것, 알고 있었어…\n하지만 인정하려고 하지 않았다…\n아니, 인정하고 싶지 않았어…
0x000f62f1	5	【미우라】\n......알았다. \n미즈타니 아사츠유를 피의자로\n체포장을\n맑은 공하자.
0x000f63bf	5	【미우라】\n… \n미즈타니 아사츠유가 범인하다고\n해서,\n그 동기는 무엇인가?
0x000f647b	2	【코우지】\n그건……
0x000f6591	6	【코우지】\n아사츠유 씨에게는 예전에 연인이\n있었다……\n하지만 그 연인은 시라카와\n이치로에게\n살해됐을 가능성이 있다.
0x000f664c	3	【미우라】\n살해됐을 의혹……?\n무슨 뜻이지?
0x000f66bb	4	【코우지】\n아사츠유 씨의 연인은 시라카와\n신지.\n시라카와 이치로의 동생이야.
0x000f6727	8	【코우지】\n시라카와 신지는 신장 이식 수술을\n받기\n위해\n유럽으로 갔지만 수술은 실패했어.\n시라카와 신지의 심장은\n동행한 시라카와 이치로에게 옮겨지게\n됐지.
0x000f67e1	3	【코우지】\n심장 이식 기증자를 찾고 있던\n시라카와 이치로에게 말이야……
0x000f6864	2	【코우지】\n너무 편리한 이야기 아닌가?
0x000f68bc	2	【미우라】\n…………
0x000f691b	2	【미우라】\n그건 자네의 추측에 지나지 않는다.
0x000f699e	6	【코우지】\n그대로. \n 그래서 조사해 주었으면 한다. \n시라카와 신지의 심장이 시라카와\n이치로로\n옮기는 과정을.
0x000f6a3a	5	【코우지】\n거기에 수상한 점이 있다면,\n아사츠유 씨는 연인이 살해당한\n셈이다!\n이것은 훌륭한 동기다!
0x000f6af2	4	【미우라】\n......좋을 것이다. \n미즈타니 아사츠유는 너의 상사이며,\n선의가 있는 인물일 것이다.
0x000f6b63	4	【미우라】\n그런 아야를 고발하려 하고 있어. \n당신에게 상당한 자신감이 있다고\n본다.
0x000f6c04	5	【코우지】\n… … 아, 물론이야. \n건당한 정보라면,\n아사츠유씨를 고발하는 일은 할 수\n없다!
0x000f6caa	3	【미우라】\n......그런가. \n 맞아…
0x000f6d13	5	【미우라】\n졌어, 사이토……\n구치소에 갇힌 채로도, 잘도\n여기까지\n도달했군.
0x000f6d8e	3	【미우라】\n이로써\n자네는 피의자에서 제외된다.
0x000f6e09	4	【미우라】\n결국 오인 체포라는 결과가 되고\n말았다……\n미안하다…… 진심으로 사과하겠다……
0x000f6ec2	3	【코우지】\n……그런 건 별로 상관없어.\n그보다……
0x000f6f10	3	【코우지】\n(……아사츠유 씨.\n대체 무슨 짓을 저지른 거야……)
0x000f7009	2	【미우라】\n……무슨 뜻인지 모르겠는데?
0x000f708c	2	【코우지】\n......그, 그렇구나.
0x000f7109	8	【미우라】\n… … 뭐, 좋아. \n미즈타니 아사츠유의 알리바이만\n멍청한\n것은 확실하다. \n미즈타니 아사츠유의 체포장을 맑은\n공으로\n바꾸는 것은 아니다.
0x000f71a6	3	【미우라】\n이로써\n자네는 피의자에서 제외된다.
0x000f723a	4	【미우라】\n결국 오인 체포라는 결과가 되고\n말았다……\n미안하다…… 진심으로 사과하겠다……
0x000f72f3	3	【코우지】\n……그런 건 별로 상관없어.\n그보다……
0x000f7341	3	【코우지】\n(……아사츠유 씨.\n대체 무슨 짓을 저지른 거야……)
0x000f7426	6	【코우지】\n아사츠유 씨에게는 예전에 연인이\n있었다……\n하지만 그 연인은 시라카와\n이치로에게\n살해됐을 가능성이 있다.
0x000f74e1	3	【미우라】\n살해됐을 의혹……?\n무슨 뜻이지?
0x000f7550	4	【코우지】\n아사츠유 씨의 연인은 시라카와\n신지.\n시라카와 이치로의 동생이야.
0x000f75bc	8	【코우지】\n시라카와 신지는 신장 이식 수술을\n받기\n위해\n유럽으로 갔지만 수술은 실패했어.\n시라카와 신지의 심장은\n동행한 시라카와 이치로에게 옮겨지게\n됐지.
0x000f7676	3	【코우지】\n심장 이식 기증자를 찾고 있던\n시라카와 이치로에게 말이야……
0x000f76f9	2	【코우지】\n너무 편리한 이야기 아닌가?
0x000f7751	2	【미우라】\n…………
0x000f77b0	2	【미우라】\n그건 자네의 추측에 지나지 않는다.
0x000f7836	5	【미우라】\n에서는 두자. \n누마사키 신타로가 진범이라고\n무거운\n리우경은?
0x000f7918	3	【미우라】\n여기까지 와서\n묵비권을 행사할 수는 없겠지.
0x000f7970	3	【미우라】\n이유를 모른다면,\n애초에 이름을 내세워서는 안 된다!
0x000f7a2c	4	【미우라】\n에서는 두자. \n콘도 형사가 진범이라고 무거운\n리우경은?
0x000f7b0c	3	【미우라】\n구체적인 이름을 말하고\n묵비권을 행사할 수는 없겠지!
0x000f7b72	3	【미우라】\n이유를 모른다면\n애초에 이름을 거론해서는 안 된다!
0x000f7c2e	5	【미우라】\n그럼,\n미나즈키 코우지가 진범이라고\n무거운\n리경은?
0x000f7d0c	3	【미우라】\n여기까지 와서\n묵비권을 행사할 수는 없겠지.
0x000f7d64	3	【미우라】\n이유를 모른다면,\n애초에 이름을 내세워서는 안 된다!
0x000f7e0f	4	【미우라】\n그럼,\n그 인물이 진범이라고 무거운\n리우경은?
0x000f7ee9	3	【미우라】\n구체적인 이름을 말하고\n묵비권을 행사할 수는 없겠지!
0x000f7f4f	3	【미우라】\n이유를 모른다면\n애초에 이름을 거론해서는 안 된다!
0x000f801e	4	【미우라】\n너가 시원하다고 무거운 인물 중 한\n명,\n누마사키 신타로…
0x000f808a	4	【미우라】\n자네는 범행 시각으로 여겨지는\n시간대에\n무엇을 하고 있었지?
0x000f81b6	4	【코우지】\n누마사키 변호사는 컨디션을\n쓰러뜨리고,\n화장실에 들어가 있었던 것 같지만…
0x000f8256	5	【미우라】\n흠, 과연……\n그것은 우리쪽에서 얻은 정보와\n일치하고\n있다.
0x000f82c4	8	【미우라】\n게다가 콘도 형사가\n누마사키 신타로가 화장실에 들어간\n것을\n목격하고 있기 때문에\n위쪽에서는 이 증언을 시용하려고\n하는\n움직임도 있다.
0x000f839a	3	【코우지】\n이봐, 잠깐만! ! \n 그건 재미! !
0x000f83f4	8	【코우지】\n도, 누마사키 변호사는 내가\n피해자에게\n쌓여 갔다\n그 고타고타를 모르는 거야! ! \n화장실에 들어간 것 자체,\n의심스러워!\n!
0x000f84ba	2	【미우라】\n………………
0x000f8504	2	【미우라】\n그건 사실인가, 사이토?
0x000f8584	4	【코우지】\n거짓말이라고 무거우면,\n자연스럽게 누마사키 변호사에게 두어\n보라! !
0x000f85e9	6	【코우지】\n하지만 누마사키 변호사는 기분 좋은\n사람이다.\n능숙하게 두지 않는다고는 얼마든지\n될\n것이다지만! !
0x000f869c	3	【미우라】\n나를 참지마, 사이토! ! \n그것은 알고 있다! !
0x000f870b	2	【미우라】\n요시모토강! !
0x000f8746	2	【요시모토】\n 네, 확인해 옵니다.
0x000f87d9	3	【코우지】\n… … 과연 아야녀로 잘 확인할 수\n있을까.
0x000f8867	5	【미우라】\n너는 모르겠지만,\n아야녀는 유취로 제일 신뢰할 수\n있는\n형사다.
0x000f88e0	2	【미우라】\n......나이가 뭐든,
0x000f895b	3	【코우지】\n(……미우라, 관시되고 있는 것을 \n알고 있는 것인가…
0x000f89f0	3	【요시모토】\n확인되었습니다. \n아야가 말하는 대로라고 생각됩니다.
0x000f8a82	2	【코우지】\n……라고 하는 것이다.
0x000f8afd	3	【미우라】\n훔, 좋을 것이다. \n당신의 수첩을 인정하자.
0x000f8b7f	6	【미우라】\n다시 말하지만, 용의자를 좁혀 가지\n않는\n한\n진범을 밝혀낸 것이 아니야.\n그것만은 기억해 둬!!
0x000f8cae	2	【미우라】\n그럼 다시 적어 두지.
0x000f8d52	6	【미우라】\n누마사키 신타로는 거짓말의\n알리바이를\n신고하고 있었다. \n아야가 진범이 아닌 경우,\n어떻게 거짓말을 하고 있었어! ?
0x000f8eab	4	【코우지】\n나는 누마사키 변호사의 알리바이에\n대해,\n의문에 무거웠다.
0x000f8f10	5	【코우지】\n사건의 잔행 시간이라고 겹쳐지는\n시간,\n쭉 화장실에 있었다고 말했기\n때문이다.
0x000f8f7e	4	【코우지】\n화장실에 계속 있었을 것인데,\n나가 피해자에게 쌓여 있던 사실을\n몰랐다.
0x000f8ffb	3	【코우지】\n거기서 나는 누마사키 변호사가\n거짓말을 하고 있으면 무거웠다.
0x000f908e	6	【미우라】\n경찰에도 같은 것을 말하고 있었다.\n\n그래서 나도 아야는 시원하다고\n생각하고\n있었다.
0x000f9115	5	【코우지】\n확실히 화장실에 들어간 것은 \n거짓말의 증언이었지만,\n그 시간은 전화를 걸고 있었던 것을\n알았다.
0x000f91c8	2	【미우라】\n전화를 걸고 있었다고?
0x000f924d	5	【코우지】\n아, 휴대폰의 유수전에,\n누마사키 변호사를 위협하는 내용의\n전화가\n걸려 있었던 것 같다.
0x000f92cc	5	【코우지】\n 당황한 누마사키 변호사는,\n전화의 손을 특정하기 위해서,\n확실면에 전화를 하고 있었다고\n한다.
0x000f938b	2	【미우라】\n… … 그것은 사실인가?
0x000f9418	4	【코우지】\n누마사키 변호사 본인으로부터 들은\n이야기다! ! \n 거짓말을 하지 않습니다! !
0x000f9497	4	【코우지】\n나는 확인하지 않았지만,\n어쩌면 발신 기록이 남아 있을지도\n모른다.
0x000f9534	4	【미우라】\n그런가, 확인해 보자.\n그건 그렇고, 아야는 무엇을 위협\n받았습니까?
0x000f95d1	4	【코우지】\n그것은 경찰에서 조사하면 좋을까? \n프라이빗한 이야기이고,\n나의 입에서는 말하기 어렵다.
0x000f9644	6	【코우지】\n에서도, 누마사키 변호사의\n알리바이는\n증명되었다. \n아야를 피의자로부터 떼어낼 충분한\n증거라고 생각한다.
0x000f9701	4	【미우라】\n......좋을 것이다. \n아야는 피의자로부터 제외해 좋을 것\n같다.
0x000f9891	4	【미우라】\n너가 시원하다고 무거운 인물 중 한\n명,\n미즈타니 아사츠유…
0x000f98fb	3	【미우라】\n그녀는 범행 시각으로 여겨지는\n시간대에 무엇을 하고 있었지?
0x000f9a29	7	【코우지】\n아무래도 화장을 고치고 있었던 것\n같다.\n\n장소에서 말하면 여자 화장실에\n있어도\n된다.
0x000f9ae0	7	【미우라】\n그런 것은 경찰측에서 본인으로부터\n듣고\n있다! \n 하지만 그것을 증명하는 사람은\n아무도\n없다! !
0x000f9b9c	2	【코우지】\n알고 있다고!!
0x000f9bfd	5	【코우지】\n나도 아사츠유씨를 의심하고 싶지\n않다…\n하지만 드래그를 할 수 없다면,\n알리바이를 증명한 것은 아니다…
0x000f9c98	4	【코우지】\n그러니까 뭐니 뭐니해도 용 붙이를\n삼켜\n준다! !
0x000f9d22	3	【미우라】\n훈……\n거기까지 알고 있다면 좋다.
0x000f9d91	4	【미우라】\n그녀의 행동은,\n화장을 고치고 있던 것으로\n추정하자.
0x000f9e17	8	【미우라】\n분을 되살리지만, 용의자를 위로\n숙지\n못하는 급료,\n진범을 쌓아 올린 것은 되지\n않으니까.\n\n그것만 기억하세요! !
0x000f9f5a	2	【미우라】\n그럼 마무리하도록 하지.
0x000fa017	3	【미우라】\n너는 미즈타니 아사츠유의 알리바이를\n객관적으로 증명할 수 있을까! ?
0x000fa14a	4	【미우라】\n너가 시원하다고 무거워 있는 인물의\n한사람,\n미나즈키 코우지…
0x000fa1b6	4	【미우라】\n자네는 범행 시각으로 여겨지는\n시간대에\n무엇을 하고 있었지?
0x000fa2e2	8	【코우지】\n미나즈키는 23시 10분경에\nVIP룸에\n들어가,\n1시간 후의 0시 10분경에\nVIP룸을\n나중에\n그대로 게임 센터로 향한 것 같다.
0x000fa3bf	6	【미우라】\n흠…… 경찰 측에서는 VIP 룸에\n있던\n시간이\n한 시간 정도였다는 정보 만\n얻지 못한 것 같았는데?
0x000fa442	2	【미우라】\n시간까지 어떻게 알았어?
0x000fa4c3	4	【코우지】\n누마사키 변호사가 가게에 도착해\nVIP룸에 들어간 것이\n23시 지나.
0x000fa539	4	【코우지】\n거기서 가볍게 가득 맞추고,\n곧 나왔다고 한다. \n그것을 미나즈키가 보고 있다.
0x000fa5c0	2	【코우지】\n여기에서 대략의 시간을 도출했다.
0x000fa62e	5	【미우라】\n훔, 과연……\n일단, 너가 생각하는 미나즈키의\n행동은\n이해했다.
0x000fa6c3	8	【미우라】\n이지만, 미나즈키가 그대로 게임\n센터로\n 향했는지 어떤지는 의심스럽다! !\n\n왜냐하면 아무도 그것을 목격하지\n않기\n때문입니다! !
0x000fa797	2	【코우지】\n알고 있다고!!
0x000fa7f8	8	【코우지】\n당일의 0시 10분부터 0시 50분\n정도에 걸쳐서, \n게임 센터에 있었다는 증거가 나오지\n않는\n급급\n미나즈키의 알리바이를 증명한 것은\n아니다.
0x000fa8b3	2	【코우지】\n그런 건 나도 잘 알고 있다고!!
0x000fa93c	3	【미우라】\n훔……\n이라면 좋을 것이다.
0x000fa9a4	6	【미우라】\n다시 말하지만, 용의자를 좁혀 가지\n않는\n한\n진범을 밝혀낸 것이 아니야.\n그것만은 기억해 둬!!
0x000fab1e	2	【미우라】\n그럼 마무리하도록 하지.
0x000fabdb	4	【미우라】\n미나즈키 코우지가 게임 센터에 있던\n시간을\n객관적으로 증명할 수 있을까! ?
0x000fad24	3	【코우지】\n미나즈키의 알리바이가 객관적으로\n증명되었다.
0x000fada2	6	【코우지】\n사건 당일, 미나즈키는 피해자와\nVIP\n룸에서 이야기한 뒤,\n최고방까지의 루트의 도중에 있는\n게임 센터에 왔다.
0x000fae3f	3	【코우지】\n거기서 0시 50분까지,\n대전 게임을 하고 있었다고 한다.
0x000faea0	3	【코우지】\n대전 상대의 학인이\n 그것을 증언해 준다.
0x000faf2d	4	【미우라】\n대전 게임이라고? \n그런 일은 경찰의 두려움에서\n말하지 않았어!
0x000fafd2	4	【코우지】\n녀석은 지는 걸 극도로 싫어해.\n아마 예전에 회사에서 해고된 일의\n트라우마겠지.
0x000fb053	5	【코우지】\n대전 게임에서 굴욕적인 실을 피했기\n때문에,\n게임보의 레버까지 말해 버릴 정도로\n만나왔다고 한다.
0x000fb0ea	4	【코우지】\n다시 한번, 이 정보를 망설이고,\n용을 삼켜보라. \n그래서 모두 증명될 것이다.
0x000fb18e	3	【미우라】\n…………\n좋을 것이다.
0x000fb304	4	【미우라】\n시라카와 빌딩에,\n가끔 어린 소녀가 나타나는 것\n같다.
0x000fb36b	7	【미우라】\n수사원이 그 소녀에게 사정을 물으려고\n몇 번인가 시도한 모양이지만,\n달아나는 발이 빨라\n금세 놓쳐버린다고 한다.
0x000fb404	2	【미우라】\n너는 이 소녀의 험체를 아십니까?
0x000fb4ac	3	【코우지】\n......그 여자가\n사건과 관계가 있는지?
0x000fb539	6	【미우라】\n그건 모른다. \n단, 사원에게 물어도, 보았던\n인물은\n많다. \n그것도 최근이 되고 나서다.
0x000fb5cb	6	【미우라】\n시초부터 생각해,\n어쩌면 사건과 어떠한 관계가\n있을지도\n모른다. \n 그래서 넣어.
0x000fb674	2	【코우지】\n… … 뭐, 좋지만.
0x000fb6f2	4	【미우라】\n그래서 어때? \n당신은 이 소녀의 검체를\n알고 있습니까?
0x000fb801	4	【코우지】\n『요시모토 유미』라는 이름의 소녀인\n것\n같다.
0x000fb88d	4	【미우라】\n편……\n요시모토 유미,? \n어떤 아이야?
0x000fb91a	3	【코우지】\n아니, 모른다. \n알고 있는 것은 그 이름뿐이다.
0x000fb983	2	【미우라】\n…………
0x000fb9c9	2	【미우라】\n객하다.
0x000fba47	2	【코우지】\n아, 역시…
0x000fbb29	3	【코우지】\n그녀는 요시모토 유미.\n아사츠유 씨의 딸이야.
0x000fbbb9	4	【미우라】\n미즈타니 아사츠유? \n그래, 미즈타니는 탐정용의\n가명이었다…
0x000fbc26	7	【미우라】\n에서는, 이 소녀가 미즈타니\n아사츠유의\n딸이라고 하고,\n아야녀는 왜 시라카와 빌딩의 주\n무엇에\n나타나는 거야?
0x000fbcd6	6	【코우지】\n자, 거기까지는 모른다. \n그것은 본인에게 들어줘. \n아사츠유 씨에게 말하면 생각하게 해\n줄\n것이다.
0x000fbd81	5	【미우라】\n흠, 맞아…\n미즈타니 아사츠유의 딸, 요시모토\n유미?\n알았다!
0x000fbecf	2	【미우라】\n………
0x000fbf24	3	【미우라】\n… …오늘의 심문은 이것으로 끝으로\n한다.
0x000fbf9c	2	【코우지】\n콘도는 두지 않을까?
0x000fbfdb	2	【미우라】\n…
0x000fc01d	3	【미우라】\n경찰로서는 황미가 없는 부분이다. \n두어도 어쩔 수 없다.
0x000fc099	2	【코우지】\n… … 과연.
0x000fc0e1	3	【미우라】\n어쨌든. \n 너가 탄 시간은 얼마 밖에 없다.
0x000fc159	4	【미우라】\n 말했으니까,\n어쨌든 진범을 증명해 보라,\n사이토! !
0x000fc21d	3	【미우라】\n......오늘의 심문은 이것으로\n마지막으로 한다.
0x000fc296	4	【미우라】\n너에게 승리한 시간은\n더 이상 밖에 없다. \n 제대로, 사이토!
0x000fc334	3	【미우라】\n……오늘 심문은 이걸로\n끝이다.
0x000fc3ab	4	【미우라】\n어쨌든 사건에 대해\n무거운 낸다! \n그것이, 너의 삶을 타는 끝이니까!
0x000fc453	3	【미우라】\n……오늘 심문은 이걸로\n끝이다.
0x000fc4b1	5	【미우라】\n그쪽의 수사는 음조로 진행되고 있는\n것\n같다. \n......우리도 실을 수 없다.
0x000fc525	3	【코우지】\n아. \n내일이야말로 무고를 증명해 준다!
0x000fc703	2	【미우라】\n…
0x000fc774	4	【코우지】\n… \n이제, 정보는 충분히 모여 있는데…\n!
0x000fc7db	3	【미우라】\n결막, 너가 제일의 피의자인 사실은\n변하지 않았다…
0x000fc83d	2	【미우라】\n…………
0x000fc883	6	【코우지】\n… … 동정이라면 안 돼. \n소소한다면 하면 된다. \n결과적으로 내가 굉장히 숭배하고\n있었다는\n것.
0x000fc924	2	【미우라】\n… … 미안해, 사이토.
0x000fc98b	3	【코우지】\n사과하지 마!\n내가 비참해질 뿐이야!!
0x000fc9ff	3	【미우라】\n......그렇구나. \n에서는 각오를 접어라, 사이토! !
0x000fca95	3	【미우라】\n너를 소홀하게 된다! \n이상!
0x000fcb52	6	\n　\n(경찰에서 송치된 증거물을 토대로\n검사에 의한 기소 절차가\n진행되었고,\n나는 재판을 받게 되었다.)
0x000fcbec	3	\n　\n (그리고…)
0x000fcc3a	4	\n\n(나에게는 살인죄로 무기징역의 형이\n내려졌다……)
0x000fd2bb	4	【미우라】\n너는 뚫고 있었다고 수첩했다. \n하지만 결과적으로 너는 자신을\n쫓아버렸다…
0x000fd34c	5	【미우라】\n네가 술에 취해 있었다면,\n살인을 저지른 행위 자체를 만져\n버리고 있다……\n이렇게는 생각할 수 없을까……?
0x000fd3db	2	【코우지】\n………! ?
0x000fd43c	5	【미우라】\n술에 취해 있었지만,\n살인을 저지르지 않았다는 것을\n주장한다면,\n그 근거를 보여 봐!
0x000fd4d5	3	【코우지】\n확실히 나는 술에 취해 있고,\n당일의 기억이 애매해지고 있다! !
0x000fd562	3	【코우지】\n그러니까, 내가 죽였을 가능성도\n제로가 아니라는 점은 인정하자.
0x000fd5e6	5	【코우지】\n하지만 그렇다고 해서,\n내가 죽이지 않았다는 것을\n증명하려고\n한 건 아니야!
0x000fd670	3	【미우라】\n쪽… \n라면 어떻게 할거야?
0x000fd6de	5	【코우지】\n나의 무고를 증명하는 방법은 단\n하나. \n 진범과 그 증거를 제시하는 것!\n!
0x000fd74d	2	【미우라】\n………………
0x000fd7b0	4	【미우라】\n좋을 것이다. \n에서는, 심문의 내용을 변경해 보지\n않을까.
0x000fd8af	4	【미우라】\n진범을 특정할 수 없다면,\n너가 능숙하다고 무거운 인물에 대해\n한사람 한사람 두어 가자.
0x000fd932	6	【미우라】\n각각의 용의자의 알리바이를 증명해,\n궁극적으로 진범이라고 생각되는\n인물을\n위로 자아낼 수 있으면\n너의 수첩을 인정하지 않을까.
0x000fd9ee	2	【코우지】\n…
0x000fda5d	4	【미우라】\n흠, 맞아…\n너는 관계자의 알리바이가 쓰러졌다.\n말했다.
0x000fdad0	6	【미우라】\n그렇다면, 새로운 범행 시각으로\n여겨지는\n0시부터 0시 44분경까지의\n각 관계자의 행동에 대해 들어\n보자.
0x000fdebd	4	【미우라】\n흠…\n누마사키, 미나즈키의 알리바이를\n증명했나…
0x000fdf39	2	【미우라】\n에서는, 다시 넣기로 한다.
0x000fe041	2	누마사키 신타로 교수가 범인이 아니라는 것은\n이미 증명했을 것이다.
0x000fe0a8	2	누마사키 신타로 교수가 범인이 아니라는 것은\n이미 증명했을 것이다.
0x000fe103	2	미나즈키 코우지가 범인이 아닌 것은 \n이미 증명했을 것이다.
0x000fe178	2	콘도 미가 범인이 아니라는 것은 이미 \n 증명되었습니다.
0x000fe1dd	4	확실히 콘도는 말다툼했다고 \n 과장에 증언하고 있었지만, \n그것이 즉시 콘도가 진범이라는 증거에는\n 안 된다.
0x000fe58e	3	【코우지】\n(사람, 이봐…\n전혀 마음에 들지 않지만)
0x000fe616	3	【코우지】\n(……?\n전혀 모르는 아이다…)
0x000fe691	2	【？？？？】\n…………
0x000fe6ce	2	【코우지】\n…………
0x000fe707	3	【코우지】\n(이 아이, 누구야…\n역시 맘에 드는 건 아니지만)
0x000fe762	2	【？？？？】\n…………
0x000fe79f	4	【코우지】\n(그렇지만, 그대로\n젓가락 움직임 어려울 뿐인가…\n이쪽에서 장치해 볼까요)
0x000fe811	2	【코우지】\n 엣......단코, 그래?
0x000fe87a	3	【? ? ? ? 】\n……! \n…… 네, 네.
0x000fe8c1	3	【코우지】\n(어이어이, 진해졌어.\n겉보기에 관계없이, 대담하구나)
0x000fe91d	5	【코우지】\n(일단…\n뒤의 입사인 대책으로서,\n나와이 아이의 관계\n내가 올리지 않으면 ... ...)
0x000fe98e	3	【코우지】\n오랜만이구나, 단코. \n반년만인가?
0x000fea01	3	【? ? ? ? 】\n……? \n아, 음......네.
0x000fea4d	3	【코우지】\n단자는 웅강이 잘 생겼으니까.\n나도 쉬웠다.
0x000feac4	5	【? ? ? ? 】\n저기, 나도…… 그,\n선생님……?께 공부를 배울 수\n있어서\n기뻤습니다.
0x000feb2e	3	【코우지】\n(흠, 할거야…\n기의 임전은 아쉬워하지 마라)
0x000feb7f	5	【코우지】\n나도 대학 졸업해 버렸으니까,\n이제 이전처럼\n가 모기 교자를 할 수는 없지만,\n진지하게 하고 있을까?
0x000fec02	2	【? ? ? ? 】\n아… … 네, 네…
0x000fec47	4	【코우지】\n(좋아.\n이것으로 우리들의 관계는\n자랑스럽게 한 것 같다)
0x000feca3	3	【코우지】\n(다음은 이 아이가 누구인가,\n탐색을 넣어 나가지 않으면…
0x000fecfb	3	【코우지】\n어떻게, 새로운 생활은? \n이제, 쫓겨났어?
0x000fed60	2	【？？？？】\n…………
0x000fed9d	4	【코우지】\n(오……\n투투에 보기가 강했구나…\n즉시 반응이 있습니까? )
0x000fedf6	4	【코우지】\n남편은 괜찮습니까?\n단코, 혼자 춤은 처음이지?\n걱정하지 않니?
0x000fee5c	2	【？？？？】\n…………
0x000fee99	3	【코우지】\n돌아가면, 또 방해하겠다고,\n주인에게 전하고 있어줘.
0x000feef7	2	【？？？？】\n…………
0x000fef34	5	【코우지】\n라고는 해도, 이런 곳에 들어간\n녀석이\n귀여운 혼자 딸을 만나러 가면\n아버지에게 속일지도 모른다.
0x000fefd7	2	【? ? ? ? 】\n… … 구수.
0x000ff048	2	【코우지】\n에…
0x000ff080	3	【코우지】\n(향하고 있다……?\n내 말에 반응했는가? )
0x000ff0d3	4	【코우지】\n(그렇다면, 어떤 언선이다……?\n그것이 아야의 검체를 잡는다.\n팁으로 이어질 것입니다! )
0x000ff13d	5	【코우지】\n(눈물을 보냈던 것이 『아빠』, \n이라는 어선에 대해서라면......\n이 아이의 아버지는\n이제......)
0x000ff1b3	4	【코우지】\n(……!!\n뭐, 설마… … 아니,\n그런 일이 있을 수 있을까? )
0x000ff22c	5	【코우지】\n(하지만, 그렇다고 밖에 생각할 수\n없다.\n신분을 가짜까지 나를 만나러 온\n아야녀의 정체와 그 이유는……!)
0x000ff36e	3	【코우지】\n(다르다!\n그렇지 않다!)
0x000ff3b6	4	【코우지】\n(능녀가 눈물을 보냈다\n『아빠』라는 언선에\n관계가 있을 것이다)
0x000ff419	2	【코우지】\n(다시 한번 잘 생각해 보자!)
0x000ff49d	4	【코우지】\n(그녀는 살해당한 시라카와 이치로의\n딸,\n시라카와 노조미야!)
0x000ff4fa	5	【코우지】\n(젠장, 몰랐다고는 해도,\n아버지를 살해당한 아이에게\n‘아버지는 잘\n지내시니?’라니……!)
0x000ff565	3	【코우지】\n(게다가 그 아이에게서 보면,\n나는 아버지를 죽인 인간이야!)
0x000ff5c1	2	【코우지】\n은, 단자…
0x000ff5fd	4	【코우지】\n(으……\n이 미즈키에게 먹이를 준다.\n예뻐하는 것이 귀엽다…
0x000ff659	5	【코우지】\n고멘…\n단자의 질투,\n이해할 수 없었던 것 같습니다.\n나…
0x000ff6b7	2	【노조미】\n…………!?
0x000ff6f3	3	【코우지】\n… … 진짜, 고멘. \n하지만......
0x000ff73b	3	【코우지】\n믿어주지 않을지도 모르지만,\n나......강의 어머니......
0x000ff7b4	2	【노조미】\n더 이상…
0x000ff7ec	2	【코우지】\n아……
0x000ff860	2	【코우지】\n(가 버린다……)
0x000ff8fc	2	【노조미】\n살인자……
0x000ff93a	2	【코우지】\n으……
0x000ff970	4	【코우지】\n(언선이 나오지 않는다…\n내가 한 것도 아니지만\n......)
0x000ff9c5	2	【노조미】\n…………
0x000ff9fd	3	【코우지】\n(하지만, 아야녀를\n이대로 돌려서는 안 된다……!)
0x000ffa50	3	【코우지】\n(이대로 가게 해 버리면,\n진짜를 전하지 않았다면……!)
0x000ffaac	5	【코우지】\n(……!\n그런가… !\n진짜…… 전하는 것은,\n한마디로 좋다! ! )
0x000ffb3d	2	【코우지】\n나는 하지 않았다!
0x000ffba7	2	【노조미】\n…………
0x000ffc5b	2	【코우지】\n…………
0x000ffc94	2	【코우지】\n(알고 준 것인가……?)
0x000ffcd8	3	【코우지】\n(아니, 내가 뭐라고\n알지 않아도 좋다)
0x000ffd26	4	【코우지】\n(반드시, 지금의 아야녀에게 필요한\n것은\n진실보다, 현실을 뚫는 각오다)
0x000ffd8f	5	【코우지】\n(나, 어업 치아\n마주보는 것처럼…\n아야 여자도 현실을 뿌리고,\n그것을 짙게 고아 준다면…
0x001001a6	2	【코우지】\n(오늘도 짊어졌는지……)
0x0010025a	2	【노조미】\n……살인자.
0x001002f2	3	【코우지】\n(더 이상 뭉클한 것 뿐\n무거웠지만……)
0x0010033f	2	【노조미】\n…………
0x00100377	2	【코우지】\n(걸치는 언선이 없다…
0x001003ba	2	【노조미】\n…………
0x001003f2	3	【코우지】\n(그렇지만, 이대로 시간이\n 지나갈 뿐이라는 것도…
0x00100446	2	【코우지】\n… … 뭐, 단코.
0x00100492	2	【노조미】\n뭐야?
0x001004c9	3	【코우지】\n 사양하지 말고, 나에게\n 뒷말을 부딪쳐도 좋다.
0x00100541	2	【노조미】\n……! ?
0x00100579	4	【코우지】\n나를 뒤집는 것으로 걱정이 된다면,\n과 철저히 뒤집어 주면 좋다. \n 많이 먹을 정도라면 부딪혀.
0x001005f2	3	【코우지】\n그 쪽이…\n살찌는 것도 원하기 때문이다.
0x0010066c	6	【코우지】\n(나는 바보 같은 말을 하지마.\n그렇지만,\n나는......나에게는......\n아야 여자의 윤기함을 알기 때문에\n......)
0x00100707	4	【코우지】\n(……아침, 일어나도,\n거기에 소중한 사람이 없는 슬픔을\n잘 알고 있으니까……)
0x00100814	3	【코우지】\n(오후쿠로가 돌아가자마자는,\n 거의 실감이 들지 않았다)
0x0010086e	6	【코우지】\n(그전에도 늦번 근무로\n돌아오는 시간이 오후가 한참 지난\n날도\n당연히 있었고,\n그날도 그런 느낌에 가까웠다.)
0x001008ec	6	【코우지】\n(단지…… 살아 있으면\n그래도 언젠가는\n돌아왔다.\n잠깐만 기다리면\n반드시 돌아왔다)
0x00100960	4	【코우지】\n(하지만, 날이 지나면서, \n조금씩 어부가 죽었다\n실감이 떠올랐다…
0x001009cb	4	【코우지】\n(아침 먹어도, 푹신푹신이 없다.\n내일 아침도, 내일 아침도,\n지금부터, 계속……)
0x00100a38	5	【코우지】\n(그런 당연한 것에,\n며칠 지나서 드디어 눈치챘다.\n아무리 기다려도,\n다시 두 번 만날 수 없다는 것에…
0x00100ab5	4	【코우지】\n(그것을 깨닫고 나서의 나는,\n자신이라도 사용해 버릴 정도로\n물어 생겨 갔다)
0x00100b22	5	【코우지】\n(나에게 할 수 있었던 것은,\n모든 것이 짖어지기 전에\n노리코의 앞에서 아까를 집어\n폐를 끼치지 않는 것뿐이었다)
0x00100bbb	5	【코우지】\n(결막, 나가 슬픔을 담아\n현실과 마주할 수 있게 된 것은,\n아사츠유씨에게 속아 탐정 치업을\n단단한 뒤였다)
0x00100c47	6	【코우지】\n(나가 일을 기억하자,\n아사츠유씨는 용서 없이 나에게\n일을 물었다.\n그것은 혼자서 맡을 수 있는\n빠듯한 일량이었다)
0x00100cd7	5	【코우지】\n(엄관의 문을 제시한 곳에서\n의식을 잃고, 그대로 아침을 맞이한\n것도\n몇번이나 있었다)
0x00100d4b	5	【코우지】\n(하지만 지금 생각해 보면\n그 부조리한 양의 일도,\n아사츠유씨 나름의 무거운 일이었을\n것이다)
0x00100e3a	3	【코우지】\n(나는 아사츠유씨만큼 손쉽게\n 슬픔을 접하게 할 수 없다)
0x00100e92	5	【코우지】\n(그러니까 적어도…\n노조미의 육류를 뿌리면\n조금이라도 슬픔을\n만지고 하고 싶다…
0x00100f0b	2	【노조미】\n…………
0x00100f43	3	【코우지】\n… … 아쉽다. \n조금 생각을 했다.
0x00100f8c	4	【코우지】\n이쪽은 괜찮다.\n오마에 속에 있는 고기 얼룩…\n돈과 부딪혀 가자.
0x0010101a	2	【코우지】\n......에?
0x00101052	2	【노조미】\n…………
0x001010ad	2	【코우지】\n… … 뭐야?
0x0010110b	2	【코우지】\n단자…
0x00101153	2	【노조미】\n내일, 또 옵니다…
0x001011c0	3	【코우지】\n뭐였어,\n지금의 사견은?
0x00101205	3	【코우지】\n흠… … 깔끔하구나. \n 대답은 내일까지 오카케인가…
0x00101537	2	【코우지】\n…
0x001015a8	3	【노조미】\n네……\n선생님의 모습이 걱정이었기 때문에…
0x001015f7	2	【코우지】\n그, 그렇구나…… 하하하……
0x00101639	4	【코우지】\n(그러고 보니, 나는 아야의 \n가 모기 교자라는 설정이었다.\n잘 기억하고 있었구나…
0x0010169f	4	【코우지】\n(라고 할까, 지금…\n나, 평범하게 생각하지 않았습니까?\n)
0x001016ff	5	【코우지】\n내가 걱정해 줄까?\n일단 세상적으로는 내가 살인범이란\n거지?\n뭐야?
0x0010178f	5	【노조미】\n에에… … 걱정에 푹 빠져\n있습니다. \n세상이 어떻게 보고 있는지는\n관계 없습니다.
0x001017f1	2	【코우지】\n그, 그렇구나…… 하하하……
0x00101833	2	【코우지】\n(어떻게 되어 있어, 도대체……)
0x001018a0	3	【노조미】\n나는 선생님이 살인범이라곤\n생각하지 않으니까.
0x001018ef	2	【코우지】\n그렇구나……
0x00101960	4	【코우지】\n… … 아니, 조금 기다려. \n에? \n 그렇습니까?
0x001019d4	4	【노조미】\n『뒤집는 것으로 걱정이 된다면, \n과 철저히 뒤집어 주면 좋다』라고\n말했지요.
0x00101a63	5	【노조미】\n선생님, 그때,\n진지하게 호소하셨죠?\n……저를 피해자의 가족으로\n여기셨죠.
0x00101ae1	2	【코우지】\n… … 아.
0x00101b19	4	【코우지】\n(이, 지금이 되어 깨달았다…\n피해자의 가문 인 노조미와 나는\n본교 접견하지 않으면 안되는 태장…
0x00101b96	4	【코우지】\n(잘못하면 뒤의 입사인에게\n바레는 곳이었어.\n치지 않았다……!)
0x00101bf9	3	【코우지】\n… … 아, 아하하. \n 괜찮아.
0x00101c64	3	【노조미】\n보통 살인범이\n피해자의 가족을 걱정할까요?
0x00101ced	4	【노조미】\n그 말을 듣고\n가슴속에 있던 위화감이\n확신으로 바뀌었어요.
0x00101d5a	5	【노조미】\n나에게는……\n선생님이 살인을 저지를\n사람이라고는,\n도저히 생각할 수 없습니다.
0x00101db6	4	【코우지】\n아…… 고마워…\n하지만 괜찮습니까?\n그것만으로 나를…
0x00101e36	4	【노조미】\n실은 그것과는 별도로,\n계속 걸려 있던 것이\n있습니다.
0x00101e8a	2	【코우지】\n 걸렸다고?
0x00101eed	3	【노조미】\n재미있는 말을 하면\n죄송합니다…
0x00101f5b	4	【노조미】\n선생님은 권총으로 상대를 죽였다고\n들었습니다.\n하지만 왜 권총입니까?
0x00101fd3	3	【코우지】\n엣......? \n권총은 권총이라고 할까…
0x0010203c	4	【노조미】\n우선, 권총은 입수가 연기로\n아가 붙기 쉽고,\n발포음도 문제가 됩니다.
0x001020be	3	【노조미】\n사실, 발포음으로\n사건이 발각된 거지요?
0x0010213e	4	【노조미】\n그리고 권총에 대해서 있던 지문이\n선생님의 것과 일치했기 때문에\n체포된 것이라고 놓고 있습니다.
0x001021bf	2	【코우지】\n그, 그렇구나…
0x00102221	5	【노조미】\n단지 거기서 걸리는 것은,\n사건의 현장이 된 VIP룸은\n발음설구가 갖추어진 장소\n이라고 하는 것입니다.
0x001022a2	3	【노조미】\n인데 발포음으로 사건이 발각되어\n 이상하지 않습니까?
0x00102305	6	【코우지】\n......재미있는 곳은\n 없지 않을까? \n발포음도 밖에 울리지 않으면\n무거웠으니까\n당당히 고용했을 것이다.
0x0010238e	2	【노조미】\n하지만 넣어 버린 거지요?
0x0010240a	2	【코우지】\n…………
0x00102443	5	【코우지】\n(확실히 그렇다.\n발포음이 쏟아진 탓에\n잔행 시간이 분명\n알고 버렸다…
0x001024b8	3	【코우지】\n(진범은 소리가 쏟아질 때까지\n기분이 숲이 없었는지?)
0x00102514	5	【코우지】\n(아니, 그것도 생각하기 어렵다.\n총을 준비한 것에서도,\n이마바야시의 일련의 범행은,\n계획적인 것이다)
0x001025ad	5	【코우지】\n(나를 하메하기 위해서\n주도한 계획을 빚은 범인이\n경기로서 권총을 고용한 것에는,\n뭔가 다른 의미가 있잖아?)
0x00102647	3	【코우지】\n(범인이 굳이 권총을 고용했다\n리경은 뭐야…
0x001026b2	4	【코우지】\n(그렇게 생각하면,\nVIP 룸에서 권총을 고용한 것은,\n여러가지 의미가 나온다…
0x0010275a	3	【노조미】\n죄송합니다.\n이상한 말을 했습니까?
0x001027aa	4	【코우지】\n......아니,\n오히려 새로운 발견이 있었다. \n 예를 말해.
0x00102825	3	【노조미】\n그렇습니까… …\n그렇다면 좋았습니다.
0x0010286c	5	【코우지】\n에서도, 깜짝 놀랐다. \n오마에가 거기까지 날카롭다고는\n무겁게\n없었어.
0x001028ef	3	【노조미】\n엣......\n어떻습니까?
0x00102941	5	【노조미】\n저는,\n자신이 잡고 있던 것을,\n그대로 선생님에게\n말했을 뿐입니다만…
0x001029a5	7	【코우지】\n(과연……자신의 의기에\n용 붙이가 있는 것은 아니다는\n것인가.\n어쩌면 이 아이는\n전성의 날카로움\n망할지도 모른다)
0x00102a92	2	【노조미】\n…
0x00102ada	2	【코우지】\n 아, 충분히.
0x00102b3d	4	【노조미】\n……좋았다…\n나도, 진범이\n잡으면 좋겠으니까…
0x00102b9d	2	【코우지】\n......그렇구나.
0x00102bfe	3	【노조미】\n......마지막으로 확인시켜\n받을 수 있습니까?
0x00102c47	2	【코우지】\n응, 뭐야?
0x00102ca7	2	【노조미】\n선생님은 사람을 죽인 건가요?
0x00102ce9	3	【코우지】\n......좋아. \n 내가 하지 않았다.
0x00102d54	3	【노조미】\n… … 알았습니다. \n선생님을 믿습니다.
0x00102dc3	4	【노조미】\n그럼 나,\n슬슬 무례하지만,\n또 맘껏 괜찮습니까?
0x00102e18	2	【코우지】\n아, 대환영이다.
0x00102e6c	3	【노조미】\n알았습니다. \n에서는, 또…
0x00102edc	3	【코우지】\n(어쩐지, 실로 만나는 날이\n기다려졌구나…
0x001031f9	2	【노조미】\n……또 와 버렸어요.
0x0010323a	4	【코우지】\n괜찮아.\n이렇게 이야기하는 것만으로도\n기분 전환이 되니까.
0x001032b5	3	【노조미】\n오늘은 부탁드릴 일이 있어서\n왔어요.
0x001032fb	4	【코우지】\n부탁?\n뭐…… 이 정도로 내가 할 수 있는\n일이라면.
0x0010335a	4	【노조미】\n네.\n사실 저는……\n선생님을 돕고 싶어요.
0x001033ad	3	【코우지】\n돕는다고?\n그게……
0x00103414	4	【노조미】\n저는 알고 있어요.\n선생님이 여기서\n무엇을 하려는지.
0x00103469	2	【코우지】\n…………
0x001034c8	3	【노조미】\n저는 진범을 찾아내고 싶어요!\n그러니까……
0x0010351a	2	【코우지】\n……아니, 그건 그만두는 게 좋아.
0x00103587	5	【노조미】\n네?\n왜요?\n확실히 제가 선생님 눈에는\n믿음직스럽지 않을 수도 있지만……
0x001035f2	4	【코우지】\n아니, 네가 믿음직하냐 아니냐의\n문제가 아니야.\n네 몸이 위험에 노출되기 때문이야.
0x00103658	4	【코우지】\n잘 들어, 이건 드라마가 아니야.\n살인범이 상대라고.\n함부로 나서면 역습을 당해.
0x001036d9	2	【노조미】\n하지만……
0x00103710	4	【코우지】\n네 마음은 잘 알아.\n하지만 여기서는 내 말을\n들어 줘.
0x00103779	2	【노조미】\n……네……
0x001037b3	4	【코우지】\n(게다가…… 문제는 범인만이\n아니야.\n경찰의 목적도 있어.)
0x00103823	4	【코우지】\n(함부로 이 사건에 손을 대면\n내가 무죄를 증명하지 못했을 때\n범인 취급을 받을 수도 있어……)
0x001038a0	5	【코우지】\n(게다가 이 아이는\n피의자인 나로 변장해서 면회하러 올\n정도로\n대담한 구석이 있으니까……)
0x0010391c	2	【코우지】\n…………
0x00103955	4	【코우지】\n(… … 아니, 기다려?\n내가 도울 수 없다면\n아야녀는 어떤 행동에 나간다? )
0x001039cb	4	【노조미】\n죄송해요, 제멋대로 말해서……\n폐를 끼치는 것 같으니\n저는 돌아갈게요……
0x00103a32	3	【코우지】\n자, 잠깐만.\n이제 어디로 갈 생각이야?
0x00103aa5	2	【노조미】\n네……?
0x00103aea	3	【노조미】\n……그러고 보니 저,\n어디로 가려고 했던 걸까요?
0x00103b3c	4	【코우지】\n(위험해……\n이 아이를 혼자 두는 건\n너무 위험해……)
0x00103b9a	5	【코우지】\n(그렇다면 내가 지켜볼 수 있는\n범위에서\n무리하지 않게 돕도록 하는\n편이……)
0x00103bfd	4	【코우지】\n……아, 아무래도\n부탁할까.\n도와주는 일 말이야.
0x00103c75	2	【노조미】\n정말인가요!?
0x00103cb0	4	【코우지】\n다만 지금 당장 뭔가를\n부탁하려는 건 아니야.\n그러니 때가 오면 말할게.
0x00103d25	3	【노조미】\n네, 네!\n알겠습니다!
0x00103d65	3	【코우지】\n(노조미는 사건 관계자들의\n중심에 서 있다고도 할 수 있어.)
0x00103dbd	4	【코우지】\n(특히 시라카와 집안에 관한 정보는\n노리코 이상으로 많은 것을\n가져올지도 몰라.)
0x00103e21	4	【코우지】\n(노조미를 위험에 빠뜨리지 않고\n유력한 정보를 얻는 방법은\n얼마든지 있을 거야.)
0x00103eac	2	【노조미】\n……즐거우신 거죠, 선생님.
0x00103ef0	2	【코우지】\n뭐야, 갑자기.
0x00103f39	4	【노조미】\n저에게 뭘 시킬지\n생각하고 있었죠.\n위험하지 않은 조사도 포함해서요.
0x00103f9e	2	【코우지】\n아, 아니, 그게……
0x00103fec	2	【노조미】\n후후, 고마워요.
0x0010402c	3	【코우지】\n(곤란하네……\n거기까지 꿰뚫어 보고 있나……)
0x0010407a	4	【코우지】\n(이 아이는 한눈을 팔면 위험하지만\n상대의 생각을 읽어내는\n통찰력도 갖고 있어.)
0x001040e2	5	【코우지】\n(부탁할 내용을 잘못 고르지만\n않는다면\n든든한 아군이 되어 줄 것\n같아……)
0x00104428	2	【노조미】\n드디어 내일 석방이네요.
0x00104473	2	【코우지】\n……뭐, 그렇게 되면 좋겠지만.
0x001044e0	5	【노조미】\n괜찮아요.\n선생님은 범인이 아니에요.\n이래도 석방되지 않는다면\n수사 기관의 태만이에요.
0x00104573	4	【코우지】\n어, 어이.\n뒤에 거물이 있는데\n꽤나 과격한 말을 하는구나……
0x00104600	4	【노조미】\n저, 내일도 올게요.\n그때는 밖에서 만나요.\n한 번 천천히 이야기하고 싶어요.
0x00104666	3	【코우지】\n그래, 그렇지.\n나도 하고 싶은 이야기가 많아.
0x001046db	3	【노조미】\n그럼……\n기대하고 있을게요.
0x00104753	4	【코우지】\n밖에서 만난다, 라……\n석방됐을 때의 기대거리로 남겨\n둘까.
0x00104a85	2	【노조미】\n……또 와 버렸어요.
0x00104ac6	4	【코우지】\n 괜찮아. \n이렇게 말을 하는 것만으로도,\n기분이 편해지네요.
0x00104b42	3	【노조미】\n오늘은 능숙함을\n해에 붐빕니다.
0x00104b89	4	【코우지】\n부탁?\n뭐…… 이 정도로 내가 할 수 있는\n일이라면.
0x00104be8	4	【노조미】\n네.\n사실 저는……\n선생님을 돕고 싶어요.
0x00104c3b	3	【코우지】\n돕는다고?\n그게……
0x00104ca2	4	【노조미】\n저는 알고 있어요.\n선생님이 여기서\n무엇을 하려는지.
0x00104cf7	2	【코우지】\n…………
0x00104d56	3	【노조미】\n저는 진범을 찾아내고 싶어요!\n그러니까……
0x00104da8	2	【코우지】\n……아니, 그건 그만두는 게 좋아.
0x00104e15	5	【노조미】\n네?\n왜요?\n확실히 제가 선생님 눈에는\n믿음직스럽지 않을 수도 있지만……
0x00104e80	4	【코우지】\n아니, 네가 믿음직하냐 아니냐의\n문제가 아니야.\n네 몸이 위험에 노출되기 때문이야.
0x00104ee5	4	【코우지】\n잘 들어, 이건 드라마가 아니야.\n살인범이 상대야.\n함부로 나서면 역습을 당해.
0x00104f67	2	【노조미】\n하지만……
0x00104f9e	4	【코우지】\n네 마음은 잘 알아.\n하지만 여기서는 내 말을\n들어 줘.
0x00105006	2	【노조미】\n……네……
0x00105040	4	【코우지】\n(게다가…… 문제는 범인만이\n아니야.\n경찰의 목적도 있어.)
0x001050b0	4	【코우지】\n(함부로 이 사건에 손을 대면\n내가 무죄를 증명하지 못했을 때\n범인 취급을 받을 수도 있어……)
0x0010512d	5	【코우지】\n(게다가 이 아이는\n저쪽에 보이지 않는 곳이 있으니까…\n피의자인 나에게\n변장하고 만나러 갈 정도이고)
0x001051a7	3	【코우지】\n(아가씨의 끊어진 버섯이구나…\n도와주는 것은 조금 끓인다…
0x0010520c	2	【코우지】\n…………
0x00105245	4	【코우지】\n(… … 아니, 기다려?\n내가 도울 수 없다면\n아야녀는 어떤 행동에 나간다? )
0x001052ae	5	【코우지】\n(또 아가씨가 끊어진 버섯처럼\n후라후라와 자신으로부터 움직여\n나가고\n 버리는 게 아닌가!?)
0x00105325	4	【노조미】\n죄송해요, 제멋대로 말해서……\n폐를 끼치는 것 같으니\n저는 돌아갈게요……
0x0010538c	3	【코우지】\n자, 잠깐만.\n이제 어디로 갈 생각이야?
0x001053ff	2	【노조미】\n네……?
0x00105444	4	【노조미】\n……그러고 보니 나,\n어디로 갈거야.\n어쩌면?
0x00105497	4	【코우지】\n(위험해……\n이 아이를 혼자 두는 건\n너무 위험해……)
0x001054f5	5	【코우지】\n(그렇다면 내가 지켜볼 수 있는\n범위에서\n무리하지 않게 돕도록 하는\n편이……)
0x00105558	3	【코우지】\n......아니, 역시,\n능숙할까. 도와주세요.
0x001055d0	2	【노조미】\n정말인가요!?
0x0010560b	4	【코우지】\n다만 지금 당장 뭔가를\n부탁하려는 건 아니야.\n그러니 때가 오면 말할게.
0x00105680	3	【노조미】\n네, 네!\n알겠습니다!
0x001056c0	3	【코우지】\n(노조미는 사건 관계자들의\n중심에 서 있다고도 할 수 있어.)
0x00105718	4	【코우지】\n(특히 시라카와 집안에 관한 정보는\n노리코 이상으로 많은 것을\n가져올지도 몰라.)
0x0010577c	4	【코우지】\n(노조미를 위험에 빠뜨리지 않고\n유력한 정보를 얻는 방법은\n얼마든지 있을 거야.)
0x00105807	2	【노조미】\n……즐거우신 거죠, 선생님.
0x0010584b	2	【코우지】\n뭐야, 갑자기.
0x00105894	4	【노조미】\n저에게 뭘 시킬지\n생각하고 있었죠.\n위험하지 않은 조사도 포함해서요.
0x001058f9	2	【코우지】\n아, 아니, 그게……
0x00105947	2	【노조미】\n후후, 고마워요.
0x00105987	3	【코우지】\n(곤란하네……\n거기까지 꿰뚫어 보고 있나……)
0x001059d5	4	【코우지】\n(이 아이는 한눈을 팔면 위험하지만\n상대의 생각을 읽어내는\n통찰력도 갖고 있어.)
0x00105a3d	5	【코우지】\n(부탁할 내용을 잘못 고르지만\n않는다면\n든든한 아군이 되어 줄 것\n같아……)
0x00105acd	3	【노조미】\n하지만, 말하는 것이\n늦었을지도 모릅니다.
0x00105b22	2	【코우지】\n네?
0x00105b7c	3	【노조미】\n내일, 석방될지도\n지도 모르겠네요?
0x00105bcf	3	【코우지】\n… … 아, 그랬다. \n 아직 어떻게 될지 모르겠지만...
0x00105c49	3	【노조미】\n괜찮아요. \n선생님은 범인이 아니다.
0x00105cb0	4	【노조미】\n… … 내일은 밖에서 만날 수\n있을지도\n모르겠네요.
0x00105d00	3	【코우지】\n그렇구나. \n그렇다면 얼마나 좋은가......
0x00105d54	3	【노조미】\n이것으로 석방되지 않으면\n수사기관의 태만이에요.
0x00105dbc	4	【코우지】\n오이오이이. \n뒤에 입사인이 있는데,\n꽤 과격한 것을 말하지 마...
0x00105e43	4	【노조미】\n저, 내일도 올게요.\n그때는 밖에서 만나요.\n한 번 천천히 이야기하고 싶어요.
0x00105ea9	3	【코우지】\n그래, 그렇지.\n나도 하고 싶은 이야기가 많아.
0x00105f1e	3	【노조미】\n그럼……\n기대하고 있을게요.
0x00105f96	4	【코우지】\n밖에서 만난다, 라……\n석방됐을 때의 기대거리로 남겨\n둘까.
0x0010631c	2	【아사츠유】\n괜찮 았어?
0x00106357	2	【코우지】\n아……아…
0x00106392	3	【코우지】\n아사츠유사~응! \n 기다렸어요~!
0x00106408	3	【아사츠유】\n미안해! \n작업이 뚱뚱해 버렸어.
0x00106469	6	【아사츠유】\n어쨌든 부하가 경찰 따위에\n잡혀 버렸지-\n혼자서 역리하지 않으면 안 되는\n것이\n증가해 버려-
0x001064ea	2	【아사츠유】\n이제, 시원하고 대단하니까!
0x00106535	5	【코우지】\n… … 아니, 조금 기다려. \n 이렇게 된 것은 아사츠유씨\n때문이라도\n있을 것입니다! ?
0x001065bc	3	【아사츠유】\n에~! ? \n사람 때문에, 이 아이는.
0x00106607	5	【코우지】\n이라도,\n아사츠유씨가 그렇게 자랑하니까,\n나의 기억이 없어져버려\n경찰에 반론할 수 없잖아요!
0x001066a7	5	【아사츠유】\n아니......설마 이런게\n된다니 무겁지 않았으니까.\n고기는 없었어.\n미안, 코우짱!
0x00106717	5	【코우지】\n귀여워 사과했다고 용서하지 않아요.\n\n여기에서 나오면,\n저주해 주니까요.
0x00106787	4	【아사츠유】\n어머, 괜찮아요!\n좋은 신랑감은 많이 알고\n있으니까요.
0x0010680a	4	【아사츠유】\n24시간 논스톱으로\n회하게 해 줄게. \n 깨달아!
0x0010686b	4	【코우지】\n......어라?\n뭔가 논점이 어긋났어?\n역시 새겨질까, 나?
0x001068d5	3	【아사츠유】\n뭐든지, 괜찮아서\n조금 안심했다.
0x00106944	5	【아사츠유】\n‘살인범으로 기소될 것\n같습니다~!\n도와주세요~!’라고 마주할 때\n생각했는데.
0x001069b4	4	【코우지】\n이라도 아사츠유씨,\n언제나 말하고 있지\n없습니까.
0x00106a03	6	【코우지】\n『아무리 쫓아버려도,\n모르지 말라. \n냉담함을 잃은 시점에서\n험한 판검을 할 수 없게\n된다』라고.
0x00106a7f	4	【코우지】\n나가 아사츠유씨 아래에서 추악해,\n벌써 5년이에요. \n 괜찮아요, 이 정도입니다.
0x00106b08	4	【아사츠유】\n어머, 말하지 않아. \n어린이의 성장을 볼 수 있어,\n어타시 기쁘다.
0x00106b75	3	【아사츠유】\n출연도 없을 것 같고,\n토토 돌아오는군요.
0x00106bbf	3	【코우지】\n다~~~~！ \n 조금 기다려!
0x00106c06	4	【코우지】\n돌아가기 전에,\n최소한 사건 당일의 것만으로도\n말해 주세요!
0x00106c6b	4	【아사츠유】\n후후, 양담이야. \n당일 이야기, 응. \n무슨 일을 하고 싶어?
0x00106cca	4	【코우지】\n어쨌든 나,\n바에 들어간 뒤의 기억이\n 거의 없습니다.
0x00106d26	3	【코우지】\n그러니까 그 때를\n가르쳐 주었으면 합니다만…
0x00106d99	6	【아사츠유】\n음…\n가르쳐 왔을 때의 이야기입니다\n...\n입교한 것이 23시 30분경\n이었을까.
0x00106e15	5	【아사츠유】\n두 사람 모두 벨론 베론이었으니까\n어쨌든 컸고, 삐걱거리고,\n컼보았던 것 정도밖에\n마토모에 기억하지 않지만…
0x00106e8a	4	【코우지】\n(거짓말이다!!\n아사츠유씨는 그의 간을\n간만하고 있지 않을까……!)
0x00106ef1	6	【코우지】\n(……라고 따지고 싶지만,\n기분 상해서 가버려도 곤란하니\n잠자코 있자)
0x00106f7d	4	【아사츠유】\n일단 코우짱이 순식간에\n알갱이 버렸으니까,\n아타시는 찌비찌비 컸고 있었어.
0x0010700b	3	【아사츠유】\n그렇다면,\n알고 있는 보기가 가게에 있었지.
0x00107056	2	【코우지】\n누구인가?
0x001070a2	3	【아사츠유】\n피해자의 시라카와 이치로야. \n조금 알고 있었어.
0x00107108	3	【코우지】\n......뭐라고! ? \n아사츠유 씨가 피해자와 알게! ?
0x00107190	2	【아사츠유】\n네......
0x001071c7	2	【코우지】\n어떻게 알고 계셨나요! ?
0x0010721c	5	【아사츠유】\n글쎄, 그건 좋지 않아! \n남자와 여자의 관계에는\n알리고 싶지 않은 부밀이 있는\n거야.
0x00107280	2	【코우지】\n(설마……그런 관계……?)
0x001072fd	4	【아사츠유】\n잠시 치비치비 컸고 있고,\n도중, 일단 위를 벗고\n화장을 고쳐…
0x0010739c	4	【아사츠유】\n확실히 돌아왔을 때\n코우짱이 일어나서…\n조금 이야기했지만 기억이 안나요?
0x00107408	3	【코우지】\n……아아……\n미묘하게 기억하고 있는 생각이…
0x00107516	3	【코우지】\n… \n이테테…
0x00107556	2	【아사츠유】\n어머, 드디어 일어나?
0x001075b0	3	【코우지】\n우와아, 아사츠유씨! ? \n언제부터 거기에 있었나요?
0x00107627	4	【아사츠유】\n그럼, 있어. \n 조금 화장을 고쳐 주실 수\n있습니다.
0x0010768c	3	【아사츠유】\n코우짱은 좋은 거야? \n정말 컸던 것 같지만?
0x001076e4	3	【코우지】\n......응, 그렇네요. \n그럼 나도 화장을 고쳐…
0x00107788	3	【아사츠유】\n적은 원림하라고 말하지 않아도\n좋다.
0x001077e7	3	【코우지】\n(너무 과도했다…\n아타마가 구앙안 숲 있어…
0x00107871	3	【코우지】\n......후우. \n지금 돌아왔습니다......
0x001078eb	5	【아사츠유】\n괜찮아? \n화장실 쪽에서,\n어쩐지 번창하고 있었다\n같지만......?
0x00107957	4	【코우지】\n… … 그렇게 말하면, 화장실에서\n누군가와\n모양이 부딪친 것 같은…
0x001079b6	3	【코우지】\n흠......\n 기억이 안나.
0x00107a1e	4	【아사츠유】\n뭐, 좋은가.\n그럼, 다시.\n마스터, 병 1 개 추순!
0x00107a7c	4	【코우지】\n에에~! ? \n이제, 용서해 주세요~\n아사츠유씨…
0x00107aff	3	【아사츠유】\n무슨 말을 하는거야,\n아직도 떠들썩하지 않아!
0x00107b4b	3	【코우지】\n……안타, 악마다, 참마다,\n아사츠유다!
0x00107bee	2	【아사츠유】\n상사를 이름만 불러선 안 돼!
0x00107c57	3	【아사츠유】\n어쨌든,\n전옥까지 렛츠고!
0x00107d2b	2	【코우지】\n…………
0x00107d64	3	【코우지】\n전옥커녕,\n지옥에 보내진 건가……나는.
0x00107dd0	3	【아사츠유】\n응? \n 뭐라고 말했어?
0x00107e15	3	【코우지】\n아니오......! \n 그럼?
0x00107e7c	3	【아사츠유】\n저것으로부터 곧바로\n코우짱입을 버렸네.
0x00107ed7	4	【아사츠유】\n어쩔 수 없으니까 아타시가 모양을\n빌려,\n외에서 택시를 받았어.
0x00107f59	3	【아사츠유】\n창전수에 코우짱가의\n내소를 가르쳐, 돈을 치고 해.
0x00107fb9	4	【코우지】\n......그러니까 집까지\n따라 왔습니다.\n그래서 그 후, 아사츠유씨는?
0x00108026	3	【아사츠유】\n아타시는 조금 더 가려고 무거워,\n교로 돌아갔어.
0x001080a2	2	【아사츠유】\n그렇다면 총성이 교내에 퍼져…
0x001080fd	3	【코우지】\n과연. \n사건이 발생한 거군요.
0x00108147	4	【코우지】\n(그 후는 누마사키 변호사로부터 둔\n이야기에\n연결되는 건가……)
0x001081a0	4	【코우지】\n(아사츠유씨에게도 사건 당시의 일을\n쑥하게 듣고 싶지만,\n뒤에 입사인이 있으니까…
0x00108212	3	【코우지】\n……그러고 보니, 아사츠유씨는\n그 가르침에 잘 가시겠습니까?
0x0010828d	5	【아사츠유】\n그래, 갈게. \n싹쑥하게 떠나고 싶을 때는,\nVIP 룸을 빌려\n쏘는 일도 있군요.
0x001082f4	4	【코우지】\n우와! \n그런 풍부한 일이라면,\n나의 순료 올려 주세요~!
0x0010835f	5	【아사츠유】\n다~메. \n안타가 한사람이 되면\n정말 올려주겠으니까\n최선을 다하십시오.
0x001083bf	2	【코우지】\n헤이…
0x00108404	4	【아사츠유】\n… … 라고, 언제까지나 코우짱을\n놀리지 않을거야 ......\n아쉽지만, 슬슬 갈게.
0x0010846b	3	【코우지】\n미안해요,\n선명할 때 일부러.
0x001084dd	6	【아사츠유】\n그래, 별로 좋다!\n하지만 그렇기 때문에 내가\n여기에는 좀처럼 망설이지 않으면\n무겁다.\n최선을 다해, 코우짱!
0x00108551	2	【코우지】\n헤이, 표해.
0x001085ea	3	【코우지】\n(……후우.\n보도 일과이구나…
0x0010888f	1	[『변호사가 되었다면』의 부분]
0x001088ae	2	[『잔죄자의 죄를 가볍게 한다』의\n부분]
0x001088cf	1	[『팔을 길게 하십시오』의 부분]
0x00108953	3	【아사츠유】\n안녕!\n잘 지냈어?
0x00108993	3	【코우지】\n아사츠유 씨!\n오랜만입니다!
0x001089fd	4	【아사츠유】\n어머, 오랜만이라니 인사 한번\n잘하네.\n더 자주 오라는 재촉이야?
0x00108a6e	4	【코우지】\n아, 아니, 뭐……\n그게, 아무튼 정보가\n부족하거든요.
0x00108ad3	5	【아사츠유】\n마음은 알겠지만.\n그렇다고 해서 그런 건 아닌데,\n나 나름대로 이 사건을\n수사하고 있어.
0x00108b4a	2	【코우지】\n네? 정말이에요?
0x00108b95	5	【아사츠유】\n정말이야.\n……라고 해도,\n지금은 다른 일도 있어서\n틈틈이 해 주는 느낌이지만.
0x00108c2a	5	【아사츠유】\n거기서 알게 된 건 하나야.\n아무래도 이 사건은\n내 과거와도 관련이 있다는\n거겠지.
0x00108c91	4	【코우지】\n아사츠유 씨의 과거와 관련이\n있다고……?\n그게 무슨 뜻이에요?
0x00108d01	2	【아사츠유】\n…………
0x00108d3a	4	【코우지】\n뭐, 뭐야?\n내 얼굴을 그렇게 빤히\n쳐다보고……!?
0x00108db2	3	【아사츠유】\n코우 짱의 진지한 표정은\n별로 본 적이 없어서 말이야……
0x00108e18	2	【아사츠유】\n좋은 눈을 하고 있구나 싶었어.
0x00108e5a	4	【코우지】\n아, 참……\n이제 와서야 제가 탐정이라는 걸\n알아챈 거예요?
0x00108eda	3	【아사츠유】\n……농담을 할 수 있을 정도라면\n아직 팔팔하네.
0x00108f5b	4	【아사츠유】\n뭐, 좋아.\n내 과거에 대해\n이야기해 줄게……
0x00108fba	4	【아사츠유】\n……그런데 그전에,\n코우 짱은 지금\n나에 대해 어디까지 알고 있니?
0x00109029	3	【아사츠유】\n예를 들면, 내가 탐정이 되기 전에\n무슨 일을 했는지 알고 있어?
0x00109098	3	【코우지】\n아사츠유 씨의 예전 직업인가요?\n그건……
0x001091ad	3	【아사츠유】\n딩동!\n제법인데.
0x001091f2	3	【코우지】\n뭐, 이 정도는\n기억하고 있어요.
0x0010925d	4	【아사츠유】\n하지만 그건\n나도 용의자로\n보고 있기 때문이겠지.
0x001092b9	2	【코우지】\n…………
0x001092ff	6	【아사츠유】\n후후, 괜찮아.\n우리는 탐정이잖아.\n설령 가족이라도 의심스럽다고\n생각되면\n철저히 조사해야 해.
0x00109374	2	【코우지】\n……응.
0x001093df	5	【코우지】\n……그때 일을 이야기해 주지\n않겠어?\n그리고 왜 변호사를 그만두고\n탐정이 됐는지도……
0x0010947e	5	【아사츠유】\n땡, 아니야.\n정확히 말하자면……이라고 하면\n조금 표현이 가벼워지지만,\n나는 예전에 변호사였어.
0x00109523	4	【아사츠유】\n그것도\n시라카와 그룹의 고문 변호사를\n말이지.
0x00109587	3	【코우지】\n시…… 시라카와 그룹의 변호사!?\n아사츠유 씨가!?
0x001095eb	3	【아사츠유】\n표정이 변했네.\n그렇지, 듣고 싶지?
0x0010966d	5	【코우지】\n……그때 일을 이야기해 주지\n않겠어?\n그리고 왜 변호사를 그만두고\n탐정이 됐는지도……
0x00109707	3	【아사츠유】\n좋아.\n그럼 어디서부터 이야기할까……
0x00109799	2	【아사츠유】\n법조계가 뭔지는 알지?
0x001097e7	4	【코우지】\n변호사나 검사, 재판관처럼\n법률과 관련된 사람들의\n세계라는 거죠?
0x0010985d	5	【아사츠유】\n응, 그래.\n우리 집안은 법조계에 종사하는\n사람이\n많은 가문이었어.
0x001098d7	3	【아사츠유】\n아까 말한 변호사나 검사뿐 아니라\n경찰 관료도 많이 배출했어.
0x00109976	3	【아사츠유】\n그래서 나도 아무 생각 없이……라고\n말하면 조금 어폐가 있겠네.
0x001099fe	4	【아사츠유】\n아무튼, 변호사 자격을 따는 건\n마치 당연한 일처럼 생각해서\n자격을 땄어.
0x00109a67	4	【코우지】\n……왠지\n지금의 아사츠유 씨로서는\n상상하기 어렵네요.
0x00109aca	4	【아사츠유】\n그렇겠지.\n당시의 나는 완전히\n집안의 체면에 지배당했으니까.
0x00109b35	4	【아사츠유】\n그래서 변호사가 되는 것 자체가\n목적이 되어 버렸고\n그다음은 생각하지 않았어.
0x00109bc0	4	【아사츠유】\n사법시험에 합격하자\n앞으로 어떻게 해야 할지\n갑자기 모르겠더라……
0x00109c4a	5	【아사츠유】\n그때서야 비로소 내 인생에 대해\n생각하기 시작했어.\n그 이야기를 주변 사람에게\n했더니……
0x00109cba	6	【아사츠유】\n『변호사가 됐다면\n범죄자의 형을 줄이는\n형사 재판에서 실력을\n갈고닦아라』라는\n말을 들었지.
0x00109d66	2	【아사츠유】\n그 말에 아연실색했어.
0x00109df5	5	【코우지】\n……저도 그건 좀 그렇다고\n생각해요.\n아사츠유 씨도 그 말에\n실망하신 거죠?
0x00109e74	5	【코우지】\n『범죄자의 죄를 가볍게 한다』……\n체포된 사람을\n처음부터 범죄자라고 단정하는 건\n어떨까 싶어요.
0x00109ef4	3	【코우지】\n특히 제가 무죄를 호소하려는\n처지라서 더 그렇고요.
0x00109f5b	4	【아사츠유】\n그래……\n그 말을 듣고서야\n깨달았어.
0x00109fb9	5	【아사츠유】\n이 사람들은 관련된 사람들을 지키기\n위해서가 아니라,\n자기들 체면을 지키기 위해\n나를 변호사로 만들었다는 거지.
0x0010a05c	4	【아사츠유】\n아니,\n그 부분은 딱히 신경 쓰이지\n않았어.
0x0010a0cf	4	【아사츠유】\n아연실색한 건\n『범죄자의 죄를 가볍게 한다』……\n라는 부분이야.
0x0010a13d	5	【아사츠유】\n『범죄자의 죄를 가볍게 한다』……\n체포된 사람을\n처음부터 범죄자라고 단정하는 건\n어떻다고 생각해?
0x0010a1bc	4	【코우지】\n……그렇네요.\n제가 지금 이런 처지라서\n더욱 그렇게 생각해요.
0x0010a223	3	【아사츠유】\n그 어선을 두고 드디어\n깨달았다.
0x0010a27a	5	【아사츠유】\n이 사람들은 관련된 사람들을 지키기\n위해서가 아니라,\n자기들 체면을 지키기 위해\n나를 변호사로 만들었다는 거지.
0x0010a318	4	【아사츠유】\n그렇다고 해도 당시의 나에게는\n부모님에게 정면으로\n반항할 용기가 없었어……
0x0010a3af	4	【아사츠유】\n그래도…… 역시\n마음속으로 납득할 수는\n없었으니까……
0x0010a444	6	【아사츠유】\n부모님이 원하는 형사 사건이 아니라\n민사 사건을 담당하는 변호사가\n되겠다고\n생각해서, 기업의 고문 변호사가\n됐어.
0x0010a515	3	【아사츠유】\n그게 당시 내가 할 수 있는\n최대한의 반항이었어.
0x0010a577	3	【코우지】\n부모님은\n반대하지 않으셨어요?
0x0010a5cd	6	【아사츠유】\n그렇지.\n그 사람들에게는 민사보다 형사가 더\n격이\n높다는\n시시한 편견이 있었거든.
0x0010a676	5	【아사츠유】\n하지만 내가 완강히 물러서지 않는\n걸\n보고\n조건을 붙여 제안했어.
0x0010a6dc	3	【코우지】\n조건부요?\n어떤 조건인데요?
0x0010a749	3	【아사츠유】\n가문에서 소개하는 기업의\n고문 변호사가 되는 것.
0x0010a7b5	3	【코우지】\n그것이,\n시라카와 그룹이었던 것입니까?
0x0010a80d	4	【아사츠유】\n그래.\n결국 가족이 깔아 놓은 길에서\n벗어날 수 없었어.
0x0010a88f	5	【아사츠유】\n하지만 말이야…… 그래도\n아주 조금이나마\n처음으로 내가 선택한 길이었으니까,\n열심히 노력했어.
0x0010a935	4	【아사츠유】\n시라카와 그룹은 당시\n엄청난 기세로 성장하고 있었지만,\n뒤로는 상당히 더러운 짓도 했어.
0x0010a9af	4	【아사츠유】\n덕분에\n형사 사건을 맡은 적도\n있었지.
0x0010aa32	4	【아사츠유】\n뒤에서 벌이던 일이 도를 넘어서\n이른바 희생자도\n몇 명 나오고 말았어……
0x0010aa99	3	【코우지】\n시라카와 그룹에는\n겉과 뒤의 얼굴이 있다는 건가요?
0x0010ab0f	3	【아사츠유】\n기업의 체질이라기보다\n톱이 그랬다는 거야.
0x0010ab68	3	【코우지】\n톱이라면……\n시라카와 이치로 씨 말이죠?
0x0010abc4	4	【아사츠유】\n그래.\n그래서 그 사람과\n꽤 맞붙었어.
0x0010ac1f	5	【아사츠유】\n하지만 병도 앓고 있었기 때문에\n시라카와 그룹의 고문 변호사를\n그만두겠다는 생각은 한순간도 하지\n않았어.
0x0010ac98	3	【코우지】\n하지만 결국 그만둔 거죠?\n왜 그랬어요?
0x0010ad0c	2	【아사츠유】\n…………
0x0010ad52	3	【아사츠유】\n그저 무서웠어……\n그뿐이야.
0x0010ad98	3	【코우지】\n(이렇게 슬픈 표정의 아사츠유 씨는\n본 적이 없어……)
0x0010ae15	4	【아사츠유】\n……뭐, 그런 이유로\n시라카와와는 여러 가지 악연이 있는\n거야.
0x0010aed1	3	【아사츠유】\n……아, 안 되겠다!\n슬슬 가야겠어!
0x0010af1e	3	【코우지】\n……이 사람도 바빠 보였는데,\n지금은 어떤 일을 하고 있어요?
0x0010afa4	5	【아사츠유】\n사람을 찾고 있어.\n그 사람에 관한 중요한 정보를\n쥐고 있는 정보상과\n이따가 만나기로 했거든.
0x0010b022	3	【코우지】\n사람 찾기라……\n성가시겠네요……
0x0010b071	3	【코우지】\n저는 아무것도 못 하지만,\n힘내세요.
0x0010b0e5	3	【아사츠유】\n나도 감옥 안에 있는 사람을\n부려먹을 생각은 없어.
0x0010b169	4	【아사츠유】\n하지만 빨리 이쪽으로 돌아와.\n그때는 실컷\n부려먹어 줄 테니까.
0x0010b1cb	2	【코우지】\n네, 네……
0x0010b22c	2	【아사츠유】\n후후, 그럼 또 봐.
0x0010b2c6	5	【코우지】\n……옛날 이야기를 할 때의\n아사츠유 씨 표정은\n내가 알고 있는 아사츠유 씨가\n아니었어……
0x0010b5d2	3	【아사츠유】\n안녕!\n잘 지냈어?
0x0010b612	2	【코우지】\n응-, 우선은 곳이군요.
0x0010b657	4	【코우지】\n아사츠유 씨야말로\n사람을 찾느라 바쁘다고\n말씀하셨잖아요……?
0x0010b6e5	5	【아사츠유】\n음, 이쪽도 그럭저럭이려나.\n후후, 우리 둘 다 무사히 지내고\n있네.\n완벽하다고는 말할 수 없지만.
0x0010b753	3	【코우지】\n그렇게 대놓고 완벽하다고\n말할 수는 없죠.
0x0010b79d	5	【코우지】\n정말 잘 풀리고 있을 때라도\n그 완벽함이 나중에는 함정이\n되니까요.\n그렇지 않아요?
0x0010b82b	4	【아사츠유】\n응, 바로 그런 거야.\n코우 짱도 이제\n좀 알아가는구나.
0x0010b87f	3	【코우지】\n그래도 제 사건 이야기는\n꺼내지 말아 주세요~……
0x0010b8f7	3	【아사츠유】\n조사하고 있어.\n사람 찾기를 겸해서 말이야.
0x0010b94d	3	【코우지】\n 엣, 그랬습니까? \n무엇인가 좋은 정보 들어갔습니다…
0x0010b9c9	2	【아사츠유】\n아마~이!
0x0010ba27	5	【아사츠유】\n그런 스스로…\n하고 싶은 곳이지만,\n아직 고용할 수 있는 수준의 정보는\n없다는 것이 험직한 곳일까.
0x0010baa6	2	【아사츠유】\n하지만 말이야……
0x0010bb04	4	【아사츠유】\n당신을 범죄자로 만들지는 않을\n거야.\n절대로.
0x0010bb50	2	【코우지】\n……아사츠유씨.
0x0010bb8d	3	【코우지】\n(이 표정은,\n최근 한 번 본 적이 있다)
0x0010bbdc	4	【코우지】\n(그렇다… … 이전의 접견으로,\n아사츠유씨의 과표에 대해서\n들었을 때…
0x0010bc3f	4	【코우지】\n그런 말씀 마세요.\n저도 범죄자가 될 생각은\n없으니까요.
0x0010bcbe	4	【아사츠유】\n……후후, 그렇지.\n코우 짱은 코우 짱대로\n열심히 하고 있으니까.
0x0010bd3b	3	【아사츠유】\n하지만 말이야,\n정말 일이 생기면 내가……
0x0010bd81	3	【코우지】\n아사츠유 씨.\n이건 내 사건이야.
0x0010bde2	2	【아사츠유】\n……!
0x0010be19	6	【코우지】\n(왜일까.\n그 다음 말을 하게 해서는 안 될\n것\n같은\n느낌이 들었다……)
0x0010be71	4	【코우지】\n아사츠유 씨는 사람 찾기에\n집중하세요.\n괜찮아요, 저를 믿어 주세요.
0x0010bf08	3	【아사츠유】\n……후후, 듬직해졌구나,\n코우 짱……
0x0010bf57	4	【코우지】\n……그런 말을 들으면,\n마치 어머니에게 칭찬받는\n기분이에요.
0x0010bfdd	3	【아사츠유】\n뭐, 나는 보호자 같은\n사람이기도 하니까.
0x0010c02c	3	【코우지】\n……그 말에 반박할 수 없는 게\n조금 슬프지만……
0x0010c0db	3	【아사츠유】\n슬슬 코우짱에게는\n화해 두어도 좋을까…
0x0010c128	2	【코우지】\n네? 무슨 이야기예요?
0x0010c18d	3	【아사츠유】\n아타시가 변호사를 가로지르는 이경…\n이전에 두고 싶었습니까?
0x0010c1f6	4	【아사츠유】\n……나 말이야, 예전에 심장병을\n앓았어.\n아니, 과거형이 아니네.
0x0010c283	4	【아사츠유】\n지금도 약을 계속 먹고 있으니까,\n현재진행형이라고 하면\n그럴지도 모르겠네.
0x0010c2e3	2	【코우지】\n……무슨 뜻인가요?
0x0010c349	3	【아사츠유】\n심장을 앓은 건 2000년\n무렵이야.
0x0010c3ae	8	【아사츠유】\n거리를 보통으로 느슨하게 하면\n투투에\n동아가\n격하게 되어, 그대로 어슬렁거렸다.\n\n그렇다면 병원 침대에서 뿌리를\n냈다.
0x0010c446	3	【아사츠유】\n그곳에서 의사에게 들었어.\n이대로라면 길어야 몇 년이라고.
0x0010c4a7	6	【아사츠유】\n정말 충격이었던 건,\n심장병이라는 사실을 시라카와\n이치로에게\n알렸을 때\n그걸 이유로 해고당한 일이었어……
0x0010c52d	4	【아사츠유】\n열심히 공부해서 변호사가 됐는데,\n병 하나로 모든 것이\n결정됐어……
0x0010c5c5	4	【아사츠유】\n자포자기 상태였던 거겠지……\n그때의 나는,\n죽어도 좋다고 생각했어.
0x0010c633	3	【코우지】\n……하지만 아사츠유 씨는 살아\n있잖아요.
0x0010c6a0	4	【아사츠유】\n그래……\n나를 격려해 주는\n사람이 있었으니까……
0x0010c6f6	2	【코우지】\n…………
0x0010c73c	5	【아사츠유】\n멋진 사람이었어.\n상냥하고 머리도 좋았지.\n풀이 죽은 나를 보고\n여러모로 잘해 줬어.
0x0010c7e1	3	【아사츠유】\n하지만 그건\n애정이 아니라 동정이었어.
0x0010c839	5	【아사츠유】\n그에게는 따로 좋아하는 사람이\n있었어.\n학생 시절부터\n계속 좋아했던 모양이야……
0x0010c8a7	3	【아사츠유】\n내가 끼어들 여지는\n전혀 없었어.
0x0010c923	4	【아사츠유】\n그래도…… 단둘이 있을 수 있는\n시간이\n기뻤어……
0x0010c99d	4	【아사츠유】\n덕분에 내 안에서\n죽고 싶다는 마음이\n점점 희미해졌어……
0x0010ca0d	5	【아사츠유】\n그것을 당시 다녔던 병원의\n간호자 씨에게 이야기하면,\n곧바로도 수혜자 기록하는 편이\n좋다고 끓여져.
0x0010ca89	2	【코우지】\n수혜자 등록?
0x0010cb04	4	【아사츠유】\n심장 이식을 하려면\n수혜자로 등록하고\n기증자를 기다려야 해.
0x0010cb73	4	【코우지】\n그렇군요.\n심장 이식을 받을 결심을\n그때 굳혔다는 거군요.
0x0010cbda	2	【아사츠유】\n응, 그래.
0x0010cc39	5	【아사츠유】\n그리고 몇 년이 지나\n내 심장이 비명을 지르기 시작했을\n무렵,\n기증자가 나타나 줬어.
0x0010ccd2	3	【아사츠유】\n그래서 나는\n지금도 살아갈 수 있는 거야……
0x0010cd1d	2	【코우지】\n…………
0x0010cd7c	4	【아사츠유】\n지금 내 목숨을 지탱해 주는 심장은\n어떤 사람에게서 받은 것……\n아무리 감사해도 부족해……
0x0010cde9	3	【코우지】\n……왜 갑자기 그 이야기를\n저한테 하실 마음이 든 거예요?
0x0010ce62	5	【아사츠유】\n글쎄, 왜일까.\n굳이 말하자면,\n이야기하려면 지금밖에 없다고\n생각했기 때문……일까.
0x0010ceed	5	【아사츠유】\n왠지,\n코우 짱이 이쪽으로 나오면\n지금까지처럼 서로 놀리는 사이로\n돌아가 버릴 것 같기도 하고.
0x0010cf5b	2	【코우지】\n아하하, 그건 좀 봐 주세요.
0x0010cfa7	3	【코우지】\n……그래도 저는 기뻤어요.\n그런 이야기까지 해 주셔서……
0x0010d001	4	【코우지】\n아사츠유 씨를 전보다\n훨씬 가까운 사람처럼 느끼게\n됐고요.
0x0010d060	4	【코우지】\n이제 아사츠유 씨는 제 누나……\n아니,\n누나 같은 사람이니까요.
0x0010d0e6	2	【아사츠유】\n……좋아, 누나라고 해.
0x0010d128	2	【코우지】\n아니, 아무리 그래도 그건……
0x0010d190	3	【아사츠유】\n……어쨌든 우선은 내일이야.\n나오는 거 기다리고 있을게.
0x0010d1e7	3	【코우지】\n그래. \n 최선을 다하겠습니다.
0x0010d227	4	【코우지】\n(아사츠유 씨에게는\n여러 가지 묻고 싶은 게 있지만,\n그건 석방된 뒤에 해도 돼.)
0x0010d290	3	【코우지】\n(우선 내가 여기서\n나가야 해……)
0x0010d52e	1	[『변호사가 되었다면』의 부분]
0x0010d54d	2	[『잔죄자의 죄를 가볍게 한다』의\n부분]
0x0010d56e	1	[『팔을 길게 하십시오』의 부분]
0x0010d5f2	3	【아사츠유】\n안녕!\n잘 지냈어?
0x0010d632	3	【코우지】\n아사츠유 씨!\n오랜만입니다!
0x0010d69c	4	【아사츠유】\n어머, 오랜만이라니 인사 한번\n잘하네.\n더 자주 오라는 재촉이야?
0x0010d70d	4	【코우지】\n아, 아니, 뭐……\n그게, 아무튼 정보가\n부족하거든요.
0x0010d772	5	【아사츠유】\n마음은 알겠지만.\n그렇다고 해서 그런 건 아닌데,\n나 나름대로 이 사건을\n수사하고 있어.
0x0010d7e9	2	【코우지】\n네? 정말이에요?
0x0010d834	5	【아사츠유】\n정말이야.\n……라고 해도,\n지금은 다른 일도 있어서\n틈틈이 해 주는 느낌이지만.
0x0010d8c9	5	【아사츠유】\n거기서 알게 된 건 하나야.\n아무래도 이 사건은\n내 과거와도 관련이 있다는\n거겠지.
0x0010d930	4	【코우지】\n아사츠유 씨의 과거와 관련이\n있다고……?\n그게 무슨 뜻이에요?
0x0010d9ad	2	【아사츠유】\n…………
0x0010d9e6	4	【코우지】\n뭐, 뭐야?\n내 얼굴을 그렇게 빤히\n쳐다보고……!?
0x0010da5e	3	【아사츠유】\n코우 짱의 진지한 표정은\n별로 본 적이 없어서 말이야……
0x0010dac4	2	【아사츠유】\n좋은 눈을 하고 있구나 싶었어.
0x0010db06	4	【코우지】\n아, 참……\n이제 와서야 제가 탐정이라는 걸\n알아챈 거예요?
0x0010db86	3	【아사츠유】\n……농담을 할 수 있을 정도라면\n아직 팔팔하네.
0x0010dc07	4	【아사츠유】\n뭐, 좋아.\n내 과거에 대해\n이야기해 줄게……
0x0010dc66	4	【아사츠유】\n……그런데 그전에,\n코우 짱은 지금\n나에 대해 어디까지 알고 있니?
0x0010dcd5	3	【아사츠유】\n예를 들면, 내가 탐정이 되기 전에\n무슨 일을 했는지 알고 있어?
0x0010dd44	3	【코우지】\n아사츠유 씨의 예전 직업인가요?\n그건……
0x0010de59	3	【아사츠유】\n딩동!\n제법인데.
0x0010de9e	3	【코우지】\n뭐, 이 정도는\n기억하고 있어요.
0x0010df09	4	【아사츠유】\n하지만 그건\n나도 용의자로\n보고 있기 때문이겠지.
0x0010df65	2	【코우지】\n…………
0x0010dfab	6	【아사츠유】\n후후, 괜찮아.\n우리는 탐정이잖아.\n설령 가족이라도 의심스럽다고\n생각되면\n철저히 조사해야 해.
0x0010e020	2	【코우지】\n……응.
0x0010e059	5	【코우지】\n……그때 일을 이야기해 주지\n않겠어?\n그리고 왜 변호사를 그만두고\n탐정이 됐는지도……
0x0010e0f8	5	【아사츠유】\n땡, 아니야.\n정확히 말하자면……이라고 하면\n조금 표현이 가벼워지지만,\n나는 예전에 변호사였어.
0x0010e19d	4	【아사츠유】\n그것도\n시라카와 그룹의 고문 변호사를\n말이지.
0x0010e201	3	【코우지】\n시…… 시라카와 그룹의 변호사!?\n아사츠유 씨가!?
0x0010e265	3	【아사츠유】\n표정이 변했네.\n그렇지, 듣고 싶지?
0x0010e2b5	5	【코우지】\n……그때 일을 이야기해 주지\n않겠어?\n그리고 왜 변호사를 그만두고\n탐정이 됐는지도……
0x0010e34f	3	【아사츠유】\n좋아.\n그럼 어디서부터 이야기할까……
0x0010e3e8	2	【아사츠유】\n법조계가 뭔지는 알지?
0x0010e436	4	【코우지】\n변호사나 검사, 재판관처럼\n법률과 관련된 사람들의\n세계라는 거죠?
0x0010e4ac	5	【아사츠유】\n응, 그래.\n우리 집안은 법조계에 종사하는\n사람이\n많은 가문이었어.
0x0010e526	3	【아사츠유】\n아까 말한 변호사나 검사뿐 아니라\n경찰 관료도 많이 배출했어.
0x0010e5c5	3	【아사츠유】\n그래서 나도 아무 생각 없이……라고\n말하면 조금 어폐가 있겠네.
0x0010e64d	4	【아사츠유】\n아무튼, 변호사 자격을 따는 건\n마치 당연한 일처럼 생각해서\n자격을 땄어.
0x0010e6b6	4	【코우지】\n……왠지\n지금의 아사츠유 씨로서는\n상상하기 어렵네요.
0x0010e719	4	【아사츠유】\n그렇겠지.\n당시의 나는 완전히\n집안의 체면에 지배당했으니까.
0x0010e784	4	【아사츠유】\n그래서 변호사가 되는 것 자체가\n목적이 되어 버렸고\n그다음은 생각하지 않았어.
0x0010e80f	4	【아사츠유】\n사법시험에 합격하자\n앞으로 어떻게 해야 할지\n갑자기 모르겠더라……
0x0010e899	5	【아사츠유】\n그때서야 비로소 내 인생에 대해\n생각하기 시작했어.\n그 이야기를 주변 사람에게\n했더니……
0x0010e909	6	【아사츠유】\n『변호사가 됐다면\n범죄자의 형을 줄이는\n형사 재판에서 실력을\n갈고닦아라』라는\n말을 들었지.
0x0010e9b5	2	【아사츠유】\n그 말에 아연실색했어.
0x0010ea38	5	【코우지】\n……저도 그건 좀 그렇다고\n생각해요.\n아사츠유 씨도 그 말에\n실망하신 거죠?
0x0010eab2	5	【코우지】\n『범죄자의 죄를 가볍게 한다』……\n체포된 사람을\n처음부터 범죄자라고 단정하는 건\n어떨까 싶어요.
0x0010eb32	3	【코우지】\n특히 제가 무죄를 호소하려는\n처지라서 더 그렇고요.
0x0010eb99	4	【아사츠유】\n그래……\n그 말을 듣고서야\n깨달았어.
0x0010ebf7	5	【아사츠유】\n이 사람들은 관련된 사람들을 지키기\n위해서가 아니라,\n자기들 체면을 지키기 위해\n나를 변호사로 만들었다는 거지.
0x0010ec9a	4	【아사츠유】\n아니,\n그 부분은 딱히 신경 쓰이지\n않았어.
0x0010ed0d	4	【아사츠유】\n아연실색한 건\n『범죄자의 죄를 가볍게 한다』……\n라는 부분이야.
0x0010ed7b	5	【아사츠유】\n『범죄자의 죄를 가볍게 한다』……\n체포된 사람을\n처음부터 범죄자라고 단정하는 건\n어떻다고 생각해?
0x0010edfa	4	【코우지】\n……그렇네요.\n제가 지금 이런 처지라서\n더욱 그렇게 생각해요.
0x0010ee61	3	【아사츠유】\n그 어선을 두고 드디어\n깨달았다.
0x0010eeb8	5	【아사츠유】\n이 사람들은 관련된 사람들을 지키기\n위해서가 아니라,\n자기들 체면을 지키기 위해\n나를 변호사로 만들었다는 거지.
0x0010ef56	4	【아사츠유】\n그렇다고 해도 당시의 나에게는\n부모님에게 정면으로\n반항할 용기가 없었어……
0x0010efed	4	【아사츠유】\n그래도…… 역시\n마음속으로 납득할 수는\n없었으니까……
0x0010f082	6	【아사츠유】\n부모님이 원하는 형사 사건이 아니라\n민사 사건을 담당하는 변호사가\n되겠다고\n생각해서, 기업의 고문 변호사가\n됐어.
0x0010f153	3	【아사츠유】\n그게 당시 내가 할 수 있는\n최대한의 반항이었어.
0x0010f1b5	3	【코우지】\n부모님은\n반대하지 않으셨어요?
0x0010f20b	6	【아사츠유】\n그렇지.\n그 사람들에게는 민사보다 형사가 더\n격이\n높다는\n시시한 편견이 있었거든.
0x0010f2b4	5	【아사츠유】\n하지만 내가 완강히 물러서지 않는\n걸\n보고\n조건을 붙여 제안했어.
0x0010f31a	3	【코우지】\n조건부요?\n어떤 조건인데요?
0x0010f387	3	【아사츠유】\n가문에서 소개하는 기업의\n고문 변호사가 되는 것.
0x0010f3f3	3	【코우지】\n그것이 시라카와 그룹이었던\n것입니까?
0x0010f44a	4	【아사츠유】\n그래.\n결국 가족이 깔아 놓은 길에서\n벗어날 수 없었어.
0x0010f4cc	5	【아사츠유】\n하지만 말이야…… 그래도\n아주 조금이나마\n처음으로 내가 선택한 길이었으니까,\n열심히 노력했어.
0x0010f572	4	【아사츠유】\n시라카와 그룹은 당시\n엄청난 기세로 성장하고 있었지만,\n뒤로는 상당히 더러운 짓도 했어.
0x0010f5ec	4	【아사츠유】\n덕분에\n형사 사건을 맡은 적도\n있었지.
0x0010f66f	5	【아사츠유】\n용으로 하고 있었던 것이 너무\n가고,\n소위 희생자도\n몇명 나와서…
0x0010f6dd	3	【코우지】\n시라카와 그룹에는\n겉과 뒤의 얼굴이 있다는 건가요?
0x0010f753	3	【아사츠유】\n기업의 체질이라기보다\n톱이 그랬다는 거야.
0x0010f7ac	3	【코우지】\n톱이라면……\n시라카와 이치로 씨 말이죠?
0x0010f808	4	【아사츠유】\n그래.\n그래서 그 사람과\n꽤 맞붙었어.
0x0010f863	5	【아사츠유】\n하지만 병도 앓고 있었기 때문에\n시라카와 그룹의 고문 변호사를\n그만두겠다는 생각은 한순간도 하지\n않았어.
0x0010f8dc	3	【코우지】\n에서도 결막은 가로지르는 거죠? \n왜?
0x0010f952	2	【아사츠유】\n…………
0x0010f998	3	【아사츠유】\n그저 무서웠어……\n그뿐이야.
0x0010f9de	3	【코우지】\n(이렇게 슬픈 표정의 아사츠유 씨는\n본 적이 없어……)
0x0010fa5b	4	【아사츠유】\n……뭐, 그런 이유로\n시라카와와는 여러 가지 악연이 있는\n거야.
0x0010faec	3	【아사츠유】\n……아, 안 되겠다!\n슬슬 가야겠어!
0x0010fb39	3	【코우지】\n……이 사람도 바빠 보였는데,\n지금은 어떤 일을 하고 있어요?
0x0010fbbf	5	【아사츠유】\n사람을 찾고 있어.\n그 사람에 관한 중요한 정보를\n쥐고 있는 정보상과\n이따가 만나기로 했거든.
0x0010fc3d	3	【코우지】\n사람 찾기라……\n성가시겠네요……
0x0010fc8c	3	【코우지】\n에서도 나의 사건도\n만지지 마세요~!
0x0010fce7	4	【아사츠유】\n조사하고 있어. \n지금은 어디까지나\n사람 찾기와 효행해, 하지만.
0x0010fd52	2	【아사츠유】\n하지만 말이야……
0x0010fdb0	4	【아사츠유】\n당신을 범죄자로 만들지는 않을\n거야.\n절대로.
0x0010fdfc	4	【코우지】\n그런 말씀 마세요.\n저도 범죄자가 될 생각은\n없으니까요.
0x0010fe7b	4	【아사츠유】\n……후후, 그렇지.\n코우 짱은 코우 짱대로\n열심히 하고 있으니까.
0x0010fef8	3	【아사츠유】\n하지만 말이야,\n정말 일이 생기면 내가……
0x0010ff3e	3	【코우지】\n아사츠유 씨.\n이건 내 사건이야.
0x0010ff9f	2	【아사츠유】\n……!
0x0010ffd6	6	【코우지】\n(왜일까.\n그 다음 말을 하게 해서는 안 될\n것\n같은\n느낌이 들었다……)
0x0011002e	5	【코우지】\n아사츠유씨는 사람 찾기에 집중해\n주세요.\n\n 괜찮아, 나를 믿어.
0x001100c5	3	【아사츠유】\n……후후, 듬직해졌구나,\n코우 짱……
0x00110114	4	【코우지】\n……그런 말을 들으면,\n마치 어머니에게 칭찬받는\n기분이에요.
0x0011019a	3	【아사츠유】\n뭐, 나는 보호자 같은\n사람이기도 하니까.
0x001101e9	3	【코우지】\n……그 말에 반박할 수 없는 게\n조금 슬프지만……
0x0011026d	3	【아사츠유】\n역시 코우짱에게는\n화해 두어도 좋을까…
0x001102ba	2	【코우지】\n네? 무슨 이야기예요?
0x0011031f	3	【아사츠유】\n아타시가 변호사를 가로지르는 이경…\n조금 전, 두고 싶었습니까?
0x0011037a	3	【코우지】\n아, 아… …\n에서도 이야기하고 싶지 않다면
0x001103ea	3	【아사츠유】\n그래, 말해.\n오히려 말하고 싶다.
0x00110436	3	【코우지】\n...... 알았어,\n미안해.
0x001104a3	4	【아사츠유】\n……나 말이야, 예전에 심장병을\n앓았어.\n아니, 과거형이 아니네.
0x00110530	4	【아사츠유】\n지금도 약을 계속 먹고 있으니까,\n현재진행형이라고 하면\n그럴지도 모르겠네.
0x00110590	2	【코우지】\n……무슨 뜻인가요?
0x001105f6	3	【아사츠유】\n심장병을 앓은 건 2000년의\n일이야.
0x00110692	6	【아사츠유】\n거리를 보통으로 느슨하게 하면\n투에 동아가 격렬해져,\n그대로 탄생한 거야. \n그렇다면 병원 침대에서 뿌리를\n냈다.
0x0011072b	3	【아사츠유】\n그곳에서 의사에게 들었어.\n이대로라면 길어야 몇 년이라고.
0x0011078c	6	【아사츠유】\n정말 충격이었던 건,\n심장병이라는 사실을 시라카와\n이치로에게\n알렸을 때\n그걸 이유로 해고당한 일이었어……
0x00110812	4	【아사츠유】\n열심히 공부해서 변호사가 됐는데,\n병 하나로 모든 것이\n결정됐어……
0x00110891	4	【아사츠유】\n자포자기 상태였던 거겠지……\n그때의 나는,\n죽어도 좋다고 생각했어.
0x001108ff	3	【코우지】\n……하지만 아사츠유 씨는 살아\n있잖아요.
0x0011096c	4	【아사츠유】\n그래……\n나를 격려해 주는\n사람이 있었으니까……
0x001109c2	2	【코우지】\n…………
0x00110a08	5	【아사츠유】\n멋진 사람이었어.\n상냥하고 머리도 좋았지.\n풀이 죽은 나를 보고\n여러모로 잘해 줬어.
0x00110aad	3	【아사츠유】\n하지만 그건\n애정이 아니라 동정이었어.
0x00110b05	5	【아사츠유】\n그에게는 따로 좋아하는 사람이\n있었어.\n학생 시절부터\n계속 좋아했던 모양이야……
0x00110b73	3	【아사츠유】\n내가 끼어들 여지는\n전혀 없었어.
0x00110bef	4	【아사츠유】\n그래도…… 단둘이 있을 수 있는\n시간이\n기뻤어……
0x00110c69	4	【아사츠유】\n덕분에 내 안에서\n죽고 싶다는 마음이\n점점 희미해졌어……
0x00110cd9	5	【아사츠유】\n그것을 당시 다니고 있던 병원의\n간호자씨에게 말하면,\n곧바로도 수혜자 기록하는 편이\n좋다고 끓여져.
0x00110d56	2	【코우지】\n수혜자 등록?
0x00110dd1	4	【아사츠유】\n심장 이식을 하려면\n수혜자로 등록하고\n기증자를 기다려야 해.
0x00110e40	4	【코우지】\n그렇군요.\n심장 이식을 받을 결심을\n그때 굳혔다는 거군요.
0x00110ea7	2	【아사츠유】\n응, 그래.
0x00110f06	5	【아사츠유】\n그리고 몇 년이 지나\n내 심장이 비명을 지르기 시작했을\n무렵,\n기증자가 나타나 줬어.
0x00110f9f	3	【아사츠유】\n그래서 나는\n지금도 살아갈 수 있는 거야……
0x00110fea	2	【코우지】\n…………
0x00111049	4	【아사츠유】\n지금 내 목숨을 지탱해 주는 심장은\n어떤 사람에게서 받은 것……\n아무리 감사해도 부족해……
0x001110b6	3	【코우지】\n……왜 갑자기 그 이야기를\n저한테 하실 마음이 든 거예요?
0x0011112f	5	【아사츠유】\n글쎄, 왜일까.\n굳이 말하자면,\n이야기하려면 지금밖에 없다고\n생각했기 때문……일까.
0x001111ba	5	【아사츠유】\n왠지,\n코우 짱이 이쪽으로 나오면\n지금까지처럼 서로 놀리는 사이로\n돌아가 버릴 것 같기도 하고.
0x00111228	2	【코우지】\n아하하, 그건 좀 봐 주세요.
0x00111274	3	【코우지】\n……그래도 저는 기뻤어요.\n그런 이야기까지 해 주셔서……
0x001112ce	4	【코우지】\n아사츠유 씨를 전보다\n훨씬 가까운 사람처럼 느끼게\n됐고요.
0x0011132d	4	【코우지】\n이제 아사츠유 씨는 제 누나……\n아니,\n누나 같은 사람이니까요.
0x001113b3	2	【아사츠유】\n……좋아, 누나라고 해.
0x001113f5	2	【코우지】\n아니, 아무리 그래도 그건……
0x0011145d	3	【아사츠유】\n……어쨌든 우선은 내일이야.\n나오는 거 기다리고 있을게.
0x001114b4	2	【코우지】\n그래. 최선을 다하겠습니다.
0x001114f3	4	【코우지】\n(아사츠유 씨에게는\n여러 가지 묻고 싶은 게 있지만,\n그건 석방된 뒤에 해도 돼.)
0x0011155c	3	【코우지】\n(우선 내가 여기서\n나가야 해……)
0x00111897	2	【적】\n야아, 건강했던 까이, 사이토가와.
0x001118dd	3	【코우지】\n죄송합니다, 접견 종결로\n결막입니다.
0x00111995	5	【적】\n마, 기다려! \n그 문제의 대응은 뭐야! \n 입사인의 계단도 \n 가시가 아닌가!
0x00111a28	5	【적】\n 일부러 이렇게 잠자는 친구가\n초중견 닦으러 왔다고 하는데,\n그 얽매이지 않는 민감함은 없을\n것이다!
0x00111a9c	3	【코우지】\n뭐가 심중미 닦았어. \n 차가워 왔을 뿐이지.
0x00111b28	4	【적】\n후, 후훈, 그렇다고도 말하네.\n드디어 나의 총계가 보상 될 때\n왔으니까.
0x00111b8f	2	【코우지】\n뭐야, 그 총이라는 것은?
0x00111bde	5	【적】\n 정해져 있을 것이다. \n그 무렵, 뭔가에 붙여 언제나 나의\n전에 서 있던 너의...라고,\n불필요한 신세다!
0x00111c7a	5	【적】\n원래 너는 지금, 나의 아빠에게\n신세를 지고 있다고 하는데,\n나에 대한 감사의 언선은\n없는 것인가!
0x00111ceb	6	【코우지】\n뭐 확실히 누마사키 신타로\n변호사에게는\n한 번 인사하고 싶지만,\n그 녀석 밖에 없는 봉봉의\n타타로 강에는 특히......
0x00111dad	4	【타타로】\n훈. \n너에게 마음이 닿지 않아도,\n나에게는 큰 거야.
0x00111e2b	3	【타타로】\n나의 화려한 인생 속에서,\n너의 존재만이 유이치의 오점이다.
0x00111ec3	6	【신타로】\n그런 자네가\n구치소에 들어가 있다니,\n이 멋진 일을 이대로 보고만 있을\n수야\n있겠나!
0x00111f33	5	【코우지】\n음…\n어째서,\n거기까지 오마에의 눈의 적에게\n되고 있는지 모르겠지만…
0x00111fc6	5	【타타로】\n… … 만지지도 않는다. \n저것은 나가 노리코강과 둘이서\n식사를 하려고\n유혹했을 때의 일…
0x00112049	3	【타타로】\n왠지 너가 너와 붙어 왔고,\n일까 너의 분까지 괴롭혀…
0x001120aa	6	【코우지】\n이라도 저것에 관해서는\n『누마사키강이 빌려주니까\n함께 가자』라고 노리코가 말하기\n때문에\n붙어 갔는데?
0x00112128	4	【코우지】\n오마에,\n제대로 둘이서 전제로\n노리코를 초대했는지?
0x001121aa	3	【타타로】\n흠…\n경회될까와 무겁게…
0x0011220b	2	【코우지】\n…………
0x0011226a	5	【신타로】\n그것뿐만이 아니야!\n기억나?\n가세 교수의 가발 분실 사건\n때도……
0x001122e9	5	【타타로】\n모처럼 나가\n찬스와만\n너가 범인이라고 거짓말의 증언을\n하고 있었는데…
0x00112371	2	【신타로】\n그때도 내가 범인으로 몰렸잖아.
0x001123fe	2	【코우지】\n그건 승기였다…
0x00112456	4	【코우지】\n… … 츠카, 오마에인가! \n그 사건으로\n나에게 놈 옷을 입은 것은!
0x001124be	5	【코우지】\n하지만 음,\n저것은 저것으로 즐거웠지만.\n내가 하메면 조금 더\n복소한 와나를 설치하는 편이 좋다.
0x0011255a	4	【타타로】\n쿠…\n그게 그렇게\n이겼다고 생각하지 마라!
0x001125b7	3	【타타로】\n노리코강은 지금,\n나의 곁에 있다!
0x00112603	5	【코우지】\n하지만 지금은 나의 상당 변호사다.\n\n 가까운 존재는 의미라면 좋지\n않아.
0x00112689	2	【타타로】\n후후후, 너의 상당…
0x001126f5	4	【타타로】\n착각하지 말고 싶은 것은,\n고이라는 게 아니라고\n일이야.
0x00112763	4	【타타로】\n그녀는 유능한 사람이라,\n그 밖에도 맡고 있는 사건이\n여러 건 있어.
0x001127f5	4	【타타로】\n오히려 네 사건 따위는 남는 시간에\n조사하고 있을 뿐이야.\n그걸 충분히 알아두는 게 좋아.
0x0011285d	2	【코우지】\n…………
0x001128bc	4	【타타로】\n 죄송합니다, 슬슬 돌아가지\n않으면. \n 이렇게 보이고 저는 멋지네요.
0x00112932	2	【코우지】\n사법 치험의 웅강인가?
0x0011299d	2	【타타로】\n왜, 왜! ?
0x001129df	2	【코우지】\n아니, 감이야… … 고쳐진다.
0x00112a4d	3	【타타로】\n… \n 기억해라!
0x00112ace	4	【코우지】\n(……예총은 했지만,\n역시 아이츠, 사법치험\n안돼 있었지……)
0x00112e01	2	【타타로】\n 안녕!
0x00112e62	2	【코우지】\n……
0x00112ea6	3	【타타로】\n아, 어땠어? \n 괜찮아 보이지 않아?
0x00112ef7	4	【코우지】\n네놈의 눈은 말이지,\n사물을 꿰뚫어 보는 특수한 작용이\n있는 것 같아.
0x00112f87	2	【타타로】\n… … 무슨 의미야?
0x00112fca	5	【코우지】\n의미를 모른다면\n그래서 좋다.\n…\n짖는 건 아니잖아?
0x00113056	5	【타타로】\n무슨 말을 하고 있구나. \n나는 학대가 아닐까. \n걱정으로 왔다는 것은\n리경이 되지 않을까?
0x001130c7	4	【코우지】\n후우.\n그럼 돈을 빌려 주지 않겠나?\n의외로 구치소 안은 심심하거든.
0x0011314d	2	【타타로】\n아니, 아무리 빌려주면 좋겠다…
0x00113196	3	【코우지】\n그렇구나… …\n일단 10만 정도 부탁한다.
0x0011320e	4	【타타로】\n주, 10만! ? \n그래, 그렇게 고용하지 않을거야!\n?
0x00113264	3	【코우지】\n고용할 수 없겠지. \n상담이다.
0x001132d6	4	【타타로】\n… … 코, 코혼. \n그래그래, 너의 계담 따위에\n교제하고 있는 경우가 아니었다.
0x00113345	5	【코우지】\n 원래 계담을 말한 것은 \n오마에 쪽이겠지? \n나를 걱정하고 맘에 들었다니,\n어떤 상담인가와 무거웠어.
0x001133d3	4	【타타로】\n훈… … 글쎄. \n오늘은 너에게 충고가 있어\n하고 참았다.
0x00113437	3	【코우지】\n충고? \n 도대체 뭐야?
0x0011348d	4	【신타로】\n노리코 씨의 말이야.\n그녀는 아직 신참 변호사지만,\n사무소 안에서의 평가는 높아.
0x00113525	4	【신타로】\n그녀의 재능을 일찌감치 알아보고\n아버지에게 소개한 건 나니까.\n나도 자부심이 높지…… 아하하.
0x001135aa	5	【코우지】\n에서, 충고는 뭐야? \n나는 노리코를 따라잡기 위해\n사법 치험의 웅강을 하고 있으니까\n방해를 하지 말아, 라고 이야기?
0x00113659	5	【타타로】\n다르다!\n분명히 나는\n사법 질험의 웅강을…\n그런 것은 아무래도 좋다!
0x001136d6	4	【타타로】\n나가 말하고 싶은 것은,\n아야녀의 출세의\n방해를 하는 것이야!
0x00113739	3	【코우지】\n… … 노리코의 출세의 방해,\n그래?
0x001137af	6	【신타로】\n그래.\n아빠라고 부르고 있어.\n그녀는 장차 우리 사무소를\n물려받아도\n이상하지 않을 인재야.
0x0011382b	2	【코우지】\n토요코를 내버려 두고?
0x00113894	5	【타타로】\n……응, 응! \n그런, 그런 일이 아니고,\n그 정도의 세능을 망하고 있다고\n이야.
0x00113923	5	【타타로】\n그녀는 우리 사무소에 들어온 뒤로\n줄곧 아버지를 보좌해\n왔어.
0x00113992	4	【타타로】\n그 아빠가 말하고 있는 거야. \n그 중 일부를\n아야오에게 맡겨도 돼.
0x00113a00	5	【타타로】\n그런데 지금 그녀는\n이런 시시한 사건을 맡고 있어.\n아깝다고 생각하지 않아?
0x00113a68	5	【코우지】\n……사건의 규모로 말하면,\n업계 최고 기업 대표가\n살해당한 이 사건도\n결코 작지 않다고?
0x00113b12	5	【타타로】\n한! \n너처럼 탐정이란 말\n속세계에서 살아있는 인간에게는\n모르겠지만...
0x00113bad	4	【타타로】\n큰 작은 것만으로는 가려지지 않는다\n사건의 「전」이라고 하는 것이\n있어.
0x00113c16	6	【타타로】\n예를 들어 아버지는\n누구나 아는 정치가나\n큰 소리로 이름을 말하기 어려운\n거물 관료와도 친분이 있어.
0x00113cb1	6	【타타로】\n그들은 나라의 최전선에서 일하기에\n위험한 일을 할 기회도 많아.\n때로는 법에 아슬아슬한 행위를\n하기도 하지.
0x00113d3d	5	【신타로】\n그런,\n표면화해서는 안 되는 사건을\n뒤에서 정리하는 교섭술에는\n매우 고도의 기술이 필요하게 된다.
0x00113dc5	4	【신타로】\n한편으로, 그런 위험한 교섭술을\n성공시키면, 그건 신뢰가 되어\n업계에까지 이름이 알려지게 된다.
0x00113e6d	5	【타타로】\n그러니까 아빠로서는\n더 학대가 붙는 큰 사건을\n담당해 경험을 쌓으면 좋겠다고\n 생각하고 있다.
0x00113f06	4	【타타로】\n인데, 중요한 노리코강 때때로,\n너의 사건에 대해서 분명. \n 아까워하지 않겠습니까?
0x00113f82	2	【코우지】\n… … 어이.
0x00113fe1	2	【타타로】\n......응, 뭐야?
0x00114028	4	【코우지】\n좋은지, 사건에 앞이 있다든가\n뭐든지 호자쿠 전에,\n그 작은 농장에서 잘 생각해 보라.
0x0011408f	5	【코우지】\n사람이 1명 이빨 있어. \n 찡그린 사람에게는 가문도 하고\n있고, \n학자도 있었을 것이다.
0x001140f5	3	【코우지】\n그런 사람들의 총을\n오마에는 생각한 적이 있나?
0x0011416b	2	【타타로】\n어, 싸움에, 뭐라고 말해! ?
0x001141b3	5	【코우지】\n나도 자신의 무고\n희미한 것만으로 필치였다…\n아야의 슬픔\n걸릴 틈도 없었다…
0x00114230	3	【코우지】\n그러니까 끓일 것 같은 것을\n 말할 생각은 없다…
0x00114289	4	【코우지】\n그러나 아야들의 기분을\n조금이라도 생각하면,\n사건에 유열은 까다로울 수 없겠지!
0x001142f3	7	【코우지】\n그것에 익숙한 사건인가 뭔가\n모르겠지만,\n오마에가 말하는 하쿠라고 녀석이\n그렇게\n소중하다면 노리코에 직접 말할 수\n있어!
0x0011437d	5	【타타로】\n, 말했다. \n에서도 아야는 너의 사건을\n상당하고 싶다고 말하기 때문에,\n너에게…
0x001143e2	4	【코우지】\n라면, 그것이 아야의 의지야! \n노리코의 삶은 오마에가 \n 붐비는 것이 아닐 것이다!
0x0011446d	2	【타타로】\n…
0x001144da	2	【코우지】\n…………
0x00114539	3	【타타로】\n오늘은 돌아갈게. \n이지만, 하나만 반론하게 한다.
0x001145b9	4	【타타로】\n너는 노리코강의 인생을 접하는 것은\n나가 아니라고 말하고 있었지. \n그 어선, 너에게 똑같이 바꿀거야.
0x0011462b	2	【코우지】\n뭐……?
0x00114671	5	【타타로】\n우치에는 좋은 변호사가 많이 있다.\n그 중에서 이 사건의 상당에,\n팔의 굵은 변호사를 숲으로 해서\n좋다.
0x001146f7	5	【신타로】\n어느 정도 융통성을 발휘할 수도\n있다.\n그럼에도 그녀를 고집한다면,\n그건 자네의 이기심이야.
0x0011476c	2	【코우지】\n…………
0x001147b2	2	【타타로】\n그럼.
0x00114822	3	【코우지】\n(확실히 아이츠의 말에는 \n일리가 있을지도 모른다)
0x00114874	5	【코우지】\n(사건 앞에 어선은\n신경 쓰지 않지만 ......\n노리코가 연대되는 것은\n사실이겠지)
0x001148dc	3	【코우지】\n(타타로는, 팔의 굵은 변호사를\n 준비한다고 말했다……)
0x0011493c	3	【코우지】\n(그래도 노리코를 고집하는 것은,\n나의 에고 밖에 없는 것인가……?)
0x00114c76	2	【코우지】\n…………
0x00114cbc	2	【타타로】\n…
0x00114d06	2	【코우지】\n어제의 대답,인가…
0x00114d76	2	【타타로】\n만졌는지! ?
0x00114dba	3	【코우지】\n만지지 않았다. \n노리코 일 것 이라고?
0x00114e27	4	【타타로】\n어떻게? \n앞으로도 너의 에고로,\n아야오를 이용할 생각인가?
0x00114e84	3	【코우지】\n… … 확실히 \n오마에의 수첩에는 일리 있다.
0x00114ed0	4	【코우지】\n노리코의 위협을 생각하면\n상당을 빼내는 편이\n좋을지도 모른다.
0x00114f53	4	【타타로】\n순수하게 아야녀를 생각하면,\n스스로 대답은 솟아오를 것.\n드디어 그것을 깨달았다.
0x00114fce	4	【코우지】\n… … 그 일이지만. \n오마에는 하나,\n큰 실수를 남기고 있다.
0x0011503c	2	【타타로】\n… … 뭐, 그건?
0x0011507e	6	【코우지】\n노리코는 이 사건의 상당을\n제외하고 싶다고 말했다.\n나도 노리코에 상당을 제외하고\n싶다고\n무거워.
0x001150eb	5	【코우지】\n이라면, 그걸로 좋지 않을까. \n본인의 의지 이상으로 소중한 것\n따위\n없다는 것.
0x00115177	2	【타타로】\n쿡…
0x001151c7	4	【타타로】\n케, 결막, 끓인 것 같은 말을\n했다고,\n자신 마음대로만이 아닌가!
0x00115239	4	【타타로】\n아야녀를 행복하게 할 수 있는 것은\n나만…\n씹어서 너 잖아!
0x00115294	7	【코우지】\n그것이 진심인가…\n글쎄, 그럴지도 모른다.\n나,\n노리코를 행복하게 만들 수 없을\n수도\n있습니다.
0x00115324	4	【타타로】\n하, 하하......\n뭐야, 알고 있지 않을까…\n그렇다면 지금…
0x00115383	4	【코우지】\n… … 뭐, 타타로. \n그런 일은 내가 아니고,\n노리코에 직접 말해줘.
0x0011540a	2	【타타로】\n나… ?
0x00115447	5	【코우지】\n오마에도 괄호 붙이고 있을 뿐만\n아니라,\n가끔은 진심으로 부딪쳐 보라. \n그 쪽이 기간은 전해진다.
0x001154e3	2	【타타로】\n… … 쿠!
0x00115587	2	【코우지】\n타타로…
0x0011587d	2	【코우지】\n(우와……이 2명인가!)
0x001158ee	3	【여고생】\n야호-! \n 괜찮아, 자승! ?
0x00115968	4	【여고생】\n다, 안돼, 아카네 짱…\n여기는 그런 밝고 인사하는 곳이야\n없어…
0x00115a04	5	【아카네】\n그래? \n아오이는 실려 있지 않아. \n그럼, 어......이번은\n부상님입니다, 코우지씨.
0x00115aa0	3	【아오이】\n어떤 의미, 실수는 아니지만,\n그것도 다르다, 아카네 짱.
0x00115b04	3	【코우지】\n…… 어이.\n나는 만세의 주문을 하지 않았다.
0x00115b81	3	【아오이】\n 엣… … 아, 죄송합니다,\n죄송합니다!
0x00115be9	5	【아카네】\n괜찮아, 괜찮아!\n짠 속에서는 오락이 적어?\n뭐라면 만세뿐만 아니라,\n콩트도 해버리는데?
0x00115c85	4	【코우지】\n이란! \n조금은 아오이를 바라보고,\n너도 TPO를 깨달아라!
0x00115d08	5	【아카네】\nTPO는 무엇입니까?\n타임 순찰? ?\n즉, 시간 경찰이라는 것! ?\n뭐야, 멋지다!
0x00115d9c	3	【아오이】\n죄송합니다…\n나중에 가르쳐 놓으니까 ......
0x00115de6	2	【코우지】\n……후우.
0x00115e1f	4	【코우지】\n(이 활기찬 2명은,\n우리 탐정 사무소 근처에 있는\n고등학교의 학생이다)
0x00115e82	4	【코우지】\n(시끄러운 쪽이 리키자키\n아카네에서,\n구나나 쪽이 미나즈키 아오이)
0x00115ef3	4	【코우지】\n(이전, 두 사람이 거리 마사지에\n감아 올렸을 때 내가 도와줘…\n그 이후로, 이상하게 붙어 버렸다)
0x00115f86	4	【코우지】\n이런 시간에 이런 곳에\n해도 될까? \n학교는 어땠어?
0x00116004	3	【아카네】\n오늘은 2교시로 수업이 끝나.\n그러니까 지금은 부활동인 거야.
0x0011605e	3	【코우지】\n부 활동은, 오마에들 둘만의\n탐정부인가?
0x001160d8	4	【아카네】\n아니, \n자승에는 부실을 제공해 주셔서\n언제나 감사하고 있습니다.
0x00116138	3	【코우지】\n아니, 저기는 사무소니까. \n 마음대로 부실로 하지마.
0x0011618e	3	【코우지】\n......정말 수업은\n 끝났을까?
0x00116200	2	【아카네】\n정말도!
0x00116237	2	【코우지】\n… … 아오이, 사실인가?
0x0011629d	3	【아오이】\n은 네. \n정말......입니다.
0x001162df	3	【코우지】\n흠… … 아오이가 말한다면, \n신용하지만.
0x00116352	5	【아카네】\n부-!\n어쩐지 어타시처럼, 심하지 않아?\n뭐, 설마 자승!\n아오이가......?
0x001163e6	4	【아오이】\n뭐, 뭐라고 말하는거야, 아카네\n짱…\n그런 건…
0x0011645d	6	【아카네】\n안돼 안돼!\n자승은 아타시의 창명의 사람이니까!\n이것은 단지\n아무리 아오이에서도 양보할 수\n없어!
0x001164d3	5	【코우지】\n전혀, 여전히\n사람의 이야기를 두지 않는\n녀석이다…\n그럼 뭐야?
0x00116556	3	【아카네】\n무슨 용이다, 뭐…\n붙지 않아, 자승.
0x001165b7	4	【아카네】\n쇼본…\n내가 살아가고 있지 않니?\n생각했으니까!
0x0011663a	3	【아카네】\n도와주려고 했더니\n며느리가 먼 길을 찾아온 거야.
0x001166a2	2	【코우지】\n누가 후래의 척이야.
0x00116711	4	【아오이】\n아, 저…\n짜증나면,\n곧 돌아갈테니까…
0x0011676b	3	【코우지】\n 감사합니다, 아오이. \n 괜찮아, 그렇게 짜증나지 않아.
0x001167f5	3	【아오이】\n그, 그렇습니까… …\n그렇다면, 좋았습니다.
0x00116866	5	【아카네】\n즈루-이, 아오이 뿐!\n애초에 말해줘\n내가 좋기 때문에,\n고맙다면 먼저 내가 해주세요!
0x001168d2	3	【코우지】\n예 네. \n 고마워, 아카네.
0x0011693b	4	【아카네】\n쳇!\n나만 완전히 막무가내처럼\n보이잖아~!
0x00116984	3	【코우지】\n상담이야. \n진심으로 감사하고 있다고.
0x001169fc	3	【아카네】\n정말? \n라면 좋았어요~
0x00116a3a	2	【코우지】\n 일부러 아쉬웠구나.
0x00116a77	4	【코우지】\n나도 설마 익숙하지 않은 사건으로\n체포된다니 무겁지 않았으니까,\n험직, 잠깐만 들여다봤다.
0x00116b15	3	【아카네】\n 역시 그래? \n뉴스에서 말했던 대로.
0x00116b60	2	【코우지】\n… … 뉴스에서는, 뭐야?
0x00116bc8	4	【아오이】\n『용의자인 사이토 코우지는 살해를\n부인하고 있다』고.\n완전히 범인 취급이었어요.
0x00116c41	4	【코우지】\n뭐, 그런 걸까, 언론이란. \n 비장하는 것은 사실이지만,\n실제는 조금 다르구나.
0x00116cd9	2	【아카네】\n무슨 일이야?
0x00116d10	5	【코우지】\n사건 당시,\n나는 굉장히 움츠려서\n아무것도 기억하지 못했어. \n현장에 있었는지 모르겠다.
0x00116da8	5	【아오이】\n하지만 경찰은\n믿지 않아요......\n기억이 없다면,\n본인 이외는 모르기 때문에.
0x00116e3e	4	【아카네】\n이봐, 하지만, 자승. \nTV에서는 놀라움에 지문이\n붙어 있었다고 말했어?
0x00116eb0	3	【코우지】\n… … 아, 그건 사실이다. \n누군가가 나를 하메려 하고 있어.
0x00116f4a	4	【아카네】\n오오, 미스터리군요! \n조쿠조쿠하는 경제이구나......\n역시 자승!
0x00116fb0	4	【코우지】\n타인사라고 생각해 버렸어. \n 대체로,\n나는 오마에의 아들 오르지 않아!
0x0011703c	4	【아카네】\n아, 끔찍하네!\n나도, 참을거야.\n이것 같지 않아!
0x001170bb	3	【아카네】\n어타시들,\n자승의 도움을 해 왔으니까!
0x0011710f	3	【코우지】\n그런 치명적인 일, 시킬 수\n있을까!
0x0011717a	5	【아카네】\n괜찮아! \n진범이 어디 언젠가 모르지만,\n설마 귀여운 여고생이\n수사하고 있다니 무겁지 않아!
0x00117201	2	【코우지】\n그런 문제가 아니야…
0x0011726b	4	【아오이】\n아, 아카네,\n실력 테스트가 끝날거야…\n웅강, 괜찮아?
0x001172ce	4	【코우지】\n뭐야, 테스트가 있다면,\n또한 이쪽에\n 묻혀 있는 경우가 아닐까?
0x00117350	4	【아카네】\n에~, 지루한~있어! \n테스트를 접하고 싶었으니까,\n사건의 수사를 하려고 무거운데~!
0x001173bf	4	【코우지】\n학생의 본분은 공부야.\n부활동 때문에 성적이 떨어진다면\n사무소 출입을 금지하겠다.
0x00117457	3	【아카네】\n아, 사무소 출입 금토는\n이야구나…
0x001174ca	4	【아카네】\n우~응......어쩔 수\n없네......\n그럼, 웅강합니까?
0x00117544	4	【아오이】\n음, 그런 일이므로 실로 오는 것은\n내일, 명후일이라고 하는 것은\n이 없어진다고 생각합니다…
0x001175ad	4	【코우지】\n 아, 괜찮아. \n 나도 언제까지나 여기에 있는 \n 생각은 없고.
0x0011761c	3	【코우지】\n실로 만나는 것은\n차 말이라고 하는 것으로…
0x00117693	4	【아카네】\n에~, 야다!\n적어도 다시 한번 왔다 ~ 있어!\n이런 경험, 드물게 할 수 없어~!
0x00117701	2	【코우지】\n… … 오마에나.
0x00117763	5	【아카네】\n그럼,\n비수한 수학의 테스트가 끝나면,\n짱이네. \n아오이도 괜찮습니까?
0x001177ea	2	【아오이】\n우, 응......좋아.
0x0011784d	3	【아카네】\n어쨌든, 또 오니까! \n 감사합니다, 자승!
0x001178c6	2	【아오이】\n그럼, 실례합니다…
0x00117933	2	【코우지】\n……후우.
0x0011796c	2	【코우지】\n…
0x00117cd0	3	【아카네】\n야호-! \n 짖었어~!
0x00117d0e	3	【코우지】\n와우…\n또 맘에 들었다…
0x00117d77	5	【아카네】\n있거나 마에쨩! \n경찰서 따위,\n이런 기사가 없으면\n올 수 없는 걸!
0x00117df9	3	【아카네】\n자승이 여기에 있는 급료,\n 몇번이나 와 버립니다, 아타샤!
0x00117e54	3	【코우지】\n오셔도 돼! \n 게다가 자승도 그만!
0x00117eca	4	【아카네】\n에~\n 아이 오르고 어쩐지 울림이\n좋은데…
0x00117f44	3	【아카네】\n그럼, 뭐라고 미리 하면 돼? \n『코우지 오빠』라던가?
0x00117f98	2	【코우지】\n…
0x00118003	3	【아오이】\n다, 안돼…\n『코우지 오빠』는…
0x0011807a	5	【아카네】\n아, 그래? \n아오이의 오빠의 이름도\n『코우지』이다. \n 다소 어려울까?
0x001180dd	3	【코우지】\n응……? \n 조금 기다려.
0x0011811f	3	【코우지】\n아오이의 오빠 이름은,\n『코우지』……라고 하는 건가?
0x00118176	4	【코우지】\n… … 네, 일단 물어보지만,\n오빠의 직업은\n혹시 설계사라든가 아닌가?
0x00118206	2	【아오이】\n아니요.
0x00118246	3	【코우지】\n그, 그럼, 그럴까…\n그런 우연, 있을 리가 없어.
0x001182e1	6	【아오이】\n설계사는 이전의 직업입니다. \n지금은 데이 트레이더를 하고\n있습니다. \n그것이 직업으로 미리 가는지\n모르지만......
0x00118385	2	【코우지】\n… … 그런 우연이 있었어.
0x001183f5	2	【아카네】\n이봐, 데이 트레이더는 뭐야?
0x0011845f	3	【아오이】\n주를 그 때 그 때의\n일순의 판검으로 삼아 당긴다.
0x001184dc	5	【아오이】\n간본적으로 자금을 마감에 들여다보지\n않기\n일로부터, 데이 트레이더와\n예정되는 거야.
0x0011856d	4	【아카네】\n아오이는 갑자기 설명\n어조......\n라고 할까, 잘 모르겠다......
0x001185c4	4	【코우지】\n오빠는 자고, 시라카와 설계는\n회사에\n용서하지 않았나?
0x00118640	4	【아오이】\n그래. \n확실히 그런 이름의\n회사였다고 생각합니다.
0x001186b3	3	【아카네】\n시라카와… … 라고, \n이마바야시의 피해자의?
0x0011872b	3	【아오이】\n아……그러고 보니,\n같은 명처군요…
0x00118776	4	【코우지】\n가끔은 날카로운 것이 아닐까,\n아카네. \n 어쩌면 이것으로 틀림없다.
0x001187fc	4	【아카네】\n헤헤응! \n자연 이런 것입니다......라고,\n『가끔』은 불필요!
0x00118855	4	【코우지】\n아오이, 오빠에게\n두고 싶은 일이 있다. \n좋아?
0x001188cf	2	【아카네】\n또 무시되었다…
0x00118931	2	【아오이】\n네, 뭐죠…
0x00118970	4	【코우지】\n조금 두기 어려운 이야기일지도\n일지도 모르지만,\n사건의 당일…
0x001189c8	5	【코우지】\n11월 10일부터\n11일에 걸쳐서\n라이트 블루는 바에\n갔는지 어떤지를 놓으면 좋겠다.
0x00118a59	2	【아오이】\n…
0x00118a9d	4	【코우지】\n아침이지만, 결과를 알면\n나의 변호사의 휴대폰에\n전화해 주지 않겠습니까?
0x00118b25	2	【아오이】\n에에, 좋아요.
0x00118b5f	4	【코우지】\n고마워, 선물로 올거야.\n휴대폰의 번체는\n×××－××××－××××.
0x00118bd4	4	【아오이】\n어...\n×××－××××－××××이군요.\n네, 메모했습니다.
0x00118c70	4	【코우지】\n고마워, 정말 도움이 됐어.\n괜히 진범이 움직이면\n의심받을 테니까.
0x00118cfd	3	【아카네】\n오빠라도 능숙해져. \n 이봐, 아오이?
0x00118d70	5	【아오이】\n그래…\n그러나 코우지 씨는\n항상 빚을지고 있기 때문에,\n이 정도는 아무것도 없어.
0x00118dd4	3	【코우지】\n우우......\n아오이는 좋은 딸이구나......
0x00118e44	3	【아카네】\n부~\n어타시는~?
0x00118e7d	2	【코우지】\n아카네은 재미있는 녀석.
0x00118ee0	2	【아카네】\n부-부-부-!
0x00118f17	3	【코우지】\n아하하, 계담, 계담. \n아카네도 좋은 녀석이라고 무거워.
0x00118fa1	2	【아카네】\n결막 나비는 녀석 같은 것인가!
0x00119019	3	【아오이】\n그럼, 또 짱군요. \n곧 알고 싶어요.
0x00119074	2	【아오이】\n그럼, 또 짱군요.
0x001190b2	3	【코우지】\n… … 아, 그것과 사고까지. \n오빠의 이름, 무슨 쓰는 거야?
0x0011911c	2	【아오이】\n행복하게 지내요.
0x00119156	3	【코우지】\n행복하게 사는가? \n 알았어, 고마워.
0x001191a1	3	【코우지】\n그럼,\n아까의 건, 잘 부탁해!
0x0011920e	2	【아오이】\n네.
0x00119267	3	【아카네】\n그럼, 너희들 돌아가네. \n정말이네~!
0x001192b0	2	【코우지】\n그래, 또 봐.
0x001195a9	3	【코우지】\n(접견실에 나타난 것은,\n첫대면이지만 알고 있는 사람이었다)
0x0011962b	2	【코우지】\n(……어라, 이 녀석은 누구야?)
0x00119683	2	【행사】\n안타가, 나를 찾는 사람?
0x001196c8	4	【코우지】\n(우와-\n의 대단한 도전적인 민첩함으로\n왔구나…
0x00119725	3	【코우지】\n(과연, 찾고 있나,?.\n……라는 것은, 코이츠는……)
0x00119834	2	【코우지】\n(다르다, 그 녀석이 아니다!)
0x0011987c	4	【코우지】\n(이 사람과는 첫 대면이지만,\n경과는 알고 있었다.\n이 사람의 정체는……?)
0x001198e5	6	【코우지】\n… … 그래, 무례라고는\n무거웠습니다만,\n조금 조사하겠습니다.\n시라카와 이치로의 사건은 알고\n있지요?
0x00119981	4	【유키】\n 물론 알고 있어. \n안타는 그래서 속속에\n 들어가 있다고 하는 것일까?
0x00119a07	2	【행사】\n미안해.
0x00119a4c	2	【코우지】\n… … 아무래도.
0x00119a86	3	【코우지】\n(정말로 그 아오이의 애니키인가?\n믿을 수 없구나……)
0x00119aff	2	【유키지】\n에서, 나의 무엇을 알고 싶어?
0x00119b41	3	【코우지】\n……전문하면\n대답해 주시겠습니까?
0x00119bb2	5	【유키】\n그러기 위해 왔어. \n아오이에서 이야기는 듣고 있어. \n안타, 무고를 증명하려고\n하고 있겠지?
0x00119c1e	4	【코우지】\n그래. \n 이것은 녀석입니다. \n진범이 있어야 합니다.
0x00119ca1	3	【유키】\n에서, 나는 진범 후보라고 하는\n것이다.
0x00119ce9	4	【코우지】\n......그래. \n솔직하게 말씀드리면\n당신도 의심합니다.
0x00119d69	5	【유키】\n 좋지 않아, 험직으로. \n이라도, 나에게 말하게 해주면,\n안타 쪽이 정말로 녀석 옷인가\n아야 할 곳이지만.
0x00119df0	2	【코우지】\n… … 물론, 알고 있습니다.
0x00119e5a	5	【유키지】\n훗… … 음, 좋아. \n그래도, 아오이에 부탁해 코소코소와\n나를 조사하자니 하는 방법,\n세코야.
0x00119ecd	2	【코우지】\n아니, 그건…
0x00119f16	4	【유키】\n말씀은 좋다. \n그럼, 전문하고 싶은 것이 있다면,\n원래해.
0x00119f6e	4	【코우지】\n……사건이 있던 날,\n너는 피해자를 만났다.\n들었습니다.
0x00119fd3	2	【코우지】\n무슨 용이 있었나요?
0x0011a020	4	【유키지】\n 예기했기 때문에 만나러 갔을\n뿐이야. \n 네, 사실.
0x0011a06f	3	【코우지】\n예요… \n왜 예기했어요?
0x0011a0b8	4	【코우지】\n… … 아니, 전문을 바꾸자. \n두 사람이 만났을 때 꽂힌\n대화 내용을 가르쳐 주시겠습니까?
0x0011a136	4	【유키】\n프라이빗한 내용이니까 말할 수\n없다. \n이상.
0x0011a185	2	【코우지】\n…………
0x0011a1e4	6	【행사】\n양담이야.\n다시 한번, 시라카와 디자인으로\n추악하지\n않기를 바랍니다.\n초대받은 것.
0x0011a256	2	【코우지】\n 그 이야기를 위해 예기했어?
0x0011a2bc	4	【유키】\n아, 맞다.\n그래서 그쪽 사정으로\n곤란하게 됐어.
0x0011a315	4	【코우지】\n심야의 바에서\n 미리 내서 이야기하는 내용으로서는\n조금 위화감이 있네요…
0x0011a3a4	3	【유키】\n 모르겠어,\n아이츠의 생각하는 건가.
0x0011a413	4	【행사】\n어쨌든 나는 \n조건의 쑥재를\n진하게 가고 있었다.
0x0011a47e	4	【유키지】\n에서도, 조금 의미 불명한 것을\n말하고 있었구나. \n캠플라주라든가 어떻게든.
0x0011a4de	4	【코우지】\n캠플라주…\n당신을 만날 수 있습니다.\n캠플라지란?
0x0011a55e	4	【유키】\n 그러니까, 나는 모르겠어. \n아이츠에 넣어라. \n 넣을 수 있다면.
0x0011a5b7	4	【코우지】\n……\n당신은 이전에\n시라카와 설계로 추악하고 있었지요?
0x0011a60e	2	【코우지】\n어째서 길을 갔습니까?
0x0011a672	3	【행사】\n정말로 프라이빗한 것까지\n자르고 오는 것 같네요.
0x0011a6ce	3	【코우지】\n대답할 수 없다면,\n대답하지 않아도 됩니다.
0x0011a741	3	【유키】\n라면, 대답하지 않는다. \n그래?
0x0011a785	2	【코우지】\n그래, 결막입니다.
0x0011a7e8	4	【유키】\n 흠, 그런 몬? \n거기까지 이삭 좋으면\n하나만 가르쳐 줄게.
0x0011a899	3	【행사】\n나는 녀석이 싫어서\n시라카와 설계를 길렀다.
0x0011a8ee	2	【코우지】\n아이츠…
0x0011a935	5	【유키】\n시라카와 이치로야. \n싫어하는 것보다는,\n오히려 뒤지고 있다는 것이\n정확하다.
0x0011a99d	4	【코우지】\n(어이어이, 스트레이트구나.\n피해자에게의 뒷면을\n각각 하려고도 하지 않는다…
0x0011aa15	3	【코우지】\n……왜, 피해자를\n뒤집었습니까?
0x0011aa93	4	【유키】\n나의 인생을\n메짜쿠챠로 해 주었으니까. \n더 이상 말하고 싶지 않아.
0x0011aaf0	3	【코우지】\n인생을 메챠쿠챠로 한 상대 아래에서\n또 못 추려 무거웠습니까?
0x0011ab56	3	【유키】\n 말했어. \n더 이상 말하고 싶지 않아.
0x0011aba1	3	【코우지】\n......알았습니다. \n이면 화제를 바꿉니다.
0x0011abed	5	【코우지】\n당신은 사건 당일,\n사건 현장이 된 바에 참배하기\n전까지,\n무엇을 하고 있었습니까?
0x0011ac79	4	【행사】\n16시가 지날 때까지 집에 있었어.\n그럼 게이센에 가서…\n23시 전 정도까지 있었을까.
0x0011acf2	4	【유키】\n긴자의 시간이 가까워졌기 때문에,\n거기서 바에 갔다. \n그런 느낌.
0x0011ad50	2	【코우지】\n에서는, 이야기가 끝난 뒤는?
0x0011ad9f	3	【유키지】\n그대로 똑바로\n전철에 진하게 돌아왔는데?
0x0011adf9	3	【행사】\n집에 도착한 것이\n심야의 1시 반 정도였을까.
0x0011ae49	3	【코우지】\n라이트 블루에서 집까지는,\n전철을 고용해 얼마나 걸립니까?
0x0011aeae	2	【유키】\n30분 정도겠지.
0x0011aeee	4	【코우지】\n……라는 것은,\n라이트 블루를 나와\n똑바로 돌아 오지 않습니까?
0x0011af70	3	【행사】\n… … 게센에 와\n1 플레이하고 나서 돌아갔어.
0x0011afc3	2	【코우지】\n 그것을 증명하는 사람은?
0x0011b028	4	【유키】\n 없어요. \n집에 있던 시간은\n기분이 증명해 준다고 생각하지만.
0x0011b07f	4	【코우지】\n......알았습니다. \n에서는 사실이 마지막 전문입니다. \n당일 복장은 어떤 느낌이었나요?
0x0011b0f3	2	【유키】\n지금 입고 있는 옷과 같은 것이야.
0x0011b136	4	【코우지】\n……\n사고가 되었습니다. \n감사합니다.
0x0011b1ab	4	【유키지】\n아, 이제 좋네. \n그럼 돌아갈거야. \n글쎄, 최선을 다해.
0x0011b261	3	【코우지】\n(――미나즈키 코우지인가.\n꽤 재미있는 녀석이었구나…
0x0011b789	3	【코우지】\n우우~\n다만 지금…
0x0011b7f2	3	【나나시바】\n수고했어, 코우지.\n자, 앉아서 이야기를 들려줘.
0x0011b84c	3	【코우지】\n이야기 ......?\n이야기는 무엇입니까?
0x0011b8b5	3	【나나시바】\n코우지 사건 이야기라든가,\n코우지 본인 이야기라든가!
0x0011b90c	2	【코우지】\n나 자신의 이야기… … 네…
0x0011b964	3	【구치소 직원】\n사이토.\n접견이다.
0x0011b9a5	4	【코우지】\n엣, 또? \n노리코인가......? \n뭔가 접한 것도 있었나?
0x0011ba31	4	【나나시바】\n노리코 씨……라는 사람이\n코우지의 변호사구나?\n응, 좋은 이름이네.
0x0011ba93	3	【코우지】\n뭐, 뭐......\n그럼, 조금 다녀올게
0x0011bb07	2	【나나시바】\n다녀와~!
0x0011bb9d	2	【코우지】\n다녀왔어……
0x0011bc01	5	【나나시바】\n수고했어, 코우지.\n그럼, 노리코 씨와의 관계는 잘\n되어\n가?
0x0011bc62	3	【코우지】\n나……! ? \n무슨 말이야, 갑자기!
0x0011bcd5	3	【나시바】\n그렇게 참을 수 없어도 좋지 않다.\n전혀 순이니까, 코우지 강은 ~
0x0011bd44	3	【구치소 직원】\n사이토.\n접견이다.
0x0011bd85	3	【코우지】\n엣, 세, 접견… \n누구일까......?
0x0011bde5	2	【나나시바】\n노리코씨라면 좋겠네.
0x0011be26	5	【코우지】\n과 어쨌든. \n그 건은 나중에\n이야기하자......\n그럼, 간다.
0x0011be8c	2	【나나시바】\n다녀와~!
0x0011bf53	3	【나시바】\n무리, 코우지 강.\n오늘은 보기 좋지 않다.
0x0011bfa9	3	【코우지】\n취조가 정력적으로 힘들었어. \n특히 상대가 녀석이야......
0x0011c027	4	【나나시바】\n코우지강을 거기까지 쫓는다고는,\n미우라 형사도,\n소문거리의 손잡이다.
0x0011c09e	3	【구치소 직원】\n사이토.\n접견이다.
0x0011c0df	4	【코우지】\n응……? \n이번엔 누구일까......? \n 조금 갈 거 야.
0x0011c161	2	【나나시바】\n다녀와~!
0x0011c202	3	【구치소 직원】\n사이토.\n접견이다.
0x0011c243	3	【코우지】\n음……?\n누구일까……?
0x0011c2b7	2	【나나시바】\n코우지, 인기인이네!
0x0011c2fa	2	【코우지】\n잠깐 다녀올게.
0x0011c35e	2	【나나시바】\n다녀와~!
0x0011c6d5	2	【나나시바】\n 무리, 코우지 강.
0x0011c71b	3	【코우지】\n……\n 위험하다…
0x0011c77f	2	【나나시바】\n뭐가…
0x0011c7b9	4	【코우지】\n왠지, 유치장으로 돌아오면\n집에 돌아온 것처럼\n정말로 하는 거야.
0x0011c846	5	【나시바】\n아하하, 과연. \n기간은 알겠습니다. \n이라도 여기가 자신의 곳이 되어버려\n확실히 좋지 않아.
0x0011c8c6	3	【유치계】\n 사이토, 접견이다. \n오마에의 학자인 것 같다.
0x0011c914	3	【코우지】\n사람… \n누구일까......?
0x0011c96d	2	【나나시바】\n다녀와~!
0x0011ca0e	3	【구치소 직원】\n사이토.\n접견이다.
0x0011ca4f	3	【코우지】\n음……?\n누구일까……?
0x0011cac3	2	【나나시바】\n코우지, 인기인이네!
0x0011cb06	2	【코우지】\n잠깐 다녀올게.
0x0011cb6a	2	【나나시바】\n다녀와~!
0x0011cec1	2	【노조미】\n안녕하세요, 선생님.
0x0011cf02	2	【코우지】\n안녕, 단코.
0x0011cf65	3	【노조미】\n오늘은 어떤 이야기를\n합시다?
0x0011d013	3	【코우지】\n단자는 누마사키 변호사를,\n알았어.
0x0011d0ac	4	【노조미】\n어, 그래…\n누마사키의 아저씨는 아버지의\n학자였으니까.
0x0011d0fe	3	【코우지】\n그 누마사키 변호사, 오늘, 여기에\n왔다.
0x0011d150	4	【코우지】\n피해자의 밥과 불륜하고 있었다\n의혹이 있어,\n그 건에 대해 해명하고 있었어.
0x0011d1ce	6	【코우지】\n누마사키 변호사와 아야녀는\n하코끼리로,\n아야녀의 상담마다를 안고 있었던\n것을\n불륜이라고 정해졌다고.
0x0011d25e	2	【노조미】\n………
0x0011d294	7	【코우지】\n화를 둔급이라면,\n그 이야기는 신용할 수 있다고\n무겁다. \n2명의 사이에는 불륜 관계는\n없었다고\n무겁다.
0x0011d310	4	【코우지】\n이런 말해도,\n단자에게는 관계없는 이야기일지도\n지도 모르지만.
0x0011d375	3	【노조미】\n……누마사키의 아저씨는\n매우 놀고 심각한 분입니다.
0x0011d3d6	5	【노조미】\n아저씨에 대한\n선생님과 나의 인상은 일치하고\n있으면\n무겁습니다.
0x0011d45a	4	【노조미】\n이므로, 아저씨가\n『불륜은 없었다』라고 한다면\n나도 그것을 믿습니다.
0x0011d4bf	2	【코우지】\n아, 그렇지.
0x0011d5a0	3	【노조미】\n저에게 묻고 싶은 것 같은 건\n있나요?
0x0011d5e3	6	【코우지】\n그러고 보면, 단코가 보았다고\n말하고\n있었다\n여자, 『요시모토 유미』쨩의\n주인을 알았어.
0x0011d64d	3	【코우지】\n어머니가 요시모토 사카, 아버지가\n시라카와 신지…
0x0011d6e6	2	【노조미】\n 엣, 신지씨의?
0x0011d72d	3	【코우지】\n아, 어, 단코는 신지씨를\n알고 있었는지?
0x0011d781	3	【코우지】\n아, 그래, 단코는 신지씨를\n알고 있었던 거야.
0x0011d7fd	4	【노조미】\n에, 그래. \n아버지의 죄인으로,\n잘 집에도 뵙고 있었으니까…
0x0011d879	2	【노조미】\n에서도, 신지씨는 7년전에…
0x0011d8bf	4	【코우지】\n그래, 죽고 있다. \n즉 유미쨩은 신지씨의\n만져 경보해 하게 되네요.
0x0011d952	3	【노조미】\n그렇습니까……\n그래서…
0x0011d993	3	【코우지】\n무엇인가 무거운 맞는 후시가 있는\n것인가?
0x0011d9fd	4	【노조미】\n네......\n전혀 관계없는 이야기일지도\n모르지만......
0x0011da59	6	【노조미】\n실은 저, 대학 교양과정에서\n심리학을\n전공하고 있는데,\n그 교수님에게서 흥미로운 이야기를\n들었어요.
0x0011daf7	5	【노조미】\n무엇이든, 심장 이식을 건 사람은,\n원래의 격자의 기억을 쓰러뜨리는\n것이\n 있는 것 같습니다.
0x0011db70	3	【코우지】\n아아, 그렇다면 나도 마침내 최근\n화를 둔 적이 있구나.
0x0011dbc2	2	【코우지】\n조금 일괄적으로는 믿을 수 없지만…
0x0011dc37	6	【노조미】\n그래서 나, 문득 생각했어요. \n아버지가 맹세하고 있던 회사의\n사장씨는,\n신지씨의 심장을\n이식되었습니다.
0x0011dcb7	4	【노조미】\n 어쩌면 사장씨는,\n신지씨의 기억을\n안 쓰즈이었을지도 모릅니다.
0x0011dd30	4	【노조미】\n그러니까 신지씨의 딸인\n유미쨩이\n사장실에 있었을까라고 생각해서…
0x0011dd94	3	【코우지】\n…즉, 피해자에게 신지씨의 모습을\n유미쨩이 보고 있었던 것일까?
0x0011de27	3	【노조미】\n아이는 때에\n직감으로 진실에 따라옵니다.
0x0011de80	4	【노조미】\n사장씨 속에 태어난 아버지의 모습을\n아이는 간파하고 있던 것은\n아닐까요?
0x0011def3	2	【코우지】\n…………
0x0011df52	3	【노조미】\n아니, 아니, 이것은 나의 총휘에\n지나지 않으니까…
0x0011dfaf	4	【노조미】\n너무 비현실적이지요…\n죄송합니다.\n말해 버려…
0x0011e01b	6	【코우지】\n아니……\n안외, 험해일지도 모른다. \n나 뭔가 상식에 너무 많아서\n그렇게 무거워지지\n않았지만......
0x0011e091	3	【코우지】\n 어쩌면, 어쩌면 하지 않으면\n 없을까…
0x0011e180	3	【노조미】\n저에게 묻고 싶은 것 같은 건\n있나요?
0x0011e1c3	3	【코우지】\n이마바야시의 사건의 피해자는\n너의 아빠의 학자였지?
0x0011e26c	2	【노조미】\n에, 에에…
0x0011e2a5	6	【코우지】\n(역시 컹컹거리는 것이 원이구나.\n단자는 이치로의 친구의 딸이라고\n하는\n것으로\n화를 진행하자)
0x0011e319	3	【코우지】\n피해자가 재혼한 계기는,\n남자쪽의 첫눈 반해였던 것 같네요.
0x0011e3b1	3	【노조미】\n그, 그런가요!?\n그건 처음 듣는 말이에요……
0x0011e423	5	【노조미】\n그래요.........\n어머니… … 아저씨\n첫눈에 무서워서\n재혼했나요......
0x0011e49d	4	【노조미】\n하지만 그렇게 되면…\n아시로 아줌마\n불쌍한 생각이 듭니다…
0x0011e4fe	4	【코우지】\n아……\n우, 응. \n 맞아.
0x0011e543	2	【노조미】\n…………
0x0011e588	5	【노조미】\n나는 계속,\n집에서 혼자서 되어 버린,\n딸에게 조심해\n재혼했다고 무거웠습니다…
0x0011e61b	3	【노조미】\n이므로, 아저씨가\n원하는 결혼이 아니라고만…
0x0011e672	3	【코우지】\n…………\n험 직언해, 위화감은 있다.
0x0011e6c8	5	【코우지】\n일 일근의 남자와,\n첫눈 무덤으로 재혼한 적…\n두 휘가\n미묘하게 연결되지 않는 느낌.
0x0011e773	6	【노조미】\n… … 나에게도 위화감이 있습니다.\n\n에서도......인간이고,\n그런 일면이 있어도\n좋은 것이 아닐까요?
0x0011e7ed	2	【코우지】\n물론, 그렇지만…
0x0011e83c	2	【노조미】\n…………
0x0011e89a	6	【노조미】\n나에게 있어서 아저씨는,\n집 모기를 많이 돌보지 않는\n사람이라고\n하는\n이미지가 있었습니다.
0x0011e90b	3	【노조미】\n황미가 있는 것은 가문이 아니고,\n어디까지나 일…
0x0011e968	4	【노조미】\n아시로 아주머니와 결혼한 것도,\n사회적 입장을 고려한 일이라고\n삐딱하게 생각했던 때도 있었습니다.
0x0011e9f9	3	【노조미】\n에서도, 아저씨를\n정해하고 있었던 것 같습니다.
0x0011ea41	5	【코우지】\n아아, 뭐, 나도 마찬가지. \n에서도 심장병을 앓고 이노, \n조금 그 이미지가 바뀌었다고\n두고 있었지만…
0x0011eae3	6	【노조미】\n확실히 그렇습니다. \n심장병......특히, 이식 수술을\n하고\n나서\n아저씨는 바뀌었습니다......
0x0011eb71	6	【노조미】\n 확실히, 재혼한 것은 수술\n후였습니다.\n\n역시 수술이 아저씨의 무엇인가를\n변경했을지도 모르겠네요.
0x0011ebe3	2	【코우지】\n…………
0x0011ecc9	3	【노조미】\n저에게 묻고 싶은 것 같은 건\n있나요?
0x0011ed0c	4	【코우지】\n단자는, 피해자의 어,\n시라카와 신지씨는\n알고 있을까?
0x0011edb7	2	【노조미】\n그래, 아빠의 학자였습니다.
0x0011edfa	5	【코우지】\n단자가 알고 있는 범위로 좋다. \n아야에 대해 뭔가 알고 있는 것이\n있으면\n가르쳐서 짜증난다.
0x0011ee8e	2	【노조미】\n그렇네요…
0x0011eeed	5	【노조미】\n어머니…\n이치로 아저씨에게는\n직장에서 좋은 파트너였습니다.\n같아요.
0x0011ef88	6	【노조미】\n매우 놀고 있는 쪽으로,\n이치로 아저씨가 유일심을 용서할 수\n있는\n사람\n이었던 것 같습니다.
0x0011f014	3	【노조미】\n나에게도 여러가지 이야기를 해\n주었습니다.
0x0011f066	7	【노조미】\n이치로 아저씨는 선견의 명을 망하고\n있어,\n세상의 견해에 민감하고,\n경영자로서는 발군의 세능을\n간질하고 있었다고 말하고\n있었습니다.
0x0011f110	4	【노조미】\n그렇게 말하면, 개 였던 사람의\n이야기도\n해 주었습니다.
0x0011f15d	3	【코우지】\n개가 있던 사람?\n신지 씨?
0x0011f1c8	2	【노조미】\n에에.
0x0011f222	6	【노조미】\n고등학생 때부터 계속 한결같이\n무거웠던 사람이 있었던 것\n같습니다. \n 확실히, 둘 위의 선배라고\n 말하고 있었습니다.
0x0011f2a7	2	【코우지】\n두 위의 선배인가…
0x0011f2fd	6	【노조미】\n결막, 그 사람과의 사랑은 실망하지\n않고,\n그 사람은 결혼해 버렸다고 합니다.\n\n하지만......
0x0011f36b	2	【코우지】\n에서도…
0x0011f3ca	5	【노조미】\n분명하게는 말해주지 않았습니다만,\n그 사람의 단나씨에게\n매우 죄송한 일을 했다고\n말하고 있었습니다.
0x0011f451	4	【노조미】\n남편분은 돌아가셔서,\n그녀는 몹시 상심해 있었던 것\n같아요.
0x0011f4d0	6	【노조미】\n이 이야기를 들었을 때, 저도\n모르게\n‘신지 씨에게 기회가\n찾아온 것 아니냐’고\n말해 버렸습니다만……
0x0011f56a	3	【노조미】\n신지씨는 비사를 가마우며,\n이렇게 말하고 있었습니다.
0x0011f5cc	5	【노조미】\n『능녀의 단나씨가 죽은 원인의\n일단은 너에게 있다. \n군에게는 아야를 사랑하는 자각이\n없어』라고.
0x0011f64d	2	【코우지】\n……무슨 소리야?
0x0011f6b1	4	【노조미】\n나도 조금 신경이 쓰였습니다만,\n매우 깊게 둘 수 있는 분동기에서는\n없었기 때문에…
0x0011f718	2	【코우지】\n……그렇군.
0x0011f75f	4	【노조미】\n에서도 그 때는 벌써, 신지씨는\n자신의 생명이 길지 않다고 말하고\n있었습니다.
0x0011f7bb	2	【코우지】\n… … 확실히, 신장병이었던가?
0x0011f831	5	【노조미】\n네.\n인공투석이 원인이 되어\n허혈성 장염을 합병하기 시작했던\n모양이에요.
0x0011f8c8	3	【노조미】\n그 때문에 신지씨는\n치를 각오하고 있었던 것 같습니다.
0x0011f91c	2	【코우지】\n그렇군……
0x0011f962	4	【노조미】\n신장 이식 수술이 접혀,\n동구했지만,\n거기서 수술이 실패해…
0x0011f9e9	4	【노조미】\n저, 그때는 정말로 향했습니다…\n아빠보다 잘 이야기한 사람\n이었기 때문에…
0x0011fa4e	2	【코우지】\n…………
0x0011faad	3	【노조미】\n아, 미안해…\n어두워졌어요…
0x0011fafc	4	【코우지】\n아니, 전혀 상관없어. \n신지 씨와 풍부했어요? \n이라면 당연한 일이 아닌가.
0x0011fb65	3	【코우지】\n슬픈 때는 무겁게 슬퍼하는 편이,\n교인도 보상받을 거야.
0x0011fbc6	2	【노조미】\n…………
0x0011fbfe	3	【코우지】\n덧붙여서, 신지씨는,\n그 오빠와 풍은 좋았던 편?
0x0011fc60	5	【노조미】\n나쁘지 않았다고 생각합니다. \n단, 회사의 경영면에서 대립하는\n것은\n많았던 것 같습니다만.
0x0011fcd7	5	【노조미】\n게다가 신지 씨의 심장은\n이치로 아저씨에게 이식되어 있고,\n사이가 나빴다면 그렇게까지는\n하지 않았을 거라고 생각해요.
0x0011fd52	3	【코우지】\n네!?\n그, 그게 정말이야……!?
0x0011fdaa	2	【노조미】\n네, 정말이에요.
0x0011fe0d	4	【노조미】\n이치로 아저씨는 2002년에\n심장병을 앓아서, 심장 이식 외에는\n살아갈 방법이 없었어요.
0x0011fe92	4	【노조미】\n그때의 이치로 아저씨는\n살아가는 것을\n반쯤 포기한 것처럼 보였어요.
0x0011fefd	6	【노조미】\n하지만 동행해서 유럽으로 간 신지\n씨의\n수술이 실패했기 때문에,\n그 심장이 이치로 아저씨에게\n이식된 거예요.
0x0011ff83	3	【코우지】\n(……그거,\n엄청 수상한 거 아닌가……?)
0x0011ffdb	3	【코우지】\n(……라고는 해도\n노조미에게 캐물을 수는 없지만.)
0x00120034	4	【코우지】\n그렇군.\n신지의 평판은\n그렇게 나쁘지는 않은 모양이네.
0x001200ab	5	【노조미】\n네. 하지만 인간적으로는\n이치로 아저씨보다\n교수님 쪽을\n더 존경했던 것 같아요.
0x00120125	4	【노조미】\n제가 알고 있는 신지 씨에 대한\n이야기는\n이 정도일까요.
0x00120175	4	【코우지】\n그렇구나.\n응, 정말 참고가 됐어.\n고마워.
0x0012029d	4	【코우지】\n음……\n오늘은 특별히 할 이야기가\n없을 것 같네……
0x00120313	3	【노조미】\n그런가요……\n조금 아쉽네요……
0x00120381	3	【노조미】\n그래도 선생님의 건강한 얼굴을\n볼 수 있어서 다행이에요.
0x001203d1	2	【코우지】\n그, 그렇구나……?
0x00120445	3	【노조미】\n후후……\n그럼 내일 또 봬요.
0x00120524	3	【노조미】\n그럼 슬슬 실례할게요.\n힘내세요, 선생님.
0x0012057f	2	【코우지】\n하하하, 고마워, 노조미.
0x00120623	3	【노조미】\n저에게 묻고 싶은 것 같은 건\n있나요?
0x00120666	2	【코우지】\n아니, 현재로서는 특별히 없어.
0x001206d4	3	【노조미】\n그럼 슬슬 실례할게요.\n힘내세요, 선생님.
0x0012072f	2	【코우지】\n하하하, 고마워, 노조미.
0x001207bd	2	【노조미】\n드디어 내일 석방이네요.
0x00120808	2	【코우지】\n……뭐, 그렇게 되면 좋겠지만.
0x00120875	5	【노조미】\n괜찮아요.\n선생님은 범인이 아니에요.\n이래도 석방되지 않는다면\n수사 기관의 태만이에요.
0x00120908	4	【코우지】\n오이오이이. \n뒤에 입사인이 있는데,\n꽤 과격한 것을 말하지 마...
0x0012098f	4	【노조미】\n저, 내일도 올게요.\n그때는 밖에서 만나요.\n한 번 천천히 이야기하고 싶어요.
0x001209f5	3	【코우지】\n그래, 그렇지.\n나도 하고 싶은 이야기가 많아.
0x00120a6a	3	【노조미】\n그럼……\n기대하고 있을게요.
0x00120aec	4	【코우지】\n밖에서 만난다, 라……\n석방됐을 때의 기대거리로 남겨\n둘까.
0x00120b57	1	［병사］
0x00120b64	1	［살인 사건］
0x00120b75	1	［자살］
0x00120e81	2	【노조미】\n…………
0x00120eb9	2	【코우지】\n어, 어서 와……
0x00120f00	3	【노조미】\n……석방되지 못해서\n아쉬웠네요……
0x00120f54	4	【코우지】\n뭐 그렇지.\n하지만 지나간 일은\n어쩔 수 없어.
0x00120fa3	4	【코우지】\n10일 후에는\n반드시 석방되도록 노력할게.\n이번에는 절대야.
0x0012102d	4	【노조미】\n네.\n저…… 그걸 위해\n선생님께 도움이 될 수 있다면……
0x00121087	4	【코우지】\n그런데 말이야.\n노조미…… 너에게\n조금 묻고 싶은 게 있어.
0x00121107	2	【노조미】\n저에게 묻고 싶은 거요?
0x00121148	4	【코우지】\n그래.\n노조미네 집에서 최근 20년 동안\n큰 사건이 없었어?
0x001211b2	3	【노조미】\n네…… 저희 집에 관한\n이야기면 되는 거죠?
0x001211fe	2	【코우지】\n그래, 그거면 돼.
0x00121262	4	【노조미】\n저희 집의 큰 사건……\n최근에 있었던 일이\n가장 큰 일이긴 하지만……
0x001212c8	2	【코우지】\n…………
0x00121327	4	【노조미】\n하지만 그것에 못지않게\n큰 일이 있었어요.\n지금으로부터 12년 전 이야기예요.
0x0012138d	4	【코우지】\n뭐…… 그것에 못지않게 큰\n일이라니,\n무슨 일이 있었던 거야!?
0x0012143e	4	【노조미】\n……실은 저, 지금 어머니와는\n혈연으로\n이어져 있지 않아요.
0x0012149e	2	【코우지】\n네……?
0x001214e4	2	【노조미】\n저기…… 그게……
0x00121520	5	【코우지】\n……아!\n그, 그렇지……\n응, 이 이상은 말하지 않아도 돼.\n사적인 일이기도 하니까, 하하하.
0x0012159a	6	【코우지】\n(그래……\n이 이상 노조미의 입으로 말하게\n하면\n노조미의 정체가 뒤에 있는 거물에게\n들통날 테니까……)
0x00121611	5	【코우지】\n(그런데 노조미와 미사에는 혈연이\n이어져\n있지 않다……?\n미사에는 재혼 상대라는 건가……)
0x00121694	3	【코우지】\n(……이번 사건에 못지않은\n12년 전의 큰 사건……)
0x001216f8	4	【코우지】\n(그렇다면 역시……\n노조미가 친어머니와 헤어졌다는\n뜻이겠지……?)
0x00121756	3	【코우지】\n노조미……\n지금까지 힘들지 않았어?
0x001217ab	4	【노조미】\n…………\n그 당시에는 너무 힘들어서\n매일 울었어요……
0x00121809	2	【코우지】\n원인은 뭐였지?
0x00121855	4	【노조미】\n그게…… 아직도 원인을 몰라요.\n그러니 어쩌면 저에게도\n이유가 있을지도 몰라요……
0x001218f6	3	【코우지】\n(나에게 원인이 있었을지도\n모른다고……?)
0x00121951	4	【코우지】\n(그렇군…… 알겠어.\n노조미의 친어머니가 돌아가신\n건……)
0x001219bc	2	【코우지】\n몸의 어디가 안 좋았던 거야?
0x00121a22	3	【노조미】\n네……?\n아, 아니에요……
0x00121a93	4	【노조미】\n병이 아니라……\n스스로 목숨을 끊었다고 할까요,\n그……
0x00121ae2	4	【코우지】\n(아, 큰일이다!\n노조미의 친어머니가 죽은 건\n자살이었던 건가!?)
0x00121b53	3	【코우지】\n그럼 단코는 두 번 같은 눈에\n오고 있는 것인가…
0x00121bcf	3	【노조미】\n네……?\n아, 아니에요……
0x00121c40	3	【노조미】\n범의 사람이 원인이 아니고,\n자신이라고 말합니까, 그…
0x00121c95	4	【코우지】\n(아, 큰일이다!\n노조미의 친어머니가 죽은 건\n자살이었던 건가!?)
0x00121d06	3	【코우지】\n……내 어머니도\n갑자기 돌아가셨어……
0x00121d53	4	【코우지】\n갑자기 소중한 사람이 사라지는 건\n괴롭지……\n그게 자살이었다니……
0x00121dc6	2	【노조미】\n…………
0x00121e25	2	【코우지】\n…………
0x00121e5e	3	【코우지】\n노조미……\n너에게 부탁하고 싶은 일이 있어.
0x00121ed5	3	【노조미】\n……네, 좋아요.\n무엇이든 말씀하세요.
0x00121f25	4	【코우지】\n……원인을 모르겠다고\n했었지?\n그 원인을 조사해 줬으면 해……
0x00121f9e	2	【노조미】\n…………
0x00121fd6	5	【코우지】\n억지로 하라는 건 아니야.\n다만…… 이제는 그 괴로움과\n마주해도 되지 않을까\n생각해.
0x0012205a	2	【노조미】\n…………!?
0x001220af	4	【코우지】\n나도 어머니가 돌아가셨을 때\n한동안은 그 죽음과\n마주할 수 없었어……
0x00122111	2	【노조미】\n…………
0x00122149	4	【코우지】\n하지만 지금은\n정면으로 마주하려고 해.\n아니, 마주해야 해……
0x001221b0	3	【코우지】\n그렇지 않으면\n앞으로 나아갈 수 없으니까……
0x00122220	3	【노조미】\n……알겠어요.\n저도 마주해 볼게요.
0x0012226c	4	【코우지】\n……미안해.\n결국 너를 끌어들이는\n모양이 되어 버렸어……
0x001222db	4	【노조미】\n아니에요.\n걱정해 주시는 마음만으로도\n충분해요.
0x00122340	2	【노조미】\n그럼 오늘은 이만……
0x001223e9	2	【코우지】\n…………
0x00122706	2	【노조미】\n안녕하세요, 선생님.
0x00122747	4	【코우지】\n아, 좋은 아침……\n이라고 말하고 싶지만,\n공부는 괜찮은 거야?
0x001227b5	3	【노조미】\n대학이요?\n물론 괜찮아요.
0x0012280a	4	【노조미】\n오늘도 이따가\n오후부터 수업이 있지만\n제대로 갈 거예요.
0x00122866	2	【코우지】\n그렇구나, 그럼 다행이네.
0x001228cc	3	【노조미】\n후후, 걱정해 주신 거군요.\n고마워요.
0x00122942	3	【노조미】\n그보다 저에게는\n중요한 용무가 있으니까요…
0x0012299b	4	【노조미】\n오늘 여기 온 건\n선생님께 말씀드릴 일이\n있어서……
0x001229f4	2	【코우지】\n뭔데?
0x00122a38	4	【노조미】\n사실 어제 선생님과 헤어진 뒤\n잠깐 볼일이 있어서\n아버지 회사에 다녀왔어요.
0x00122aa7	2	【코우지】\n(시라카와 하우징인가……)
0x00122af9	4	【노조미】\n그랬더니\n아버지 방에서 모르는 여자아이가\n나오는 거예요……
0x00122b52	2	【코우지】\n여자아이?
0x00122b97	3	【노조미】\n네……\n다섯, 여섯 살쯤 된 여자아이예요.
0x00122be5	3	【코우지】\n다섯, 여섯 살?\n직원의 아이는 아니고?
0x00122c5d	6	【노조미】\n그건 아닌 것 같아요.\n직원들에게 물어보니\n아버지와 친하게 지내던 아이인 것\n같지만\n잘 모르겠다고 해서……
0x00122cd6	3	【코우지】\n뭐……?\n무슨 뜻이지?
0x00122d25	4	【노조미】\n저도 잘 모르겠어요.\n다만 이름을 물어보니\n요시모토 유미라고 했어요.
0x00122d9a	4	【노조미】\n자세히 이야기를 들어 보려고 했는데\n이름을 알려 준 뒤\n곧바로 사라져 버렸어요……
0x00122e0b	2	【코우지】\n요시모토…… 유미……
0x00122e4c	3	【코우지】\n그 아이가\n노조미 아버지의 방에……?
0x00122ea9	3	【코우지】\n……알겠어.\n의외로 중요한 정보일지도 모르겠네.
0x00122f23	3	【노조미】\n그래요?\n도움이 된다면 저도 기뻐요.
0x00122f97	3	【노조미】\n그럼 저는 슬슬 실례할게요.\n시간을 빼앗아서 죄송했어요.
0x00122ff0	3	【코우지】\n아니, 괜찮아.\n나도 사람을 만나는 건 기쁘니까.
0x00123066	2	【노조미】\n……그게 전부인가요?
0x001230a3	3	【코우지】\n응?\n무슨 말이야?
0x00123106	3	【노조미】\n아, 아니에요……\n그, 그럼 실례할게요……
0x001231bb	3	【코우지】\n……뭐지?\n마지막 말은……
0x001234f0	3	【노조미】\n내 어머니에 대해\n조사해 왔습니다.
0x00123537	3	【코우지】\n……죄송하지 않았다. \n 짜증나는 걸 알아봐…
0x001235b0	4	【노조미】\n아니......\n오히려 어머니와 마주하는 것이\n할 수 있었으므로 감사합니다.
0x0012360a	2	【코우지】\n…………
0x00123669	4	【노조미】\n우치에 오랫동안 맡아 주시고 있는\n도움이 있어서,\n아야녀로부터 이야기를 들었습니다.
0x001236f6	4	【노조미】\n… … 아버지의 친구로, 일상에서도\n교제가있는 변호사 선생님\n네, 알고 계십니까?
0x00123766	2	【코우지】\n(누마사키 변호사인가……?)
0x001237af	3	【코우지】\n아아, 알고 있다. \n아야가 뭐야?
0x0012384c	3	【노조미】\n아무래도 변호사와 어머니는\n불륜하고 있었던 것 같습니다…
0x001238b5	3	【코우지】\n 뭐, 뭐라고! ? \n정말인가? ?
0x0012390e	4	【노조미】\n그녀는 어린 저를 배려해,\n계속 비밀로 하고 있었던\n모양입니다.
0x00123980	5	【노조미】\n입니다만, 언젠가 이 이야기를\n내가 넣어 왔을 때는\n각성 없이 모두 이야기하려고\n무거웠다고 말씀하셨습니다…
0x001239f5	3	【코우지】\n......그 불륜의 사실,\n너의 아빠는 알고 있었나?
0x00123a5e	5	【노조미】\n그래.\n오히려 아버지가 어머니에게 그\n사실을\n훔친 것 같습니다.
0x00123ac3	4	【노조미】\n어머니가 자살한 것은\n그것이 원인이라고\n말씀하셨습니다……
0x00123b17	2	【코우지】\n…………
0x00123b50	3	【코우지】\n(누마사키 변호사와 노조미의 실모가\n불륜……?)
0x00123bb2	4	【코우지】\n(그 일을 시라카와 이치로에게\n추궁당해\n노조미의 어머니가 자살……?)
0x00123c10	3	【코우지】\n(이 사실……\n사건에 얽혀 있는 것일까…
0x00123c78	4	【노조미】\n하지만 설마, 어머니가 불륜이라니…\n모르는 것이군요,\n사람의 망설임.
0x00123cef	5	【노조미】\n진실을 아는 것과 모르는 것은,\n상대에 대한 감정이\n180도 바뀌는 일도 있다,\n알았습니다.
0x00123d6e	3	【노조미】\n나, 어머니가 찢었을 때,\n아버지에 대해 실망하고 있었습니다.
0x00123dce	4	【노조미】\n당시의 아버지는,\n포기할 정도로 슬픈 모습이\n없었던 것이니까…
0x00123e35	6	【노조미】\n하지만 진실을 알고,\n먼저 배신한 쪽이 어머니였다는 걸 알자,\n당시 아버지의 마음도\n어쩐지 이해가 됐어요……
0x00123eac	2	【코우지】\n…………
0x00123f0b	5	【노조미】\n나, 아버지가 슬프지 않았던 것은,\n일 일근의 사람으로,\n가문에 대한 애정이 별로 없는 사람\n이기 때문에라고 무거웠습니다.
0x00123f92	4	【노조미】\n그러니까,\n아버지가 재혼했을 때는\n가시였습니다.
0x0012400f	5	【노조미】\n가문에 대한 애정이 없는 사람이,\n새롭게 가문을 만들려고 하고\n있다......\n어떤 신바시의 변화일까라고...
0x00124090	5	【노조미】\n하지만 다르네요…\n어머니에게 용절당했으니까…\n아버지는 애정에 우울했던지도\n어쩌면......
0x00124107	5	【코우지】\n그 이야기… … 신경이 쓰이는 일이\n있다. \n강의 아빠는,\n그 불륜 상대를 부하로 했지?
0x0012419e	2	【노조미】\n네……?
0x001241d6	5	【코우지】\n……그런 사랑에 둘러싸여 자란\n사람이\n일과 사생활을\n그렇게 쉽게 나눌 수 있을까?
0x0012426c	3	【노조미】\n… … 선생님이 말하는 대로군요. \n그렇게 말하면 불중의입니다.
0x001242c3	3	【코우지】\n… … 뭐, 사람끼리의 교제는\n천차만별이다.
0x00124322	5	【코우지】\n단지, 나가 단자에게 바라는 것은\n물건을 표면적인 것만으로\n판검해 주었으면 하지 않는다는\n것이다.
0x0012438b	2	【노조미】\n…………
0x001243c3	4	【코우지】\n실제의 감정을 망설이지 않고\n게으른다면\n그것이 좋다.
0x0012440e	5	【코우지】\n하지만 아무래도 진짜 감정을\n 망하지 않고 있을 수 없을 때는,\n보이는 것이 전부가 아니라고\n생각해 주었으면 한다.
0x00124492	2	【노조미】\n…………
0x001244ca	5	【코우지】\n짙은 무거운 것을 2림이나 했다. \n사람을\n살고도......뒤로도......\n아무도 불평은 말하지 않아.
0x00124543	3	【코우지】\n그래서 적어도 험하게 고기 벌써……\n…
0x001245b3	2	【노조미】\n......우우.
0x001245f9	3	【노조미】\n우우우…………\n선생님…
0x00124642	3	【코우지】\n그렇구나. \n향하는 편이 좋다......
0x00124687	4	【코우지】\n그대로라면, 실의 감정이\n쌓아 쌓아 갈 뿐이다. \n향해 발황해버리는 편이 좋다…
0x001246fd	3	【노조미】\n우우......\n감사합니다...선생님......
0x00124757	3	【노조미】\n…… 으으…\n으으으으…………
0x001247e9	2	【노조미】\n…………
0x00124821	2	【코우지】\n… … 생존했나?
0x0012486d	3	【노조미】\n……네. \n미안해, 향해......
0x001248b9	4	【코우지】\n그러니까 괜찮다고.\n……그보다도, 나야말로\n설교 흠뻑 말해 아쉬웠구나…
0x00124972	5	【노조미】\n아니......\n나, 선생님의 말에\n상당히 경쟁했습니다…\n카운슬러가 될 수 있어요, 선생님.
0x001249db	2	【코우지】\n하하하, 그것은 너무 말했다.
0x00124a42	2	【노조미】\n후후…
0x00124a78	4	【코우지】\n그것보다,\n엄마를 조사하는 것은\n광택이 났다.
0x00124aca	4	【코우지】\n정말 고마워, 노조미.\n덕분에 진실에 이르는 길이 조금\n열렸어.
0x00124b32	3	【코우지】\n정말 고마워…\n이 선은 절대로 바꾸기 때문이다.
0x00124b9d	4	【코우지】\n(배신당한 이치로가\n재혼을 결심하게 된 경위는\n조금 수상하다……)
0x00124c10	4	【코우지】\n(게다가, 불륜 상대를\n고문 변호사로서 고용한\n노려도……)
0x00124fbf	2	【아사츠유】\n하로~!
0x00124ff5	3	【코우지】\n아, 아사츠유씨……\n…………
0x00125062	3	【아사츠유】\n어머, 무슨 일이야? \n 괜찮아요?
0x001250a9	5	【코우지】\n아니, 어제 석방되도록\n최선을 다했는데,\n아직도 구류 중이라니……\n운이 나쁘다고 해야 하나……
0x00125154	4	【아사츠유】\n뭐, 어쩔 수 없잖아?\n살인 사건으로 구류 중이니까,\n마음 편히 있을 수는 없다고.
0x001251c1	5	【코우지】\n뭐, 그럴지도 모르지만……\n하지만 나도 이대로\n언제까지나 구류된 채로 있을 생각은\n없으니까.
0x00125239	5	【코우지】\n실제로 제대로 결착해요. \n그러기 위해서도\n조금 조사 방식을 바꾸려고\n 생각하고 있습니다.
0x001252d3	3	【아사츠유】\n조사 방식을 바꿀까……\n응, 좋지 않아?
0x0012532e	4	【코우지】\n그것에 대해 하나 마음에 걸리는\n일이\n있지요…
0x00125386	4	【코우지】\n(그래, 조사 방식을 바꾼다…\n그것은 아사츠유 씨도 내 안에서\n용의자가 된다는 것......)
0x00125424	4	【아사츠유】\n알고 있어, 모두까지 말하지\n않아도.\n하지만 그래도 괜찮아.
0x001254a5	4	【아사츠유】\n가능성은 항상 높게 생각하고,\n유액한 정보가 들어가면\n그 범위를 모아 간다.
0x00125528	4	【아사츠유】\n그 과정은\n자신으로 주석을 망치는 것이고,\n어타시가 구출하는 것이 아니야.
0x0012559a	3	【아사츠유】\n비록 궁금하든,\n의심할 때는 의심해라.
0x001255e6	3	【코우지】\n그렇게 말해 주면\n살아납니다.
0x0012562b	3	【코우지】\n그 위에\n하나만 전문이 있습니다만…
0x0012569d	2	【아사츠유】\n그래, 뭐야?
0x001256d6	3	【코우지】\n말하고 싶지 않으면 말하지 않아도\n좋은데…
0x00125723	5	【코우지】\n마에바야시 접견에 왔을 때에,\n아사츠유씨가 개견이었던 사람의\n이야기를\n해 주었지요?
0x00125789	3	【코우지】\n그 아사츠유씨의 상대는\n누구입니까…
0x00125801	3	【아사츠유】\n후후, 날카로운 곳을\n쌓아 왔네.
0x0012585f	3	【아사츠유】\n......좋아. \n 말해줘.
0x001258b0	4	【아사츠유】\n내가 한때 사랑했던 사람은\n시라카와 신지……\n살해당한 시라카와 이치로의 딸이야.
0x00125919	3	【코우지】\n………………\n시라카와 신지……
0x0012599c	2	【코우지】\n이 분은 지금 무엇을하고 있습니까?
0x00125a08	3	【아사츠유】\n사망했어. \n2002년에.
0x00125a51	2	【코우지】\n어……
0x00125aae	4	【아사츠유】\n 어, 어쩔 수 없어! \n이제 이런 시간이야! ? \n 또 맘에 드네요.
0x00125b05	2	【코우지】\n아…
0x00125b73	2	【코우지】\n(시라카와 신지,인가……)
0x00125e9e	2	【코우지】\n뭐야, 오마에인가…
0x00125f02	3	【타타로】\n그래, 나야. \n아침인가......!
0x00125f7e	3	【코우지】\n나쁘다. \n접견 종말로 좋다?
0x00125ff5	5	【타타로】\n마, 기다려라! ? \n 조금은 나의 이야기를 넣어\n주었다고\n 좋지 않을까!
0x00126053	3	【코우지】\n아, 오늘은 제대로 용건이 있는\n거군요.
0x001260ca	3	【타타로】\n실은… …\n최근, 아빠의 모습이 이상하다.
0x0012611d	2	【코우지】\n재미있는 것은, 어떤 곳에?
0x0012616b	6	【타타로】\n뭐라고 해야 할까……\n이렇게…… 생각에 잠긴 듯한 표정을\n짓고 있어서……\n마치 자살이라도 생각하고 있는\n듯한……
0x001261e7	3	【코우지】\n… … 사실인가? \n 그건 좀 버리지 마세요.
0x00126238	2	【코우지】\n본인에게는 직접 두어 보았는가?
0x001262a3	3	【타타로】\n… … 둘 수 없을 것이다. \n상대는 아빠다.
0x001262f4	5	【코우지】\n아빠이지만 아버지이지만,\n두지 않으면 모르겠다! !\n우선은 본인과 이야기하자!\n이야기는 그때다!
0x0012638f	3	【타타로】\n정말 얽히지 않는 것을 말하는구나,\n너는.
0x001263e8	3	【타타로】\n나가 이렇게 수술을 받고\n상담을 하고 있다고 말하는데…
0x00126448	4	【코우지】\n아무리 수치를 씌워도,\n지금의 정보만이야,\n나에게도 역리할 수 없어.
0x001264b1	3	【코우지】\n우선은 정보를\n얻지 않으면…
0x0012651e	4	【타타로】\n훈! \n너는 항상 그렇다. \n뭐든지 정보, 정보, 라고…
0x00126585	4	【타타로】\n그렇게 해서 노리코강에도\n정보를 망설여서\n강제하고 있겠지?
0x001265e0	3	【코우지】\n강제는…\n그게…
0x0012664a	5	【타타로】\n훈, 너는 좋다. \n전생 외로움으로 인간의 걱정을 하지\n않아서\n좋아서.
0x001266b1	2	【코우지】\n…………
0x001266ea	3	【코우지】\n결막, 오마에는 타격의 얽혀쨩\n나.
0x00126761	3	【타타로】\n무……\n무슨 일이야!
0x001267a6	5	【코우지】\n그렇겠지? \n아빠가 숨겨주지 않아서 재미있지\n않다. \n노리코도 씌워주지 않아 재미없다.
0x0012680e	7	【코우지】\n그래서 나에게 머물러 주었으면\n한다. \n에서도, 내가 말하는 것은 정보\n격려해라. \n아무도 나를 잡아주지 않아서\n외롭다......
0x0012688a	2	【코우지】\n그런데, 내가 아는가!
0x001268d7	4	【타타로】\n정말 말씀드릴 것 같다. \n너에게 나의 멍청이가\n알고 쌓인 걸까!
0x00126934	8	【코우지】\n아아, 모르겠네. \n단지, 이것만은 어드바이스 할 수\n있어.\n\n그런 사람이라면,\n노리코는 상대로 해주지 않는다,\n라고.
0x001269d0	2	【타타로】\n인… ?
0x00126a33	2	【타타로】\n여, 불필요한 신세다!
0x00126ab5	2	【코우지】\n…………
0x00126aee	4	【코우지】\n(응…\n도대체,\n어쩐지 맘에 들었어, 녀석은…
0x00126b44	5	【코우지】\n(……하지만,\n누마사키 변호사가 무거운 쓰고있는\n모습\n하지만 이야기는 신경이 쓰이지…
0x00126e8f	2	【아카네】\n야호!
0x00126ec4	3	【코우지】\n…………\n오마에라든지…
0x00126f2d	4	【아카네】\n잠깐…\n그 눈부신 승기 같은 카오,\n그만해~!
0x00126f8d	5	【아카네】\n이런 귀여운 여고생 2명이\n왔다! \n『우와~, 화려하고 이이네』\n정도 말할 수 없어! ?
0x00127001	2	【코우지】\n……접견 종말해도 될까?
0x00127078	4	【아카네】\n모처럼 아오이가 흥미로운 정보를\n간만해왔다고 하는데, 뭐 그 민첩!\n?
0x001270d1	3	【코우지】\n이라면 아오이만 타고,\n아카네은 돌아가도 좋다.
0x00127141	3	【아카네】\n부-\n절대로 돌아가지 않아! !
0x00127182	2	【코우지】\n…
0x001271f1	6	【아오이】\n아니, 아카네쨩이 굉장히 말하고\n있는\n만으로,\n그렇게 재미있다는 정보는\n없습니다만…
0x0012727f	3	【아카네】\n좋아, 아오이.\n자승에 정보 뭔가 가르치지 않아도!
0x001272d4	2	【코우지】\n…………
0x0012730d	3	【코우지】\n알았다. \n정보를 알려주세요, 아카네님.
0x00127380	3	【아카네】\n응~\n어떻게 할까~?
0x001273be	3	【코우지】\n… … 여기에서 나오면,\n게 샤브라도 먹으러 갈까?
0x0012740f	2	【코우지】\n(물론, 와리칸에서)
0x00127475	3	【아카네】\n좋아~\n게, 대견 꼭! !
0x001274c5	3	【아카네】\n좋아, 아오이. \n자승에 그 정보를 가르쳐 줘.
0x00127540	4	【아오이】\n그래…\n정말 정보라는 정도로\n없는데…
0x00127593	3	【코우지】\n좋아, 그런 모습 없이도. \n세상 이야기도 좋다.
0x001275f2	2	【아오이】\n네……
0x0012764d	3	【아카네】\n언제나 생각하지만,\n자승, 아오이에는 놀이군요.
0x001276c9	3	【아카네】\n그 놀이를\n이쪽으로 나누고 싶어…
0x00127711	3	【코우지】\n……그리고, 아오이, 이야기를\n제외하지만…
0x00127780	5	【아카네】\n건……건 무시…\n단순한 여고생을 건 무시…\n어쩔 수 없어요,\n이 사람…
0x00127823	2	【아오이】\n에, 어-그렇네요…
0x0012786d	5	【아오이】\n전날, 오빠가 이쪽에 참았다고\n무겁습니다만,\n실례한 것을 말하고 있지 않았을까\n무거워서…
0x001278d5	5	【코우지】\n으, 음…\n무례한 것, 말할까,\n마음이 강한 오빠였기 때문에,\n조금 면식 받았을까…
0x0012796d	3	【아오이】\n 역시, 무례한 것을\n 말하고 있었군요! ?
0x001279df	3	【아오이】\n미안해......\n정말 미안해......
0x00127a26	4	【코우지】\n아니, 좋아. \n오빠도 여러가지 있었던 것 같고,\n신경쓰지 않는다고.
0x00127a8d	4	【아오이】\n……그렇습니다.\n오빠도 회사에서 해고되거나,\n병에 걸리기도 해서……
0x00127af7	6	【아오이】\n 원래는 굉장히 노는 오빠였어요.\n\n사람 사귀는 비수라도,\n한 번 신경을 허락하면 정이\n양보해…
0x00127b72	6	【아오이】\n그것은 장점이기도 합니다만,\n결과적으로 사람이 싫어하는 것을\n전부,\n스스로 기쁘게 해 버려,\n알갱이 버리는 일도 있어…
0x00127bf7	5	【코우지】\n......그렇다. \n 병이 들었어도,\n결막 일을 자신 1명이 기쁘게 자아\n 버렸기 때문에 보고 싶다.
0x00127c9c	3	【아카네】\n헤~, 그런 사람이었구나,\n아오이의 오빠는.
0x00127cf5	6	【아카네】\n아오이응 집에 참기 위해 가도,\n방에서 한 풀도 나오지 않는\n사람이었으니까\n실은 한 번도\n만난 적 없었지.
0x00127d8c	4	【아오이】\n그러고 보니 그렇네…\n항상 PC와 어울려\n나오지 않을거야.
0x00127de5	5	【코우지】\n아오이는 평상시, 오빠와 이야기하는\n것\n같은가\n 있는 것인가?
0x00127e46	5	【아오이】\n그렇네요…\n그렇게 자주 아니지만…\n1연간에\n한 번이나 두 번 정도였습니다.
0x00127eb5	2	【코우지】\n훗, 과연…
0x00127ef4	3	【코우지】\n......응? \n『이었습니다』…
0x00127f47	5	【아오이】\n에에. \n1개월 정도 전부터,\n축과 자주 방을 나오도록\n이 되어서…
0x00127fbc	4	【아오이】\n지금은 시라카와 설계에 복직하고\n있기\n때문에.
0x00128004	4	【코우지】\n그래서,\n시라카와 설계에 복직하는 움직임이\n1개월 전부터 있었던 것일까?
0x00128079	2	【아오이】\n그래, 그렇다면 무겁습니다.
0x001280b7	2	【코우지】\n……
0x001280ee	3	【코우지】\n(……나는 조금\n착각했을지도 모른다)
0x00128143	5	【코우지】\n(음번으로서, 유우지에게 있어서는\n전적인 시라카와 이치로가\n사망했기 때문이야,\n복직이 접어들었는지와 무거웠다)
0x001281bb	5	【코우지】\n(하지만 이 이야기라면,\n시라카와 이치로가 살아 있었다고\n해도\n복직은 붐비고 있었던 것이 된다…
0x00128222	4	【코우지】\n(즉,\n2명의 관계는 격복되고 있었다고\n일까…
0x0012827d	5	【코우지】\n(……그렇다면 미나즈키가 말했던\n사건 당일 VIP 룸에서\n시라카와 이치로를 만났다.\n내용의 갈등은 맞지 마라)
0x00128340	4	【아오이】\n아, 나중에…\n코우지 씨에게 말하려고 무거웠다.\n정보입니다만…
0x0012839d	2	【코우지】\n… … 아, 그래, 뭐야?
0x001283ea	4	【아오이】\n오빠에게 아쉬움은 무거우면서도,\n비밀로 오빠의 옷장을\n붙였어요…
0x00128460	5	【아오이】\n코우지씨,\n오빠가 슈트를 입고 있었는지\n아닌지\n신경이 쓰인 것 같았으니까…
0x001284bd	3	【코우지】\n흠......\n그래서......?
0x00128524	4	【아오이】\n이전, 회사를 가로질렀을 때,\n슈트를 모두 지내고 있던 것을\n추억했어요.
0x00128595	3	【아오이】\n그러고 보니 오빠는 정장을 한 벌도\n가지고 있지 않았어요.
0x001285ea	5	【코우지】\n… … 확실한가?\n옷장 이외에…\n뭐 있을 수 없겠지만,\n침대 밑에 깨어났다든가…
0x00128671	4	【아오이】\n아니, 어디에도 오빠의 슈트인것\n같은\n것은 보이지 않았습니다.
0x001286c3	3	【코우지】\n…………\n과연…
0x00128712	5	【아오이】\n게다가, 지금의 회사의 노정에서는,\n설계사는 슈트가 아니어도\n좋은 것 같고,\n다시 내리고 있는 모습도 없습니다.
0x00128789	4	【코우지】\n(그렇다고 하는 것은,\n역시 발잔 카메라의 그림자는\n행사가 아니라는 것인가)
0x0012880f	3	【아카네】\n어떻게, 자승. \n좋은 정보였지?
0x00128868	2	【코우지】\n……그래.
0x001288c7	6	【아카네】\n헤헤응! \n아오이로부터 이 이야기를 듣고\n그것 절대로 자승에 전하는 편이\n좋다\n라고 말한 것, 어쩌니까니까!
0x00128949	3	【아카네】\n어째서, 이 아카네 짱의 기속!\n무거워 확실히 해주어도 좋다!
0x001289d0	4	【아오이】\n와, 나…\n어느 쪽이든, 코우지 씨는\n전하려고 무거웠지만…
0x00128a44	2	【아카네】\n…………
0x00128a7b	3	【코우지】\n알고 있다고.\n두 사람 모두 정말 감사하고 있다.
0x00128acc	4	【코우지】\n덕분에 생각을 위장할 수 있었어. \n여기에서 나오면,\n진짜로 게 샤브샤브 빌려줄게!
0x00128b5f	4	【아카네】\n……『진짜』라고. \n그럼, 아까는 진짜야\n없었다는 것......?
0x00128bbe	2	【코우지】\n 실은 것은 신경쓰지 마!
0x00128c24	3	【아카네】\n… … 뭐, 좋은가. \n결과적으로 저주해주고…
0x00129001	3	【구치소 직원】\n사이토.\n접견이다.
0x00129042	3	【코우지】\n음……?\n누구일까……?
0x001290c2	2	【나나시바】\n코우지, 인기인이네!
0x00129105	2	【코우지】\n잠깐 다녀올게.
0x00129169	2	【나나시바】\n다녀와~!
0x0012935e	3	【구치소 직원】\n사이토.\n접견이다.
0x0012939f	3	【코우지】\n음……?\n누구일까……?
0x0012976f	2	【코우지】\n좋아…
0x001297ce	3	【나나시바】\n어, 어떻게 된 거야, 코우지?\n갑자기 기합을 넣고.
0x00129823	4	【코우지】\n각오를 다졌어.\n오늘부터 본격적으로 수사를\n시작한다.
0x00129878	4	【코우지】\n10일간의 구류가 결정돼서\n이대로라면 유죄가 된다는 걸\n확실히 알았어.
0x001298e4	4	【코우지】\n변호사도 매일 와 주고 있으니\n나는 내가 할 수 있는 일을\n해야지.
0x00129967	4	【나나시바】\n그렇구나……\n응, 힘내 코우지.\n나는 응원할게.
0x001299d4	2	【나나시바】\n일단 이 부적을 가지고 가.
0x00129a56	4	【코우지】\n오, 고마워……\n그런데 이거, 순산 기원이라고 적혀\n있잖아!?
0x00129abc	5	【나나시바】\n걱정하는 것보다 낳는 게 쉽다는\n말이야.\n아무튼 팍팍 밀어붙이는 게\n길한 일이야.
0x00129b24	4	【코우지】\n이걸 그런 용도로 쓰는 건가?\n그럼…… 잘 모르겠지만\n당분간 가지고 있을게.
0x00129bbb	4	【코우지】\n그러고 보니 나나시바는 늘 여기\n있네.\n탐문 조사는 안 해?
0x00129c1e	2	【나나시바】\n하루 종일 여기 있을 생각이야.
0x00129c6e	6	【나나시바】\n내 경우에는 체포된 이유가\n출판물의 내용 때문이었어.\n말하자면 그 자체가 결정적인\n증거품이었던\n거지.
0x00129d23	6	【나나시바】\n첫날 조사에서\n『확실히 제가 쓴 것입니다』라고\n인정해 버렸거든. 그래서 기본적으로\n더 조사받을 일은\n아무것도 없어.
0x00129da4	4	【코우지】\n흐음, 그런 건가……\n조사도 없는데 여기 있는 건\n그것대로 힘들 것 같지만.
0x00129e31	3	【나나시바】\n나는 생각하는 걸 좋아하거든.\n지루하지는 않아.
0x00129eb0	3	【나나시바】\n내일은 여기서 하루 종일\n코우지의 무사를 빌고 있을게!
0x00129f0c	2	【코우지】\n어, 어…… 고마워.
0x0012a22e	3	【코우지】\n후우.\n오늘은 지쳤다……
0x0012a29c	2	【나나시바】\n어서 와~, 코우지.
0x0012a2dd	4	【코우지】\n다녀왔어.\n……하지만 힘드네.\n미우라의 조사는.
0x0012a356	3	【나나시바】\n그렇구나, 코우지 담당은\n미우라 형사구나.
0x0012a3cd	4	【나나시바】\n들어 본 적 있어.\n소문으로는 담당한 사건의 해결률이\n99퍼센트라던데……
0x0012a443	4	【코우지】\n……그 사람이라면 충분히 그럴 것\n같아서\n무섭네.
0x0012a4a5	5	【코우지】\n그나저나 지쳤다.\n물이 뜨거워도 좋으니\n오늘은 느긋하게 욕조에 몸을 담그고\n싶어……
0x0012a53a	3	【나시바】\n승기! \n오늘은 목욕, 안돼.
0x0012a58b	2	【코우지】\n뭐라고!?
0x0012a5e9	4	【나나시바】\n전에 말했던 것 같은데,\n이곳은 기본적으로 저녁에 이틀,\n목요일과 금요일이 목욕하는 날이야.
0x0012a66d	2	【나나시바】\n오늘은 화요일이라 목욕은 없어.
0x0012a6c0	4	【코우지】\n내일이 목요일이면\n사흘이나 목욕을 못 하는 건가……\n난감하네.
0x0012a744	5	【나나시바】\n코우지는 보기와는 달리\n깔끔한 걸 좋아하는구나.\n나는 하루 정도\n안 씻어도 괜찮아.
0x0012a7bd	3	【코우지】\n……그, 그건\n대단하네……
0x0012a82c	2	【나나시바】\n그렇게 멀리 가지 마, 코우지~
0x0012a875	2	【코우지】\n…………
0x0012a8ae	3	【코우지】\n여기서 나갈 수 없는 건\n다른 의미로 위험하네……
0x0012ac6e	3	【코우지】\n아, 짧은 메시를\n다음 가득 먹고 싶다…
0x0012acba	4	【나시바】\n맞아…\n적어도 레인지로 짧게 해주면\n좋은데…
0x0012ad0e	4	【코우지】\n대체 왜 이렇게 양이 적은 거야!\n밥이 차가운 건 참는다 쳐도,\n이래서는 열흘도 못 버티겠어!
0x0012ad88	4	【나시바】\n굉장해, 코우지강은. \n이 도시락에 대해서,\n식사를 유지하고 있을 수 있으니까.
0x0012adec	3	【코우지】\n어떤 일인가......\n오늘도 반찬을 추순할까......?
0x0012ae3f	4	【나나시바】\n오야? \n상당히 씹는 것이 좋지 않아,\n코우지강.
0x0012ae99	3	【코우지】\n순료 받고 곧이었으니까. \n여웅이 없는 것은 아니다.
0x0012aef2	4	【코우지】\n주스, 칫솔, 그리고 담배…\n유치장에서도 하물을 할 수 있다니,\n여기에 들어갈 때까지 몰랐다.
0x0012af65	4	【나나시바】\n응응.\n유치장이 얼마나 지낼 만한지는\n의외로 돈으로 좌우할 수 있어.
0x0012afc2	4	【나나시바】\n뭐, 어디의 죄수도\n금으로 흠뻑 빠진다고 하는\n것이구나.
0x0012b016	2	【코우지】\n싫은 교훈이네……
0x0012b059	3	【코우지】\n이 밥을 다 먹으면\n사실은 운동 시간이야.
0x0012b0e0	3	【코우지】\n해라. \n 드디어 담배에 붙인다.
0x0012b14e	3	【나나시바】\n 아, 하지만 오늘은 일요일이\n아닌가?
0x0012b196	4	【코우지】\n벌써 일요일인가…\n글쎄, 나에게는 상관없는\n이야기이지만.
0x0012b1fa	4	【나시바】\n그것이 많이 관계 있는 거야. \n이라도, 일요일은 창동의 시간이\n 없으니까.
0x0012b25c	3	【코우지】\n에… \n지금, 뭐라고?
0x0012b2af	3	【나시바】\n 그래서, 일요일은 창동의 시간이\n 없다고 하면.
0x0012b300	2	【코우지】\n우, 거짓말이겠지! ?
0x0012b363	2	【나시바】\n승기하면서, 진짜.
0x0012b3a3	3	【코우지】\n해……\n몰랐다……
0x0012b40b	3	【나시바】\n어쩔 수 없어. \n그것은 여기 규칙입니다.
0x0012b47a	4	【나나시바】\n하지만, 아무래도 담배를\n만 먹고 싶다면,\n방법이 없는 것은 아냐?
0x0012b4d7	5	【코우지】\n뭐야! ? \n 말해줘, 시치바! \n어떻게 하면 담배를 먹을 수 있어!\n?
0x0012b540	3	【나나시바】\n취조로 솔직하게 자백해 버리는\n거야.
0x0012b596	6	【나시바】\n솔직하게 자백하면 사건은 해칭. \n 형사도 일망하고 싶어진다. \n그렇게 하면 『담배에서도 먹을까?\n』\n는 이야기가 되지 않을까?
0x0012b615	2	【코우지】\n…………
0x0012b64e	3	【코우지】\n 참을 수밖에 없다\n일까…
0x0012b6a6	3	【나나시바】\n좋은 기사이니까,\n금금을 추천할게.
0x0012b6f8	2	【코우지】\n…
0x0012ba52	3	【코우지】\n후우~\n오늘도 묶여 있었다…
0x0012bac0	6	【나나시바】\n귀가~\n코우지강, 취조라든지\n접견이나라에서\n대칭해. \n
0x0012bb1a	4	【코우지】\n그래 그렇다. \n알고 싶은 것이 \n아직도 많이 있어.
0x0012bb6b	3	【코우지】\n지금은 조금이라도 정보를\n 모아 두지 않으면…
0x0012bbde	4	【나나시바】\n그런가. \n코우지 강,\n사건 당시의 기억이 없었지?
0x0012bc3b	4	【코우지】\n음. \n취조에서도,\n그것이 제일의 넥이 되고 있다.
0x0012bc8e	4	【코우지】\n이라도, 아무리 무거운 나가려고\n해도\n 잘 안 되어서…
0x0012bcde	4	【코우지】\n이 느낌이야,\n당일의 기억은 돌아올 것 같게\n없어.
0x0012bd66	3	【나나시바】\n기억이 돌아오도록,\n나가 삶아 둘게.
0x0012bdea	3	【나시바】\n아, 그렇다! \n이 부적을 줘!
0x0012be6c	3	【코우지】\n… … 케이통 안전? \n무슨 뜻이야?
0x0012beb7	3	【나시바】\n시냅스의 전도상에서\n사건이 발생하지 않게, 라고.
0x0012bf0c	4	【나나시바】\n농내에서 정보가 잘 보내면,\n기억도 돌아오지 않을까 하고\n무거워.
0x0012bf73	4	【코우지】\n…… 의미를 전혀 모르지만,\n받으세요.\n그럼 안산의 부적은 바꾸지 않는다.
0x0012bfe3	3	【나나시바】\n그렇네, 이액이\n분 거칠어 버릴지도 모르니까.
0x0012c065	3	【코우지】\n이지만, 어째서 오마에는 그렇게\n기분이야?
0x0012c0b0	3	【코우지】\n나, 아직 만나서 5일째이고,\n어쨌든 만난 것이 이런 장소야?
0x0012c10f	3	【코우지】\n보통은 어떤 잔죄를 해 온\n녀석이라니, 능숙하지 않나?
0x0012c17c	4	【나나시바】\n그럴까? \n나는 오히려 같은 교우가 된\n인연 같은 것을 느끼지만.
0x0012c20e	3	【나시바】\n게다가 코우지강,\n소재로서 재미있을 것 같다.
0x0012c25d	2	【코우지】\n소재?
0x0012c2ba	4	【나시바】\n그래, 소재.\n그냥 실림작의 재료를 따라\n그런데.
0x0012c339	3	【나나시바】\n코우지강을 다루고 이야기를 쓰면\n재미있는 것 같다고 무거워.
0x0012c38e	4	【코우지】\n뭐, 뭐야, 그럼! ?\n나를 다루고… … 라고,\n이 사건을 쓸 것인가! ?
0x0012c402	5	【나나시바】\n물론! \n여기에서 나온 후에도,\n코우지강을 관찰하게 하기 때문에\n잘 부탁해!
0x0012c462	2	【코우지】\n잘 안돼!
0x0012c7c3	4	【코우지】\n――후우. \n 살아났다......\n 아, 이틀 만에 담배는 좋다!
0x0012c81e	6	【코우지】\n버드나무 아침 식사 후,\n단 10분간이지만…\n창동 시간에 담배를 먹을 수 있다는\n것은\n고맙습니다.
0x0012c891	3	【코우지】\n채연의 한 때는,\n이런 일이야.
0x0012c902	2	【나나시바】\n…………
0x0012c93b	3	【코우지】\n응? \n 무슨 일이야, 시치바?
0x0012c986	4	【코우지】\n그렇게, 나나시바는\n창동의 시간에서도\n특히 아무것도 하지 않는구나.
0x0012c9de	3	【코우지】\n나처럼 담배도 먹지 않고\n창동하는 것도 아니고.
0x0012ca56	3	【나나시바】\n나는 히나타보코 할 수 있으면\n그래서 만아야.
0x0012caae	4	【나나시바】\n… … 저기, 코우지 강. \n나가 말하는 것이 아니지만,\n담배, 흙을 낀 것이 좋지 않아?
0x0012cb1c	2	【코우지】\n네?
0x0012cb5d	3	【나나시바】\n이대로라면 또 다음 주 일요일이\n힘들어지겠지?
0x0012cbb8	5	【나나시바】\n그래서 취조중의 집중력이\n절단되거나 하면\n취조을 바꿀 수 없는 것에\n되지 않을까?
0x0012cc1e	3	【코우지】\n우……\n그, 그건 그렇지만…
0x0012cc67	6	【코우지】\n(나나시바가 말하는 것도 가장\n좋다.\n담배가 끊어졌을 때에 집중력까지\n절단하거나 하면, 치지\n않을지도……)
0x0012ccd8	3	【코우지】\n......응? \n 기다려.
0x0012cd17	4	【코우지】\n그 지굴이라면,\n금주를 날리면\n유일도 치지 않게 될까?
0x0012cd7b	3	【코우지】\n게다가, 일요일에\n만질 수 없는 것은 같고.
0x0012cded	3	【나시바】\n오, 들었어!\n멋지네…
0x0012ce3b	2	【코우지】\n 멋지다?
0x0012ce9c	5	【나나시바】\n응.\n코우지 씨한테 담배를 끊게 하면\n내가 이기는 걸로,\n나름의 규칙을 정해 뒀어.
0x0012cefe	2	【코우지】\n…
0x0012cf74	2	【나나시바】\n아하하, 들었어.
0x0012d295	4	【코우지】\n그러고 보니. \n시치바가 체포된 책은,\n어떤 내용이었어?
0x0012d31c	3	【나나시바】\n 기쁘네,\n나에게 황미를 탄해준다니.
0x0012d390	5	【나시바】\n음, 보통의 소설이지만. \n리얼리티를 망설이려고 생각하고,\n조금\n사실을 써 버렸어.
0x0012d409	2	【코우지】\n그래서 음란물 부모포죄인가?
0x0012d466	6	【나시바】\n아아, 그건 별건 체포.\n별건으로 체포하면,\n정말로 짊어지고 싶은 죄로 체포할\n때까지\n구류된 채로 시간을 벌 수 있겠지?
0x0012d510	5	【나나시바】\n정말로 먹고 싶은 것은 다른 것. \n이 옥을 움직이는 듯한 조림씨의\n조금 마즈이 이야기를\n쓰고 버렸다고 무거워.
0x0012d58b	3	【코우지】\n어째서 거기까지 마즈이 이야기를\n오마에가 알고 있는 거야?
0x0012d5ff	4	【나시바】\n우연이야. \n나가 쓴 것이, 아무래도\n진짜 일이었던 것 같다.
0x0012d66d	4	【나나시바】\n이런 걸 뭐라고 하더라.\n선반에서 떡이 떨어진다던가?\n기쁘지 않은 떡이지만.
0x0012d6d5	4	【코우지】\n우연히, 이봐…\n저기, 그건\n어떤 것을 썼습니까?
0x0012d758	3	【나시바】\n…… 모르는 쪽이\n몸을 위해서라면 무거워?
0x0012d7a3	4	【코우지】\n…………\n알았다. \n두지 마세요.
0x0012d7fb	2	【나나시바】\n 그래, 괜찮아.
0x0012d838	4	【코우지】\n(나나시바는 변함없이\n사람 따끈따끈한 사용을\n우리가 하고 있지만......)
0x0012d896	4	【코우지】\n(진심으로\n전혀 사용하지 않았거나 ...\n그렇게 무겁게, 조금 끓인다)
0x0012dc5f	3	【나나시바】\n 했어! \n오늘은 가장 목욕이야!
0x0012dcb1	2	【코우지】\n… … 저것, 나나시바.
0x0012dd17	3	【나나시바】\n네? \n무슨 일이야, 코우지 강?
0x0012dd5c	4	【코우지】\n아니, 저희들은 제일 목욕이고,\n나중에 들어가는 사람들을 생각해,\n사이키에 몸을 맹목하지 않는가?
0x0012ddf8	3	【나시바】\n아하하하하!\n코우지 강은 놀입니다.
0x0012de64	7	【나나시바】\n에서도, 여기서 그런 기속은 필요\n없어.\n\n대부분의 사람들은\n오징어에조차 넣으면 좋다고\n무거운 듯한 사람뿐이니까.
0x0012def6	4	【나나시바】\n안에는 목욕에 들어가는 것도\n멘도쿠사이는 사람도\n있을 정도이고.
0x0012df57	2	【코우지】\n아니, 아니, 그럴지도 모르겠지만…
0x0012dfc4	5	【나나시바】\n괜찮아, 괜찮아! \n호라, 몸이 식어버린다. \n 짧아지고 나서 몸 속이는 편이\n좋다고!
0x0012e03f	2	【코우지】\n…………
0x0012e078	2	【코우지】\n… … 뭐, 좋은가.
0x0012e0e6	2	【나나시바】\n… … 후후후.
0x0012e120	2	【코우지】\n, 뭐야?
0x0012e159	2	【나나시바】\n……후후후후후.
0x0012e195	3	【코우지】\n이야. \n요리.
0x0012e1d8	3	【나나시바】\n나중에 혼중을 보내 주겠네,\n코우지강.
0x0012e224	2	【코우지】\n어, 어……
0x0012e25e	2	【코우지】\n(……힘내, 나)
0x0012e5ab	3	【코우지】\n유치장에 도서실이 있다니\n몰랐다.
0x0012e5fa	4	【코우지】\n조사에 굵은 것 같은데도\n있으면 무거웠지만…\n아무래도 하늘 씹는 것 같다.
0x0012e662	2	【나나시바】\n코우지 쿠~응!
0x0012e6c3	3	【나나시바】\n어떻게? \n 빌려 싶은 책, 발견?
0x0012e70a	4	【코우지】\n으응…\n내가 찾고있는 것과 같은 것은\n없는 것 같다.
0x0012e780	4	【나나시바】\n그렇네요. \n음란한 책은\n두고 있지 않은 것 같네요.
0x0012e7ce	2	【코우지】\n그런 건은 찾고 있지 않아!
0x0012e833	4	【나나시바】\n그럼,\n나가 추천하는 책이라든지\n마셔 보지 않아?
0x0012e883	2	【코우지】\n추천의 책?
0x0012e8e3	3	【나나시바】\n잖아! \n이거야!
0x0012e921	3	【코우지】\n『치아 하고 살아! '\n은, 대단한 타이틀이구나.
0x0012e980	3	【나나시바】\n이것, 정말로 추천이야. \n 꼭 마셔 봐! !
0x0012e9d0	3	【코우지】\n......알았다. \n이거 빌려 갈 거야.
0x0012ea26	3	【나시바】\n했어!\n나중에 감총 놓아주세요!
0x0012ea6d	4	【코우지】\n(책개 기는 자신의 개 기나 책을\n야만 그을리기 싶어……\n해라)
0x0012edd5	4	【나나시바】\n코우지강. \n어제 네가 추천한 책은\n이제 마셨어?
0x0012ee2d	3	【코우지】\n 마셨어요. \n 그래, 꽤 재미있었습니다.
0x0012ee77	4	【코우지】\n하지만…\n그 안에 썼던 것,\n사실인가?
0x0012eed7	2	【나나시바】\n심장 이식의 이야기?
0x0012ef15	2	【코우지】\n그래, 그 이야기.
0x0012ef50	4	【코우지】\n심장을 이식받은 분이\n매일 밤 모르는 놈에게 쫓기는\n악몽에 시달리고 있었어……
0x0012efbd	3	【코우지】\n어느 날, 수인은 그 인물과\n현실의 세계에서 만난다.
0x0012f014	5	【코우지】\n신경이 쓰여서 그 녀석을\n조사해 보니, 무려\n전 심장 주인을 죽인\n살인범이었어……
0x0012f0a6	5	【나나시바】\n즉, 원래 심장의 주인이\n살해당할 때 범인의 얼굴을 보고,\n그 기억이 심장을 이식받은 주인에게\n전해졌다는 이야기군요.
0x0012f13f	3	【코우지】\n험직, 짜증났지만…\n정말 있다면, 부주의한 이야기야.
0x0012f19b	6	【코우지】\n나의 푹신푹신,\n심장의 제공자였다. \n그 오후쿠로의 기억을 쓰러뜨린\n사람이\n어딘가에서 살고 있다면...
0x0012f24c	5	【나나시바】\n후후, 만약 그렇다면 멋지다. \n사망한 엄마와\n재생할 수 있을지도\n모른다......
0x0012f2af	4	【코우지】\n이라도, 저것은 픽션일까? \n심장 이식으로 기억을 쓰고 쓰다니,\n그런 것...
0x0012f34b	5	【나나시바】\n응, 픽션과도\n말할 수 없어. \n실은 네, 현실 세계에도\n그림 같은 실령이 있어.
0x0012f3c6	4	【나나시바】\n심장 이식을 건 사람이네,\n투에 음식의 개미가\n바뀌었다고.
0x0012f43b	4	【나나시바】\n조사해 봤더니,\n심장 기증자의 취향과\n같은 경향이었대.
0x0012f4b4	3	【나나시바】\n그런 사례가\n그 밖에도 여러 건 있대.
0x0012f4ff	2	【코우지】\n세포에 기억이 되살아난다는 건가……
0x0012f57a	5	【나나시바】\n과학적으로 증명되어\n있는 것은 아니기 때문에,\n그대로 짙은 농담으로 하는 것도\n왈공이지만.
0x0012f5ea	3	【코우지】\n알고 있다. \n소학으로 기억하자.
0x0012f6da	4	【코우지】\n… … 이것과, 이것. \n그렇구나,\n다음은 담배를 내려…
0x0012f756	3	【나나시바】\n코우지강. \n나는 이미 끝났어.
0x0012f79e	4	【코우지】\n좀 더 기다려주세요.\n매점에서 내릴 수 있는 것은\n연에 한 번만이니까.
0x0012f7fc	3	【코우지】\n에~,\n아, 하지만 나머지는 담배뿐인가…
0x0012f846	3	【코우지】\n는, 오마에, 뭐를 그렇게\n하자고 있어! ?
0x0012f8ab	3	【나나시바】\n주스야.\n나는 목이 쉽게 마르거든.
0x0012f902	3	【코우지】\n오마에, 그렇게 주스\n하셨습니까?
0x0012f957	4	【나나시바】\n응, 코우지가 조사하러\n가 있을 때 같은 경우엔 말이지.\n행사 때는 주로 차지만.
0x0012f9ca	5	【나시바】\n여기서 내린 것은 일단\n유치계의 사람에게 받게 되기\n때문에,\n코우지강은 몰랐다고 무겁지만.
0x0012fa40	5	【코우지】\n......그런가. \n담배도 유치계의 사람에게 받지\n않으면\n가 안돼…
0x0012faaa	4	【나나시바】\n그래도 괜찮지 않아? \n수중에 담배가 있으면,\n빨리 흠뻑하고 싶어져 버릴까요?
0x0012fb0a	5	【코우지】\n글쎄, 그렇지만 ...\n사실, 금주 신망자에게 추천\n장소야, 여기는.\n
0x0012fe6f	2	【코우지】\n… …저, 나나시바가 없다.
0x0012fef6	2	【나시바】\n지금
0x0012ff2c	3	【코우지】\n시치바, 어디 갔어? \n취조라도 있었는지?
0x0012ffa3	4	【나나시바】\n 그래, 그대로야. \n단지, 취조해 말해도,\n검사와 판사에 의한 것이지만.
0x00130009	4	【코우지】\n(검사와 판사……라는 건,\n10일간의 구류 연장이\n결정됐다는 건가……)
0x00130081	4	【코우지】\n(그렇다……\n구류에는 ‘연장’이라는\n제도가 있었지)
0x001300e5	4	【코우지】\n(가능하면 야장되는 일 없이,\n석방이 되어 주면\n 고맙지만…
0x0013047f	2	【나나시바】\n승기였지, 코우지강.
0x001304c2	3	【코우지】\n승기… \n무슨?
0x00130510	4	【나나시바】\n오늘은 일요일이라\n반입 접수가 없어.\n아쉽지만 담배는 살 수 없어.
0x00130578	3	【코우지】\n......아,\n그러고 보니 그랬어
0x001305bf	4	【코우지】\n오히려 천천히\n 생각할 수 있어,\n좋았을지도 모른다.
0x0013063a	3	【나나시바】\n코우지강……\n언제나 시리어스네.
0x00130683	3	【코우지】\n드디어 내일이 구류의\n마지막 날이다.
0x001306d4	3	【코우지】\n석방인가, 구류 연장인가……\n형이 선고될 가능성도 있다.
0x00130749	5	【코우지】\n할 수 있는 일은 모두 했다고\n납득한 후 내일에 짓고 싶어. \n그래서 만나지 않게\n힘내자고 생각해.
0x001307e5	4	【나시바】\n그런가…\n나는 아무것도 할 수 없지만,\n잘 작동하도록 맹세하고 있어.
0x0013086a	3	【나시바】\n그렇다! \n새 부적을......!
0x001308b0	4	【코우지】\n아니, 좋아. \n 고마워, 나나시바. \n그 기분만으로 기쁩니다.
0x00130909	3	【코우지】\n(케이통안전,\n효과 없었고……)
0x00130c5e	3	【나시바】\n… … 어때? \n가구는 만전?
0x00130ca3	2	【코우지】\n아니… … 어떨까.
0x00130ceb	3	【코우지】\n그래도, 뭐,\n구류 연장은 각오하고 있어.
0x00130d71	5	【나시바】\n경찰은 어쨌든 케치\n붙여 와서…\n이 시점에서 석방되는 사람은\n거의 없다고.
0x00130de3	2	【코우지】\n......나나시바.
0x00130e44	4	【나시바】\n아, 고멘! \n 아직 모르겠어요! \n 맞아!
0x00130e93	3	【코우지】\n괜찮아. \n나는 이미 각오하고 있다.
0x00130eec	5	【코우지】\n……이 사건은\n아직 모르는 것 가득하다.\n더 조사할 수 있다면\n철저히 할 때까지다.
0x00130f5f	5	【코우지】\n라고는 해도, 내일의 검사모\n조사에서\n저소되면 어떻게 해도\n 없지만…
0x00130ff1	3	【나시바】\n그것만은\n내일이 되어 보지 않으면 모르겠네.
0x0013103e	2	【코우지】\n그래……
0x001313a7	2	【나나시바】\n오늘 드디어 석방이구나!
0x001313f1	2	【코우지】\n… … 아니, 그건 없다.
0x00131457	2	【나나시바】\n… … 즉답이군요.
0x0013149b	3	【코우지】\n미우라가 말했으니까.\n10일간의 구류 연장이라고.
0x00131525	3	【나시바】\n에서, 하지만, 씹는 것은\n검사겠지!
0x0013156c	4	【코우지】\n그렇게 기대시키지 마, 나나시바. \n 안 되었을 때의 데미지가 \n 커지잖아…
0x001318b4	2	【코우지】\n다녀왔어……
0x00131913	2	【나나시바】\n귀가, 코우지강!
0x00131952	3	【코우지】\n흠…\n드디어 살았다…
0x001319bf	3	【나나시바】\n안돼, 코우지강. \n이런 곳에 속이는 거야.
0x00131a25	4	【나나시바】\n이것으로 다시 잠시\n함께 좋지만,\n승기였다.
0x00131a81	3	【코우지】\n음, 그대로 붐비지 못했을 뿐\n좋았다고 무거워야.
0x00131ade	3	【코우지】\n일단,\n다시 잘 부탁해......나나시바.
0x00131b51	4	【나나시바】\n 야다나. \n나와 코우지 강 사이에,\n그런 모습의 인사는 필요 없어!
0x00131bc3	2	【나나시바】\n 감사합니다, 코우지 강!
0x00131c03	2	【코우지】\n어, 어……
0x00131f5d	3	【코우지】\n후……\n히사비사의 담배구나…
0x00131fca	5	【나시바】\n그러고 보니, 그렇네. \n사랑은 일요일에 창동이 없어서,\n어제는 검찰청에 가기 위해서,\n창동의 시간이 컷 되었지.
0x0013204c	4	【코우지】\n아. \n 찡그리고 무거웠어,\n전혀......
0x001320a3	2	【나나시바】\n에서도, 이가 없었지, 코우지강.
0x001320eb	2	【코우지】\n…
0x00132158	2	【나나시바】\n… …알고 있겠지요?
0x00132198	4	【코우지】\n… \n지금은 단지, 이렇게 담배의 동을\n아내 보고 싶어…
0x0013223c	3	【나나시바】\n......알았어. \n 더 이상 아무 말도 하지 않는다.
0x001322ab	3	【나나시바】\n그것은,\n가끔은 함께 창동하지 않는다?
0x00132300	3	【코우지】\n창동? \n무슨 일이야?
0x00132367	3	【나시바】\n굉장히.\n나, 꽤 자신이 있어.
0x001323b5	5	【코우지】\n어...\n"탐정 업계의 동쪽 이나즈마"와\n예정된 나에게 도전장인가?\n안 갔다고 생각하지 않나.
0x00132455	3	【나나시바】\n......뭐, 뭔가\n미묘하게 새롭네.
0x001324c9	6	【나시바】\n나도\n「작가 업계의 음제의 의 모습」과\n예정된 사람이야.\n그렇게 뻔뻔하게는 쓸 수\n없으니까요!
0x00132539	2	【코우지】\n… … 오마에도 미묘하게 새롭다.
0x00132584	4	【코우지】\n… … 뭐, 좋아. \n그럼, 저쪽의 완벽을 터치해\n돌아오는 제목으로 승실한.
0x001325f1	2	【코우지】\n요이, 돈!
0x00132652	3	【나시바】\n아, 플라잉이야! \n코우지 강!
0x00132708	4	【나시바】\n......하아......하아...\n...\n나의 승리다, 코우지 강.
0x0013275d	3	【코우지】\n하아… 하아…\n뭐, 무슨 제목이야…
0x001327cb	3	【나시바】\n에 헉! \n 도망아만은 제목이야, 나!
0x00132820	5	【코우지】\n쿠, 쿵…\n발에는 자신감이 있었지만,\n만나요…\n하아......하아......
0x00132889	3	【코우지】\n(야바이…\n본각적으로 망이 끊어지고 있다…
0x001328db	4	【코우지】\n(정말 담배 그만두지 않으면\n석방되어도 탐정에\n복귀할 수 없을지도……)
0x00132c24	4	【코우지】\n오, 럭키.\n아직 물이 그렇게 뜨거워지진\n않았네……
0x00132c76	6	【코우지】\n......나나시바. \n몸을 가라하라고 하지 않는다. \n이지만, 적어도 샤워로\n땀을 보내고 나서\n입으려고 하지 않을까.
0x00132d03	2	【나나시바】\n…………
0x00132d3c	3	【코우지】\n......응? \n 무슨 일이야, 시치바?
0x00132d81	2	【나나시바】\n…………
0x00132dba	2	【코우지】\n……나나시바!
0x00132e1b	3	【나시바】\n엣......?\n뭐, 뭐, 코우지 강?
0x00132e64	3	【코우지】\n무슨 일이야? \n목욕의 시간에 생각마다?
0x00132ec3	3	【나나시바】\n우, 응......\n조금...
0x00132f07	3	【코우지】\n소설의 재료에서도\n구르고 있었나?
0x00132f64	2	【나나시바】\n…………
0x00132f9d	3	【코우지】\n… … 음. \n 어쩐지 어색해…
0x00132fed	5	【코우지】\n언제나,\n『코우지 형!\n같이 목욕탕에 들어가!』\n라는 느낌인데.
0x00133081	3	【나나시바】\n… … 엣? \n뭔가 말했어?
0x001330c4	2	【코우지】\n……아, 아니, 아무것도…
0x0013312d	2	【나나시바】\n그래…
0x00133164	2	【나나시바】\n…
0x0013319b	3	【코우지】\n(……표정이 진현이다.\n그렇게 할까)
0x001334fc	2	【코우지】\n나아, 나나시바…
0x0013355f	2	【나나시바】\n뭐야, 코우지강?
0x0013359d	4	【코우지】\n전에 그래,\n조금 뒀던 적 있었겠지,\n나나시바가 체포된 책의 이야기.
0x00133600	4	【코우지】\n옥을 움직이는 듯한 조림씨의\n마즈이 이야기를 썼으니까라든가\n말하고 있었지?
0x00133687	4	【나나시바】\n응, 그렇긴 한데.\n높으신 분들…… 아니,\n경찰 상층부의 불상사라는 거지.
0x00133705	3	【코우지】\n… … 그것은 소설의 재료일까? \n 진짜가 아니야?
0x0013376a	5	【나시바】\n 물론. \n그래서 몇번이나 그렇게 수첩하고\n있는데,\n좀처럼 믿을 수 없지.
0x001337ce	2	【코우지】\n덧붙여서, 어떤 이야기야?
0x00133835	3	【나나시바】\n......모르는 편이\n좋으면 무겁지만.
0x0013387d	3	【코우지】\n만들기 이야기라면\n두어도 해는 없을 것이다?
0x001338ed	4	【나나시바】\n……그래.\n맞아.\n그럼, 코우지에게 개요만.
0x0013396d	5	【나시바】\n경찰청의 엘리트 총부가,\n어떤 기업과 유착해,\n그 기업이 남긴 불험을 모으는\n거야.
0x00133a0f	4	【나시바】\n그 대신, 불험을 한 기업\n엘리트 총부에 용금을 휩쓸었다…\n흔한 이야기입니까?
0x00133a87	5	【코우지】\n...... 분명히,\n흔한 이야기라고 말할 수 없어.\n하지만 그것뿐이지만\n왜 체포되는 거야?
0x00133b1d	8	【나시바】\n아무래도, 기업이 저지른 부정의\n내용이라든지,\n용금을 치는 경위에 과잉 반응하고\n있어.\n\n어디서 재료를 구입했다고\n 끈질기게 들렸어.
0x00133bc2	2	【코우지】\n…………
0x00133c08	5	【나나시바】\n게다가 부의의로는,\n기장 인물의 이름이 우연히,\n실재의 인물과\n함께 되어 버리고 있는 것 같다.
0x00133c85	2	【코우지】\n…………
0x00133ce4	5	【나나시바】\n덧붙이자면, 나를 취조하는\n형사가 콘도라는 이름인데,\n그도 우연히 소설 속에\n형사 역으로 등장해.
0x00133d88	2	【나나시바】\n불중의, 아하하.
0x00133e07	6	【나시바】\n하지만 뭐, 어디까지나 소설의\n재료이고.\n\n그 중 혐의 불충분하고\n석방되면 무겁다.
0x00133e85	4	【코우지】\n… … 분명 나나시바,\n거의 모르게 조사되지 않았습니까?\n보통 그런 일이 있으면 더…
0x00133f1a	3	【나나시바】\n아.\n그건 말이야……
0x00133f58	4	【코우지】\n......아,\n 역시 더 이상 말하지 않아도\n좋다.
0x00133fa6	4	【코우지】\n더 이상 넣으면 내가 교환 할 수\n있습니다.\n할 수 없게 될 것 같으니까…
0x00134377	2	【나나시바】\n오타미는 역시 좋네…
0x001343c2	2	【코우지】\n그래……
0x001343f9	5	【코우지】\n그렇게 목욕탕에 자주 들어가진\n않았지만,\n가끔 밖에 못 나가게 되면,\n그 고마움을 알게 되지.
0x0013448c	4	【나나시바】\n외옥하고,\n이렇게 욕조에 울리는 전희가\n별로 없지.
0x001344e8	4	【코우지】\n… … 놓은 적이 있구나. \n오오사다, 샤워 씹어\n마지막이야?
0x00134574	5	【나나시바】\n그렇네요. \n그러나 역시 이렇게\n욕조에 울었던 편이\n기간 좋다.
0x001345de	3	【코우지】\n시치바는 현외에 갔던 적\n 있는 것인가?
0x0013464d	2	【나나시바】\n어째서?
0x00134684	2	【코우지】\n아니, 그런 입 씹었으니까.
0x001346db	4	【나시바】\n… … 응. \n 조금 삼나무로. \n코우지 강은?
0x0013472b	4	【코우지】\n나는 아직 현외에 갔던 적\n없어. \n특히 가고 싶다고도 무겁지 않고.
0x001347ae	4	【나나시바】\n하지만 한 번쯤 해외에 나가서\n일본과 다른 문화를 접해 보는 것도\n나쁘지 않다고 생각해.
0x0013482a	4	【나나시바】\n그렇게 하면,\n더 일본이 개가 될지도 모르고,\n오타미도 대견이 될지도.
0x00134896	2	【코우지】\n그런 걸까…
0x00134c05	2	【나시바】\n오늘은 마지막 밤이군요.
0x00134c46	2	【코우지】\n… … 무슨 뜻이야?
0x00134c93	2	【나나시바】\n나, 내일 석방 예정이거든.
0x00134ce3	3	【코우지】\n......라는 것은,\n내일, 검사 모집 조사인가?
0x00134d58	4	【나나시바】\n응.\n혐의 불충분으로\n석방되는 흐름일 거야.
0x00134dbf	4	【코우지】\n......어라, 하지만,\n첫날 취조에서 죄를 인정했다고\n말하지 않았어?
0x00134e44	5	【나나시바】\n응, 말했어.\n그런데 어제 취조를 받으면서\n그때 잠깐 윗사람과\n연락을 취해 달라고 했어.
0x00134ee6	4	【나시바】\n그렇다면, 아라 신기. \n내일에 석방받는 방향으로\n화가 진행되어 버렸다는 이유.
0x00134f54	3	【코우지】\n......오마에,\n어떤 용첨고용했어.
0x00134fc5	6	【나나시바】\n큰 일이 아니에요. \n원래 나를 체포하는\n계란이 된 책에는,\n고도로 정치적인 문제가\n쓰여져 있어.
0x0013506a	5	【나나시바】\n만약 나가 소홀해졌을 경우,\n세상에 쓸 수 있는 권리가\n되어 있다고\n설명한 것뿐이야.
0x001350dc	4	【코우지】\n… … 오마에, 대단한\n녀석이었구나. \n아사츠유씨와 같은 레벨이다…
0x0013515d	4	【나나시바】\n역시 그다지 가시가 없네. \n보통의 사람이라면,\n반신 반의가 되는 곳이지만.
0x001351d3	3	【코우지】\n……그 손의 이야기는,\n일 무늬, 쫓기니까.
0x0013522d	5	【코우지】\n하지만 그렇다면 왜 더 원한다\n움직이지 않았어?\n언제든지 석방될 수 있음\n할 수 있었을거야?
0x001352c7	3	【나나시바】\n전에 말했지? \n코우지강은 소재로서 재미있다고.
0x00135342	4	【나나시바】\n 원래 유치장의 생활에 대해\n모재 하고 싶었을 뿐이지만,\n즐거움이 늘어 버렸기 때문이야!
0x001353ae	3	【코우지】\n……모재는,\n그럼 와자와 잡혔는지, 오마에! ?
0x0013542f	2	【나시바】\n후후, 총휘에.
0x0013546c	2	【코우지】\n………………
0x001354cf	4	【나시바】\n덕분에 좋은 재료가 생겼어. \n나의 실림작,\n즐거움을 기다려 주세요!
0x0013552a	2	【코우지】\n…
0x001358c9	4	【나나시바】\n그럼, 나는 갈거야. \n 외롭게 되면 무겁지만\n 노력해, 코우지 강!
0x0013592a	4	【코우지】\n아, 확실히 외로워질지도. \n오마에가 있었던 덕분에,\n유치장 생활도 게굴하지 않았다.
0x0013599f	3	【코우지】\n시치바도 힘내라. \n실림작, 마시니까.
0x001359fa	2	【나시바】\n 그래, 잘 부탁해.
0x00135a36	2	【유치계】\n그럼 가자.
0x00135a99	2	【나나시바】\n그럼, 코우지강!
0x00135ad8	2	【코우지】\n그래, 또 봐.
0x00135b38	2	【나나시바】\n 그래, 또!
0x00135b9f	2	【코우지】\n…………
0x00135bd8	2	【코우지】\n(이것으로 나 1명인가)
0x00135c17	3	【코우지】\n(……아니면, \n새로운 녀석이 들어오는 것인가……)
0x00135c6a	3	【코우지】\n(어쨌든,\n나에게 승리한 날도 많지 않다)
0x00135cb8	3	【코우지】\n(어쩐지 나나시바에 제외하면\n좋지만……)
0x00135fa8	2	【코우지】\n…………
0x00135fe1	3	【코우지】\n(나나시바가 사라지면,\n순식간에 죽었다)
0x00136031	2	【코우지】\n…………
0x0013606a	3	【코우지】\n(너구리가 된다.\n결막이 아닌가!)
0x001360b3	2	【코우지】\n(이제, 내가 탄 시간도 적다)
0x001360fd	3	【코우지】\n(천천히 사건에 마주하기 위해서는\n오히려 좋은 일이다)
0x00136150	4	【코우지】\n(남은 시간을 유효하게 고용하기\n위해서\n작전을 뵙지 않으면……)
0x001364bb	5	\n\n나는 여기에서 움직일 수 없다. \n이라면 움직여야 하는\n것은......기농이다.
0x0013650d	5	\n\n오늘부터 매일 밤\n그날 하루의 정보를 정리하기로\n하자.
0x00136563	3	\n 　\n 우선은, 오늘의 정보의 체크다.
0x001365a6	4	\n\n나의 상당이 된 것은,\n미우라와 요시모토라는 형사다.
0x001365f6	6	\n　\n특히 미우라라는 형사는 요주의다. \n기분도 깨끗해지고, 스키를 보여주면\n용서 없이 쌓아 새기를 넣어 올\n것이다.
0x00136695	8	\n\n사건의 발단은 나가 탐정 사무소의\n소장인\n미즈타니 아사츠유씨와 '라이트\n블루'라고\n하는 바에서\n창고했던 곳으로부터 끝난다.
0x0013672a	7	\n　\n거기서 시라카와 이치로라는 남자가\n살해당했다.\n현장에 남겨진 무기에 내 지문이\n묻어 있었기 때문에,\n체포되게 되어 버렸다.
0x001367bb	7	\n 　\n 그러나, 나는 피해자와 면식이\n없다. \n나와 피해자가 구론하고 있던 것을 \n목격된 것 같지만, 나는 기억하지\n못한다.
0x0013685f	6	\n\n그런 절체 절명의 상황에 나타난\n것이,\n변호사가 되어 있던 잠의 연인,\n노리코이었다…
0x001368e9	7	\n\n나는 노리코에게 조사를 의뢰해,\n그 보고를 나중에 가게 되었다. \n유치장 안에서 무실을 증명하는\n민쟁이\n갖춰진 셈이다.
0x0013696d	5	\n\n그러고 보니 노리코는,\n타타로의 아버지의 사무소에\n소장하고 있다고 말했었는데…
0x001369ee	5	\n　\n타타로는 어쨌든, 누마사키 변호사는\n나도 그 이름을 둔 적이 있을수록,\n유취한 변호사로서 유명한 사람이다.
0x00136a80	5	\n\n그리고는…\n일단, 나나시바도 정리해 두겠다고\n할까.
0x00136ad1	5	\n\n유치장 생활의 동거인. \n조금 편한 곳도 있지만,\n끓는 오산이라든지가 아니고 좋았다.
0x00136b67	4	\n 　\n오늘은 특별히 새로운 정보가\n없었구나.
0x00136bac	6	\n\n굳이 말한다면,\n검사와 판사에 무고함을 느끼기\n위해서는,\n정보가 모르는 것을 알았을 뿐이다.
0x00136c1a	5	\n\n나에게 남겨진 일수는 10일. \n그때까지, 어쨌든\n무실을 증명하지 않으면…
0x00136c9b	3	\n\n오늘 얻은 정보를 물어보자.
0x00136d18	5	\n　\n피해자의 가문막성은,\n젓가락의 시라카와 미사에와\n딸의 시라카와 노조미…
0x00136dab	5	\n　\n 가시가 있던 것은, \n시라카와 미사에가 너무\n후쿠로에 똑같았던 것…
0x00136e2a	4	\n　\n에서도, 혈연 관계는\n 없어…
0x00136eb8	4	\n\n피해자가 대표를 맡고 있던\n시라카와 그룹.
0x00136f0c	4	\n\n거기에 신대표가 속임한 것 같다.\n이름은 시라카와 사토루.
0x00136f71	4	\n　\n과연,\n어떤 사람일까?
0x00136fee	4	\n\n시라카와 사토루는 이치로와 비교해\n사원들의 평판이 좋은 모양이다.
0x0013705c	5	\n　\n시라카와 사토루는 이치로가\n살해당해,\n가장 이득을 본 인물……
0x001370ae	6	\n\n사원의 중판을 듣는 강아지 인물인\n것\n같지만,\n범인 후보가 될지도 모르겠다…
0x0013714a	5	\n\n나와 시라카와 이치로는\n리폼 때 \n보고를 맞추고 있었다…
0x0013719c	7	\n\n라고는 해도,\n저는 인사 정도밖에 하지 않기\n때문에,\n관계와 미리 있을 정도의 것은\n아니다.
0x00137203	5	\n 　\n 단지, 후쿠로와 시라카와 이치로\n사이에는 \n 어떠한 연결이 있던 것 같다…
0x00137297	4	\n\n사건이 발생했을 때에,\nBGM은 보낼 수 없었다.
0x001372e7	4	\n　\n본택이라면 클래식이\n걸려 있었을 텐데, 이다.
0x00137331	5	\n　\n범인의 알리바이 공작에 관계하고\n있는\n 가능성이 높다…
0x00137384	3	\n\n보여 왔을지도…
0x00137406	5	\n\n싸움 ......\n미묘한 뉘앙스의 차이\n신경이 쓰이지 마...
0x0013749f	4	\n\n발잔 카메라에 발하고 있던\n아름다운 그림자…
0x001374ef	5	\n\n그 움직임으로부터 생각하기 위해,\n권총에 나의 지문을 붙이고 있었다\n처럼도 보인다…
0x00137557	7	\n\n이 정보의 격렬한 의미는 매우\n크다. \n이 정보가 있음에도 불구하고, \n경찰이 움직이지 않는 것도\n함께하지만...
0x0013760b	4	\n\n살해 현장 부근의 문에는\n지문을 지우려 한 흔적이 있었다……
0x0013766e	8	\n\n경기에는 나의 지문이 있는데, \n문에 나의 지문이 없는 것은\n이상하다. \n그렇게 겹치지 않기 위해, 진범이\n집에\n갔을 것임에 틀림없다.
0x00137703	4	\n\n트릭의 먼지가 조금씩\n분명해졌구나…
0x0013778a	5	\n\n플레이어를 움직인 호랑이가\n있었다......\n이 사실은 크다.
0x001377e0	6	\n\n나의 생각이 험하다면,\n관계자의 모든 알리바이가\n비명하지만......자, 어떻게\n될까.
0x00137887	5	\n\n관계자들의 알리바이도 함성했다…\n이것으로 내 이외에도 잔행이\n가능해진 셈이다! !
0x001378f5	4	\n　\n이지만, 이것은 골이 아니다. \n단지 통과점이다.
0x00137940	3	\n\n절대로 진범을 찾아 준다!
0x001379bd	5	\n\n누마사키 변호사의 이야기에서는,\nVIP 룸에 들어간 젊은 남자는\n『코지』라는 이름인 것 같다…
0x00137a26	3	\n　\n 도대체 누구일까…
0x00137aa4	3	\n　\n아사츠유씨는 전 변호사,인가…
0x00137ae7	5	\n　\n아사츠유씨의 과표는\n지금까지 숙련해 오지 않았지만,\n설마 변호사였다고는.
0x00137b4f	5	\n\n사람에게는 일곱 가지 버릇이 있다,\n라는\n말인가.
0x00137bc9	5	\n　\n보다에 의해,\n아사츠유씨가 나를 짙은 택시가\n흰색 탁이란…
0x00137c1e	3	\n\n나도 붙지 않아…
0x00137c93	5	\n\n오늘, 낯선 소녀가 접견에\n왔다......\n아마 아야녀는......
0x00137ced	4	\n\n그렇다고 해도,\n나의 앞에 나타난 목적을 모른다.
0x00137d3a	3	\n　\n…………
0x00137d6f	4	\n\n『살인자』라고 말하기 위해 왔겠지,\n역시……
0x00137dfb	4	\n\n노조미가 마지막으로 보여준 사견……\n저것은 무엇을 의미하고 있을까?
0x00137e51	6	\n\n솔직하게 안쪽으로 삼키는 것이\n좋은가?\n아니면 내가 하메하려고 하는가?\n후자는 조금 생각하기 어렵지만…
0x00137ef5	5	\n\n노조미가 말했던 권총의 위화감…\n어딘지 모르게 잡았지만,\n분명히 인식한 것은 아니었다.
0x00137f79	4	\n\n……덕분에 진실에 이르는 길이\n조금씩 열리고 있어!!
0x00138000	4	\n\n노조미가 나에게 자력을 주게\n되었다.
0x00138058	6	\n　\n별로 치열한 일은 시킬 수 없지만,\n잘하면 시라카와 집 주변 어떤\n정보가\n얻을지도 모른다…
0x001380c1	4	\n　\n그럼, 요시와 나갈 것인가, 놀라게\n나올까…
0x0013814e	6	\n\n아사츠유씨와 피해자가 알고\n있었던,인가…\n이것으로 아사츠유씨도 굉장한\n용의자다.
0x001381c2	3	\n　\n…………
0x001381f7	5	\n　\n우선은 냉담하게. \n그리고 다른 용의자처럼 조사를\n진행하자.
0x00138291	6	\n\n…… 다타로의 언선에 당황하고 있는\n것은\n알 수 있다.\n하지만 역시…
0x001382ee	3	\n　\n…………
0x00138323	3	\n　\n나는, 어떻게 하면 좋을까…
0x0013839f	5	\n\n아카네과 아오이…\n설마, 여기까지 온다고는 무겁지\n않았다.
0x001383f0	5	\n　\n이라도, 언제나는 번거롭다고\n무거웠지만,\n지금은 그것이, 반대로 안심해…
0x0013844d	4	\n\n그 2명에게는 절대로 말할 수\n없지만.
0x001384de	7	\n\n설마 ○○ 코우지가 아오이의 오빠,\n미나즈키 코우지였을 줄은……\n세상은 참 좁다고 해야 할까,\n우연이라고\n해야 할까……
0x001385ad	4	\n\n미나즈키 코우지에서 놓은 이야기는,\n꽤 스릴이었다.
0x00138600	6	\n\n피해자를 뒤집고 있다고 단언하고\n있었구나. \n무고한 자신감이 나타나는가,\n제대로 하고 있는지......
0x001386c2	5	\n\n오늘의 현장 검증에서는 다양한 것을\n알\n수 있었다.
0x0013870c	5	\n\n오토록의 문,\n발음설구가 언니된 VIP룸,\n오르는 지문 등등…
0x0013878a	7	\n\n이것들은 앞으로 자세히 검토한다고\n하고,\n한 가지 마음에 걸린 건 콘도가\n미우라의\n상사였다는 사실이야.
0x00138804	4	\n\n만나서 이야기를 하고 싶지만\n무리겠지…
0x00138883	5	\n\n콘도는 무리야리에게도 나를\n범인에게 솜씨 올리려고 하는 것\n같다.
0x001388d9	4	\n\n하지만 나는 콘도와는 면식이 없다.\n나를 하메는 이경은 뭐야…
0x0013895d	4	\n\n나의 방에서 나온 피해자의 명함……\n이것은 무엇을 의미하는 거야?
0x001389c6	5	\n\n나는 피해자를 만난 기억이 없다.\n…… 그 명함은 어디서 손에\n넣었을까?
0x00138a33	3	\n　\n………………
0x00138a6c	6	\n　\n시라카와 이치로, 누마사키 신타로,\n콘도\n숙미의 예인은,\n고교 시대의 동기생…
0x00138ad3	3	\n\n이것도 기억해 두어야 할 정보이다.
0x00138b4c	9	\n\n당일, VIP룸에 들어간 인물은,\n누마사키 변호사, 콘도,\n아사츠유씨,\n그리고 젊은 남자. \n경찰은 이 젊은 남자가 나라고\n의심하는\n것 같지만…
0x00138bd8	9	\n\n이 젊은 남자의 정체를 탐구하려면,\n우선은 현장의 물음으로부터 밟아야\n하는\n것이겠지만,\n급급한 시간내에서 조사하는 민완이\n있는지\n어떤지…
0x00138c87	4	\n\n설마, 아버지가 그런 것을\n남겼다니…
0x00138cd0	5	\n\n… … 진범은 이렇게 되는 것을\n예사하고\n나를 하메 했을까?
0x00138d23	5	\n\n설마. \n나도 몰랐던 것을\n알고 있는 인물은…
0x00138d8d	5	\n 　\n오늘의 취조에서는\n특히 중요한 정보는 없었구나. \n내일에 연대하자.
0x00138dfb	4	\n\n…… 결막, 무실을 증명하기까지는\n채취하지 않았다…
0x00138e4d	6	\n\n단지, 할 수 있는 것만은 했고,\n발범 카메라의 증거도 있다. \n내일은 가슴을 싣고 무고한 듯이\n가자.
0x00138ede	4	\n　\n오늘은 미우라와\n연격에 걸쳐 굳이구나…
0x00138f2c	4	\n　\n이 상태로\n자꾸자꾸 조사를 진행해 나갈까…
0x00138f7c	4	\n　\n오늘은 분이 아쉬운 민첩하고\n1일이 끝났어…
0x00138fcc	4	\n\n이대로는 마즈이야…\n가마제책을 듣지 않으면…
0x0013905c	3	\n　\n그리고……
0x001390a6	3	\n　\n그리고……
0x001390de	3	\n　\n실로…
0x001391db	5	\n\n……뭐, 예정대로라고 할까,\n계획대로라고 할까.\n석방되지는 않았군.
0x00139241	6	\n\n신경이 쓰이는 것은, 발잔 카메라의\n비디오 테이프가,\n검사에 빠지지 않았다고 하는\n것이다.
0x001392a2	6	\n\n…… 경찰측에 불리해지는 증거였기\n때문에,\n와자와 송검하지 않았는지…\n……내일, 미우라를 물어보자.
0x00139325	6	\n\n그것을 두어도,\n안된 것은 어쩔 수 없다. \n이번이야말로 진짜 마지막\n10일이다.
0x00139394	9	\n\n이 기간 동안 내 무고함을 증명할\n수\n없다면,\n내가 소홀해 버릴 것이다.\n나머지 10일간, 신중하게 가지\n않으면\n안 된다.
0x0013941d	6	\n\n그 방식에 대해서는, 앞으로 차분히\n생각한다고,\n 어떻게든 해야 하는 것이,\n미우라의 심문이다.
0x0013948e	6	\n\n‘살인을 저지르지 않았다는\n근거’……\n뭐, 알고 있다면 겨우 석방되고\n있겠지.
0x00139501	3	\n　\n………………
0x0013953a	5	\n\n결막, 진범과 그 증거를 제시하는\n밖에\n방법은 없을 것이다.
0x00139598	6	\n\n......라는 것은,\n향후의 방식으로서는,\n진범을 쌓는 방법을 생각하면\n좋다.
0x00139608	7	\n\n그것을 위해서도, 승무원의 정리를\n해\n두자. \n필요한 것 같은 정보는,\n일단 클리어 해 두는 것이 좋다.
0x00139859	3	\n　\n그런데, 앞으로 어떻게 한 것일까…
0x001398b1	3	'\n'\n오늘, 얻은 정보를 물려보자.
0x00139924	4	\n　\n시라카와 그룹의 톱 케이시로는\n1년전부터 계획되고 있었다…
0x0013997b	8	\n\n그에 맞추어, 미나즈키 코우지의\n복직의\n이야기도\n 있던 것 같지만,\n실제로 복직한 것은 마침내\n최근이다.
0x001399e6	8	\n\n미나즈키는 피해자와 궁합이 나빴던\n것 같지만,\n미나즈키가 복직할 시기에 맞춰\n벌어진 살인 사건.\n단순한 우연으로 치부해도 좋은\n것일까……?
0x00139abe	4	\n\n동에 미나즈키가 범인이라고 하면,\n그 동기는 충분한 것이 있다.
0x00139b14	6	\n\n게다가 미나즈키의 복직과 살인\n사건이 벌어진 시점이\n가까운 것도,\n단순한 우연이라고 치부할 뿐.
0x00139b8b	7	\n\n말씀 드리지 않는 곳이 깨끗하다고\n하면\n그것 확실하지만,\n미나즈키가 시원한 것은 확실하다. \n조금 변명해도 좋을 것이다.
0x00139c0c	7	\n\n에도 불구하고, \n아리바이를 속이고 있는 듯한 인상을\n주는\n것은,\n나의 신경 탓일까?
0x00139c6f	4	\n\n......미나즈키에 대해서는,\n추가 조사가 필요하다.
0x00139cfe	9	\n\n시라카와 사토루의 이야기에는 이상한\n점은\n전혀 없는 한편으로,\n오히려 시라카와 사토루가 잔행에\n관련되어\n있을 가능성도\n 생각된다.
0x00139d72	8	\n\n단지 하나만 분명히 하고 있는\n것은,\n미나즈키 코우지와 시라카와\n사토루사이에는,\n일정의 신뢰 관계가 있다고 하는\n것이다.
0x00139e05	7	\n\n결막, 미나즈키의 알리바이가\n확정하지\n않는 급료, \n미나즈키가 진범일 가능성은\n아무것도 할 수 없을 것이다.
0x00139e77	9	\n\n이지만, 미나즈키 본인으로부터\n알리바이를\n두는 것은\n기쁜 것 같다. \n왜 모르겠지만, 아야는 알리바이를\n속이고\n있다.
0x00139ee7	6	\n\n이라면, 아야의 강인 미나즈키\n아오이로부터,\n아야에 관한 정보를 둘 밖에 방법이\n없구나…
0x00139f86	5	\n\n미나즈키의 알리바이가 증명되었다. \n 따라서 미나즈키는 용의자로부터\n벗어나기로 하자.
0x0013a02a	5	\n　\n아사츠유씨로부터는 여러가지 정보를\n둘 수\n있었구나.
0x0013a070	8	\n\n우선은 아사츠유씨의 알리바이…\n이것은 본인으로부터 들은 정보를\n바탕으로,\n각 방면에서 용 붙이기를 모를\n수밖에\n없을 것이다.
0x0013a0e3	6	\n　\n실로 아사츠유씨와 피해자의 관계. \n이것은 이전에 들었듯이,\n아사츠유씨는 시라카와 그룹의 전\n변호사였다고 하는 것.
0x0013a165	9	\n 　\n 그리고 누마사키 변호사와 피해자의\n관계. \n일과 프라이빗을 나누고 있던\n2명이었지만,\n지금 일상에서 중양인 파트너가 되고\n있는\n것.
0x0013a1f3	7	\n　\n그리고 콘도 형사와 피해자의 관계.\n\n예소대로, 용으로 더러운 일을 하고\n있는\n것 같다.
0x0013a264	7	\n\n그리고 제일 신경이 쓰이는 정보가,\n아사츠유씨가 심장 이식 수술을 건\n병원이,\n오후쿠로가 일하고 있던\n동상대부이이병원이라고 하는 것.
0x0013a2e8	3	\n　\n………………
0x0013a321	3	\n　\n이것은 단의 우연일까……?
0x0013a3ab	4	\n　\n콘도의 불험 정보를 잡고 있는\n아사츠유씨.
0x0013a3f9	6	\n　\n불법에 가까운 조사를 하기 위해\n준비물을 마련해 뒀다는 건가.\n역시라고 해야 할까, 뭐라고\n할까……
0x0013a4a3	3	\n　\n미나즈키는 극도의 실수 없이 싫어…
0x0013a4f0	7	\n\n미나즈키가 알리바이를 속이고 있는\n것\n같은\n인상을 안고 있었지만,\n이것도 어쩌면…
0x0013a58d	6	\n　\n아사츠유 씨의 본명은 요시모토\n스미카이고,\n시라카와 신지와의 사이에\n요시모토 유미라는 딸이 있다.
0x0013a612	8	\n\n……아사츠유씨에게 딸이 있던 것도\n가시지만,\n그것을 나에게 전혀 느끼게하지\n않았던\n것은,\n과연이라고 할까…
0x0013a689	4	\n\n아니면 노리코가 말했듯이,\n내가 바로 니부이뿐인가… ?
0x0013a71c	6	\n\n오후쿠로의 심장이 아사츠유씨에게\n이식된\n것이\n이것으로 확정했다.
0x0013a770	3	\n　\n………………
0x0013a7a9	3	\n　\n왠지, 복소한 기분이야…
0x0013a825	7	\n\n아홉은 시라카와 신지의 2년\n선배,? \n게다가 시라카와 신지는 통통하게\n동경하고\n있었다…
0x0013a896	5	\n\n……여러모로 복잡하군.\n인간관계도, 그리고 그 가슴에 잠든\n생각도……
0x0013a8f8	4	\n　\n이 사건이 풀렸을 때, \n나는 어디로 가면 좋을까…
0x0013a9a4	5	\n\n콘도에 증거 각멸되어 버린,\n발잔 카메라의 발휘는,\n더 이상 타고 있지 않다…
0x0013aa10	7	\n\n승기이지만, 없는 것은 어쩔 수\n없다. \n다른 방법으로 자신의 무고함을\n뛰어넘을\n수밖에 없다는 것이다!
0x0013aab0	6	\n\n누마사키 변호사로부터 둔 정보\n중에는,\n의문에 느끼는 점이 몇개인가\n있었다.
0x0013ab0e	4	\n 　\n우선은 누마사키 변호사와 피해자의\n관계다.
0x0013ab5f	6	\n 　\n쭉 일과 프라이빗을 나누고 있던 두\n사람이,\n어떤 심교의 변화가 있어,\n함께 일을 하게 되었는가?
0x0013abdc	7	\n\n그리고 피해자와 콘도 형사의\n이야기를\n들었을 때의\n명확한 불쾌감은 무엇을 의미하는\n것인가.
0x0013ac48	5	\n\n또한 무엇보다,\n누마사키 변호사의 알리바이의\n아야후야사.
0x0013ac9d	8	\n\n누마사키 변호사가 화장실에 있었다고\n하는\n시간에,\n나와 피해자는 약간의 트러블을 먹고\n있었지만,\n그것을 모른다고 한다.
0x0013ad1d	5	\n\n 이 건에 관해서는 \n 주의해 조사할 필요가 있을\n것이다.
0x0013adb5	6	\n\n피해자가 한눈에 무덤으로 재혼했다는\n이야기는\n노조미도 말하고 있었지만\n확실히 의외였다.
0x0013ae2e	5	\n\n피해자는 일에 어려운 인간이라는\n인상이\n 있었기 때문일 것이다.
0x0013ae8b	5	\n\n에서도, 나이를 거듭하는 동안,\n조금씩 사람이 바뀌어 간다는 것은\n보통에 있다고 하면 그때까지이지만…
0x0013af40	6	\n\n어의 이식 수술에 붙어 뛰어난,\n함께 격유했다고 하는 이야기도\n신경이\n쓰인다.
0x0013afaf	4	\n\n결과, 신지는 이식 수술에 실패해,\n심장이 이치로에 이식되었다…
0x0013b02c	3	\n　\n………………
0x0013b065	4	\n\n신경쓰지 말라고 하는 것이 기쁘다,\n역시…
0x0013b0eb	6	\n\n누마사키 변호사가 모든 것을\n자백했다.\n그의 말이 사실이라면,\n그는 진범이 아니다.
0x0013b152	7	\n\n라고 해도, 거짓말을 하고 있는\n것처럼\n보이지 않았고,\n화에 모순도 없었기 때문에,\n신용해도 좋은 이야기라고 생각한다.
0x0013b1c9	5	\n\n누마사키 변호사는\n용의자로부터 제외해 문제 없을\n것이다.
0x0013b274	5	\n\n......시라카와 신지가 누마사키\n변호사에게 말한,\n자신의 식죄.
0x0013b2d7	7	\n\n그 결과가 이마바야시 사건이 일어난\n이유의 일부라면,\n내가 생각한 이상으로 여러 사람의\n생각이\n교차한 사건이라고 할 수밖에 없어.
0x0013b36d	5	\n\n시간이 풀리다……라는 어선이 있지만\n인간은 그런 직순한 생물이 아니라는\n것이다…
0x0013b413	6	\n\n역시 어머니는 아버지가\n시라카와 이치로에게 살해당했다는\n것을\n알고 있었어……
0x0013b46a	5	\n\n게다가, 그 일을 추궁했기 때문에\n시라카와 이치로에게 살해당했을\n가능성이 있어……
0x0013b4c9	10	\n\n확인하듯이, 시라카와 이치로는 이제\n이\n세상에 없다. \n하지만, 내가 좀더 원하게 이\n사실을\n쌓아 가면\n 생각하면, 할 수 없는 것이\n있다…
0x0013b554	6	\n\n하지만 그때의 나에게는 그런 여웅은\n없었다…\n지금이 이 사실을 아는 것은\n뭔가 창명을 느끼지 마라…
0x0013b606	9	\n\n아사츠유씨와 후쿠로의 이식 수술이\n같은\n날…\n이것으로 후쿠로의 심장이 아사츠유\n씨에게\n이식 된 것이\n객관적으로도 증명된 셈이다.
0x0013b698	5	\n 　\n문제는 그 이식 수술의 과정. \n장기 이식기막에는 그 기록이 없었던\n것.
0x0013b6f9	6	\n\n……설마 이마바야시의 사건이,\n뚱뚱한 치아에까지 관련이 있다고는\n무겁지\n않았다 ...
0x0013b75a	9	\n\n어쨌든, 이 건에 관해서는 사실이\n알고\n싶다. \n아니, 내가 알아야 해! ! \n나는 진범이 아니지만 관계자의\n혼자이기\n때문에!
0x0013b81b	6	\n\n하리마 나오마사……\n모든 진실은 이 인물로 모이는 듯한\n느낌이 든다……
0x0013b877	6	\n\n교장은 지금 어디에 있는가? \n 외옥인가? \n 아니면 의외로 가까운 곳에\n있는가......?
0x0013b91a	6	\n\n사건 당일,\n미나즈키가 게임 센터에 가고 있던\n것은\n판명되었다.
0x0013b973	5	\n\n하지만 그것에 의해서\n미나즈키의 알리바이가 증명된 것은\n아니다.
0x0013b9c5	4	\n　\n그럼, 어떻게 드래그를 취한다고\n하는지…
0x0013ba48	6	\n　\n아시로의 자살 사건에 대해 노리코가\n입을 다물고 있었던 것은,\n누마사키 변호사의 지시였던\n모양이다.
0x0013bacb	5	\n\n5년의 공백이 있다고는 해도,\n나도 좀 더 노리코를 신용해야\n했구나…
0x0013bb28	6	\n\n하지만 이렇게 서로 하고 싶은 말을\n주고받으며\n유대는 깊어져 가는 법이라고 나는\n생각해.
0x0013bb8e	6	\n\n…… 어째서, 자신의 행동을\n험당화하기도\n하고,\n하하하.
0x0013bc1d	6	\n\n아사츠유씨와 요시모토 형사가\n말다툼했다…\n게다가, 그 멋진 요시모토 형사가\n결막관계되어 있던 것 같다.
0x0013bc8d	7	\n\n두 사람 사이에 무슨 일이\n있었을까?\n… … 뭐,\n아사츠유 씨가 뭔가 했던\n것이겠지만.
0x0013bd2a	6	\n\n아야하다고 생각했던 4명의 용의자.\n\n그 안에서 아사츠유씨만이 알리바이가\n확정하지 않는다…
0x0013bd9c	3	\n　\n………………
0x0013bdd5	3	\n　\n 역시, 아사츠유씨가 진범일까…
0x0013be5c	4	\n\n설마, 노조미의 친어머니가\n자살했다니……
0x0013bea6	5	\n\n그것에 의해 미사에가 피해자의 재혼\n상대이고,\n노조미의 쓰모인 것을 알았지만…
0x0013bf25	6	\n　\n노리코가 이 건에 대해,\n나에게 보고하지 않은 것은 왜인가…\n\n내일, 확인하지 않으면…
0x0013bfc8	3	\n　\n요시모토 유미,인가…
0x0013c002	5	\n\n그렇게 신경쓰는 것도 아닌 것 같은\n생각도 하지만,\n중양인 단서 같은 생각도 한다…
0x0013c062	4	\n\n…\n요시모토 키요카이지만…
0x0013c0fc	4	\n\n그 누마사키 변호사가 불륜을 하고\n있었다고는…
0x0013c14a	10	\n\n나 자신, 누마사키 변호사와 직접\n만나서\n말한 그만이 아니니까\n아야의 인품을 알고 있는 것은\n아니지만,\n화를 듣는 급리 그런 사람이\n아니라고\n생각하고 있었다.
0x0013c1da	8	\n\n……뭐, 내가 이래라저래라 할 일은\n아니지만,\n사건 용의자로서 동기로 이어질\n가능성도\n있으니\n주시할 필요는 있겠지.
0x0013c2a4	6	\n　\n아사츠유씨의 전 연인의 이름은\n시라카와\n신지. \n아야는 이미 죽었어?
0x0013c349	3	\n　\n………………
0x0013c382	5	\n 　\n변호사의 건이라고 하고,\n내가 모르는 곳에서 아사츠유씨도\n정말 비웃고 있던 것 같구나…
0x0013c421	6	\n\n미나즈키 코우지가 복직한다는\n이야기는\n한 달 전부터 구체화하고 있었던 것\n같다.
0x0013c486	7	\n\n나는 하나 착각을 하고 있었다. \n시라카와 이치로가 죽었기 때문에,\n미나즈키 코우지의 복직이\n구체화되었다고\n무거웠다.
0x0013c50d	9	\n\n미나즈키는 복직할 때 이치로가\n방해가 돼서 죽였나?\n……라는 새로운 동기도 생각할 수\n있지만,\n반대로 한 달에 걸쳐 관계를\n회복하고 있었다고도\n생각할 수 있다.
0x0013c5a6	5	\n　\n이 한달 동안 어떤 과정에서 복직이\n실현되었는지,\n신경이 쓰이는 곳이구나…
0x0013c642	7	\n\n콘도가 증거 인멸을 했을 줄이야.\n이래서는 아무리 유력한 증거를\n잡아도\n경찰에 제시하는 건 피하는 게\n좋겠어.
0x0013c6dd	5	\n\n콘도를 고발하더라도\n잘못된 증거라면 붙잡을 뿐일\n것이다.
0x0013c749	8	\n\n그렇다면 유력한 증거를 얻었다고\n해도\n재판까지 이쪽 측에서 삼가는\n것이지만,\n가능하면 재판까지 질투하고 싶지\n않아…
0x0013c7de	6	\n　\n… ! \n나가 자경의 몸이라면 콘도를 쫓아\n버릴\n수 있는데......! !
0x0013c87f	5	\n　\n아사츠유 씨와 요시모토 형사는\n형제라고\n하는 것을 알았다.
0x0013c8df	4	\n\n요시모토 형사는 정말 성실하구나.\n나쁘게 말하면 결벽증이지만.
0x0013c93e	4	'\n'\n자신이 험의라고 생각하는 범위가 너무 힘든데다,\n무거운 자아가 너무 심하다.
0x0013c9ac	4	\n　\n뭐, 순수하다고 하면,\n그럴지도 모르지만.
0x0013ca3e	7	\n　\n아사츠유씨의 연인이었던 시라카와\n신지와,\n오후쿠로가 고등학교 시절의 선배\n후배의\n사이가…
0x0013cad5	3	\n　\n………………
0x0013cb0e	4	\n\n뭐지.\n가슴이 두근두근해……
0x0013cb52	6	\n 　\n 드디어, 이 사건의 상관관계의\n제일\n깊게까지\n지나 도착한 것 같은 생각이 든다…
0x0013cbbc	6	\n\n다음은 얽힌 아가씨를 풀어줄 뿐……\n그 앞에 반드시 진실이 기다리고\n있는\n하즈다! !
0x0013cc56	5	\n\n미우라가 무거운 듯한 것을 말하고\n있었구나. \n아사츠유씨로부터 고발을 안 했다고…
0x0013ccba	4	\n\n그 중 하나가,\n령의 발잔 카메라의 발휘다.
0x0013cd05	4	\n\n간만하고 있었다면,\n더 원하게 가르쳐 주면 되는데…
0x0013cd54	3	\n　\n………………
0x0013cd8d	7	\n\n아니, 나름대로 가르치는 것에도\n가지\n않았다. \n콘도에 각멸될 가능성이 있었던\n것이니까.
0x0013cdfb	4	\n\n……라는 것은, 또 하나의 고발도\n역시 콘도에 관계하는 것인가…
0x0013ce60	3	\n　\n… … 빌어 먹을, 궁금해! !
0x0013cecc	8	\n　\n아사츠유씨로부터 떠난 또 다른\n고발은,\n콘도의 불험에 관한 증거였다. \n그것을 미우라에게 이 타이밍에\n제출하는\n곳은 역시다.
0x0013cf5a	7	\n\n나와 미우라의 관계를 관시하고\n있어,\n미우라가 나를 진범이 아닐지도\n모른다고\n무거운 날카로운 타이밍에 제시한다.
0x0013cfd5	6	\n\n결과가 이것이다. \n사건의 공기를 마시는 능력은 정말,\n봐\n싶어요.
0x0013d05f	6	\n\n콘도가 자백했다. \n결과적으로 아사츠유씨에게 도움을\n받은\n경이다.
0x0013d0b3	5	\n\n하지만 콘도가 사건의 진범은\n아니었다.\n이 진범은 내가 직접 찾아야 한다.
0x0013d11f	5	\n　\n아니, 찾아내고, 잡아야 한다. \n5년간, 탐정으로서 온,\n나의 자존심에 걸쳐! !
0x0013d1c3	5	\n　\n아사츠유씨가 없어졌다. \n 찾고 있던 사람이 발견되었기\n때문인데......
0x0013d220	3	\n　\n………………
0x0013d259	3	\n　\n아사츠유씨…
0x0013d2ad	5	\n 　\n오늘은 특히 중요한 것 같은 정보는\n없었구나. \n내일에 연대하자.
0x0013d339	4	\n　\n오늘은 미우라와\n연격에 걸쳐 굳이구나…
0x0013d387	4	\n　\n이 상태로\n자꾸자꾸 조사를 진행해 나갈까…
0x0013d3d7	4	\n　\n오늘은 분이 아쉬운 민첩하고\n1일이 끝났어…
0x0013d427	4	\n\n이대로는 마즈이야…\n가마제책을 듣지 않으면…
0x0013d492	4	\n\n드디어 내일이, 마지막 날? \n각오를 결정하지 않으면…
0x0013d520	3	\n　\n그리고……
0x0013d56a	3	\n　\n그리고……
0x0013d5a2	3	\n　\n실로…
0x0013d8f0	2	【적】\n하아……, 하아……, 하아…
0x0013d95e	3	【적】\n네, 좋은 순감으로 해라…\n내가 뭘 했는지 말해! !
0x0013d9a8	2	【？？？】\n…………
0x0013d9d5	3	【적】\n너에게 살해당하는 것 따위는,\n아, 아무것도……
0x0013da87	2	【적】\n… ?
0x0013daf2	3	【적】\n하……하하하…………\n우…
0x0013db3d	2	【？？？】\n…………
0x0013db6f	4	【적】\n인, 뭐가 바라는 거야… ? \n금인가… ? \n그, 아니면 아야의 일인가… ?
0x0013dbca	3	【적】\n너의 바람대로 한다! \n 그러니까... 생명만 도와줘!
0x0013dce7	3	【? ? ? ? 】\n후후...\n이것으로 좋다...
0x0013dd19	3	【? ? ? ? 】\n여기까지는 내가 생각하는 대로\n일이 진행되고 있다.
0x0013dd5a	3	【? ? ? ? 】\n글쎄, 나까지 갈 수 있다.\n할 수 있을까...
0x0013dda8	2	【? ? ? ? 】\n후후후…
0x0013de16	3	【? ? ? 】\n……쨩\n코우짱…
0x0013de51	2	【코우지】\n…………응.
0x0013dea2	3	【코우지】\n응.........\n어라, 어머니...
0x0013deea	2	【가쓰시로】\n오랜만에, 코우짱…
0x0013df1e	4	【코우지】\n응......오랜만......은..\n...\n.
0x0013df55	2	【코우지】\n…………
0x0013df80	4	【코우지】\n그런가…\n엄마는 5년 전에\n죽은거야…
0x0013dfce	3	【코우지】\n……이타타…\n기분이 좋고…
0x0013e01b	3	【어머니】\n…………\n코우짱…
0x0013e05b	4	【코우지】\n그럼, 건강만이 삼림무늬니까…\n음, 지금은 굉장히 훌라 훌라지만,\n하하하…
0x0013e0ba	5	【토요시】\n후후, 좋았다. \n아무리 귀찮을 때라도,\n사견이 있으면 짙어 굳을 수\n있어......
0x0013e116	4	【코우지】\n… \n어머니가 살았을 때,\n언제나 말했어...
0x0013e175	3	【코우지】\n사견이 있으면 짜증나는 것도\n짙게 고칠 수 있다고…
0x0013e1be	4	【토요시】\n코우짱… … 힘내라…\n앞으로 짜증나거나 슬픈 일이\n많이 기다리고 있어…
0x0013e21a	3	【토요시】\n그래도, 당신은 진실을\n몰라야 한다…
0x0013e261	2	【가쓰요】\n아야녀를 돕기 위해서…
0x0013e295	3	【코우지】\n에......\n무슨 일이야, 엄마?
0x0013e2ce	3	【가쓰요】\n코우짱, 안 돼.\n만지지 마……
0x0013e3c6	2	【코우지】\n조… …기다려, 엄마!
0x0013e460	2	【코우지】\n…………
0x0013e48b	2	【코우지】\n구원……이었는지…
0x0013e4bf	2	【코우지】\n은……어디야, 여기…
0x0013e4fc	4	【코우지】\n그래.\n아사츠유 씨와 사건 해결을 축하하며\n술을 계속 마셨고……
0x0013e568	3	【코우지】\n아, 안돼......\n졸려......
0x0013e5a4	2	【코우지】\n……구……
0x0013e60b	8	\n　\n시라카와 이치로는 그다지 강하지\n않다.\n시대가 되었다고 할 정도는\n아니지만,\n유리잔으로 2~3잔만 마셔도,\n금세 취해 버린다.
0x0013e678	9	\n　\n하지만 사람과 어울리는 건 싫어하지\n않는다.\n이날은 축하할 일도 있었으니,\n평소의 열 배는 마셨을 것이다.\n마지막 술자리에 도착했을 때는,\n현실과 망상을 오가며\n살고 있었다.
0x0013e704	6	\n\n그래, 그때 나는 이상한 광경을\n봤어……\n5년 전에 세상을 떠난 엄마……\n그리고 심장의 고동……
0x0013e771	6	\n\n생과 치아의 다리계는\n어디에 있는 것일까? \n사망해도 살아남을 수 있다는 것은\n어떻게 짜증나는 것일까?
0x0013e7cc	7	\n\n그 답 너머에 기다리고 있던 것은\n소중한 사람을 지키고 싶다는 마음이\n교차한,\n슬프고도 용서할 수 없는\n운명이었다.
0x0013eb7f	2	【코우지】\n…………
0x0013ebb8	3	【코우지】\n어째서 나,\n이런 곳에 있는 거야…
0x0013ec26	4	【코우지】\n…………\n그런가. \n나, 체포된 거야......
0x0013ec83	5	【코우지】\n아무래도, 아직 마음이 깔끔하지\n않아…\n너무 많은 탓인지 기억도 애매하다…\n어...
0x0013ed0f	5	【코우지】\n(나의 이름은, 사이토 코우지.\n직업은 탐정.\n나이는 25개.\n다음에 성별은 남자)
0x0013edba	5	【코우지】\n(어제 아침…\n두 사람의 형사가 왔고,\n절반 강제로\n여기로 데려오고…
0x0013ee7b	3	【코우지】\n(제대로 이야기도 둘 수 없고,\n목방에는 체포장을 붙이고…
0x0013eee7	5	【코우지】\n(\n지금 훌륭한\n살인 사건의 용의자다, 라고……\n그래, 점점 의식이 분명해졌다)
0x0013efd0	2	【코우지】\n(형물이 왔어…
0x0013f01c	3	【코우지】\n(야 브라더!\n어떻게, 컨디션은?)
0x0013f069	4	【코우지】\n(……토카사, 상쾌하게 인사하면서\n들어가서 참을 수 없는 걸까.\n그래도 심한 민망한데)
0x0013f113	2	【미우라】\n어젯밤은 잠들었나?
0x0013f15b	3	【코우지】\n그래, 굉장히 뿌렸어요. \n쾌적한 침대에 감사드립니다.
0x0013f1dc	2	【미우라】\n그래, 그렇다면 좋았다.
0x0013f22a	4	【미우라】\n굉장히 잠들었다면,\n기억하지 않는다는 잔행의 기억도,\n무거운 낼 수 있었잖아?
0x0013f29b	3	【코우지】\n(……농담을 농담으로 바꾸지\n말아라)
0x0013f2e3	5	【코우지】\n승기하면서,\n기억은 돌아올 것 같지 않아요. \n그 밤은\n하나 보고 있었으니까......
0x0013f37e	4	【미우라】\n어제도 말했지만,\n그렇게 편리한 접하는 방법등\n믿을 생각은 없다.
0x0013f400	5	【미우라】\n그런 말을 피해\n사귀는 시간도 없다.\n어쨌든 체포 후 48 시간 이내에\n너를 송검해야 하기 때문이다.
0x0013f48f	3	【코우지】\n에서도, 바의 마스터가\n나의 멀어진 모습을 보고 있습니다.
0x0013f4e3	5	【코우지】\n게다가, 나와 함께 컸던 \n탐정 사무소의 소장으로부터도\n화를 들으시면 알 수 있을\n것입니다.
0x0013f555	2	【코우지】\n…
0x0013f5c0	4	【미우라】\n훈… … 축하하고 싶은 녀석이다. \n그런 일로 뛰어넘는 혐의라면,\n체포하거나는 하지 않는다.
0x0013f653	3	【미우라】\n솔직하게 자백하는 것을\n추천해 두자, 사이토.
0x0013f6ce	4	【미우라】\n어쨌든, 이쪽은…\n네가 범인이라는\n합정적인 증거를 잡고 있다.
0x0013f739	2	【코우지】\n상정적인 증거… ?
0x0013f791	3	【미우라】\n너는 이전에 한번,\n체포된 적이 있었구나?
0x0013f7e8	4	【코우지】\n…………\n타겟의 미행중,\n변전자에게 잘못되었을 뿐이에요.
0x0013f879	3	【미우라】\n별로 그 사건을\n주석하고 있는 것은 아니다.
0x0013f904	5	【미우라】\n너도 기억할까? \n체포된 뒤,\n신체 검사와 지문의 시모가\n 있던 것을.
0x0013f9a2	4	【미우라】\n그때 시모한 지문이\n너를 체포한 합정적인 증거에\n되어 있다.
0x0013fa18	3	【코우지】\n… …지문이? \n무슨 일이죠?
0x0013fa8c	5	【미우라】\n… … 그런데, 이대로 핵심에\n다가가\n좋은 것일까?\n어떻게 무거워, 사이토?
0x0013faf2	4	【코우지】\n어떻게 무거워도,\n거기까지 말해두고 핵심에\n다가오지 않는다는 것을 모르겠네요.
0x0013fb84	7	【미우라】\n너는 기억이 없다고 주장하고 있다.\n즉 우리 수사 결과에 맞춰\n자기 편의대로 기억을 되돌릴 수\n있다는\n거지.\n자기에게 유리한 기억을 말이야.
0x0013fc46	4	【코우지】\n… … 즉, 이번 취조\n내가 거짓말을하면\n생각하는 거군요.
0x0013fccd	3	【미우라】\n벌써 거짓말을 하고 있을 것이다. \n기억이 없다는 거짓말을.
0x0013fd2f	3	【코우지】\n거짓말이 아니야! \n정말 기억이 없어!
0x0013fda6	5	【미우라】\n어느 쪽이든,\n이대로 사건의 실마리를 밝히지 않는 편이\n우리 쪽에는 유리하다는 뜻이다.
0x0013fe32	2	【미우라】\n음…
0x0013fe6f	3	【코우지】\n(……과연.\n나의 동양을 초대하고 있는 것인가…
0x0013fecf	5	【코우지】\n(이 녀석, 고치는 형물이\n아니구나.\n상당한 예레자를\n상대에 푹 빠진 것 같다…
0x0013ff3d	4	【코우지】\n…\n그 때의 기억이 없다고\n말했어요.
0x0013ffa4	6	【코우지】\n이 어선이 정말로 해도\n거짓말이라도,\n그쪽에서 사정을\n설명해 주지 않는 한,\n나는 아무것도 말할 수 없다…
0x00140016	2	【코우지】\n 다른가요?
0x0014007a	2	【미우라】\n… … 말하지 않을까.
0x001400df	5	【미우라】\n좋을 것이다, 사건의 습관이다. \n어제의 설명과 쓰는 점도 있지만,\n화를 정리하기 위해서라고 이해해\n줘.
0x001401b3	6	【미우라】\n피해자는 시라카와 이치로. \n내택 메이커에서도 톱 클래스의\n쉐어를 깨닫는 시라카와 하우징의\n사장으로,\n시라카와 그룹의 톱이었던 사람이다.
0x001402a7	4	【코우지】\n(피해자에 대해……?\n아무것도 기억하지 못한 지금,\n조금이라도 정보를 원해…
0x0014031a	3	【코우지】\n(정보는 사건이라는 큰 수수께끼의\n파독……)
0x0014037a	3	【코우지】\n(중양한 정보는\n 기억해 두지 않으면……)
0x001403d6	4	【코우지】\n(그렇다 해도……시라카와 이치로?\n만난 적은 없을 것입니다만…\n뭔가 걸린다…
0x0014047e	4	【미우라】\n시라카와가 살해된 곳은,\n바 ‘라이트 블루’ 안의\nVIP룸.
0x001404e8	4	【미우라】\n일시는 2009년 11월 11일\n수요일\n오전 0시 44분 전후.
0x0014062d	4	【코우지】\n(라이트 블루…\n그렇다.\n분명히 그런 이름의 바였습니다.)
0x00140695	4	【미우라】\n경기는 359 마카레프. \n이 녀석이 교외의 쓰레기 진행에\n지나지고 있었다.
0x00140726	5	【미우라】\n발포는 일발. \nVIP 룸내에서 발견된 영혼과\n선 조흔이 일치한 것으로부터,\n이 권총으로부터 발포된 것과 검정.
0x001407e1	5	【미우라】\n덧붙여서 영혼은 앞으로 2발분 타고\n있었다. \n치인은, 총격을 가한 충격에 의한\n투성 심부전으로 보인다.
0x00140861	3	【코우지】\n투성 심부전… \n충격 이빨?
0x001408ef	4	【미우라】\n그리고, 그 총에는\n너를 체포하는 계기가 된\n『지문』이 붙어 있었다.
0x00140968	2	【코우지】\n……는 아! ?
0x001409b2	3	【코우지】\n그런 바보 같은......\n나의 지문도! ?
0x00140a33	4	【미우라】\n그대로…\n이것이야말로 너의 잔행이라는,\n움직이지 않는 증거다!
0x00140a9e	4	【코우지】\n그, 그런 일, 있을 수 없다! \n 나는 그 시라카와는 녀석을 \n 만난 적도 없어!
0x00140b24	2	【미우라】\n흥……
0x00140b81	3	【미우라】\n너가 아무리 있을 수 없다고 해도,\n현실에 지문이 타고 있었다.
0x00140c12	4	【미우라】\n반론한다면,\n이 사실을 납득하자\n설명해 보자!
0x00140c68	2	【코우지】\n구우우… !
0x00140ccb	4	【미우라】\n 또 하나. \n너는 방금 전에 시라카와 이치로를\n만나본 적이 없다고 말했지?
0x00140d36	6	【미우라】\n하지만 사건 직전에 네가 시라카와\n이치로와\n말을 하고 있던 것을 목격한 사람이\n있다.\n게다가 1명뿐 아니라 복수명이다.
0x00140dbb	3	【코우지】\n그런 ......\n전혀 기억이 안나요!
0x00140e1c	3	【미우라】\n경기의 지문,\n그리고 목격자…
0x00140e89	3	【미우라】\n여기까지 갖추어져 있는데\n아직 인정되지 않는 것인가?
0x00140ee3	2	【코우지】\n……나는 하지 않는다…
0x00140f4c	4	【미우라】\n알고 있다고 생각하지만,\n살인죄로 기소되면,\n최악의 경우 사형도 있을 수 있다.
0x0014100d	8	【미우라】\n하지만, 자신으로부터 죄를\n인정하면,\n반투의 의중을 재재 판단에 어필할\n수\n있다. \n심증이 좋아지면 감경도 있을 수\n있다.
0x001410c3	2	【미우라】\n자백한다면 지금 중이다.
0x00141104	3	【코우지】\n이라도, 죄를 인정해 버리면\n유죄는 확정일까?
0x00141155	2	【코우지】\n이라면, 대답은 붐비고 있다.
0x00141197	7	【코우지】\n몇번이나 말하지만, 나는 굉장히\n술에\n취해\n당시의 기억이 없어. \n기억이 없는 이상, 자백도 할 수\n없다!
0x00141256	3	【미우라】\n즉, 어디까지나 말해 탈출을\n하는 건가.
0x001412b2	3	【코우지】\n말해 도망치지 않아! \n이건 비장이야! !
0x0014135e	4	【미우라】\n……보고에 올라온 증거는 모두,\n너가 범인이라고 말하고 있다.\n나는 그 증거에 따라 결정했다.
0x001413f4	5	【미우라】\n이 모든 것을 반박하고\n무죄를 태증할 수 없다면…\n자백해 두는 편이\n그렇게 경쟁하면 무겁지만.
0x00141471	3	【코우지】\n......좋을 것이다. \n반론 하자.
0x001414fe	3	【미우라】\n그러면,\n심문을 하게 한다.
0x0014155b	3	【미우라】\n설명의 의무도 있으므로\n다시 전해 둔다.
0x001415b5	5	【미우라】\n너에게는 묵부권이 있다. \n 사정의 아쉬움은 아무것도 말하지\n않아서\n좋다는 권리다.
0x00141631	4	【미우라】\n너가 발언한 모든 언선에는,\n유리, 불리를 불문하고,\n증거로서 시용될 가능성이 있다.
0x001416b8	4	【미우라】\n반대로, 침묵하면 증거로서\n시용되는 일은 없다. \n 기억해.
0x0014173e	4	【미우라】\n물론 나의 심문에 반론해도 좋지만,\n그 경우는 근육이 다니는 반론을\n기대한다.
0x001417e8	7	【미우라】\n근육이 다니지 않은 반론을 했을\n경우는,\n사건에 대한 반물이 없는 것으로\n해,\n그 동을 보고서에 기입해\n검사에 제출하게 한다.
0x00141889	4	【미우라】\n그것은 재재 판단의 심증과 직결하기\n때문에,\n그 생각이 되어 있는 것이다.
0x0014191c	2	【미우라】\n에서는, 이것보다 심문을 행한다.
0x00141a31	2	【미우라】\n… … 흠, 이런 것인가.
0x00141ab0	4	【미우라】\n명후일에는 당당하고,\n이야에서도\n기억을 되살려 주지 않을까.
0x00141b1e	4	【코우지】\n 괜찮아요. \n이쪽도 기억을 되돌아보는 계기가\n환기니까요.
0x00141b8e	3	【경찰단】\n미우라 형사. \n조금 맞습니까?
0x00141bff	2	【미우라】\n뭐지?
0x00141c66	2	【경찰단】\n…………
0x00141ca1	2	【미우라】\n…………뭐?
0x00141d0f	2	【경찰단】\n그럼 무례하겠습니다.
0x00141d5b	2	【미우라】\n…………
0x00141d94	4	【코우지】\n이죠? \n사람에게 바라볼 수 있는 것은\n취미가 아닙니다만.
0x00141e2d	4	【미우라】\n 사이토. \n너에게 접견을 신망하고 있는 사람이\n 있다고 한다.
0x00141e85	3	【코우지】\n나에게 접견? \n......누구?
0x00141edd	3	【미우라】\n 가면 알겠지. \n요시모토강, 그리고는 부탁한다.
0x00141f5d	2	【요시모토】\n네.
0x00141f9c	2	【코우지】\n어이, 조금 안타…
0x00142002	2	【요시모토】\n갑니다.
0x0014203a	2	【코우지】\n......알았어.
0x001423db	3	【코우지】\n(나에게 접견인가……\n아사츠유씨일까?)
0x00142460	2	【여성】\n…………
0x0014249e	3	【코우지】\n(……나는 지금,\n어떤 표정을 하고 있겠지…
0x001424f2	2	【코우지】\n그……히사시…
0x00142536	4	【코우지】\n(명처에서 예뻐하는 것도 좋고, \n이름으로 예보하는 것도 싼 느낌이\n든다…
0x00142598	4	【코우지】\n(……나에게는 아직,\n아야를 잠자리처럼 예언하는 자각\n있을까? )
0x001425f4	2	【코우지】\n(능녀를 용절한 나에게…
0x001426e0	2	【여성】\n…………
0x00142726	2	【여성】\n…………구스.
0x00142764	3	【코우지】\n…………에? \n이봐, 맞아?
0x001427bb	3	【여성】\n…………\n당연……그렇지 않다…
0x00142807	2	【코우지】\n… … 미안… … 노리코…
0x0014285e	4	【노리코】\n오늘 뉴스에서 사건을 알고…\n코우지가 잡혔다고\n보제 되었으니까…
0x001428ed	4	【노리코】\n나, 가만히 못해…\n그래서 코우지가 체포된 경찰서를\n찾아내고…
0x00142969	3	【노리코】\n5년만인데\n이런 형태의 재사상은…
0x001429b6	2	【코우지】\n(바뀌지 않아, 노리코……)
0x00142a55	3	【코우지】\n(대학시대, 노리코와는\n계속 함께 있었는데…
0x00142ab2	4	【코우지】\n(속여서 목을 집에\n내게 ......\n뒤집고 있을 뿐 무거웠다…
0x00142b2c	5	【코우지】\n(......여름 같다.\n그 무렵에 돌아가고 싶어......\n변호사를 목표로 하고 있었다,\n그 무렵에......)
0x00142c0e	3	【코우지】\n(……하지만,\n지금의 나는…
0x00142c6a	4	【노리코】\n어째서? \n어째서 이런 일에\n 되어 버리는 거야?
0x00142cb7	4	【코우지】\n… … 노리코, 나의 이야기를\n놓아줘. \n 말하고 싶은 것은 한마디뿐이다.
0x00142d12	2	【노리코】\n…………
0x00142d51	2	【코우지】\n나는 하지 않았어.
0x00142db8	2	【노리코】\n…………
0x00142e48	2	【노리코】\n… … 코우지, 변하지 않아.
0x00142eb3	4	【노리코】\n기억나?\n가세 교수에게 의심받았던\n그 사건……
0x00142f0e	6	【코우지】\n아, 기억해.\n끔찍한 이야기였지.\n대체로, 내가 가세 교수의 가발을\n망가뜨려서\n무슨 이득이 있다는 거야.
0x00142f8e	7	【노리코】\n상황 증거는 전부\n코우지가 범인이라고 나타내고\n있었어. \n에서도 코우지는 단언도 하지 않고,\n\n 단 한마디만.
0x0014300b	3	【코우지】\n그러고 보니 그랬구나. \n그때도 '나는 하지 않았다'였다.
0x00143086	3	【노리코】\n그 후 코우지하면,\n담백히 진범을 찾아와…
0x001430db	4	【코우지】\n살인범이라고 해도 사람이 아니라\n세미나에서 기르던 포치라는 개였지만\n말이야.
0x0014313d	4	【코우지】\n흠, 옛날 일이네……\n살인 사건과 가발 분실 사건은\n같은 수준이 아닐 것 같다!?
0x001431d6	3	【노리코】\n같아요. \n코우지의 진실과 그 어선은, 응.
0x00143224	2	【코우지】\n……그렇군.
0x0014325e	5	【코우지】\n고마워요, 노리코.\n드디어 자신의 페이스를 되돌릴 수\n있을\n것 같다.
0x001432bf	5	【코우지】\n아쉬웠구나, 이런 시끄러운 곳까지\n노래해줘......\n처음일까? \n이런 장소.
0x0014333a	5	【노리코】\n응, 그런 건 없어. \n작업 무늬, 몇 숲이나 붐비는 적이\n있는\n것.
0x0014339c	4	【코우지】\n작업 무늬?\n......라는 것은 노리코,\n변호사가 될 수 있을까?
0x00143409	4	【노리코】\n 그래, 어떻게든. \n표년, 사법 사전이 막 끝난\n히요코이지만…
0x0014346b	4	【코우지】\n그런가… \n 좋았어요! \n구원을 썼다!
0x001434e6	2	【노리코】\n…
0x0014352b	5	【코우지】\n당연하겠지! \n쿠~~~! \n이런 상황이 아니면,\n관배하고 싶은 곳인데!
0x001435a1	3	【코우지】\n뭐든지, 굉 덕분에 지금\n에라이 눈에 있어요…
0x001435fc	3	【코우지】\n흠…\n어떻게든 이런가…
0x00143693	5	【노리코】\n아, 저기. \n코우지? \n내가 할 수 있는 일이라면\n뭐든지 말해?
0x001436e9	4	【코우지】\n할 수 있는 일? \n그렇게 말해주는 것은\n 기쁘지만…
0x00143738	2	【코우지】\n… … 기다려?
0x00143773	4	【코우지】\n그렇다! \n노리코, 이 사건의 상당에 \n오마에를 지명시켜 주지 않을까! ?
0x001437fe	3	【노리코】\n에엣! ? \n 이봐, 잠깐 기다려.
0x00143852	5	【노리코】\n그렇게 하고 싶은 마음은\n굴뚝같지만,\n나 같은 신참 변호사로는 감당할 수\n없어!
0x001438d9	5	【노리코】\n이 사건,\n아마 코우지가 생각하고 있는\n것보다,\n크고 기쁜 것이라고 무겁다.
0x00143947	5	【노리코】\n살해당한 사람은 주택업계뿐만\n아니라,\n일본 경제에도 큰 영향을\n미치는 대기업의 사장이야?
0x001439dc	4	【노리코】\n목쪽의 뉴스는,\n어디의 채널도 톱으로\n보제하고 있었어.
0x00143a41	3	【노리코】\n매우가 아니지만, 코우지의 무죄를\n승리 삼키는 자신감은 없어…
0x00143a9c	2	【코우지】\n노리코.
0x00143af9	2	【노리코】\n은, 네! ?
0x00143b33	3	【코우지】\n우선은 오마에를 상당으로\n지명시켜 줘.
0x00143bc7	3	【코우지】\n보통, 접견때는\n반드시 입사인이 붙지만......
0x00143c1c	4	【코우지】\n담당의 변호사라면,\n입사인 없이 접견할 수 있을까? \n......상담이 있는 거야.
0x00143cdf	3	【노리코】\n......알았어. \n 조금 기다려?
0x00143e1c	3	【노리코】\n나 독 변호인의 독임수 제외하고,\n 끝내 왔어.
0x00143e8c	3	【코우지】\n이것으로 둘이서 이야기를 할 수\n있구나.
0x00143ef6	4	【노리코】\n하지만, 코우지......\n나에게 코우지의 변호가\n가능한지......
0x00143f4c	5	【코우지】\n 들어줘. \n어딘가에 나를 하메했다\n진범이 있는 전제로 이야기를\n진행시킨다.
0x00143fce	2	【노리코】\n어……
0x00144024	4	【코우지】\n나는 보시다시피\n유치장에 잡혀 있어\n신동을 취할 수 없다.
0x00144087	3	【코우지】\n그러니까 노리코가 조사한 결과를\n수일 가르쳐 주었으면 한다.
0x001440e2	5	【코우지】\n그 정보를 바탕으로 나도 역리해\n어드바이스하고 싶다. \n즉, 노리코의 조사를\n지원하고 싶다고 무겁다.
0x0014415f	2	【노리코】\n코우지가 서포트…
0x001441a0	5	【코우지】\n아. \n상당의 변호사라면 사건의 이야기도\n할 수\n있다.
0x0014420b	5	【코우지】\n이 사건은 내게 너무 불리한\n상황이야.\n재판이 시작되면\n유죄를 피할 수 없겠지.
0x001442a8	4	【코우지】\n그러니까, 처소전의 유치장에 있는\n동안에,\n아무래도 무고한 증명을 하고 싶다.
0x00144315	2	【코우지】\n부탁해, 힘을 빌려줘!
0x00144381	2	【노리코】\n코우지……
0x001443ba	4	【코우지】\n해가 없는 탐정이 변호사를\n지원한다니,\n지나간 이야기일지도 모르지만…
0x0014444a	4	【노리코】\n우응, 그런 건 없어. \n코우지의 역리력은,\n누구보다 알고 있어.
0x001444ab	2	【코우지】\n그럼......! ?
0x00144527	3	【노리코】\n 그래, 끌어당길 거야. \n2명이서 코우지의 분죄를 증명하자.
0x0014458a	3	【코우지】\n그런가! \n 좋아, 이것으로...
0x001445f2	4	【노리코】\n단, 조건이 있어. \n코우지가 서포트하는 것이 아니라,\n내가 서포트에 숲 한다.
0x00144655	4	【코우지】\n잠깐 기다려!\n내가 놓아도 조차 할 수 없어?\n노리코가 자장으로 움직인 다음…
0x001446ee	4	【노리코】\n안돼. \n이런 일은\n태장을 분명히 시켜야 한다.
0x0014474b	5	【노리코】\n역리하는 사람과 행동하는 사람. \n나의 어중간한 역리에 의존하는\n것보다,\n코우지의 역리 쪽이 확실해.
0x001447f8	5	【노리코】\n그래…\n매일 아침에 접견을 받기 때문에,\n그 때 그날 조사하는 내용\n지시해.
0x00144873	3	【노리코】\n 나는 코우지를 믿는다. \n특히 그 역리력은......
0x001448c3	2	【코우지】\n아, 인품이 아니야…
0x00144932	3	【노리코】\n아, 응. \n그렇지 않아!
0x00144979	3	【코우지】\n(아무리 솔직한 반응이구나…\n놀리면 재미있다 ......)
0x001449d2	4	【코우지】\n…………\n알았다. \n 그럼 가자.
0x00144a41	4	【노리코】\n그럼, 바로 날카롭게 합시다. \n내일 설문조사에 대해 지시해\n주시겠습니까?
0x00144a9d	2	【코우지】\n그렇겠지……
0x00144ad6	4	【코우지】\n지금 알고 있는 건,\n살해당한 사람이 시라카와 이치로라는\n것.
0x00144b2c	4	【코우지】\n라면, 우선은 시라카와 이치로의\n인물휘가\n알고 싶은 곳이구나.
0x00144b81	5	【코우지】\n진범에게는 시라카와를 죽일 동기가\n있었을 것이다.\n거기에서 단서가\n찾을 수 있을지도 모른다.
0x00144bee	4	【코우지】\n그러니까 우선은 시라카와가에 가서,\n가문에 피해자의 인물휘를\n두고 와서 괴롭다.
0x00144c5b	4	【코우지】\n피해자의 일장인\n시라카와 하우징에 가서,\n사원에게 물어보는 것도 개미다.
0x00144cd5	4	【코우지】\n사실, 나는 기억이 없기 때문에\n당일 나의 행동이 알고 싶다.\n즉, 알리바이다.
0x00144d42	4	【코우지】\n이것은 미즈타니 탐정사무소에 가서,\n소장의 미즈타니 아사츠유씨에게\n듣게 되면 알 수 있다고 생각한다…
0x00144ddb	3	【노리코】\n미즈타니 탐정사무소라면 알고 있어.\n유명합니다, 미즈타니 아사츠유 님.
0x00144e3b	2	【코우지】\n아, 나의 자승이야.
0x00144ea8	2	【노리코】\n에… ?
0x00144ee9	5	【코우지】\n(과연 아사츠유씨다.\n신인 변호사의 노리코에까지,\n이름과 실력이 알려져 치고\n있다고는)
0x00144f7f	4	【노리코】\n그럼, 미즈타니 탐정사무소에 가서\n직접 미즈타니씨에게 이야기를 두면\n좋겠지?
0x00144fe2	5	【코우지】\n나가 접견에 짊어지고 싶다고\n말하고 있었던 것도 전하고 있어줘.\n\n분명한 이야기를 두고 싶으니까.
0x0014505b	2	【노리코】\n알겠어.
0x00145093	5	【코우지】\n확실히 사무소의 정기 휴일은\n일요일이었지만…\n내일은 일요일이 아니기 때문에\n괜찮다.
0x0014511e	4	【코우지】\n그것과, 살해 현장이 된\n라이트 블루라는 바에 가서\n종업원에게 물어봐 줬으면 한다.
0x00145195	7	【코우지】\n다음에는 시간이 있으면 괜찮지만,\n이마바야시의 사건을 상당하는 미우라\n형사와\n요시모토 형사에 대해서도 조사해\n주었으면\n한다.
0x00145234	4	【코우지】\n잠시는 사귀어 가야지\n되지 않는 상대이니까. \n우선 적을 알고......라고.
0x001452a5	2	【노리코】\n바와 형사씨의 정보인가…
0x001452f2	5	【코우지】\n……라고는 말했지만,\n지금 말한 모든 것을\n하루에 조사하는 것은\n과연 불가능해.
0x0014535d	3	【코우지】\n그 밖에도 사건을 기쁘게 하고\n있을까?
0x001453cd	6	【노리코】\n그래…\n지금 누마사키 법률 사무소에 적\n두고 있지만,\n거기 선배의 도움으로\n큰 사건을 기쁘게 해…
0x00145469	3	【코우지】\n누마사키법률사무소… \n누마사키는, 그 누마사키 타타로의?
0x001454fb	2	【노리코】\n그래, 그 누마사키.
0x001455e5	2	【노리코】\n소장이 누마사키강의 아빠인 거야.
0x0014562b	4	【코우지】\n후응… … 뭐, 좋아. \n지금은 아이츠의 이야기를 하고 있는\n경우가 아니다.
0x00145683	4	【코우지】\n그럼, 조사하는 장소는\n1일에 2개소라는 것\n해 두자.
0x001456ea	3	【노리코】\n알았어. \n그럼, 바로, 그 2곳…
0x00145760	5	【노리코】\n오전에 조사해 주었으면 하는 장소,\n오후에 조사해 주었으면 하는 장소의\n음번으로,\n지시해 주는?
0x00145803	5	【코우지】\n내일은,\n검사와 재재 판단의 사정 청림이\n있다. \n 그러니까 내일까지 하기로 하자.
0x001458a0	6	【노리코】\n그럼, 명후일의 오전중까지\n소장에게도 사건 발생시의 상황을\n확인해 두자. \n소장, 시라카와 그룹의 고문\n변호사이고.
0x00145937	4	【코우지】\n엣, 시라카와 그룹…\n라는 것은,\n피해자와도 아는가?
0x001459a8	5	【노리코】\n 그래, 그렇게 싶다. \n당일의 현장에도 있던 것 같고,\n여러가지 이야기를 둘 수 있으면\n무거워.
0x00145a0c	3	【코우지】\n정말인가… \n요청!
0x00145a60	6	【노리코】\n알았다.\n그리고,\n나중에 내 명함을 넣어 둡시다.\n거기에 정기 휴일이라든지 쓰고 있기\n때문에.
0x00145ad3	4	【코우지】\n소개. \n...... 정말 고마워요,\n노리코.
0x00145b4f	3	【노리코】\n우응. \n 그럼, 또, 코우지.
0x00145c98	3	【? ? ? 】\n귀가~, 코우지강. \n 묶여 있었죠.
0x00145cea	2	【코우지】\n아, 메짜크차 묶여 있었다.
0x00145d30	4	【코우지】\n(이 사람인 굉장한 녀석은 나나시바\n키즈키.\n유치장의 동거인이다)
0x00145dd6	4	【나나시바】\n나와 달리,\n코우지강의 혐의는 중죄이니까-\n앞으로 힘들다고 무거워.
0x00145e43	4	【코우지】\n음, 나나시바의\n『외설물 부모포죄』보다는\n무겁다…
0x00145ece	4	【나나시바】\n명부를 위해서 말해 두지만,\n그것은 어디까지나 앞면의\n체포리경이니까.
0x00145f58	4	【코우지】\n정말로는, 옥의 조림씨가\n관계하고 있는 부패를 재료에\n소설을 쓴 것이 원인, 뭐지?
0x00145fdf	4	【나나시바】\n뭐, 그렇지.\n나는 이렇게 보여도\n진실을 추구하는 소설가거든.
0x00146037	3	【코우지】\n소설가는 가상의 이야기를\n쓰는 것이 일이 아니었던가?
0x001460b8	4	【나시바】\n어라? \n나,\n믿지 않을까! ?
0x00146106	6	【코우지】\n어쨌든 전부\n너의 입에서 둔 이야기이니까…\n어쩌면 정말\n외설물 친복죄로 잡힌\n뿐일지도 모르고.
0x001461b8	2	【나시바】\n히, 히도이…
0x001461f4	5	【코우지】\n아아. \n이런 날은\n천천히 목욕에 울려,\n다발을 삼키고 싶어.
0x00146288	4	【나시바】\n승기! \n오늘은 목욕의 날이 아니니까\n넣지 않아.
0x001462e4	4	【코우지】\n어라? \n 목욕는 이틀에 한 번 넣어야 \n 없었나?
0x0014634e	4	【나나시바】\n아니, 여기서는 목욕이 주 2회야.\n금요일과 금요일뿐.\n오늘은 수요일이니까 내일이네.
0x001463eb	3	【나시바】\n내일은 둘이서 천천히 들어가자,\n코우지강!
0x0014643a	3	【코우지】\n왠지 미묘한 뉘앙스를\n느끼지 마.
0x00146495	2	【나나시바】\n후후후…
0x001464cd	4	【코우지】\n(역시 이녀석,\n외설물 부모포죄로\n붙잡은 게 아닌가……?)
0x0014672d	4	【코우지】\n(오늘은 검사가 청구한 구류에 관한\n취조를 받기 위해\n검찰청에 와 있다)
0x001467af	2	【검사】\n응~……
0x00146806	2	【검사】\n너는 어떻습니까?
0x0014684a	2	【코우지】\n네……?
0x00146883	4	【검사】\n이 상황에서 비인하는 것은\n 좀처럼 할 수 있는 것이 아니라,\n와 무겁지만.
0x001468e8	4	【코우지】\n엣… … 라고,\n비참한 것은\n사건에 관임하고 있지 않기 때문에…
0x00146949	2	【검사】\n정말 좋은 거야?
0x00146984	2	【코우지】\n뭐?
0x001469d8	3	【검사】\n너는 당일 밤, 보고 있어\n기억이 없었다고 수첩하고 있다.
0x00146a58	4	【검사】\n이라면, 굉에 응한 싸움으로\n경행에 알았을지도 모른다. \n 스스로도 검언은 할 수 없잖아?
0x00146ace	2	【코우지】\n그, 그건…
0x00146b09	5	【검사】\n부인한다면,\n모두를 상기시켜\n아리바이를 증명하지 않으면. \n하지만......할 수 없어?
0x00146b71	2	【코우지】\n…………
0x00146baa	3	【검사】\n나를 잡아도 어쩔 수 없어. \n 말하고 싶은 것이 있다면.
0x00146c00	3	【코우지】\n… … 기억은 없지만,\n나와 피해자는 면식도 없고…
0x00146c6d	4	【검사】\n목격 증언이 있군요. \n다음에, 현장에 너의 지문이 붙은\n경기가 타고 있다.
0x00146ce8	6	【검사】\n나는 말이지, 깔끔한 성격의 인간이\n좋아.\n사람까지 죽여 놓고,\n최후까지 발버둥 치는 녀석은……\n스마트하지 않지.
0x00146d7a	4	【코우지】\n……말했지만, 나는 아직\n피의자입니다.\n살인범으로 확정된 것은 아닙니다.
0x00146dec	3	【검사】\n과연 네~\n그럼 증명해줘.
0x00146e32	5	【검사】\n… …다음, 너. \n전문에 대답하는 것만으로 좋으니까.\n\n여분의 코멘트를 들을 생각은 없다.
0x00146e9b	2	【코우지】\n……응.
0x00146ed4	3	【검사】\n이젠 괜찮아. \n두고 싶은 것은 놓고.
0x00146f1c	3	【코우지】\n(……결국,\n10일간의 구류가 결정된 건가……)
0x00147040	4	【판사】\n그럼 구류 심문을 시작하겠습니다.\n먼저 당신의 이름과 주소부터\n말씀해 주세요.
0x001470ae	4	【코우지】\n네……\n사이토 코우지,\n신마치구의 후지시로에 와 있습니다.
0x00147122	4	【판사】\n흠…\n당신은 사건에 대해\n비참한 것 같습니다.
0x00147176	3	【코우지】\n네……\n나는, 피해자와는 면식이 없어…
0x001471d5	3	【판사】\n 놓여진 것만,\n 대답하도록 해 주세요.
0x00147222	4	【판사】\n지금의 전문은,\n당신이 이 사건에 대해\n아픔하고 있는지 어떤지입니다.
0x0014727d	3	【코우지】\n아, 네…\n비참합니다.
0x001472c3	3	【판사】\n경기에 당신의 지문이\n붙어 있던 것 같습니다만, 이것은…
0x00147325	6	【코우지】\n나는 기억이 없다. \n 어쩌면, \n진범이 나에게 죄를 짓게 하기\n위해 \n붙인 것이라고 무겁다.
0x0014738f	3	【판사】\n에서는, 이 지문은 언제, 누구에게\n붙여졌습니까?
0x001473e9	2	【코우지】\n그건......모르겠어요.
0x00147429	4	【판사】\n권총은 일본 옥내에서는\n송통하고 있지 않습니다. \n 그건 알아?
0x0014748c	2	【코우지】\n네……
0x001474c3	4	【판사】\n그리고 이것은 사람을 죽이는\n도구입니다.\n그것도 알고 있지요?
0x00147518	2	【코우지】\n네……
0x0014754f	4	【판사】\n이런 비상식인데,\n지문을 붙인 것이 언제일지\n모르는 것입니까?
0x001475b4	5	【코우지】\n그, 그건…\n어쩌면,\n내가 뭉클했을 때\n없을까 무겁습니다…
0x00147618	5	【판사】\n후무, 과연. \n당신 엉망이었기 때문에,\n지문을 붙인 것에\n조차 몰랐다는 건가요?
0x0014768e	2	【코우지】\n그, 그렇습니다…
0x001476ca	2	【판사】\n…………
0x00147703	4	【판사】\n아무래도 아직 사건에 대해서 조사를\n하는\n필요한 것 같습니다.
0x00147756	3	【코우지】\n(……이걸로\n10일간의 구류가 결정된 건가……)
0x001478cf	4	【나나시바】\n오늘은 코우지강 대망의 목욕의\n날이야! \n원래 들어오지 마!
0x00147932	4	【코우지】\n(무엇을 그렇게 깎고 있는 것인가,\n그 이유을 아는 것이\n조금 끓지만......)
0x00147999	4	【코우지】\n(확실히 아이츠가 말하는 대로\n히사비사의 목욕이다.\n깨끗이 시켜 줄까…
0x00147a06	2	【나나시바】\n하라 쿠이오요, 코우지강!
0x00147a48	2	【코우지】\n예 네.
0x00147aba	5	【코우지】\n 뚱뚱한 제거에 취조를 안\n했기\n때문에,\n체중이 지땀으로 베트베트…
0x00147b1e	3	【코우지】\n뭐야, 이 물은!?\n엄청 뜨겁잖아!!
0x00147b76	2	【나시바】\n오늘은 나들이 마지막이니까.
0x00147bd3	5	【나나시바】\n여기의 유치장에는 항상 15명 정도\n유치되어 있고,\n모두 3,4일 만의 참수이니까,\n이렇게 버리는 것은 어쩔 수 없어.
0x00147c58	3	【코우지】\n조금 살짝 더러워질 정도\n따위 일은 없지만, 이건…
0x00147cb0	3	【나나시바】\n괜찮아, 이빨은 없으니까. \n 쫓겨, 쫓겨!
0x00147d0c	3	【코우지】\n확실히 이빨은 없지만…\n이런.
0x00148142	3	【경찰단】\n실례합니다! \n미우라 형사! !
0x00148198	2	【미우라】\n……뭐지?
0x0014825f	2	【미우라】\n뭐라고…
0x0014829a	3	【경찰단】\n이상입니다. \n실례 했습니다!
0x001482f4	2	【미우라】\n…………
0x0014832d	3	【코우지】\n… … 뭐야? \n무슨 일이 있었나요?
0x00148398	3	【미우라】\n… … 조금 기다려라. \n확인해 온다.
0x001483f0	2	【미우라】\n요시모토 형사.
0x0014844f	2	【요시모토】\n네.
0x00148498	3	【코우지】\n…… 기다리라고 하면\n기다릴 수밖에 없지만.
0x001484e3	2	【코우지】\n 도대체, 무슨 일이 있었구나…
0x00148543	2	【코우지】\n…………
0x0014857c	3	【코우지】\n결막, 기다리라고 하고 나서\n3시간 지났지만…
0x001485cf	3	【코우지】\n요시모토 형사도 무슨 일이 있었는지\n모르겠지?
0x00148643	4	【요시모토】\n나도, 당신과 함께\n계속 여기에서\n대기하고 있어요.
0x001486a1	2	【코우지】\n아니, 아니, 그렇지만…
0x0014870a	3	【요시모토】\n라고는 해도, 무엇이 있었는지,\n신경이 쓰이네요…
0x00148786	2	【미우라】\n…………
0x001487bf	3	【코우지】\n오, 드디어 돌아왔나. \n무슨 일이 있었어?
0x00148856	4	【미우라】\n……누마사키가 자수해 왔다.\n시라카와 이치로를 죽인 건\n자신이라고 말했어.
0x001488ba	2	【코우지】\n……은?
0x00148918	4	【미우라】\n권총에 네 지문을 묻힌 것부터\n살해 방법까지, 모든 것을 자백하고\n있다.
0x00148994	4	【미우라】\n그 자백에도 모순점이 없기 때문에,\n지금, 체포장을 취하는 수제를 하고\n있다.
0x00148a08	3	【코우지】\n이봐, 잠깐만요!\n범인은 아사츠유 씨라고 말하자!!
0x00148a60	4	【코우지】\n누마사키 변호사에게는 알리바이가\n있다!\n그는 진범이 아니다!
0x00148ac4	4	【미우라】\n너에게는 휴태를 고용해\n확방면에 전화하고 있었다고\n말한 것 같다.
0x00148b33	3	【미우라】\n거짓말을 하고 죄송하지 않으면\n전언을 안고 있다.
0x00148b80	3	【코우지】\n거짓말… \n 바보!
0x00148bd1	4	【미우라】\n누마사키쪽으로부터\n휴대전화를 증거품으로서\n제출해 왔다.
0x00148c49	5	【미우라】\n발신 기록을 조사했지만,\n확실히 부진한 발신 기록은\n존재하지 않았다. \n전화회사에도 확인 참망이다.
0x00148cc4	4	【코우지】\n그 휴대폰이 아니야! ! \n누마사키 변호사는 복수보 휴대폰을\n소유하고 있다! !
0x00148d2b	3	【코우지】\n 어쩌면 누마사키 변호사 명의라면\n 없을지도 모른다! !
0x00148da5	2	【미우라】\n그것은 우리의 일이 아니다.
0x00148df5	5	【미우라】\n그가 했다고 자백한 이상,\n그의 알리바이를 증명할 만한 조사를\n우리가 할 필연성은 없다.
0x00148e68	2	【코우지】\n쿠… !
0x00148ec9	5	【미우라】\n어쨌든. \n누마사키가 체포됨으로써\n수제가 끝나 실무,\n너는 석방되게 된다.
0x00148f46	3	【코우지】\n 조금 기다려! \n진실이 그런 것일 수 없다!
0x00148fbc	6	【미우라】\n알고 있다! ! \n 하지만, 본인이 그렇게 자백하고\n있는\n이상, \n나에게는 아무것도 할 수 없어! !
0x00149023	2	【코우지】\n…………
0x00149082	3	【미우라】\n나오는 가구를 해라,\n사이토…
0x0014923e	5	\n　\n(결막, 내가 석방된 것은,\n실의 날, 검찰청에 데려가서,\n검사 청모가 끝난 뒤였다)
0x001492c4	7	\n\n(그리고, 다시 유치장으로 돌아와,\n정물의 정리를 한 뒤,\n유치계의 경단에 인사를 하고,\n저는 은 20일 만에 밖의 세계에\n나왔다)
0x00149555	3	【코우지】\n응……? \n저기 있는 건......?
0x001495c2	2	【노리코】\n아, 코우지…
0x001495ff	3	【코우지】\n 도대체 어떻게 됐어! ? \n누마사키 변호사가......! !
0x00149661	3	【노리코】\n…………\n나도 모르겠어…
0x001496b6	4	【노리코】\n단지 나는, 그 날,\n사건에 대해서 소장에게 보고한\n것만으로…
0x0014971c	5	【노리코】\n소장은 보고서를 받자 크게 고개를\n끄덕이고\n‘나머지는 부탁한다’고\n한마디만 했어……
0x00149797	4	【노리코】\n그리고는 부탁한다…\n나는 코우지가 석방 된 후에\n말하는 걸까 무거웠는데…
0x0014980f	4	【코우지】\n… … 누마사키 변호사와 이야기하고\n싶다. \n접견을 드릴까요?
0x0014987d	3	【노리코】\n신청하고 있어. \n하지만 지금은 무리야......
0x001498d3	3	【코우지】\n… \n왜 그렇게 될 거야!
0x00149944	3	【노리코】\n이봐, 코우지. \n지금부터 어떻게 할까요?
0x0014998d	5	【코우지】\n 정해져 있겠지! ! \n우선은 아사츠유 씨와 만나 이야기를\n하지\n않으면! !
0x001499f1	2	【노리코】\n......나도 함께 갈게.
0x00149a3b	2	【코우지】\n여기에서 무엇이 있는지 모르겠어요?
0x00149aa5	3	【노리코】\n이렇게 깊게 사건에 관련시켜 두고,\n다음은 맡겨라면 납득할 수 없어.
0x00149b02	3	【코우지】\n알았다! \n 가자, 노리코! !
0x00149c1b	2	【노리코】\n역시, 없네…
0x00149c5a	3	【코우지】\n사무소의 차도 없었고…\n아사츠유씨, 어디로 가버렸어… ?
0x00149ce1	2	【노리코】\n정신은 없어?
0x00149d1e	7	【코우지】\n… … 전혀 없는 것은 아니다. \n아사츠유씨, 누군가를 계속 찾고\n있었어.\n\n어쩌면 그 녀석을 찾을 수 있었을\n것이다.
0x00149da0	3	【코우지】\n아사츠유씨가 찾고 있던 인물……\n그것은 아마…
0x00149f08	2	【코우지】\n(다른, 그 녀석이 아니야!!)
0x00149f52	4	【코우지】\n(여기는 차분히 생각해……\n아사츠유 씨가 시라카와 이치로를\n살해한 동기로 이어지는 것이다……)
0x00149fbb	6	【코우지】\n(아사츠유씨의 사랑하는 사람이\n죽었을\n때,\n거기에 누가 있었는지……\n1명은 시라카와 이치로…
0x0014a065	3	【노리코】\n……라는 것은,\n미즈타니씨는 교장소자의 아래로…
0x0014a0bc	2	【코우지】\n 아, 아마.
0x0014a11e	4	【노리코】\n에서도, 그 교장 소자가 어디에\n있는가\n우리에게는 모르는…
0x0014a1cf	3	【노리코】\n아, 잠깐 기다려......\n휴대폰이......
0x0014a21f	2	【노리코】\n…
0x0014a268	3	【노리코】\n본 적이 없는 전화번호……\n누군가…
0x0014a2eb	2	【노리코】\n만약, 신성이지만…
0x0014a32f	3	【노리코】\n… … 아, 네! \n 돌봐!
0x0014a379	3	【노리코】\n… … 네! ? \n찾았어요! ?
0x0014a3c4	3	【노리코】\n알았습니다. \n 고마워요!
0x0014a43a	5	【노리코】\n코우지! \n지금부터 함께\n도카미 다이부쿠이이 병원에 가지\n마라?
0x0014a499	2	【코우지】\n병원에…
0x0014a51b	7	【노리코】\n그래. \n사건의 정보를 가르쳐 준\n간호자씨로부터\n교장소자의 사진을 손에 넣었다고\n연락이\n있었어!
0x0014a596	2	【코우지】\n뭐라고! ?
0x0014a5f6	3	【노리코】\n어쩌면, 교장 소자의 거처의\n단서가 입수할지도 모르고…
0x0014a657	5	【코우지】\n......좋아! \n 가자, 히가시카미 다이부쿠이이\n병원에!\n!
0x0014a725	4	【코우지】\n(어쩐지 생기지 마…\n후쿠로가 죽은 병원에,\n이런 경으로 다시 온다니…
0x0014a7b6	3	【노리코】\n기다려, 코우지. \n여기 간호자의 히구치 씨.
0x0014a82d	2	【히구치】\n히구치입니다.
0x0014a866	3	【코우지】\n아, 저기… \n히구치씨는, 그…
0x0014a8c2	4	【히구치】\n그래, 기억하셨나요? \n당신의 어머니의 이식 수술 때,\n여러 번 만났어요.
0x0014a92e	2	【코우지】\n…………
0x0014a98d	4	【히구치】\n미안해…\n사과하고 게으르다.\n없을지도 모르지만 ......
0x0014aa09	5	【히구치】\n에서도, 믿고 싶다. \n확실히 그 이식 수술은 법에 근거한\n것이잖아\n 없었을지도 모르지만…
0x0014aa84	3	【히구치】\n심장 이식은\n당신의 엄마의 의지이기도 했어.
0x0014aad6	2	【코우지】\n오후쿠로의 의지…
0x0014ab75	6	【히구치】\n그래…\n시라카와씨가 이 병원에 교장\n선생님을\n전이시키고,\n통원하게 되었을 무렵…
0x0014abf2	5	【히구치】\n 사이토 씨, 꽤 강한 어조로\n시라카와\n씨를 물었다. \n죽은 단나씨로......
0x0014ac6b	5	【코우지】\n……그렇구나.\n역시 어머니는 알고 있었어……\n아버지가 시라카와의 손에\n살해당했을지도 모른다는 것……
0x0014ace6	5	【히구치】\n사이토씨는 자신의 몸에 왓카쿠가\n다가오고\n있다고\n느끼고 있던 것 같다.
0x0014ad69	3	【히구치】\n거기서 아야는 교장 선생님에게\n부탁했어.
0x0014adc4	4	【히구치】\n만약, 아야의 몸에 뭔가 있으면,\n자신이 상당하고 있는 요시모토씨에게\n심장을 치켜 주었으면 한다.
0x0014ae38	4	【코우지】\n에서도, 교장소자는 시라카와의\n상회로\n이 병원에 왔어요?
0x0014ae9c	4	【코우지】\n그렇게 생각하면, 이 병원에서\n가장 신용할 수 없는 인물이었던\n건가요?
0x0014af22	2	【히구치】\n 확실히 치고 있었다고 무겁습니다.
0x0014af8c	6	【히구치】\n입니다만 한편으로, 교장 선생님은\n감전에\n학자 피부인 사람으로,\n권위나 부에는 전혀 황미가 없는\n사람이었습니다.
0x0014b01e	8	【히구치】\n그리고 우리에게도 잘 이야기를\n주었습니다. \n심장 이식 수술을 한 인간의 기억이\n쓰승되는 송령의 이야기. \n그것이 지금, 제일 황미를 망하고\n있는\n것도…
0x0014b0d1	3	【히구치】\n그 이야기를 들은 사이토 씨는\n한 번의 도박에 나선 거겠죠.
0x0014b151	7	【히구치】\n자신이 원하는 인물에 자신의 심장을\n이식했을 경우,\n제공자의 의식이 얼마나 영향을\n쓰는지\n알고 싶지 않을까,\n교장 선생님에게 망설이고…
0x0014b201	4	【히구치】\n그리고 실제로,\n사이토씨는 병원의 격단으로부터\n살아…
0x0014b257	4	【코우지】\n......알았습니다. \n 교장 요소의 사진을 보여줄 수\n있습니까?
0x0014b2d6	2	【히구치】\n… … 이쪽입니다.
0x0014b37c	3	【코우지】\n………! ? \n이 사람은......! ?
0x0014b3c8	2	【노리코】\n… … 코우지, 아는 사람?
0x0014b40c	3	【코우지】\n마, 설마……\n있을 수 없다…
0x0014b454	2	【코우지】\n이 사진, 최근의 것이군요! ?
0x0014b49c	7	【히구치】\n네, 며칠 전, 교장 선생님이\n투쟁에 이\n병원에 나타났습니다만,\n그때 찍은 사진입니다. \n이전과 상당히 분민기가 바뀌어\n버려서…
0x0014b532	2	【히구치】\n오늘이 되어 현휘가 오른 것으로…
0x0014b57b	2	【코우지】\n…………
0x0014b5e5	2	【코우지】\n아야가 있는 곳, 알겠습니까?
0x0014b636	4	【히구치】\n그래, 묻고 있습니다. \n매우 외의 별장지에 있는 것이\n많다든가…
0x0014b6a3	3	【코우지】\n노리코, 두어주세요! !\n나는 곧 렌터카를 준비해 온다! !
0x0014b702	2	【노리코】\n알았어! !
0x0014b73c	5	【코우지】\n(마치 거미줄처럼\n얽히고설켜 있던,\n이 사건의 인간관계……)
0x0014b7b2	3	【코우지】\n(마지막 1개의 아가씨가……\n이런 곳에서 연결된다니!)
0x0014b873	5	【노리코】\n히구치 씨로부터 들은 이야기라면,\n교장소자는 병원에서 목을 집고 나서\n잠시\n현외에 있었다고 해.
0x0014b8e0	4	【노리코】\n에서도, 일본에도 거점을 두고\n있어,\n그것이 뚝 밖의 별장지인 것 같다.
0x0014b953	4	【노리코】\n단지, 이 어떠한 호텔에 방을\n빌려,\n거기에 있는 일도 많은 것 같지만…
0x0014b9b3	6	【코우지】\n… … 아니, 교장은 그 별장지에\n있다.\n\n그리고 아사츠유씨도......거기에\n있으면 무겁다.
0x0014ba20	5	【코우지】\n교장은 놀고 있어…\n아사츠유 씨뿐만 아니라,\n나도 거기에 미리 내고 있는 것을\n생각하면.
0x0014ba8e	3	【노리코】\n코우지를 미리 내고 있다… \n무슨 일이야?
0x0014badb	3	【코우지】\n계산했어.\n내가 동상대부이이병원에 가는 것을.
0x0014bb34	4	【코우지】\n그러니까, 거기에 자신의 거처의\n단서를\n승해 두었구나! !
0x0014bb8d	2	【노리코】\n그렇구나… ?
0x0014bbca	2	【코우지】\n십중팔구, 틀림없다.
0x0014bc14	3	【노리코】\n코우지, 교장소자와 알고 있었던\n거야?
0x0014bc60	3	【코우지】\n아니, 교장은 모른다. \n교장은,…
0x0014bcae	3	【노리코】\n뭐가 뭔지 모르겠지만,\n아야의 별장에 도착하면 알겠지요?
0x0014bd0f	3	【코우지】\n아. \n모두를 밝혀주고 싶어......
0x0014bd57	3	【코우지】\n에서도……\n무엇을 생각하고 있어, 녀석은…
0x0014c1d3	3	【적】\n후후후…\n드디어 여기까지 왔구나…
0x0014c21c	2	【아사츠유】\n…………
0x0014c27e	4	【적】\n오야오야......\n생명의 선인에게 총을 돌리는\n것인가?
0x0014c2d0	2	【아사츠유】\n…………
0x0014c309	4	【아사츠유】\n당신은 아타시의 심장 이식 수술의\n집당소…\n확실히 생명의 선인일지도 모른다…
0x0014c377	3	【아사츠유】\n이지만, 동시에 당신은 아타시의\n원…
0x0014c3c6	3	【적】\n후후…\n지금 한번 그런 말을 해도…
0x0014c418	4	【아사츠유】\n지금 더… \n 흐리게 하는 것도 좋은 순감으로\n해.
0x0014c46c	4	【아사츠유】\n유미를 시라카와로 생각하게 한\n것도,\n당신의 작업이지요?
0x0014c4c2	4	【아사츠유】\n유미가 시라카와를 아버지라고 인식한\n것을\n단에서 보고 즐기고 있었지요?
0x0014c528	4	【적】\n오야오야......\n거기까지 깨닫고 있다고는,\n과연…
0x0014c578	3	【적】\n심장 이식 수술을 건 사람은,\n제공자의 기억을 쓰러뜨린다…
0x0014c5ec	5	【적】\n다만, 그것은 100퍼센트가\n아니다.\n오히려 확률은 나쁘다… … 눈썹\n물건이다.
0x0014c657	2	【아사츠유】\n…………
0x0014c690	7	【적】\n너도 그렇다. \n 스스로 원하는 마음에 심장을\n쓰러뜨린\n아야의 의식은,\n지금까지 현재화하고 있는 것은\n아니다.
0x0014c70f	5	【적】\n이지만, 시라카와 이치로는 적지\n않게\n어의 기억을 쓰러뜨린 기색을 보이고\n있었다.
0x0014c77c	4	【적】\n그때는 황심했어.\n드디어 기다려온 크랑케가 나타난\n것이니까.
0x0014c7d6	2	【아사츠유】\n…………
0x0014c80f	4	【적】\n하지만 그것만으로는 만족할 수\n없었다.\n오히려 그 앞이 알고 싶어졌다.
0x0014c869	5	【적】\n심장의 제공자의 기억이 이식 수술을\n가한\n사람에게\n영향을 쓰러뜨리는 것을 알았다.
0x0014c8f0	4	【적】\n하지만, 그것만으로는 결막,\n당인의 세계만으로 영향은 격려해\n버린다…
0x0014c954	7	【적】\n 하지만, 무삼자에게 영향을 쓰면\n어떨까? \n심장만 살아 있는 인물이,\n주위에 그 존재를 인식시킬 수\n있었을\n때…
0x0014c9e5	5	【적】\n그것은 그 사람의 삶이 제외하고\n있는\n것이 되는 거야! \n소실한 것 같아? ?
0x0014ca46	4	【아사츠유】\n그 때문에 유미를 고용하지 않을\n것입니다! \n아타시에서도 좋았지! !
0x0014ca9f	5	【적】\n… \n너는 안돼. \n우산 투성이로 더러운 손을 짖는\n어른이지.
0x0014cb0b	5	【적】\n아이의 순수한 마음이라면, 솔직하게\n반응해 준다. \n그리고 너의 딸은 깨끗한 대답을 해\n주었어.
0x0014cb83	4	【적】\n 만난 적도 없는 시라카와 이치로에\n대해\n아버지라고 인식한 것이니까.
0x0014cbe6	4	【아사츠유】\n너, 최악이야…\n아무것도 모르는 순진한 아이까지,\n자신의 실험제구로서 고용한다니…
0x0014cc58	4	【적】\n최악의 결막.\n하지만, 그런 최악의 행위야말로,\n인간의 진화를 촉구해 왔다.
0x0014ccc9	5	【적】\n 이해할 수 없다고는 슬프다. \n너는 좀 더 기분 좋은 사람이라고\n생각했지만,\n소정은 사람의 마음이야?
0x0014cd3f	3	【아사츠유】\n그래…\n사람의 마음으로 뭐가 나쁜거야…
0x0014cd8b	4	【아사츠유】\n아이를 지키는 것은 마음의 일…\n그야말로 태신으로부터 생물에 걸린\n설리입니다! !
0x0014cdf7	6	【적】\n사람은 그 설리에서 벗어나야 한다고\n생각하지 않나? \n힘의 고배로부터 이제 도망쳐야\n한다고는\n 생각하지 않는 것인가?
0x0014ce73	5	【아사츠유】\n……이제 뭐라고 해도 소용없어.\n당신을 죽임으로써 아타시의 복수는\n끝난다.\n그리고 아타시는 자수할 거야.
0x0014ceef	3	【적】\n… … 과연. \n그래서 아야를 석방시킨다는 것인가.
0x0014cf45	2	【아사츠유】\n…………
0x0014cf7e	3	【적】\n이지만, 이미 늦어요. \n도 아야, 이제 여기에 왔으니까.
0x0014cfd3	2	【아사츠유】\n엣……! ?
0x0014d037	2	【코우지】\n아사츠유씨! !
0x0014d072	2	【아사츠유】\n코우짱! ?
0x0014d0ac	2	【적】\n안녕, 요시모토씨.
0x0014d144	2	【아사츠유】\n으으으으으으윽!!
0x0014d182	3	【노리코】\n꺄아아아아아아아아아아아아아아아아!\n!
0x0014d1ca	2	【코우지】\n아, 아사츠유씨! !
0x0014d20a	3	【적】\n잔기!\n한 늦었어, 코우지 강!
0x0014d259	4	【코우지】\n뭐, 하지 않으면\n아아아아아아아아아아아!\n!
0x0014d310	3	【코우지】\n키사마!\n나를 구슬 했는지! ?
0x0014d367	3	【나나시바】\n구슬하고 뭔가 없어. \n이라도, 놓여진 것이 아니고.
0x0014d3be	5	【코우지】\n유치장에 들어가 있던 것은\n모리재 때문이라든지 건당한 것\n말하고\n있었잖아! !
0x0014d444	4	【나시바】\n아, 확실히.\n하지만 거짓말이 아니야.\n그것도 목적의 하나였기 때문이다.
0x0014d4c7	7	【나나시바】\n뭐, 무엇보다, 요시모토씨의\n추적으로부터\n도망치기 위한 시간 가려움을 하고\n싶었던\n것이\n제일의 이경이지만.
0x0014d56e	6	【나나시바】\n곧바로 그녀를 죽여 버리면\n재미없어.\n나를 계속 쫓게 해서 그녀의\n스위치가 켜지는지\n확인하고 싶었던 거야.
0x0014d5df	2	【코우지】\n스위치…
0x0014d640	5	【나나시바】\n그런 것보다, 요시모토씨, 비유할\n것\n같지만,\n방해 두어도 좋을까?
0x0014d69a	2	【코우지】\n아, 아사츠유씨… ?
0x0014d6dc	2	【노리코】\n 하고, 경투차를 예방해!
0x0014d74f	2	【미우라】\n그 필요는 없다! !
0x0014d7d4	4	【미우라】\n총성이 놓인 시점에서,\n요시모토강에는 경투차를 양양해\n두었다.
0x0014d840	2	【코우지】\n미, 미우라! !
0x0014d89b	3	【나나시바】\n그럼, 나는 슬슬 마을을 집에\n있어.
0x0014d8e3	2	【코우지】\n마, 기다려, 나나시바! !
0x0014d924	4	【미우라】\n무다다, 교장! ! \n이미 응원을 양산하고 있다! \n 도망치면 무거워! !
0x0014d9a2	3	【나나시바】\n후후, 어떨까. \n이 뭐의 끝은 미언처럼 갇혀 있어.
0x0014da08	2	【미우라】\n뭐야! ?
0x0014da40	3	【나나시바】\n그럼, 코우지강. \n또 어딘가에서 생각하자! !
0x0014dab8	2	【미우라】\n마, 기다려, 교장! !
0x0014db2a	3	【코우지】\n쿠쏘! \n 놓칠 거 야! !
0x0014db7c	4	【미우라】\n여기는 경찰에 맡기는 거야! \n당신은 미즈타니 아사츠유에 대해!\n!
0x0014dbd4	2	【코우지】\n와, 알았다…
0x0014dc41	2	【미우라】\n기다려, 교장! !
0x0014dc9f	2	【미우라】\n쿠… !
0x0014dd33	2	【미우라】\n 놓칠까! !
0x0014ddeb	2	【코우지】\n부탁해, 미우라! !
0x0014de8b	2	【코우지】\n아, 아사츠유씨…
0x0014def4	4	【아사츠유】\n코, 코우짱…\n미안해, 유치장 따위에 넣기도\n하고…
0x0014df4d	3	【코우지】\n지금, 그런 것은 어째서도 좋다!\n!
0x0014df93	4	【아사츠유】\n으응, 두고, 코우짱…\n나, 코우짱에게 말하지 마라.\n되지 않을 수 있는 거야…
0x0014e019	6	【아사츠유】\n나에게는 용서할 수 없는 인간이\n2명\n있었다…\n1명은 시라카와 이치로…\n그리고 또 1명이 교장 직정…
0x0014e08c	2	【코우지】\n알고 있어.
0x0014e0c5	5	【코우지】\n교수는 시라카와 이치로와 결탁해\n신지 씨를 죽게 내버려 두고,\n심장 이식을 강행했어……\n그 원한을 풀기 위해서였지?
0x0014e14c	5	【아사츠유】\n물론, 그것도 있었다…\n하지만, 아타시는 지금까지 적을\n몰랐다…\n그래, 할 수 없었다.
0x0014e1bf	4	【아사츠유】\n내게는 유미가 있었으니까……\n유미를 지키기 위해서라도\n내가 살인범이 될 수는 없었어……
0x0014e22c	6	【아사츠유】\n하지만 유미는 시라카와 이치로에\n여름에\n버렸다…\n신지씨의 모습을, 유미는 느끼고\n있었어…
0x0014e2a4	5	【아사츠유】\n하지만 유미가 그리워한 사람은\n결코 신지 씨가 아니었어.\n그 이상한 빛을 나는 견딜 수\n없었어……
0x0014e328	3	【아사츠유】\n그러니까 아타시는 이치로를 죽이려고\n생각했어……
0x0014e372	2	【코우지】\n…………
0x0014e3ca	3	【아사츠유】\n하지만 그때…\n아타시는 확실히 신지씨를 느꼈어…
0x0014e826	2	【이치로】\n하아……, 하아……, 하아…
0x0014e86d	3	【이치로】\n네, 좋은 순감으로 해라…\n내가 뭘 했는지 말해! !
0x0014e8c2	2	【아사츠유】\n…………
0x0014e8fb	3	【이치로】\n너에게 살해당하는 것 따위는,\n아, 아무것도……
0x0014e945	2	【이치로】\n… ?
0x0014e99e	3	【이치로】\n하……하하하…………\n우…
0x0014e9f4	2	【아사츠유】\n………
0x0014ea2b	4	【이치로】\n뭐, 뭐가 바라는 거야… ? \n금인가… ? \n그럼, 아니면 유미의 일인가… ?
0x0014ea9b	3	【이치로】\n너의 바람대로 한다! \n 그러니까... 생명만 도와줘!
0x0014eb2a	2	【이치로】\n우와아아아아아아아아! !
0x0014eb91	2	【이치로】\n하아……, 하아……, 하아…
0x0014ec0b	2	【이치로】\n나, 그만해… ?
0x0014ec6d	2	【이치로】\n으으으으윽!!
0x0014ecad	2	【아사츠유】\n………! ?
0x0014ed0c	2	【이치로】\n우우흠… ?
0x0014ed69	3	【이치로】\n구아아아아아아아아아아아아아! ! \n 우오오오오오오오오오오오! !
0x0014ee48	2	【아사츠유】\n이건…
0x0014ee9f	2	【이치로】\n, 젠장 오오오오오오오오오! !
0x0014ef93	3	【신지】\n……너를 살인범 따위로 만들지는\n않겠어……
0x0014efdf	2	【아사츠유】\n신지……씨…
0x0014f046	3	【이치로】\n키, 키사마아아아아아……\n이럴 때에 으으으으으……!!
0x0014f0bd	3	【이치로】\n……가 핫! ? \n 구하아아아아아아아아! !
0x0014f108	4	【아사츠유】\n더 이상......\n더\n이상......그만.........
0x0014f175	6	【이치로】\n으으… !\n안녕하세요, 그만 봐요.\n나는 아직 이를 치지\n않는다구나...!\n!
0x0014f217	2	【이치로】\n…………
0x0014f26f	4	【이치로】\n어, 너로부터도 말해줘! ! \n코이츠는......스스로, 자신의\n생명을......!
0x0014f2d2	3	【아사츠유】\n……그런, 그만해……\n그만해… !
0x0014f39d	5	【신지】\n… …그때, 말할 수 없었던 언선이\n있다. \n하지만, 최초에 말할 수 있어서\n좋았다…
0x0014f3ff	2	【신지】\n......사랑하고 있는, 카사카.
0x0014f441	2	【사와】\n……! ?
0x0014f47a	4	【사와】\n신지씨! ! \n아타시도......어타시도 계속,\n너만 사랑해......
0x0014f4d8	3	【사와】\n그러니까…\n신지씨! !
0x0014f52c	2	【신지】\n…………
0x0014f565	2	【신지】\n 안녕, 사와…
0x0014f5dc	2	【사와】\n…………! ?
0x0014f6af	5	【이치로】\n그아아아아아~~~~~\n~~~~~~~~~~~~~\n~~~~~~~~~~~~~\n~~~~~~~~아아!!!
0x0014fbb8	5	【코우지】\n그, 그러면……\n시라카와 이치로는 살해당한 게\n아니라,\n자살……이라는 건가?
0x0014fc2b	5	【코우지】\n그것에 발포한 것도,\n시라카와의 상민변화에 가시했을\n터......라고\n일까! !
0x0014fcbc	3	【아사츠유】\n응, 아니야.\n그를 죽인 건 역시 나야.
0x0014fd2e	5	【아사츠유】\n아타시가 시라카와 이치로를 죽이려고\n하지 않았다면,\n신지 씨도 스스로 목숨을 끊으려고는\n생각하지 않았을 거야……
0x0014fd97	2	【아사츠유】\n아타시는 훌륭한 살인자야……
0x0014fddc	4	【코우지】\n후, 장난치구나, 아사츠유씨! ! \n그런, 스스로 마음대로 결정하지\n마! !
0x0014fe3e	3	【코우지】\n살인자인지 살인자가 아닌지 따위,\n이 법정에서 재판으로 정해져!!
0x0014febc	3	【아사츠유】\n… … 그럴지도 모른다. \n하지만 결과는 보이고 있습니다...
0x0014ff0f	3	【아사츠유】\n심장에 기억이 쓰러지는 것조차,\n치유되는 동설인데…
0x0014ff76	4	【아사츠유】\n아무도, 심장에 의식이 쓰러진다는\n믿지\n않는다…
0x0014ffd7	3	【코우지】\n그런 몬, 해 보지 않으면\n모르겠지! !
0x00150021	4	【코우지】\n싸워라, 아사츠유씨! ! \n적기적인 아사츠유씨는,\n그런데, 아사츠유씨가 아니야! !
0x00150089	3	【코우지】\n싸워라! ! \n유미를 위해 싸워라! !
0x001500d4	4	【코우지】\n아니, 유미쨩만이 아니다! ! \n신지씨가 살아 있던 증거도\n증명해라! !
0x00150134	4	【코우지】\n그 때, 그 장소에서,\n아사츠유씨를 위해서 죽은\n신지씨의 존재도 증명해라! !
0x0015019d	3	【코우지】\n1명만 참가자가 되려고 하지마! \n그건 그냥 도망! !
0x001501f6	5	【코우지】\n비유해도, 짜증나도,\n사랑하는 인간을 위해서 싸우는\n거야,\n아사츠유씨! !
0x00150255	2	【노리코】\n…………
0x001502ad	3	【아사츠유】\n후후......코우짱......\n정말 강해졌네......
0x001502ff	4	【아사츠유】\n너의 건강한 애를 보고 안심했다…\n그러니까 낫다…\n최우에 사견을 보여…
0x00150367	5	【코우지】\n최초라고 말하지 마! ! \n사견 뭔가 얼마든지 보여줄게! ! \n 그러니까, 최초라고 말하지 마!\n!
0x001503d3	3	【코우지】\n호라, 보라, 사용하고 있겠지!\n나는 사용하고있다! !
0x00150423	7	【코우지】\n앞으로도 계속,\n아사츠유씨의 곁에서 사용하고\n있으니까!\n! \n 그러니까, 최유라고 말하지 마!\n!
0x0015048a	6	【아사츠유(어머니)】\n후후… …\n하지만 그 사견이 있으면 괜찮아…\n아무리 짜증나는 것도 짙은 고고할\n수\n있어...
0x00150675	2	【코우지】\n어……
0x001506b3	2	【코우지】\n어머니… ?
0x001506f0	2	【노리코】\n하지만, 무슨 일이야, 코우지…
0x00150735	4	【코우지】\n엄마…\n네, 아니,\n다르다......하지만......
0x001507bf	3	【아사츠유(어머니)】\n후후… … 코우짱…\n괜찮아…
0x00150812	4	【코우지】\n마, 기다려, 엄마… \n갑자기 나타나고, 또 곧 없어지지\n마......! !
0x00150875	2	【코우지】\n그때도 투쟁에 없어져…
0x001508b8	4	【아사츠유(어머니)】\n미안해, 코우짱......\n그렇지만, 나는 항상 당신을, 보고\n있었어…
0x00150922	2	【코우지】\n…………
0x0015095b	2	【아사츠유(어머니)】\n그리고, 앞으로도, 계속…
0x001509aa	2	【코우지】\n다, 하지만…
0x001509e5	3	【아사츠유(어머니)】\n괜찮아…\n아야녀는 내가 지켜 보인다…
0x00150a45	3	【아사츠유(어머니)】\n코우짱도…\n미리 부탁해…
0x00150a96	3	【코우지】\n예비한다......\n어떻게......?
0x00150b50	2	【코우지】\n뭐……!?
0x00150b8b	5	【코우지】\n인가, 엄마! ! \n아니,\n아니......아사츠유씨......\n! ?
0x00150bdf	3	【코우지】\n오, 흠뻑…\n이런 곳에서 뿌리가 아니야! !
0x00150c35	2	【아사츠유】\n…………
0x00150c6e	2	【코우지】\n조리해, 미즈타니 아사츠유-! !
0x00150cb4	3	【코우지】\n언제나처럼, 미리 버리게 되고,\n쌓아 봐라! !
0x00150d2a	3	【코우지】\n미즈타니 아사츠유--------!\n! !
0x00150ef8	2	【코우지】\n…………
0x00150f3b	2	【노조미】\n네…
0x00150f71	2	【코우지】\n아, 나지만…
0x00150fae	3	【노조미】\n아, 선생님. \n빨리 가자......
0x00150ff5	4	【코우지】\n(선생님이 아니어도 좋다고\n말했는데…\n저 이노, 계속 그대로도…
0x001510b5	2	【코우지】\n… … 오랜만이구나.
0x00151119	3	【노조미】\n그렇네요. \n 잘 지냈어?
0x0015115c	3	【코우지】\n하하하, 건강만이 삼림무늬니까.\n그런데, 나이의 녀석이지만…
0x001511e5	3	【노조미】\n네. \n이거죠?
0x00151292	3	【코우지】\n고마워요.\n하지만 정말 좋은가?
0x001512ee	3	【노조미】\n......그래. \n그것이 제일 좋으면 무겁기 때문에.
0x0015133a	2	【코우지】\n......그래, 고마워.
0x00151388	2	【노조미】\n앞으로 갈거야?
0x001513c6	3	【코우지】\n… … 아. \n노조미도 갈까?
0x00151430	4	【노조미】\n… … 아니. \n 좀 더 마음을 정리하고 나서\n합니다.
0x00151480	3	【코우지】\n......그런가. \n 알아요.
0x001514c1	6	【코우지】\n그럼, 정말로 여러가지 감사합니다.\n\n노조미가 없었다면,\n어쩌면 내가 감옥에 있었을지도\n모른다.
0x0015155e	3	【노조미】\n아니, 내가 알고 있는 것을\n말했을 뿐이니까.
0x001515d8	3	【노조미】\n저……탐정 사무소…\n가끔 도와 드릴까요?
0x00151633	4	【코우지】\n아, 물론… … 하고 싶은\n곳이지만,\n별로 나의 세계에 아를 쌓는 것은…
0x001516ca	2	【노조미】\n아니, 탐정은 굉장한 일이에요.
0x00151713	4	【코우지】\n……그렇게 말해 주니 기쁘네.\n뭐, 도와주러 왔을 때는\n알바비 정도는 줄 테니까.
0x001517b2	3	【노조미】\n후후……\n 기대하고 있습니다.
0x001517f5	2	【코우지】\n그럼 나, 싸우니까…
0x0015185c	3	【노조미】\n네. \n......잘 부탁드립니다.
0x001519e8	2	【코우지】\n같이, 기다렸는지, 2명 모두.
0x00151a2c	3	【노리코】\n 기다렸어. \n30분의 지각!
0x00151a79	2	【유미】\n늦어, 할아버지! !
0x00151abc	5	【코우지】\n고멘 고멘, 조금 엿보는 곳이\n있어……\n……잠깐, 할아버지가 아니라\n오빠라고 하자, 유미.
0x00151b31	3	【유미】\n코우지 할아버지는 할아버지?\n이봐, 노리코 오빠! !
0x00151b89	2	【노리코】\n이지, 유미쨩.
0x00151bc7	3	【코우지】\n......왜 내가 할아버지,\n노리코는 오빠야...
0x00151c1e	3	【노리코】\n부츠부츠 말하지 않아. \n그보다, 가자.
0x00151c6f	4	【코우지】\n…… 30 오면 할아버지라도\n좋지만,\n나는 아직 20대다.
0x00151cf1	3	【코우지】\n… … 라고, 이제 없어, 두 사람\n모두.
0x00151d3a	3	【코우지】\n오, 이봐, 기다려줘. \n두고 하지 말아줘~! !
0x00151f30	3	【코우지】\n그런 싫어,\n누마사키 변호사는 어떻습니까?
0x00151fa1	4	【노리코】\n이제,\n 완전히 이전과 변함없는 양의 일을\n해내고 있어.
0x00151ff7	3	【코우지】\n그런가......\n이라면 좋았어.
0x00152060	3	【노리코】\n아시로 씨의 자살……\n그리고 그 사건……
0x001520ae	7	【코우지】\n아시요씨로부터 상담을 하고 있을\n때에,\n자신이 잘 굵은 숲이라고 하면\n두개의\n사건은\n 없었을 것…
0x00152120	5	【코우지】\n그 식죄 때문에, 그 때 자중했지?\n\n사건이 모두 밝혀져,\n곧 석방된 것 같지만......
0x001521ca	2	【노리코】\n뭐, 생진한 소장인 것 같지만.
0x00152224	5	【코우지】\n에서도,\n자중의 여후로 일시 일이 줄어든 것\n같지만,\n원래로 돌아온 것 같아서 좋았어.
0x001522bb	3	【노리코】\n그 무엇은 클라이언트와 훔쳐왔다\n신뢰관계가 있었으니까.
0x0015232d	3	【노리코】\n나도 소장 보고 싶은 클라이언트에게\n신뢰되는 변호사가 되고 싶어.
0x0015238c	2	【코우지】\n…
0x001523f6	2	【노리코】\n......응, 고마워.
0x001524d1	2	【아사츠유】\n아무래도, 신세를 졌습니다.
0x0015253a	4	【히구치】\n앞으로가 힘들겠지만,\n 노력해라. \n 내가 네 편이니까.
0x001525bb	2	【아사츠유】\n감사합니다.
0x001525f8	3	【유미】\n아, 엄마다! ! \n 엄마! !
0x0015263a	3	【코우지】\n나, 위험......\n이제 밖에 있어...
0x00152682	2	【노리코】\n그래서, 코우지가 지각하기 때문에…
0x00152700	3	【아사츠유】\n유미… … 좋은 아이로 하고\n있었어?
0x00152741	3	【유미】\n 그래! \n유미, 좋은 아이가 됐어! !
0x00152786	3	【아사츠유】\n그런가. \n 어려워, 유미.
0x001527c7	3	【유미】\n에헤헤-\n유미, 오늘부터 엄마와 함께?
0x00152815	4	【아사츠유】\n흠… … 미안해. \n엄마, 좀 더, 일하지 않으면 안\n돼.
0x00152870	3	【아사츠유】\n그러니까, 벌써 조금만,\n노리코 오빠와 함께 있어 주는?
0x001528ef	3	【유미】\n에-…\n엄마와 함께 좋다…
0x0015293a	3	【아사츠유】\n흠……\n엄마도 유미와 함께 좋지만…
0x00152990	3	【아사츠유】\n엄마도 참아야 하는 거야. \n그러니까 유미도 참으면 좋겠어.
0x001529f4	2	【유미】\n엄마… … 구수…
0x00152a31	5	【아사츠유】\n괜찮아. \n지금부터는 노리코 오빠 뿐만이\n아니라,\n코우지 할아버지도 함께 해 준다고.
0x00152aab	2	【노리코】\n에엣! ?
0x00152ae3	3	【코우지】\n그래서,\n나와 노리코가 함께 춤추는다는 것…
0x00152b3d	2	【유미】\n정말?
0x00152b71	5	【아사츠유】\n정말이야. \n 그러니까, 지금보다 외로워지게\n되면\n무거워.
0x00152bc7	2	【노리코】\n 어이, 어이, 아사츠유씨! !
0x00152c0c	5	【아사츠유】\n사견이 있으면,\n광택이 있는 것도 진하게 고칠 수\n있으니까……\n네…
0x00152c6d	2	【유미】\n엄마…
0x00152ca2	2	【코우지】\n…………
0x00152cdb	4	【아사츠유】\n 그러니까, 건강하고, 유미. \n 그래, 엄마와 함께 사용? \n그래, 그래서?
0x00152d42	2	【유미】\n…………응.
0x00152d7d	3	【아사츠유】\n좋아, 대단해, 유미. \n 그럼, 그래! !
0x00152de8	2	【아사츠유】\n! !
0x00152e1f	2	【유미】\n! !
0x00152e54	3	【아사츠유】\n호라, 잘 지냈다! ! \n조금 더 노력하자, 유미!
0x00152ea8	2	【유미】\n 그래!
0x0015307d	5	【코우지】\n… \n무엇이라면, 시라카와 하우징의\n고보씨에게\n새로운 땅에서도 상회해 줄까?
0x0015312d	3	【노리코】\n……그……\n그 이야기는, 또 나중에…
0x0015319e	3	【아사츠유】\n음.\n늦어, 두 사람 모두! !
0x001531eb	2	【노리코】\n죄송합니다…
0x0015324b	3	【아사츠유】\n으응, 노리코쨩은 사과하지 않아. \n어차피 코우짱이 늦었나요?
0x001532af	5	【코우지】\n겟…\n미즈타니 아사츠유의 역리력은\n쇠퇴하지\n않았는가…
0x0015332e	2	【코우지】\n, 무서운…
0x0015338f	2	【아사츠유】\n미리 버리지 마라! !
0x001533cf	2	【노리코】\n후후…
0x0015342c	2	【요시모토】\n… … 오빠, 슬슬.
0x00153493	3	【아사츠유】\n에-…\n조금 더 좋을까요?
0x00153501	4	【요시모토】\n안 됩니다. \n......이제 더 이상 당길 수\n없습니다.
0x00153582	3	【아사츠유】\n응. \n변함없이 카타 이와네.
0x001535ed	2	【요시모토】\n형이 좋은 순감 너무 많습니다!
0x00153657	5	【요시모토】\n언니는 입원으로\n구류 집행이 정지된 것뿐이니까,\n퇴원하면 유치장으로 돌아가야 해……
0x00153708	2	【미우라】\n요시모토 형사.
0x00153767	2	【요시모토】\n예!
0x001537c2	4	【미우라】\n오늘은 제가 정체하고 있는 것\n같다.\n조금 늦어도 어쩔 수 없을 것이다.
0x00153835	6	【코우지】\n 어, 좋다고 말할 수 없어,\n미우라\n형사. \n무엇이라면, 차가 과열되어\n엔진 차가워지고 있는 것도 어때?
0x001538a7	2	【미우라】\n…………
0x00153906	2	【미우라】\n 과연, 그 손도 있을까.
0x0015396d	5	【요시모토】\n……미우라 선배. \n이 사람들에게 점점 더 촉구되고\n있습니다\n...
0x001539f3	3	【미우라】\n우리는 앞으로 간다. \n화가 끝나면 맘에 드는 것이 좋다.
0x00153a50	2	【미우라】\n… … 사이토.
0x00153a8b	2	【코우지】\n뭐야?
0x00153ae7	2	【미우라】\n또, 너와 대칭하고 싶은 것이다.
0x00153b2c	3	【코우지】\n용서해줘…\n내가 벌써 박살이다.
0x00153b8c	3	【미우라】\n훗… … 음, 언젠가 또,\n어딘가에서 만날 수도 있을 것이다.
0x00153c06	3	【미우라】\n에서는. \n요시모토 강!
0x00153c5d	2	【요시모토】\n…………
0x00153cbc	3	【아사츠유】\n……응? \n무슨 일이야, 키요카?
0x00153d28	2	【요시모토】\n… … 오빠, 행복한 사람이야.
0x00153daf	4	【아사츠유】\n… … 행복한 사람,? \n지금부터 유치장으로 향하는 인간에게\n말하는 대사일까.
0x00153e35	4	【노리코】\n저소되면 즉시 보석 신청해 봅니다.\n\n그냥......
0x00153ec3	3	【아사츠유】\n알고 있어. \n 기뻐요.
0x00153f2d	3	【아사츠유】\n결국, 죄상은 살인죄.\n객관적으로 보면 분명하지.
0x00153fa6	5	【코우지】\n하지만 최종적으로는 살인미수.\n정상참작으로 집행유예가 선고되는\n정도로\n마무리됩니다.
0x00154060	3	【아사츠유】\n그래, 그렇게 되면 좋겠네…\n부탁해, 노리코 짱! !
0x001540e1	2	【노리코】\n네!
0x00154116	4	【코우지】\n그러기 위해서도, 우선은\n나나시바……\n교장을 잡는다고 할까!
0x00154170	4	【코우지】\n녀석에게 증언을 하게 하면,\n집행유예를 받을 길도 열 수 있다는\n거니까！
0x001541f2	2	【아사츠유】\n…………
0x00154251	3	【아사츠유】\n… … 정말로 행복한 사람,\n어타시.
0x0015429b	3	【코우지】\n아사츠유씨. \n교장은 내가 반드시 찾아냅니다.
0x001542e8	4	【코우지】\n단지, 그 전에,\n그 사건에 대해서 나름대로 케지메를\n붙이고 싶다고 무겁습니다.
0x0015436d	5	【아사츠유】\n마침 잘됐네.\n내가 없는 동안 사무소를 맡아줄 수\n있을까……\n코우짱에게 마지막 포상을 줄게.
0x001543e9	2	【아사츠유】\n 풀어주세요.
0x00154450	5	【노리코】\n아......\n그럼, 나와 유미쨩은 저쪽에\n기다리고\n있어.
0x001544a4	2	【코우지】\n아, 부탁한다.
0x00154514	3	【아사츠유】\n그럼 유미.\n좀 더, 좋은 아이로 해주세요! !
0x00154565	2	【유미】\n 그래, 그럼, 엄마! !
0x00154607	6	【코우지】\n… … 나가 확인하고 싶은 것은,\n단\n하나. \n사건 당일의 아사츠유씨의\n행동입니다.
0x0015490f	5	【코우지】\n그 밤…\n일부러 나를 베론 베론에 취하게\n하고,\n라이트 블루로 데려갔습니다.
0x00154975	3	【아사츠유】\n그래, 그래.\n그 이유은 알겠지?
0x001549bf	5	【코우지】\n그래. \n 나를 몰래 했던 이유은 두 가지\n있습니다. \n그건......
0x00154ac6	3	【코우지】\n(다른!\n그것이 아니다!!)
0x00154b10	3	【코우지】\n(이게 마지막이야.\n더 확실하게 생각해!)
0x00154b5c	2	【코우지】\n(하나는, 지문에 관계하는 것)
0x00154baa	4	【코우지】\n(그리고 또 하나,\n지문에 관련하는 증거가 있었을\n것이다!)
0x00154c44	4	【코우지】\n우선 하나의 이경은,\n사건의 경기가 되는 권총에,\n나의 지문을 붙이기 때문이군요.
0x00154cb8	4	【코우지】\n옆에 앉아 있는 아사츠유씨라면,\n뭉치고 있는 나의 지문을\n권총에 붙이는 것은 참나무입니다.
0x00154d2f	7	【코우지】\n게다가 아사츠유씨는,\n아슬아슬한 발잔 카메라에 발하지\n않는\n위를 알고 있어,\n그 행위가 나오지 않도록 배려할 수\n있었다.
0x00154db1	4	【아사츠유】\n후후, 그래.\n그 가르침은 순에서 순까지 알고\n있어.
0x00154e0e	5	【코우지】\n콘도가 나의 위아래에 놓여 있던\n부정의 증거를 삼키러 왔을 때도,\n보이지 않게 계산하고 있었던\n것이군요.
0x00154e8c	6	【아사츠유】\n뭐......라고 말하고 싶은\n곳이지만,\n콘도의 움직임 실무로는\n보고가 나 버릴지도 모른다고는\n생각했어.
0x00154efc	8	【아사츠유】\n하지만, 그것은 그것으로 좋다고\n무거웠다. \n코우짱의 지문을 권총에 붙이고 있던\n행위를\n어타시 이외의 누군가의 업무에 미스\n리드\n할 수 있으면 좋겠다.
0x00154f9a	6	【아사츠유】\n아타시가 하고 싶었던 것은\n코우짱에게 누명을 씌우는 것이\n아니야.\n그저 교수를 죽일 동기를 원했을\n뿐이니까……
0x00155049	3	【아사츠유】\n미안, 조금 이야기가 어긋났다. \n사건 당일의 이야기였어요.
0x001550a0	3	【코우지】\n네……그럼 실로 알리바이 공작에\n대해서입니다.
0x001550ed	7	【코우지】\n0시 44분에 교내에 총성이\n울렸습니다.\n\n하지만 이것은 진짜 총성이\n아닙니다. \n이 총성의 험체는...
0x00155232	2	【코우지】\n(다른, 이것이 아니다!!)
0x0015527b	3	【코우지】\n(이게 마지막이야.\n더 확실하게 생각해!)
0x001552cc	6	【코우지】\n총성이 녹음되고 있던 외부 음원을\nVIP룸의\nBGM을 제어하고 있던 플레이어에\n접제해,\n 그것을 0시 44분에 재생했군요.
0x00155367	3	【아사츠유】\n후후, 그래. \n그 음원의 험체는, 이것.
0x001553e5	2	【코우지】\n… … 보이스 레코더?
0x0015542b	6	【아사츠유】\n그래.\n우리 탐정에게는 필수품이지.\n이거 30시간 분량을 녹음할 수\n있다는\n거 알고 있었어?
0x00155498	2	【코우지】\n그래, 그건 알고 있지만…
0x001554dc	7	【아사츠유】\n24시간 무음 부분을 만들어,\n그 후에 총성을 녹음하고 있었던\n것이다.\n\n그렇게 하면 재생하고 24시간 후에\n총성이 재생되겠지?
0x00155572	5	【코우지】\n......그런가. \n아사츠유씨는 전날에도 라이트 블루에\n갔다고\n말하고 있었어요.
0x001555f2	3	【코우지】\n그것은 이 보이스 레코더를\n세팅하기 위한 것이었지요?
0x00155648	4	【아사츠유】\n그 말이 맞아.\n그때 겸사겸사\n리모컨도 빌려 썼던 거야.
0x001556cf	2	【코우지】\n어떻게 보이스 레코더를 걸었습니까?
0x0015571c	4	【아사츠유】\n종업원이 사무소에 있는 것을\n확인해,\n코소리와 시노비 자랐다.
0x00155781	5	【아사츠유】\n그리고 그 직원이 없어진 것을\n확인하고\n나서\n음성 레코더를 걸었어.
0x001557e4	4	【코우지】\n… … 과연. \n그래서 그 트릭도 이해할 수\n있었습니다.
0x00155835	5	【코우지】\n사건 전날, 직원 사이에서\n문제가 되고 있었던 적이\n있었습니다. \n그건......?
0x0015593f	2	【코우지】\n(다르다, 이것이 아니다!)
0x00155986	6	【코우지】\n(VIP 룸의 스피커를 제어하고\n있던\n것은, \n라이트 블루의 사무소에 있던\n플레이어이다)
0x001559f9	5	【코우지】\n(이 플레이어는 사건 당일, \n라이트 블루의 직원 이외에는 조작할\n수\n없는 상태 민첩했다)
0x00155a65	3	【코우지】\n(그것을 나타내는 승무원이\n대답이다!!)
0x00155aac	7	【코우지】\n사건 당일, 사무소의 열쇠는\n엄중하게\n관리되고 있었다. \n전날에 사무소의 열쇠가 제방되어\n있어,\n문제가 되었기 때문입니다.
0x00155b33	7	【코우지】\n결과적으로, 플레이어를 조작할 수\n있는\n것은 종업원만이 되어,\n스피커로부터 총성이 떠오르고 있었던\n것을\n조정하는 트릭이 된 것입니다.
0x00155bbe	2	【코우지】\n… … 모두 계산대로였던 것입니까.
0x00155c07	3	【아사츠유】\n 응, 그렇지도 않아. \n총정외의 일도 있었어.
0x00155c58	4	【아사츠유】\n설마, 그 2명이 라이트 블루에\n참는다고는\n무겁지 않았으니까.
0x00155cb1	3	【코우지】\n총정외의 2명……\n그것은…
0x00155daa	2	【코우지】\n(아니, 다르면 무겁다)
0x00155def	3	【코우지】\n(이게 마지막이야.\n더 확실하게 생각해!)
0x00155e40	3	【코우지】\n그것은, 누마사키 변호사와 미나즈키\n코우지의 것이군요?
0x00155e93	2	【아사츠유】\n응, 그래.
0x00155ecc	4	【아사츠유】\n아타시는 시라카와 이치로를 0시에\n라이트 블루의 VIP 룸에 짖도록\n미리 내놓았다.
0x00155f32	4	【아사츠유】\n『당신이 추악해 온 불험에 대해,\n2명 분명하게 이야기하지\n않겠습니까』라고.
0x00155fab	7	【아사츠유】\n인데 아야는 일부러 누마사키씨를\n미리\n내어,\n트러블이 있었을 경우의 발어책을\n취하고\n있었다.
0x0015601c	5	【코우지】\n에서도, 누마사키 변호사는\n피해자로부터\n아사츠유씨를 만나는 것을\n알려지지 않았던 것 같습니다만…
0x00156092	4	【아사츠유】\n아타시가 말하는 내용이\n어느 정도일까\n판검이 붙지 않았겠지요.
0x001560ee	6	【아사츠유】\n아무리 일의 파트너라고는 해도,\n누마사키씨가 알고 있을 것이다\n시라카와의\n승리의 부분은,\n표면상의 물건 뿐이라고 무겁다.
0x00156169	5	【아사츠유】\n아타시도 아야의 밑에서 고문\n변호사를\n하고 있었으니까\n잘 안다.
0x001561be	7	【아사츠유】\n아야는 진심으로 사람을 신용하지\n않는다…\n그러니까 언제나 스스로 억제할 수\n없게\n되고 나서,\n트러블 역리를 맡겼다…
0x0015623a	3	【아사츠유】\n그런 사람이야, 시라카와 이치로는\n사람은.
0x00156284	4	【코우지】\n미나즈키 코우지가 예정된 것은\n누마사키 변호사를 미리 내기 위한\n캠플라지군요.
0x001562e9	3	【코우지】\n나중에, 왜 미리 나왔는지\n쑤시게 놓였을 때의 단언 때문에.
0x00156343	5	【아사츠유】\n미나즈키는 0시 5분쯤에 게으른\n때문에,\n 그것을 확인해,\n아타시는 VIP룸에 들어갔어.
0x001563c1	3	【코우지】\n이것으로 각각의 용의자의\n당일의 행동을 알았습니다…
0x00156471	8	【코우지】\n아사츠유씨는 움켜잡은 나와 함께\n라이트\n블루에 입교. \n우선 콘도의 움직임을 조종하기\n위해서,\n내 위 아래에\n콘도의 불험의 자료를 놓았다…
0x00156509	8	【코우지】\n그리고 콘도를 움직이기 위해 위를\n살찌고,\n자신의 예총외의 인물이었던 누마사키\n변호사를\nVIP 룸으로부터 멀리 하기 위해서\n협박\n전화를 걸었다.
0x0015659e	4	【코우지】\n그 후 미나즈키가 게으른 것을\n확인해\nVIP룸에.
0x0015662c	6	【코우지】\n그때 기 때문에, 사람이 들어오지\n않게,\nVIP방에 제외하는 복도의 문의\n열쇠를\n격려했다…
0x001566d0	4	【코우지】\n그리고 VIP룸에 들어가,\n시라카와 이치로와 한바탕 실랑이를\n벌였다.
0x0015672f	4	【코우지】\n그 후, 피해자가 죽은 것을\n확인해,\n나의 지문이 붙은 권총을 지냈다.
0x001567e5	8	【코우지】\n그리고 오토록의 문을 VIP룸\n측에서\n나오고,\n사무소의 플레이어를 리모컨으로 외부\n입력으로 절화해,\n아무렇지도 않게 보고 위로 돌아온\n것군요.
0x001568b3	5	【코우지】\n그리고 움켜잡은 나를,\n미리 준비한 하얀 탁에 진하게\n하고,\n금을 치고 나의 자택까지 보냈다.
0x0015695e	6	【코우지】\n 그리고 시간을 계산해, 라이트\n블루로\n돌아온다. \n총성이 들리는 동시에, VIP룸으로\n향한다.
0x00156a13	6	【코우지】\n도중의 문에 열쇠가 걸려 있는 것을\n확인해,\n일단, 카운터에서 대기하고 있던\n마스터로부터\n열쇠를 안고, 문의 열쇠를 건다.
0x00156ad3	6	【코우지】\n그 후 VIP 룸에 들어가,\n시라카와가 죽어 있는 것을 목격한\n척을\n하고,\n110번 통보하기 위해 사무소에.
0x00156b56	3	【코우지】\n그 때에 보이스 레코더를 임배하고,\n리모콘을 되돌렸다…
0x00156be3	2	【코우지】\n이런 느낌으로 어떻습니까?
0x00156ca2	7	【아사츠유】\n……후후, 거의 완벽해, 코우짱.\n굳이 덧붙이자면, 흰색 택시는 내가\n돈을\n주고 고용한,\n서로 얼굴도 모르는 정보상\n정도려나.
0x00156d5b	6	【아사츠유】\n그리고, 시라카와가 이를 치고\n나서,\n『아무렇지도 않은 보고 위로\n돌아왔다』라고\n코우짱은 말했지만…
0x00156df5	5	【아사츠유】\n속으로는 슬픔에 무너질 것\n같았어……\n몇 번이나 계획을 중단하려고\n생각했는지……
0x00156e5d	2	【코우지】\n…………
0x00156ea3	3	【아사츠유】\n하지만 유미 때문에…\n교장을 떠날 수 없었다…
0x00156f08	4	【아사츠유】\n그러니까 마음을 독하게 먹고\n마지막까지 해내자고 생각했어.\n각오했지……
0x00156f6a	2	【코우지】\n…………
0x00156fa3	4	【코우지】\n제일, 중요한 부분을 견생으로 하고\n있었던 것입니까……\n나도 아직이군요.
0x00157029	3	【아사츠유】\n응. \n합각이야.
0x00157074	4	【아사츠유】\n유치장 안에서 잘 거기까지\n조사했다. \n탈현이야.
0x001570d1	5	【코우지】\n아하하… … 아사츠유씨에게 물릴 수\n있는\n것은,\n어리석은 군요 ...
0x0015712c	6	【코우지】\n에서도, 이것으로 아사츠유씨가\n돌아올\n때까지,\n미즈타니 탐정사무소를 지킬 수\n있을까.
0x001571be	3	【아사츠유】\n......그것이지만, 코우짱,\n변호사가 될 생각은 없습니까?
0x00157216	2	【코우지】\n뭐……!?
0x00157277	5	【아사츠유】\n원래 구원이었지, 변호사…\n나는 지금부터라도 전혀 늦지는\n않다고\n생각하지만…
0x001572e7	2	【코우지】\n………………
0x00157324	3	【코우지】\n나가 변호사가 되는 것은,\n오후쿠로의 구원이기도 했습니다.
0x00157377	7	【코우지】\n그래서 나도 그 연대에 응하려고\n열심히\n병장했고,\n오후쿠로가 죽으면 그 기력도\n잃어버렸기\n때문에…
0x001573fa	3	【코우지】\n다시 변호사가 되는 것인가,\n전혀 무거운 것도 하지 않았다…
0x00157461	5	【아사츠유】\n그래서, 조금 시간을 두었어. \n엄마의 일을 냉담하게 생각할 수\n있을\n때까지, 네.
0x001574d4	5	【아사츠유】\n지금부터라면 전혀 사이에 맞을\n거야. \n그러므로 사무실에 대해서는 일단\n두십시오.
0x00157538	5	【코우지】\n… \n따라 있는 사람을 도울 수 있는\n일이고,\n그것을 실감하기도 하고…
0x001575dc	3	【아사츠유】\n후후…\n안타깝게, 무거워.
0x0015764b	6	【아사츠유】\n네가 바라는 대로 해도 괜찮아.\n하지만 후회만은 하지 마.\n살아가는 방식을 선택했다면,\n자신감을\n가지고 나아가렴.
0x001576db	3	【코우지】\n그것은 아사츠유씨의 언선입니까? \n 아니면......
0x0015774e	2	【아사츠유】\n…
0x00157798	5	【코우지】\n......알았습니다. \n그럼, 납득해 가는 대답을 찾기\n위해서,\n좀 더 생각해 보겠습니다.
0x0015780c	2	【아사츠유】\n에에, 그렇게 하십시오.
0x00157849	3	【코우지】\n……하나, 이상한 것 두어도\n되나요?
0x001578b9	2	【아사츠유】\n뭐야?
0x001578ef	3	【코우지】\n그…\n얼마나 느끼고 있습니까?
0x00157959	5	【아사츠유】\n아아, 그 대답이라면, 평소에\n붐비고\n있을 때는\n 거의 느끼지 않아.
0x001579dd	5	【아사츠유】\n하지만 코우지는 내게 정말 소중한\n존재야.\n그래…… 마치 혈연으로 이어진\n것처럼.
0x00157a4e	4	【코우지】\n……라는 것은,현재화는 하고 있지\n않지만,\n어쨌든 어딘가에서 느끼는 것입니까?
0x00157adf	2	【아사츠유】\n그래, 그런 곳일지도.
0x00157b45	6	【아사츠유】\n……그러니까 시라카와 이치로가\n카츠요\n씨를 꼭 닮은 미사에 씨에게\n첫눈에 반한 것도,\n왠지 알 것 같아……
0x00157bc0	2	【코우지】\n…………
0x00157c1f	5	【아사츠유】\n실은 나, 조금 질투했었어.\n신지 씨가 그렇게나 카츠요 씨를\n좋아했던\n건가 싶어서 말이야.
0x00157cb4	4	【아사츠유】\n에서도 최우에 아타시의 이름을 예고\n『사랑하고 있다』라고\n말해 주었으니까, 모두 챠라이지만.
0x00157d1c	2	【코우지】\n……하하하.
0x00157d7c	2	【아사츠유】\n…
0x00157dc5	4	【코우지】\n아니, 마지막에 치고 싶은 물건이\n있습니다. \n이거지만......
0x00157e5f	3	【아사츠유】\n………! ? \n설마, 이건......! !
0x00157eac	3	【코우지】\n네. \n신지 씨의 유품입니다.
0x00157ef7	3	【코우지】\n좋아하는 넥타이라든지,\n시계라든지 들어 있다고 생각합니다.
0x00157f4c	4	【코우지】\n시라카와 이치로의 딸, 기억하시죠?\n그녀가 아사츠유 씨에게 전해 달라고\n했어요.
0x00157fbe	2	【아사츠유】\n…………
0x0015802d	6	【코우지】\n오늘, 함께 오지 않을까\n권유했는데,\n호라, 경상에서는 아사츠유씨,\n자신의 아버지의 원이 되어 버리는\n것이니까…
0x001580ba	3	【코우지】\n에서도, 신지씨의 유품은 치고\n줘서…
0x00158138	4	【아사츠유】\n......우우. \n감사합니다......코우짱.....\n.
0x001581ab	4	【아사츠유】\n그녀에게도 고맙다고 전해 두고……\n……언젠가 이야기를 나누러 갈\n테니까……
0x0015820d	3	【코우지】\n......알았습니다. \n 그럼, 최선을 다하십시오.
0x00158269	3	【아사츠유】\n......그래, 최선을 다해. \n 그럼, 다시! !
0x001582de	2	【코우지】\n…………
0x001584ce	2	【코우지】\n 기다리세요.
0x00158513	2	【노리코】\n… … 납득할 수 있었다?
0x00158551	2	【코우지】\n그래.
0x001585ac	2	【노리코】\n그래, 그럼, 좋았다.
0x00158612	2	【유미】\n유미, 다음 빈…
0x00158676	3	【노리코】\n그런가. \n 그럼, 뭔가 먹으러 간다!
0x001586c0	3	【코우지】\n메시인가......\n무엇을 먹을까...
0x00158707	2	【아카네】\n자승! !
0x00158745	3	【코우지】\n응......이\n목소리는......! ?
0x001587e7	4	【아카네】\n이런 곳에서 만나다니 기대구나~!\n! \n이것도 창명, 녀석?
0x00158845	3	【코우지】\n겟……! ? \n이나, 역시, 너라든지… !
0x001588be	2	【아오이】\n몸에서도 목소리를 받았습니까?
0x001588fd	4	【코우지】\n아니, 아니......\n그런 일 없어, 건강도 건강! ! \n지금부터 메시 먹으러 가는 곳이고.
0x0015898a	5	【아카네】\n……고한?\n그래, 기억했다! !\n자승, 게 샤브 걸어준다고,\n말했지! ?
0x00158a02	3	【코우지】\n기쿳! ! \n여, 잘 기억했구나......
0x00158a71	4	【노리코】\n그럼, 코우지의 덫으로 게를 먹으러\n갈까. \n 물론 두 사람도 함께.
0x00158b01	3	【아카네】\n 했어! ! \n게, 게! !
0x00158b44	3	【코우지】\n아니, 아니......\n조금......
0x00158bad	2	【아오이】\n잔치가 됩니다.
0x00158be7	2	【코우지】\n어, 어……
0x00158c47	2	【유미】\n게, 먹어요! !
0x00158ccd	3	【일동】(노리코·유미·아카네·아오이\n)\n오! !
0x00158d18	4	【코우지】\n（…………\n내가 입에서 피를 토할 것\n같아……）
0x00158efa	3	【코우지】\n… … 여름 같다. \n게으름을 낳은 이노구나…
0x00158f53	2	【노리코】\n어서 교수님께 보고하러 가자.
0x00158f9c	4	【코우지】\n응, 아......\n그것은 좋지만,\n나, 기억하니?
0x00158ff2	3	【노리코】\n물론이지!!\n교수님도 만나고 싶다고 하셨고.
0x00159048	3	【노리코】\n모처럼이니 교수님도 나오셨으면\n좋겠지?
0x0015909d	2	【코우지】\n응, 뭐.
0x001590d6	2	【노리코】\n 그래서, 보고에, 네! !
0x00159118	2	【코우지】\n어, 어……
0x0015959e	5	\n　\n(결막, 내가 석방된 것은,\n실의 날, 검찰청에 데려가서,\n검사 청모가 끝난 뒤였다)
0x00159624	7	\n\n(그리고, 다시 유치장으로 돌아와,\n정물의 정리를 한 뒤,\n유치계의 경단에 인사를 하고,\n저는 은 20일 만에 밖의 세계에\n나왔다)
0x001596de	5	【코우지】\n(나는 저것부터 계속,\n탐정 사무소를 자르면서\n행방불명이 되어 버린 아사츠유씨를\n찾아내고 있다)
0x0015975e	3	【코우지】\n(아사츠유씨의 행방은 일향에\n모른다……)
0x001597ad	3	【코우지】\n(하지만 나는 믿고 있다.\n아사츠유씨는 분명 여기로 돌아오면…
0x0015980d	3	【코우지】\n(그때까지는, 내가\n이 사무소를 지켜보자!)
0x0015988f	2	【코우지】\n오, 의뢰일까…
0x001598e6	2	【코우지】\n네, 미즈타니 탐정사무소입니다!
0x00159b11	1	조사: 피해자의 인물휘
0x00159b25	1	조사: 노조미의 목적
0x00159b46	1	피해자의 인물휘
0x00159b5c	1	노조미의 목적
0x00159d99	1	정기휴일：월요일
0x00159da6	1	조사: 피해자의 인물휘
0x00159dba	1	조사:신대표의 인물휘
0x00159dce	1	조사: 명함에 대해
0x00159ddd	1	조사 : 미나즈키의 알리바이, 인물 관계 등
0x00159dfc	1	조사 : 미나즈키의 알리바이, 인물 관계 등
0x00159e1b	1	조사: 미나즈키의 복직 과정
0x00159e32	1	조사: 미나즈키의 알리바이 용
0x00159e57	1	피해자의 인물휘
0x00159e6d	1	신대표의 인물휘
0x00159e83	1	명함에 대해서
0x00159e94	1	미나즈키의 알리바이, 인물 관계 등
0x00159eb5	1	미나즈키의 알리바이, 인물 관계 등
0x00159ed6	1	미나즈키의 복직 과정
0x00159eef	1	미나즈키의 알리바이 용
0x0015a490	1	정기휴일：일요일
0x0015a49d	1	오전 : 조사에서 부재가 많다
0x0015a4b1	1	조사: 코우지의 알리바이
0x0015a4c2	1	설문조사: 보고 있던 증언
0x0015a4d3	1	조사: 살해 현장의 BGM
0x0015a4e7	1	조사 : 아사츠유의 알리바이, 인물 관계 등
0x0015a504	1	조사: 아사츠유와 콘도의 관계에 대해
0x0015a51d	1	조사:미나즈키의 인물휘에 대해서
0x0015a535	1	조사 : 아사츠유와 유미의 관계
0x0015a548	1	조사:교장 직험의 인물휘
0x0015a55e	1	설문조사: 가쓰요와 신지의 관계
0x0015a57e	1	코우지의 알리바이
0x0015a591	1	숨어 있던 증언
0x0015a5a4	1	살해 현장의 BGM
0x0015a5ba	1	아사츠유의 알리바이, 인물관계 등
0x0015a5d9	1	아사츠유와 콘도의 관계에 대해서
0x0015a5f4	1	미나즈키의 인물휘에 대해서
0x0015a60e	1	아사츠유와 유미의 관계
0x0015a623	1	교장 직험의 인물휘
0x0015a63b	1	어머니와 신지의 관계
0x0015ad4d	1	정기휴일：수요일
0x0015ad5a	1	영업시간：17시～
0x0015ad6d	1	설문조사: 직원에게 놓아
0x0015ad81	1	설문조사: 잔여 카메라 조사
0x0015ad94	1	조사: VIP룸에 들어간 인물
0x0015adad	1	설문조사: 보고 있던 증언
0x0015adbe	1	조사 : VIP 룸 내의 BGM 등
0x0015add9	1	조사 : 외부 음원과의 접제 경찰
0x0015adf2	1	조사: 발범 카메라 발휘 확인
0x0015ae16	1	종업원에게 두고
0x0015ae2c	1	발잔 카메라의 조사
0x0015ae41	1	VIP방에 들어간 인물
0x0015ae5c	1	숨어 있던 증언
0x0015ae6f	1	VIP 방의 BGM 등
0x0015ae8c	1	외부 음원과의 접제 경적
0x0015aea7	1	발범 카메라 발휘의 확인
0x0015b491	1	정기휴일：수요일
0x0015b49e	1	오후 : 직장에서 부재가 많다
0x0015b4b2	1	조사: 젊은 남자 단서
0x0015b4c4	1	조사: 정장을 입고 있던 사람
0x0015b4d8	1	조사: 피해자와 아사츠유의 관계
0x0015b4ef	1	조사: 살해 현장의 BGM
0x0015b503	1	조사 : 누마사키의 알리바이, 인물 관계 등
0x0015b520	1	조사: 시라카와 신지의 인물휘
0x0015b536	1	조사: 알리바이의 모순에 대해
0x0015b54b	1	설문조사: 가쓰요와 신지의 관계
0x0015b56c	1	젊은 남자의 단서
0x0015b580	1	슈트를 입고 있던 인물
0x0015b596	1	피해자와 아사츠유의 관계
0x0015b5af	1	살해 현장의 BGM
0x0015b5c5	1	누마사키의 알리바이, 인물관계 등
0x0015b5e4	1	시라카와 신지의 인물휘
0x0015b5fc	1	아리바이의 모순에 대해서
0x0015b613	1	어머니와 신지의 관계
0x0015bc89	1	조사: 수첩에 관한 단서
0x0015bcb1	1	수첩에 관한 단서
0x0015be53	1	정기휴일：일요일
0x0015be60	1	조사: 코우지를 진한 농차 기록
0x0015be8b	1	코우지를 진한 농차 기록
0x0015c07f	1	휴진일：토요일의 오후～일요일
0x0015c097	1	설문조사: 아사츠유와 어머니의 관계
0x0015c0ac	1	설문조사: 아사츠유와 어머니의 관계
0x0015c0c1	1	조사: 이식 수술의 수수께끼
0x0015c0e4	1	아사츠유와 어머니의 관계
0x0015c0fb	1	아사츠유와 어머니의 관계
0x0015c112	1	이식 수술의 수수께끼
0x0015c438	1	영업시간：24시간 영업
0x0015c44f	1	조사: 미나즈키의 알리바이 용
0x0015c47a	1	미나즈키의 알리바이 용
0x00168e2f	4	【신타로】\n신조 씨인가.\n시라카와 사건 조사는 진척되고\n있나?
0x00168fc3	5	\n　\n(얼마 후 건네받은 조서에\n서명한 시간은,\n길었는지 짧았는지……)
0x00169039	5	\n\n(변명할 틈조차 없었어.\n조금 마음이 혼란스러웠을\n뿐인데……)
0x001690a3	3	\n　\n(………………)
0x001690f0	5	\n　\n　\n(그리고 3년 후,\n나는 징역 10년의 형을 받았다…)
0x00169166	6	\n　\n　\n(미우라의 말대로\n즉시 기소 절차가 진행되어\n나는 재판을 받게 되었다.)
0x001691eb	5	\n　\n　\n(그리고 3년 후,\n나는 무기징역을 선고받았다……)
0x00169260	6	\n　\n(경찰에서 송치된 증거물을 토대로\n검사에 의한 기소 절차가\n진행되었고,\n나는 재판을 받게 되었다.)
0x00169300	4	경찰은 범행 시각으로 여겨지는 0시 44분 전에\n코우지가 퇴장했다는 정보를 파악하고 있으므로,\n이 진술은 범행 시각의 행동과\n일치하지 않는다.
0x0016956c	2	【노리코】\n좋은 아침, 코우지.
0x00169583	1	그럼 어제 조사 보고할게.
0x001695b9	2	【노리코】\n좋은 아침, 코우지.
0x001695d0	1	그럼 어제 조사 보고할게.
0x00169612	2	【노리코】\n좋은 아침, 코우지.
0x00169629	1	그럼 어제 조사 보고할게.
0x0016966b	2	【노리코】\n좋은 아침, 코우지.
0x00169682	1	그럼 어제 조사 보고할게.
0x001696b9	2	【노리코】\n좋은 아침, 코우지.
0x001696d0	1	그럼 어제 조사 보고할게.
0x001698db	6	\n아니,이 싫어하는 것이 좋다.\n의미가 아니라 정말 싫어.\n라는 의미로, 그게 ...\n…\n아사츠유다! ! "
0x001699ab	1	BGM 대기
0x001699e8	1	BGM 대기
0x00169a1a	4	테스트용\n1. 선택지 1\n2. 선택지 2\n3. 선택지 3
0x00169a57	1	선택지 페이지 테스트
0x00169dc6	1	[코우지~콘도]
0x00169dd9	1	[신타로~청향]
0x00169dee	1	［오～헬퍼］
0x00169e00	1	[선배~관리인]
0x00169e15	1	[교장~게이센 점장]
0x00169e2d	1	[코우지 확인]
0x00169e3f	1	[노리코의 확인]
0x00169e51	1	[미우라의 확인]
0x00169e63	1	[노조미의 확인]
0x00169e74	1	[나나시바의 확인]
0x00169e86	1	[아사츠유의 확인]
0x00169e98	1	[콘도 확인]
0x00169eaa	1	[신타로의 확인]
0x00169ebe	1	[타타로의 확인]
0x00169ed2	1	[행사의 확인]
0x00169ee4	1	[아카네 확인]
0x00169ef4	1	[아오이 확인]
0x00169f04	1	[미사에 확인]
0x00169f18	1	[청향의 확인]
0x00169f2a	1	[오고 확인]
0x00169f3a	1	[유미의 확인]
0x00169f4a	1	[마스터 확인]
0x00169f5c	1	[종업원 확인]
0x00169f70	1	[고보의 확인]
0x00169f82	1	[도우미 확인]
0x00169f95	1	[선배 확인]
0x00169fa7	1	[나카가와 리의 확인]
0x00169fbb	1	[신지 확인]
0x00169fcd	1	[관리인 확인]
0x00169fe1	1	[교장의 확인]
0x00169ff3	1	[간호사 확인]
0x0016a007	1	[게이센 점장 확인]
0x0016a01e	1	[간본]
0x0016a02b	1	[그 범]
0x0016a038	1	[험면]
0x0016a045	1	[가로 방향]
0x0016a053	1	[FACE_A]
0x0016a068	1	[FACE_B]
0x0016a07d	1	[FACE_C]
0x0016a092	1	[FACE_D]
0x0016a0a7	1	[FACE_E]
0x0016a0bc	1	[FACE_F]
0x0016a0d1	1	[FACE_G]
0x0016a0e6	1	[FACE_H]
0x0016a0fb	1	[FACE_I]
0x0016a110	1	[FACE_J]
0x0016a125	1	[FACE_K]
0x0016a13a	1	[FACE_L]
0x0016a14f	1	[FACE_M]
0x0016a164	1	[FACE_N]
0x0016a179	1	[FACE_O]
0x0016a18e	1	[FACE_P]
0x0016a1a3	1	[FACE_Q]
0x0016a1b8	1	[FACE_R]
0x0016a1cd	1	[FACE_S]
0x0016a1e2	1	[FACE_T]
0x0016e04e	1	[시라카와 빌딩]
0x0016e05e	1	[미즈타니 탐정사무소]
0x0016e075	1	[아파트]
0x0016e083	1	[택시 센터]
0x0016e094	1	[병원]
0x0016e0a1	1	[접견실]
0x0016e0b0	1	[삼조실]
0x0016e87c	4	【노리코】\n테스트입니다. 테스트입니다.\n테스트입니다. 테스트입니다.\n테스트입니다.
0x0016e8aa	1	테스트입니다. 테스트입니다. 테스트입니다. 테스트입니다. 테스트입니다.
0x0016e8cf	1	테스트입니다. 테스트입니다. 테스트입니다. 테스트입니다. 테스트입니다.
0x0016e9a6	2	【테스트】\n영화 테스트였습니다.
0x0016eb84	1	[m01]을 재생합니다.
0x0016ebcd	1	[m02]를 재생합니다.
0x0016ec16	1	[m03]을 재생합니다.
0x0016ec5f	1	[m04]를 재생합니다.
0x0016eca8	1	【m25】를 재생합니다.
0x0017080e	1	<8100><8100><8100><8100><8100>
