offset	lines	text
0x0002ac87	1	[0]たな[1][2]を[3][4]
0x0002b065	2	[5][6]ゲームショウバージョンはここまでです。\n
0x0002b082	2	２００９[7][8][9][10][11]！\n
0x0002b098	1	[12][13]を[14]ち[15]れるかはあなた[16][17]．．．．
0x0002c058	1	［[18][19]］
0x0002c065	1	［[18][20]］
0x0002e706	1	[21][22][23]
0x0002e711	1	[21][22]ビル
0x0002e71d	1	[24][25][26][27][28][29][30]（[31][32]）
0x0002e738	1	[33][34][35][36]
0x0002e745	1	[37][38][39][40][28][29][30]
0x0002e761	1	[43][44]タクシーセンター
0x0002e77b	1	ゲームセンター
0x0002e788	1	[21][22][23]
0x0002e791	1	[21][22]ビル
0x0002e79b	1	[24][25][26][27][28][29][30]（[31][32]）
0x0002e7b4	1	[33][34][35][36]
0x0002e7bf	1	[37][38][39][40][28][29][30]
0x0002e7d7	1	[43][44]タクシーセンター
0x0002e7ed	1	ゲームセンター
0x00037dc4	7	　\n　\nこれで[19][763]は[234][479]です。\nここからは、[681]の[20][763][291][327]です。\n　\n　\n　
0x000388c4	1	［[50][51][52]がどんな[53]なのか[54][55]あった］
0x000388e3	1	［[50][51][52]に[56]の[57][58]を[58]いたかった］
0x00038902	1	［なにも[59]えてなかった］
0x00038916	1	［[21][22][23]の[23][60][61][62]］
0x0003892e	1	［[63][64][65]わったこと］
0x00038b7a	2	【[39][66]】\n（ここが[50][34][52]《ひがいしゃ》の[41][42]ね）
0x00038bdf	3	【[39][66]】\n（……それにしても、[67][68]な[23]ね。\nさすがに[69][70]《かんろく》があるわ）
0x00038c51	3	【[39][66]】\n（[21][22][23]に[71]いたわ。\nどうしようかしら？）
0x00038d70	2	【[39][66]】\n（[67][68]な[47][48]が[72]《か》かってるわ）
0x00038dba	3	【[39][66]】\n（[73]のある[47][48][74]さんに\n[75]《たの》んだんでしょうね……）
0x00038e16	2	【[39][66]】\n（[67][68]な[47][48]が[72]《か》かってるわ）
0x00038e99	4	【[39][66]】\n（[76]きな[49]ね……\n[49]だけでこれだけ[76]きいんだから、\n[23][41][77]も[78][79][76]きいんだろうな……）
0x00038f06	4	【[39][66]】\n（よくよく[80]ると、\n[81]りの[23]の[49]も[67][68]なものが[82]いわ。\nみんなお[83][84]ちなんだろうな……）
0x00038f77	3	【[39][66]】\n（[85][86]《あっとう》されそうなくらい、\n[67][68]な[49]ね……）
0x00038ff3	2	【ドアフォン】\n……はい。
0x0003902e	3	【[39][66]】\n[87]、[88][89][90]をしております\n[0][91][39][66]と[92]します。
0x00039081	3	【[39][66]】\n[93][94]《ぶしつけ》で[76][65][95]《おそ》れ[3]《い》りますが、\n[96]しお[97]を[98]かせていただけないでしょうか？
0x000390f0	3	【ドアフォン】\n……\n[96]々お[99]ちください。
0x00039136	2	【[39][66]】\nはい。
0x000391c6	2	【[100][101]】\n……[88][89][90]さん、ですか？
0x0003920a	4	【[39][66]】\nはい。\n[102][103]の[28][104]の[50][51][52]《ひぎしゃ》である、\n[105][106][107][108]の[109][79][88][89][90]をしております。
0x00039279	3	【[39][66]】\n[110]は[12][111]を[112][113]しており、\n[87][41][114]も、[110]は[12][111]だと[59]えています。
0x000392e5	2	【[100][101]】\n……[115][79]にその[53]は[12][111]なの？
0x0003932c	3	【[39][66]】\nもちろん、[116][117][118]な[119][120]《しょうこ》は\nまだなにも[121]てきていません。
0x00039387	4	【[39][66]】\nしかし、[110]が[12][111]だとすれば、\n[122][123][53]は[124]で[125]っていることでしょう。\nそれは[126][127]に[128]せないことです。
0x000393f8	4	【[39][66]】\n[87]が[129]りたいのは[28][104]の[122][78]です。\nそのために、[21][22]さんにも\nご[130][131]いただければと[132]うのですが……
0x00039468	2	【[100][101]】\n…………
0x000394ae	4	【[100][101]】\n[87]はこの[23]のヘルパーをしています、\n[133][134]と[92]します。\n[135][136]《おくさま》は[137][102]《ただいま》[121]かけておりますが……
0x00039527	2	【[39][66]】\nそうでしたか……
0x00039562	4	【[39][66]】\nそれでは[133][134]さん、\nお[97]を[138]《うかが》いたいのですが、\nよろしいですか？
0x000395cc	2	【ヘルパー】\n[87]でいいんですか？
0x00039609	3	【[39][66]】\nええ。\nお[139]えいただける[140][141]《はんい》で[142][61]ですので……
0x0003966c	3	【ヘルパー】\n……わかりました。\nなにからお[97]すればいいですか？
0x000396ed	2	【ドアフォン】\n……はい。
0x00039728	3	【[39][66]】\n[87]、[88][89][90]をしております\n[0][91][39][66]です。
0x00039777	3	【[39][66]】\nのぞみさんにお[138]《うかが》いしたいことがあるのですが、\nご[143][42]でしょうか？
0x000397d3	2	【ドアフォン】\n…………
0x0003980e	2	【ドアフォン】\n[96]々お[99]ちください……
0x000398e5	3	【のぞみ】\nお[99]たせしました。\nなんでしょうか？
0x0003992a	2	【[39][66]】\nこの[19]は、[144][122]をありがとうございました。
0x0003999a	2	【のぞみ】\nいえ……
0x000399d0	2	【[39][66]】\n[145][146]、[50][51][52]《ひぎしゃ》の[105][106]さんと[147][80]しましたよね？
0x00039a4e	3	【のぞみ】\n……はい。\nおかげさまで、[148]うことができました……
0x00039a9e	4	【[39][66]】\nえっと……\nおかげさまでってのは、ナシにしてください。\n[149]々と[150][151]になっちゃうから……
0x00039b11	3	【のぞみ】\nあ……そうですね……\n[87]が[14][4]に[148]いに[152]ったことですから……
0x00039b6a	3	【[39][66]】\nそれで、ですね……\n[110]が[153]になっているみたいなんですよ。
0x00039bbd	2	【[39][66]】\n……[154]り[155]につぶやいた[57][58]が。
0x00039c04	2	【のぞみ】\n…………
0x00039c3c	2	【[39][66]】\nなにか[153]づいたことがあるんですか？
0x00039ca6	2	【のぞみ】\n……わかりません。
0x00039ce2	3	【[39][66]】\nじゃあ、[156][150]の[157][158]を[65]えます。\nのぞみさんは、[110]が[123][53]だと[132]いますか？
0x00039d69	2	【のぞみ】\nえっ……？
0x00039da1	3	【[39][66]】\n[110]は[58]っていました。\n[159]り[155]に『[53][33]し』と[58]われたって。
0x00039e12	2	【のぞみ】\n…………
0x00039e4a	2	【[39][66]】\nでも、それって、[115][160]ですか？
0x00039e9b	2	【のぞみ】\nどういうこと……でしょうか……？
0x00039ee0	3	【[39][66]】\n[50][34][52]《ひがいしゃ》の[23][60]との[147][80]は[161][162]されています。\nそれは[145][146]お[97]した[163]りです。
0x00039f4b	3	【[39][66]】\nそれでも[65][164]までして[148]いに[152]って、\nそれだけ[58]って[154]ったのが[153]になって……
0x00039fab	2	【のぞみ】\n…………
0x0003a027	2	【[39][66]】\n[115][79]は……
0x0003a092	3	【[39][66]】\n[50][51][52]《ひぎしゃ》がどんな[53][165]だったか\n[54][55]があったとか？
0x0003a10f	2	【のぞみ】\nあっ……
0x0003a145	2	【[39][66]】\n（[166][167]があったわ！）
0x0003a185	2	【[39][66]】\nやっぱりそうだったんですね。
0x0003a1db	3	【[39][66]】\n[115][79]は[56]のことを[58]いたかったんじゃ\nないですか……？
0x0003a22d	2	【のぞみ】\n…………
0x0003a265	3	【[39][66]】\n（[166][167]ナシ……\nこれは[168]《ちが》うみたいね）
0x0003a2cf	2	【[39][66]】\n[115][79]は……なにも[59]えてなかった？
0x0003a316	2	【のぞみ】\n…………
0x0003a34e	3	【[39][66]】\n（[166][167]ナシ……\nこれは[168]《ちが》うみたいね）
0x0003a3a2	3	【[39][66]】\nそれで、[110]を[80]て\nなにか[132]い[79]たることがありましたか？
0x0003a40d	2	【のぞみ】\n…………
0x0003a445	2	【[39][66]】\n（やっぱり[97]してくれない、か……）
0x0003a48d	3	【[39][66]】\n……わかりました。\n[58]いにくいようでしたら、これ[169][170]は[98]きません。
0x0003a4f5	2	【のぞみ】\n……すみません。
0x0003a53d	3	【のぞみ】\nよく……わからないんです……\n[87][41][114]も……
0x0003a58b	3	【[39][66]】\nこちらこそ、\n[171][172]《はいりょ》が[173]りませんでした。
0x0003a5db	3	【[39][66]】\nそうですよね……\nのぞみさんも、[50][34][52]《ひがいしゃ》ですもんね……
0x0003a636	2	【のぞみ】\n…………
0x0003a66e	3	【[39][66]】\nでも、[174]じて。\n[110]は[123][53]ではないんです！
0x0003a6ba	3	【[39][66]】\n[110]の[88][89][90]である[67][36]を[175]《ぬ》きにして、\n[87]はそう[132]っています。
0x0003a717	2	【のぞみ】\n…………
0x0003a74f	3	【[39][66]】\nなにか[153]がついたことがあったら、\n[176]えていただければ[177]かります。
0x0003a7a5	3	【[39][66]】\n[87]に[58]いにくかったら、\n[110]に[178][147][58]ってもらっても[61]いません。
0x0003a7fd	3	【[39][66]】\n[110]も[87]も、[122][123][53]を[126][127]に[179]《つか》まえるつもりで\nいますから……
0x0003a85a	2	【のぞみ】\n…………
0x0003a8ec	3	【[39][66]】\n（お[4][180]いさんがいるなんて、\nさすがは[21][22][23]ってところかしら……？）
0x0003aa14	3	【[39][66]】\n[21][22][23]の[23][60][61][62]を\n[176]えていただけますか？
0x0003aa70	2	【ヘルパー】\n[23][60][61][62]ですか……
0x0003aabe	3	【ヘルパー】\nまず、[181][182][136]《だんなさま》がおりましたが……\nあなたもご[183]じのとおり……です。
0x0003ab22	2	【[39][66]】\nはい。
0x0003ab64	3	【ヘルパー】\n[181][182][136]《だんなさま》のご[184][185]はすでに[186]くなられてますので、\n[35][143]の[21][22][23][79][112]は[135][136]《おくさま》となっております。
0x0003abe1	3	【[39][66]】\n[135][136]《おくさま》のお[73][19]を\n[138]《うかが》ってもよろしいですか？
0x0003ac46	4	【ヘルパー】\nミサエ[136]です。\n[187]しいに、にんべんに[188]、[189]《めぐ》まれると[190]いて\n[187]《み》[191]《さ》[189]《え》[136]です。
0x0003acbe	2	【[39][66]】\n[187][191][189]さん……ですね。
0x0003ad0d	4	【ヘルパー】\nはい。\nそしてお[192][136]《じょうさま》が、のぞみ[136]です。\nひらがなでのぞみ、となっております。
0x0003ad79	2	【[39][66]】\nのぞみさん……ですね。
0x0003adc5	3	【ヘルパー】\nはい……\n[35][143]はお２[53]となっております。
0x0003ae12	3	【[39][66]】\nそうですか。\nありがとうございます。
0x0003af17	3	【[39][66]】\n[63][64][65]わったことは\nありませんでしたか？
0x0003af6d	2	【ヘルパー】\n[65]わったこと、ですか？
0x0003afad	3	【[39][66]】\nはい。\n[193]えば、ご[112][53]が[194]《おそ》く[154]るようになったとか……
0x0003b013	4	【ヘルパー】\nそれなら[195]ですね。\n[169][19]に[196]べて、[63][64]……と[58]いましても、\nここ[197][7]ですが、[198]く[154]るようになりました。
0x0003b097	4	【ヘルパー】\n[169][19]は[157][28][17][57]という[199][200]でしたが、\n[63][64]はむしろ[23][60]サービスを\n[201][145]されていたように[132]います。
0x0003b13c	3	【[39][66]】\nそうですか……\n[202]に[65]わったことは……？
0x0003b195	3	【ヘルパー】\nそうですね……\n[203]にないと[132]いますが……
0x0003b1e1	3	【[39][66]】\nわかりました。\nありがとうございます。
0x0003b280	4	【[100][101]】\nあら、[133][134]さん。\nお[116][136]ですか？\n[170]がっていただけば[204]かったのに。
0x0003b2f5	3	【[39][66]】\n（[205]《だれ》かしら、\nこの[100][101]……って、ええっ！？）
0x0003b34c	3	【ヘルパー】\nあっ、[135][136]《おくさま》……\nこちらの[158]は……
0x0003b39d	3	【[39][66]】\n（[135][136]《おくさま》ってことは、\nこの[53]が[187][191][189]さんね……）
0x0003b3f7	3	【[39][66]】\n（……[202][53]の[206][207]……なのかな？\nううん、[102]は[97]に[208][209]しなきゃ）
0x0003b471	4	【[39][66]】\nはじめまして。\n[87]、[88][89][90]をしております\n[0][91][39][66]と[92]します。
0x0003b4cd	3	【[39][66]】\n[102][103]の[28][104]で[50][51][52]《ひぎしゃ》となった\n[105][106][107][108]の[109][79][88][89][90]をしております。
0x0003b563	2	【[187][191][189]】\n[50][51][52]《ひぎしゃ》、ですって……？
0x0003b5af	4	【[39][66]】\nはい。\nですが、[87]は[110]が[12][111]であると\n[174]じています。
0x0003b60f	3	【[187][191][189]】\n……[88][89][90]さんじゃ、\n[67][36][170]、そう[58]うしかないですよね。
0x0003b66a	2	【[39][66]】\n…………
0x0003b6a3	3	【[39][66]】\n（[187][191][189]さんにとって、\nコウジは[76][210]な[53]を[33]した[211]《かたき》……）
0x0003b704	3	【[39][66]】\n（[110]の[88][89][90]である[87]に[127]しても、\nさすがに[212][213]が[214]たいわ……）
0x0003b762	4	【[39][66]】\nいえ、[67][36][170]というよりも、\n[102][103]の[104]に[215]しては\n[122][123][53]は[202]にいると[132]っています。
0x0003b7ca	3	【[39][66]】\nその[122][123][53]を[179]《つか》まえるためにも、\n[216]《ぜ》[217]《ひ》、ご[130][131]いただきたいのです……
0x0003b835	2	【[187][191][189]】\n…………
0x0003b87d	3	【[187][191][189]】\nお[218]き[15]りください。\nなにも[97]すことはありません。
0x0003b8ce	2	【[39][66]】\nあっ……
0x0003b932	3	【ヘルパー】\nあっ、[135][136]《おくさま》！？\nお[99]ちください……！
0x0003b9cc	2	【[39][66]】\n…………
0x0003ba05	4	【[39][66]】\nそうよね……まだ[181][182]《だんな》さんが[186]くなって、\n[197][146]しか[219]ってないんだもん。\nこういう[166][167]は[79]たり[19]よね……
0x0003ba7e	2	【[39][66]】\nもっと[153]を[220]《つか》えば[204]かった……
0x0003bad1	2	【[100][101]】\n……？
0x0003bb08	2	【[100][101]】\nどちら[136]……ですか？
0x0003bb60	2	【[39][66]】\nえっ……！？
0x0003bba8	2	【[100][101]】\nなにか[23]《うち》にご[221]ですか？
0x0003bbec	3	【[39][66]】\nえっ、[23]《うち》って……\nもしかしてのぞみさん？
0x0003bc4f	2	【のぞみ】\nは、はい、そうですが……
0x0003bca9	4	【[39][66]】\nはじめまして……\n[102][103]の[28][104]で、[50][51][52]《ひぎしゃ》の[88][89][53]を\n[109][79]しております、[0][91][39][66]と[92]します。
0x0003bd49	2	【のぞみ】\n[88][89][90]……さん？
0x0003bd87	2	【[39][66]】\nはい。
0x0003bdbc	3	【[39][66]】\n[149]々とお[97]を[98]かせて\nいただければと[132]いまして……
0x0003be0d	2	【のぞみ】\n…………
0x0003be45	2	【[39][66]】\n（そりゃ、[222]《だま》るわよね……）
0x0003be9b	3	【のぞみ】\n[50][51][52]《ひぎしゃ》……って、\nお[223]さんを[33]したか《・》も《・》しれない[53]ですよね……？
0x0003bf07	2	【[39][66]】\nえっ……？
0x0003bf40	3	【[39][66]】\n（[33]したか《・》も《・》しれない[53]……って、\n[132]ってくれてる……？）
0x0003bfa2	3	【[39][66]】\nそ、そうですね……\n[33]したか《・》も《・》しれないと[51]われている[53]です……
0x0003c004	2	【[39][66]】\nでも[87]は、[122][123][53]は[56]にいると[132]っています！
0x0003c052	2	【のぞみ】\n…………
0x0003c08a	4	【[39][66]】\nお[224]いします！\n[122][123][53]を[179]《つか》まえるためにも、\nお[97]を[98]かせていただきたいんです！
0x0003c0f1	2	【のぞみ】\n…………
0x0003c14f	2	【のぞみ】\n[130][131]してもいいですよ。
0x0003c18d	3	【[39][66]】\nえっ……\nほ、[115][79]ですか！？
0x0003c1e0	3	【のぞみ】\nそれで、わたしは\nなにを[130][131]すればよろしいのですか？
0x0003c22e	2	【[39][66]】\nそ、そうですね……
0x0003c26b	4	【[39][66]】\n（あらかた[1][2]は[98]いちゃったし……\nできれば、コウジに[80]せるための\n[144][122]が[225]しいかな……）
0x0003c2d8	4	【[39][66]】\nできればですね、\nあなたと……[187][191][189]さんの[144][122]を\n[226]していただきたいのですが……
0x0003c349	2	【のぞみ】\n[144][122]、ですか……？
0x0003c388	4	【[39][66]】\nはい。\nお２[53]の[227]が[228][56]できれば\nどんな[144][122]でもかまいません。
0x0003c3e1	2	【のぞみ】\n…………
0x0003c43f	3	【のぞみ】\n……わかりました。\nそれでは[102]、[15]ってきます。
0x0003c48d	2	【[39][66]】\nありがとうございます！
0x0003c552	2	【のぞみ】\n……こちらになります。
0x0003c590	3	【[39][66]】\nありがとうございます。\nそれではお[229]りします。
0x0003c64d	2	【[39][66]】\n（かわいいお[192]《じょう》さんね）
0x0003c692	3	【[39][66]】\n（[57][80]、ポーッとして[80]えるけど、\nけっこう[230]《しん》は[231]そうね）
0x0003c6f3	3	【[39][66]】\n（のぞみさんね。\n[100]の[87]から[80]てもかわいいわ）
0x0003c762	3	【[39][66]】\n（[202]に[98]きたいことは\n[102]のところないかな……）
0x0003c7ef	2	【[39][66]】\n（これで[232][233]を[234]わりにしようかしら？）
0x0003c89f	3	【[39][66]】\nそれじゃ[87]はこの[235]で[236][237]します。\nお[238]《いそが》しい[209]すみませんでした。
0x0003c923	3	【のぞみ】\nあっ、いえ……\nお[239]《つか》れ[136]です……
0x0003c974	2	【[39][66]】\n（もう[96]し[97]を[98]きましょう）
0x0003c9c3	3	【[39][66]】\n（[98]かなくちゃいけないことが[240]ってるわ。\nまだ[154]るわけにはいかないわね）
0x0003ca75	3	【[39][66]】\n[21][22][23]に[152]って[241]られた[1][2]は\nこんな[242]じだったわ。
0x0003cb0d	2	【[39][66]】\nで、これが２[53]の[144][122]。
0x0003cbab	2	【[107][108]】\n…………
0x0003cbe4	2	【[39][66]】\nどう……？
0x0003cc1d	3	【[107][108]】\n……これは、\nオレの[105]《お》[106]《ふ》[243]《く》[244]《ろ》じゃないんだよな？
0x0003cc81	3	【[39][66]】\nええ……\n[110][100]は[50][34][52]《ひがいしゃ》の[245]、[187][191][189]さんよ。
0x0003ccdc	3	【[107][108]】\n……\n[115][79]にそっくりだな……
0x0003cd25	3	【[39][66]】\nええ。\nでも[246]の[202][53]なの……
0x0003cd6a	4	【[39][66]】\n[247][146]、[248][30]で[232]べてみたけど……\nひいおじいさんの[244]まで[249]《さかのぼ》っても、\nあなたのお[250]さんと[251][252]《けつえん》[215][253]《かんけい》はないわ。
0x0003cdf8	2	【[107][108]】\n……なるほど。
0x0003cea3	2	【[107][108]】\nありがとう、[254][59]になったよ。
0x0003cf25	3	【[107][108]】\nなるほど。\n[142][255]、なにも[97]さなかったわけか。
0x0003cf7f	2	【[39][66]】\nそうね……
0x0003cfc4	3	【[107][108]】\n[110][100]がなにを[59]えているかわからない[169][170]、\nこちらとしては[110][100]の[256]き[99]ちだな。
0x0003d070	1	[21][22]ビル[81][235]
0x0003d07c	1	[21][22]ビル[81][235]
0x0003d08c	1	[21][22]ビル
0x0003d094	1	[21][22]ビル
0x0003d1b1	3	【[39][66]】\n（ここが[21][22]グループの[209][258]《ちゅうすう》、\n[21][22]ビルね）
0x0003d224	3	【[39][66]】\n（それにしても、\n[76]きなビルね……）
0x0003d26e	3	【[39][66]】\n（[3]り[257]はどこかしら……？\n[209]に[3]って[97]を[98]いてみたいんだけど……）
0x0003d323	3	【[39][66]】\n（[21][22]ビルに[71]いたわ。\nどうしようかしら？）
0x0003d448	2	【[39][66]】\n（とても[76]きなビルね……）
0x0003d48c	3	【[39][66]】\n（[21][22]グループ[259]《かく》[260][261]《きぎょう》の\n[115][262]が[3]ってるビルらしいけど……）
0x0003d4f5	4	【[39][66]】\n（このビルを[80]れば、\n[21][22]グループがどれだけ[131]を[84]ってるか\nよくわかるわね）
0x0003d557	2	【[39][66]】\n（…………）
0x0003d594	4	【[39][66]】\n（この[21][22]グループの[244][47]を[33]した[13]に\n[150]われているのよね、\nコウジは……）
0x0003d5f9	2	【[39][66]】\n（[153]を[218]《ひ》き[263]《し》めないと……）
0x0003d64b	3	【[39][66]】\n（[76]きなビル……\nでも[85][86]《あっとう》されてる[36][264]じゃないわ）
0x0003d6a6	3	【[39][66]】\n（[153]を[218]《ひ》き[263]《し》めて\n[232][233]しないと）
0x0003d73c	3	【[39][66]】\n（[81]りはオフィス[265]ね。\n[31]いビルが[266]んでるわ）
0x0003d78c	3	【[39][66]】\n（これだけビルが[82]いんだから、\nサラリーマン[267]けの[268][269]なんか[270][271]《はんじょう》しそうね）
0x0003d7f4	3	【[39][66]】\n（ウチの[28][29][30]の[64]くにも[187][55]しいランチを\n[268]べさせてくれるお[272]があるんだけど……）
0x0003d85a	3	【[39][66]】\n（[87]の[36][264]、[273]に[121]てることのほうが[82]いから\n[152]く[274][148]がないのよね）
0x0003d8b8	3	【[39][66]】\n（この[235]にも[187][55]しいお[272]はあるのかな？\n[154]りに[103]ってみようかしら）
0x0003d918	2	【[39][66]】\n（オフィス[265]ね）
0x0003d954	3	【[39][66]】\n（[21][22]ビルに[275]けないくらい\n[76]きなビルが[266]んでるわ）
0x0003da70	1	パンフレット
0x0003da78	1	パンフレット
0x0003da84	1	[167][147]コーナー
0x0003da8d	1	[167][147]コーナー
0x0003da9a	1	ロビー
0x0003da9f	1	ロビー
0x0003dc50	2	【[39][66]】\n（[21][22]ビルの[209]ね）
0x0003dc90	3	【[39][66]】\n（[273]から[80]ても[67][68]だったけど、\n[209]もスゴいわね……）
0x0003dce6	3	【[39][66]】\n（[205]《だれ》かに[97]を[98]きたいけど、\nどうすればいいかしら？）
0x0003dddf	3	【[39][66]】\n（[278]《ふ》き[175]《ぬ》けが[31]い[279]りになってて、\n[206][280]が[281]く[242]じるわ）
0x0003de3e	3	【[39][66]】\n（それに[107]がたくさん[15]《と》り[282]《こ》まれてて、\n[283]るい[284]《ふん》[141]《い》[153]《き》ね）
0x0003dea9	4	【[39][66]】\n（さすがは[285][42]メーカーのビル。\nこれなら[286]せて[76][287][288]《だいじょうぶ》って[284]《ふん》[141]《い》[153]《き》を\n[3]り[257]だけで[242]じさせるわ）
0x0003df33	2	【[39][66]】\n（[278]《ふ》き[175]《ぬ》けが[31]くて、[283]るい……）
0x0003df85	3	【[39][66]】\n（お[116]さんに[289][160][242]を[290]《あた》える[279]りに\nなってるのね）
0x0003e048	4	【[39][66]】\n（……どう[210]り[121]そうかしら？\n『[21][22]グループの[97]が[98]きたい』って\n[58]えばいいのかな？）
0x0003e0b5	2	【[39][66]】\n（…………）
0x0003e0f2	3	【[39][66]】\n（……ええい、いいや。\nとにかく[79]たってくだけろね）
0x0003e162	4	【[39][66]】\nすみません。\n[87]、[88][89][90]の[0][91][39][66]と[92]しますが\n[145]の[28][104]に[215]して[232][233]をしております。
0x0003e1cf	4	【[39][66]】\n[21][22]グループに[215]しまして、\nお[97]を[138]《うかが》いたいのですが、\n[109][79]の[158]、いらっしゃいますでしょうか？
0x0003e242	2	【[276][277][192]】\n[96]々お[99]ちくださいませ。
0x0003e28f	4	【[39][66]】\n（……[58]ってみるもんね。\nこの[36][264]の[109][79][52]って、\nどの[291][292]の[53]が[293]るのかしら）
0x0003e2f7	2	【[276][277][192]】\n……はい……はい……[294][129]《しょうち》いたしました。
0x0003e357	3	【[276][277][192]】\nお[99]たせいたしました。\n[281][2]の[52]が[167][127]いたします。
0x0003e3ab	4	【[276][277][192]】\nあちらに[167][147]コーナーがございますので、\nそちらで[96]々\nお[99]ちいただけますでしょうか？
0x0003e40f	3	【[39][66]】\nはい、わかりました。\nありがとうこざいます。
0x0003e477	3	【[39][66]】\n（[167][147]コーナーは……っと。\nあの[295]と[296]《い》[66]《す》がある[36][30]ね）
0x0003e4fa	2	【[39][66]】\n（また[281][2]さんを[297]んでもらおうかしら？）
0x0003e545	3	【[39][66]】\nすみません。\n[87]、[88][89][90]の[0][91][39][66]と[92]します。
0x0003e599	3	【[39][66]】\n[281][2]の[209][22]さんは\nいらっしゃいますか？
0x0003e600	3	【[276][277][192]】\n[209][22]ですね。\n[96]々お[99]ちくださいませ。
0x0003e657	2	【[39][66]】\n…………
0x0003e69a	4	【[276][277][192]】\nお[99]たせいたしました。\n[137][102]《ただいま》[254]りますので、\nあちらの[167][147]コーナーでお[99]ちください。
0x0003e707	2	【[39][66]】\nはい、ありがとうございます。
0x0003e790	2	【[39][66]】\n（いろんな[23]のパンフレットがあるわね）
0x0003e7d8	3	【[39][66]】\n（へぇ……\nこんな[298]の[23]もつくれるんだ……）
0x0003e827	4	【[39][66]】\n（でも、[299][0]《ざんしん》な[298]の[23]は[300][4]をすると\n[285]みにくくなる[301][302][101]がありそう……\nデザインをとるか、[285]みやすさをとるか[303]しいところね）
0x0003e8ce	2	【[39][66]】\n（[304]を[305][306]《ぎょうしゅく》した[307][66]が[308]いてあるわ）
0x0003e959	4	【[39][66]】\n（[167][147]コーナーみたいなものがあるわ。\nビジネスの[309][310]から[23][279]りの[78][310]まで……\nって[242]じなのかな？）
0x0003e9d1	3	【[39][66]】\n（[311][150][116][221]の[167][147]コーナーね。\n[87]も[312][313]か[314][221]させてもらってるわ）
0x0003ea62	1	[117][315][316][165]
0x0003ea6b	1	[117][315][316][165]
0x0003ea78	1	テーブル
0x0003ea7e	1	テーブル
0x0003ea88	1	[167][147]コーナー
0x0003ea91	1	[167][147]コーナー
0x0003eaaa	1	［[21][22][57][317]の[199][200]］
0x0003eac0	1	［[21][22]グループの[0][244][47]］
0x0003eada	1	［[209][22]さんのお[318][319]］
0x0003eaef	1	［[21][22][320]について］
0x0003eb02	1	［[73][321]について］
0x0003eb13	1	［[11][322][146]について］
0x0003ed68	3	【[39][66]】\n（[209][22]さんが[293]るまで、\nしばらく[99]たせてもらいましょう）
0x0003eddd	2	【[39][66]】\n…………
0x0003ee7f	2	【[209][22]】\nお[99]たせしました！
0x0003eebb	3	【[39][66]】\nすみません、お[238]《いそが》しい[209]、\n[313]々《たびたび》お[297]びして……
0x0003ef25	2	【[209][22]】\nいえ、これが[157][28]ですから。
0x0003efdb	4	【[39][66]】\n（[117][315][316][165]が[308]いてあるわ。\nさりげないインテリアにも\n[153]を[220]《つか》っているのね）
0x0003f095	3	【[39][66]】\n（[23]か……\n[323]《あこが》れるなあ……）
0x0003f0e2	3	【[39][66]】\n（でも[44][324]に[285]むなら\n[325][64]のマンションのほうが[326][314]な[36][264]もあるわよね）
0x0003f141	2	【[39][66]】\n（どっちがいいのかな……？）
0x0003f18a	3	【[39][66]】\n（[23]か……\n[323]《あこが》れるなあ……）
0x0003f211	2	【[39][66]】\n…………
0x0003f24a	3	【[39][66]】\n（……５[327]……\nなかなか[293]ないわね……）
0x0003f29a	2	【[39][66]】\n（やっぱり[328]《あや》しまれてるのかしら……？）
0x0003f352	3	【[100][101]】\nお[99]たせしました。\n[88][89][90]の[0][91][136]でしょうか？
0x0003f3a3	3	【[39][66]】\nはい。\nはじめまして、[0][91][39][66]と[92]します。
0x0003f3fe	4	【[100][101]】\nはじめまして。\n[281][2]を[109][79]しております、\n[209][22]《なかがわ》[329]《り》[189]《え》と[92]します。
0x0003f49a	2	【[39][66]】\nお[73][321]《めいし》、[330][331]《ちょうだい》いたします。
0x0003f535	2	【[209][22]】\nそれで、[115][146]はどのようなご[221][104]でしょうか？
0x0003f581	4	【[39][66]】\nはい。\n[87]、[145]の[28][104]で\n[50][51][52]《ひぎしゃ》の[88][89]を[109][79]することになりました。
0x0003f5e7	4	【[39][66]】\nそこでお[4][197]ですが、\nいくつか[332][262]《おんしゃ》について\nお[138]《うかが》いできればと[132]いまして……
0x0003f660	4	【[209][22]】\nなるほど……[294][129]《しょうち》いたしました。\nどのようなことから\nお[97]すればよろしいですか？
0x0003f6c6	4	【[39][66]】\nそうですね。\nまずは[21][22]グループの[61][62]から\nお[98]かせ[224]えますか？
0x0003f72e	2	【[209][22]】\n[294][129]《しょうち》いたしました。
0x0003f77f	4	【[209][22]】\n[333]が[21][22]グループは、\n[285][42][334][335]を[112][261][29]としまして、\nセクションごとに[327][262][336]されております。
0x0003f80e	4	【[209][22]】\nまず、お[23]を[334]てたいと[337][338]される\nお[116][136]と[178][147][167][127]するのが、\n『[21][22]ハウジング』となっております。
0x0003f88b	4	【[209][22]】\n[21][22]ハウジングはお[116][136]のライフスタイルに[264]わせ、\n[12][329]のないご[10][339]で[335][340][341][342]からご[78][310]いただけるのが\n[63][76]の[231]みとなっております。
0x0003f920	4	【[209][22]】\nそのために、[335][340][90]のエキスパートを\n[82]く[343]《かか》えている『[21][22][335][340]』と[344][345]《れんけい》をとりまして、\nお[116][136]のご[346][338]にお[167]えできる[77][347]を[348]えております。
0x0003f9c1	4	【[209][22]】\nまた、お[116][136]がお[23]を[334]てる[155]、\nご[337][338]になる[36][30]についても[349][350]《じゅうなん》に[127][167]できるよう、\n『[21][22][93][256][351]』がございます。
0x0003fa51	4	【[209][22]】\n[259][262]の[344][345]《れんけい》により、\nお[116][136]がお[338]みの[36][30]にお[338]みの[23]を\nご[352][353]できるわけです。
0x0003fabf	3	【[39][66]】\nなるほど……\n[354][355]らしいですね。
0x0003fb12	3	【[209][22]】\n[0][91][136]もいかがでしょうか？\n[88][89][90]さんであれば、マイホームなどは……
0x0003fb6f	4	【[39][66]】\nえ？\nええ、そうですね。\nそれはまたいつか……
0x0003fbc9	4	【[209][22]】\nそのときは[216]《ぜ》[217]《ひ》、\n[87]を[356][73]していただければと\n[132]います。
0x0003fc26	2	【[39][66]】\nは、はあ……
0x0003fc60	3	【[39][66]】\nあの……\n[209][22]さんは[281][2]の[158]ですよね？
0x0003fcac	3	【[39][66]】\n[281][2]の[158]は[357][261][358][256]も\n[359][286]《けんにん》されているんですか？
0x0003fd12	4	【[209][22]】\nいえ、[115][360][118]にお[97]を[361]めることに\nなりましたら、\n[109][79]の[52]をご[362][363]《しょうかい》いたします。
0x0003fd8c	3	【[209][22]】\nその[155]に、[87]のご[362][363]《しょうかい》という[298]を[15]りますので、\n[163][364]のお[116][136]にはない[203][365]がつきますよ！
0x0003fe0b	3	【[209][22]】\nここだけの[97]ですが、\n[362][363]《しょうかい》する[87]のほうにもちょっとだけ[203][365]があるんです。
0x0003fe7d	2	【[209][22]】\nですから、[216]《ぜ》[217]《ひ》！
0x0003fec2	3	【[39][66]】\n（ま、[254]ったな……\nまさか[357][261]されるとは[132]ってなかったわ……）
0x0003ff1d	4	【[39][66]】\n（でも……ここは[12][300]に[366]るより、\n[96]し[149][153]を[121]しておいたほうが、\n[1][2]を[218]き[121]しやすいかも……）
0x0003ff9e	3	【[209][22]】\nそれでは、[202]に\n[98]きたいことなどはおありでしょうか？
0x000401f8	2	【[107][108]】\nそれと……
0x00040303	2	【[39][66]】\n（これで[232][233]を[234]わりにしようかしら？）
0x000403b3	3	【[39][66]】\nそれじゃ[87]はこの[235]で[236][237]します。\nお[238]《いそが》しい[209]、ありがとうございました。
0x00040423	4	【[209][22]】\nいえ、また[216]《ぜ》[217]《ひ》いらしてください。\nそのときには[354][367]《すてき》なお[23]を[368]ぶ\nお[4][180]いができると[132]いますので。
0x0004049e	3	【[39][66]】\nわ、わかりました。\nそれでは[236][237]します。
0x000404fe	2	【[39][66]】\n（もう[96]し[97]を[98]きましょう）
0x0004054d	3	【[39][66]】\n（まだ[98]かなくちゃいけないことが[240]ってるわ。\n[154]るわけにはいかないわね）
0x000405ff	3	【[39][66]】\n[21][22]ビルで[241]られた[1][2]は\nこんな[242]じだったわ。
0x000406a0	3	【[107][108]】\n……\n[142][369]《けっこん》とご[0][370]《しんきょ》……？
0x0004071a	4	【[39][66]】\nし、[157][158]がなかったの。\nそう[58]ったほうが、\n[1][2]をもらいやすいと[132]ったんだもん。
0x000407a3	2	【[107][108]】\n……まあ、それは[56]にいいけど。
0x0004080e	4	【[107][108]】\nそれにしても、\nリフォームのときにもらった[73][321]《めいし》か……\nこれで[371]《なぞ》が[372]けたよ。
0x0004089c	3	【[107][108]】\nありがとう、[39][66]！\nこれで[373][374]に[166][375]《はんげき》できそうだ！
0x0004090e	2	【[39][66]】\n（あー、[376]《は》ずかしかった……）
0x00040957	4	【[39][66]】\n（それに、よく[59]えると……\nコウジに[2][377]する[378][346]もなかったよね、\nウソついたことまで……）
0x00040a26	2	【[107][108]】\nそれと……
0x00040a9d	4	【[107][108]】\nなるほど。\n[21][22][320]の[379][228]は[170]々、か。\n[149]々と[228][366]が[303]しいところだな。
0x00040b26	4	【[39][66]】\nそうね。\nたしかに[314]を[241]た[53][165]だけど、\nだからって[122][123][53]かと[58]えばその[380][120]《こんきょ》となるものはないし。
0x00040bc0	4	【[107][108]】\nわかった。\nでもスタンスとしては、\n[102]まで[163]り[346][381][382][53][165]ってことで[232][233]をしていこう。
0x00040c56	3	【[39][66]】\nえっと、[19]の[262][383]さん……\n[21][22][57][317]さんの[199][200]ってどんな[242]じでした？
0x00040cdc	4	【[209][22]】\n[19][262][383]ですか？\nそうですね……\nとても[384]しい[158]でした。
0x00040d57	3	【[209][22]】\nでも、[21][22]グループがここまで[76]きくなったのは、\n[19][262][383]の[4][385]《しゅわん》だと[98]いております。
0x00040dd2	3	【[209][22]】\nですから、\n[219][357][52]としてはすばらしい[158]だったと[132]います。
0x00040e26	3	【[39][66]】\n[219][357][52]としては……？\nそれじゃあ[202]になにか[150][151]があったのですか？
0x00040ea7	3	【[209][22]】\n[87]は[300]《した》っ[386]《ぱ》ですからあまり[242]じなかったですが、\n[170]の[52]たちは[149]々……っと！
0x00040f37	2	【[209][22]】\nい、[102]のは[387]れてください！
0x00040f85	3	【[39][66]】\nそうですか……\nわかりました。
0x00040fdb	3	【[39][66]】\n[21][22]グループの[0][244][47]って、\nもうどなたか[388][286]されたんですか？
0x0004105b	4	【[209][22]】\nはい。\n[115][146]、[127][273][118]にも[8][47]されると\n[132]いますが……
0x000410bf	3	【[209][22]】\n『[21][22][320]《しらかわさとる》』という[52]が\n[388][286]することになっています。
0x00041120	2	【[39][66]】\n[21][22][320]さんとは、どんな[158]ですか？
0x0004118d	3	【[209][22]】\n[21][22][320]、ですか？\n[110]は……
0x000411dd	3	【[276][277][192]】\n[236][237]いたします。\n[209][22]さん……
0x00041257	2	【[209][22]】\n……はい……はい……
0x00041298	3	【[209][22]】\nわかりました。\nすぐに[389]《もど》ります。
0x000412e1	2	【[276][277][192]】\nお[224]いします。
0x00041365	4	【[209][22]】\nすみません。\n[87]のお[116][136]にトラブルが[8][390]した\nみたいでして……
0x000413cb	2	【[209][22]】\nお[97]の[391]きはまた[20][146]でよろしいですか？
0x00041452	4	【[39][66]】\nそうですか……\nわかりました。\nそれでは[87]もこの[235]で[236][237]します。
0x000414b8	3	【[209][22]】\nすみません。\nそれではまたよろしくお[224]いします。
0x00041527	2	【[39][66]】\n……[209][22]さん、あわてて[392]って[152]ったわ。
0x00041573	2	【[39][66]】\nそれじゃ、[87]も[154]りましょう。
0x00041607	2	【[39][66]】\n……って[242]じだったわ。
0x0004166d	4	【[107][108]】\nなるほど……\nこうなってくると[153]になるのが\n[0][244][47]の『[21][22][320]』だな。
0x000416d9	4	【[107][108]】\nこう[58]っちゃなんだけど、\n[50][34][52]《ひがいしゃ》が[186]くなったことで\n[0][244][47]になれたわけだからな……
0x0004176c	3	【[39][66]】\nたしかにそうよね……\n[346][381][382]かも。
0x000417da	3	【[107][108]】\n[26]ってみた[158]が[204]さそうだな。\n[21][22][320]の[53][165][393]を……
0x00041850	2	【[39][66]】\n[209][22]さんのお[318][319]はどのくらいですか……？
0x000418c2	3	【[209][22]】\nそ、それは……\nさすがに[394][88]《かんべん》してください。
0x00041915	3	【[39][66]】\nそ、そうですよね。\nすみません、[65]なこと[98]いて。
0x00041971	2	【[209][22]】\n…………
0x000419c9	3	【[39][66]】\n[0]しく[21][22]グループのトップになった\n[21][22][320]さんについてお[138]《うかが》いしたいのですが……
0x00041a59	3	【[209][22]】\n[21][22]ですか……？\nそうですね……
0x00041adf	3	【[209][22]】\n[21][22][320]は[19][286]の[21][22][57][317]のいとこにあたる\n[53][165]です。
0x00041b46	3	【[209][22]】\n[244][47][388][286][395][396]《あいさつ》でも[92]しておりましたが、\n[0][244][47]は[260][261][280]《きぎょうかん》の[248][397]を[65]えようとしています。
0x00041bcf	3	【[209][22]】\n[102]までは『[21][22]ハウジング』をトップ[260][261]《きぎょう》として、\n[202]を[66][148][262][336]していましたが……
0x00041c4d	4	【[209][22]】\n『[21][22]ホールディングス』という[84][398][148][262]を[0]たに[399][121]し、\nその[300]に『[21][22]ハウジング』を[400]めとした\n[259][260][261]《かくきぎょう》をぶら[300]げる[298]にするそうです。
0x00041cf2	4	【[209][22]】\nこれには[102]までのように[170]からの[382][80]を\n[401]《お》しつけるのではなく、[402]の[260][261]《きぎょう》[403][90]《どうし》で\n[382][80][232][348]をしやすくする[404][118]があります。
0x00041d8c	3	【[209][22]】\nですので、グループの[244][47]という[67][36]も\n[102]までとは[168]《ちが》います。
0x00041df6	3	【[209][22]】\n[102]までは『[21][22]ハウジング』の[244][47]が\n[28][111][170]のグループ[244][47]となっていました。
0x00041e6a	4	【[209][22]】\nしかし[102][20]は\n『[21][22]ホールディングス』の[244][47]が\nグループの[244][47]となります。
0x00041ecf	3	【[39][66]】\nどうやら[0][244][47]は[35][36]の[382][80]を\n[405][406][118]に[15]り[170]げるタイプのようですね。
0x00041f30	2	【[39][66]】\nちなみに、[53][165][393]としてはどんな[158]ですか？
0x00041fa1	3	【[209][22]】\nそうですね……\n[19][244][47]よりは[153][407]にお[97]できる[242]じですね。
0x0004201e	3	【[209][22]】\n[153]さくに[408]もかけてくださいますし、\n[165][409]《ものごし》も[349]《やわ》らかい[158]です。
0x00042080	3	【[39][66]】\nなるほど……\n[410][411]なお[97]、ありがとうございます。
0x0004212d	2	【[209][22]】\n[21][22][320][244][47]は、とてもいい[158]ですよ！
0x00042196	3	【[39][66]】\n[332][262]《おんしゃ》の[73][321]《めいし》について\nお[98]きしたいのですが……
0x00042217	2	【[209][22]】\n[73][321]《めいし》、ですか……？
0x0004225d	4	【[39][66]】\nはい。\nこのデジタルカメラのモニターを\n[80]ていただけますか？
0x000422ca	2	【[209][22]】\n…………
0x00042310	3	【[209][22]】\nこの[73][321]《めいし》……[19][244][47]のものみたいですね。\nでもデザインが[412]いようですが……
0x00042378	3	【[39][66]】\nデザインが[412]い……？\nといいますと？
0x000423e8	2	【[209][22]】\n[87]がお[413]《わた》しした[73][321]《めいし》をお[84]ちですか？
0x0004243b	2	【[39][66]】\nええ、こちらですよね？
0x000424aa	3	【[39][66]】\n……なるほど、\nたしかにデザインが[168]《ちが》いますね。
0x000424fe	3	【[209][22]】\n[19][244][47]の[73][321]《めいし》は、\n８[7][19]まで[414]われていたものですね。
0x0004255a	4	【[209][22]】\n[415][416]が[65]わって２００１[7]に\n[73][321]《めいし》のデザインをリニューアルしたので、\nデザインが[168]《ちが》っているんです。
0x00042608	4	【[39][66]】\n（……ってことは、\nコウジが[50][34][52]《ひがいしゃ》と[148]ったのは\n[96]なくとも８[7][169][170][19]……）
0x00042685	3	【[209][22]】\nところで、そろそろ[0][91][136]のご[0][370]《しんきょ》のお[97]を\n[417][77][336]《ぐたいか》しませんか……？
0x000426f1	3	【[39][66]】\nええっ！？\nちょ、ちょっと、それは、まだ……
0x0004274c	4	【[209][22]】\nでは、せめて[418][116][1][2]《こきゃくじょうほう》として\n[419][262]《へいしゃ》にご[420][421]させて\nいただけませんか？
0x000427c8	4	【[209][22]】\n[418][116][1][2]《こきゃくじょうほう》はずっと[240]りますので、\n[422][293][118]にあらためてご[0][370]《しんきょ》をお[59]えのとき\nすぐにご[127][167]できますよ！
0x0004284b	3	【[39][66]】\n[418][116][1][2]《こきゃくじょうほう》……？\n……それだわっ！
0x000428a2	4	【[39][66]】\nすみません、\n[232]べてもらいたいことが\nあるんですけどっ！
0x000428ff	3	【[209][22]】\nは、はいっ！？\nなんでしょう！
0x00042943	4	【[39][66]】\n[418][116][1][2]《こきゃくじょうほう》に、[105][106][107][108]……\nもしくは[105][106][243][244]の[73][19]が[240]っていないか\n[232]べていただけませんか！？
0x000429e9	4	【[209][22]】\nえっと……\nその[158]は[0][91][136]と\nどのようなご[215][253]ですか……？
0x00042a42	2	【[39][66]】\nえっ……？
0x00042aa1	3	【[209][22]】\n[247][102]《さっこん》は[423][53][1][2]の[15]《と》り[424]《あつか》いについて、\n[149]々とうるさいので……
0x00042b0d	3	【[39][66]】\n（ど、どうしようかしら……？\n[50][51][52]《ひぎしゃ》ってそのまま[58]っていいのかな……？）
0x00042b76	2	【[39][66]】\n…………
0x00042baf	2	【[39][66]】\n（えーい、ウソも[158][326]《ほうべん》よね！）
0x00042bfb	3	【[39][66]】\nえ、えっと……\nわ、[87]の、[425][53]《こいびと》です、[105][106][107][108]は……
0x00042c68	3	【[209][22]】\nああ！\nご[142][369]《けっこん》を[10][11]されているということですか！？
0x00042cc0	3	【[39][66]】\nえ、ええ……\nそんなところです……
0x00042d14	3	【[209][22]】\nご[142][369]《けっこん》を[274]にご[0][370]《しんきょ》ということですね！\nおめでとうございます。
0x00042d78	2	【[39][66]】\nあ、ありがとうございます……
0x00042dba	4	【[39][66]】\nあ、あの、それでですね……\nもしかしたら[110]の[73][19]か[110]のお[250]さんの[73][19]で、\n[418][116][1][2]《こきゃくじょうほう》が[240]っているのではないかと[132]いまして……
0x00042e48	3	【[39][66]】\n[145]ほどの[73][321]《めいし》ですが、\n[110]が[84]っていたものなんです。
0x00042eac	3	【[209][22]】\n[294][129]《しょうち》いたしました。\nそれではすぐに[232]べて[254]ります。
0x00042f26	2	【[39][66]】\n…………
0x00042f5f	2	【[39][66]】\n（ごめんなさい、[209][22]さん！）
0x00042ff5	3	【[209][22]】\nお[99]たせしました。\nたしかに[105][106][243][244][136]の[73][19]で[420][421]されておりました。
0x00043061	3	【[209][22]】\nどうやら[102]から９[7]ほど[19]に\nお[23]をリフォームされていたようですね。
0x000430c7	4	【[39][66]】\nリフォーム！\nなるほど、\nそのときに[262][383]さんと[148]っていたわけですね。
0x0004312d	2	【[209][22]】\nええ、[419][262]《へいしゃ》の[244][47]と[426][244][47]がご[395][396]《あいさつ》に[138]《うかが》っていたようです。
0x000431a6	4	【[209][22]】\n[19][244][47]が[423][53]のお[116][136]と\n[178][147][148]う[274][148]はあまりなかったんですが、\nどうやらお[241][382][136]だったようですね。
0x00043226	2	【[209][22]】\nそれで、[0][91][136]のご[0][370]《しんきょ》のお[97]ですが……
0x0004327a	3	【[39][66]】\nあっ……えっと、それはまた、\n[110]と[57][427]《いっしょ》に[293]た[428]にでも……
0x000432e6	4	【[209][22]】\nあっ、そうですね。\nでは[216]《ぜ》[217]《ひ》、\n[107][108][136]とのご[293][262]をお[99]ちしております。
0x0004334e	3	【[39][66]】\nえ、ええ……\nそうできるといいんですけどね……
0x000433c5	2	【[209][22]】\n[107][108][136]とのご[293][262]を[160]よりお[99]ちしております。
0x00043414	2	【[39][66]】\nは、はあ……
0x00043455	2	【[39][66]】\nこちらの[11][322][146]について[176]えてもらえますか？
0x000434c6	3	【[209][22]】\nはい。\n[429][430][146]が[11][322][146]となっております。
0x00043521	2	【[209][22]】\nはい。[431][430][146]が[11][322][146]となっております。
0x000435d0	1	[21][22]ビル[81][235]
0x000435dc	1	[21][22]ビル[81][235]
0x000435ec	1	[21][22]ビル
0x000435f4	1	[21][22]ビル
0x00043725	3	【[39][66]】\n（[21][22]ビルに[71]いたわ。\nどうしようかしら？）
0x000438f7	3	【[39][66]】\n（[76]きなビル……\nでも[85][86]《あっとう》されてる[36][264]じゃないわ）
0x00043952	2	【[39][66]】\n（[153]を[218]《ひ》き[263]《し》めて[232][233]しないと）
0x000439a8	2	【[39][66]】\n（オフィス[265]ね）
0x000439e4	3	【[39][66]】\n（[21][22]ビルに[275]けないくらい\n[76]きなビルが[266]んでるわ）
0x00043a78	1	パンフレット
0x00043a80	1	パンフレット
0x00043a8c	1	[167][147]コーナー
0x00043a95	1	[167][147]コーナー
0x00043aa2	1	ロビー
0x00043aa7	1	ロビー
0x00043dc3	2	【[39][66]】\n（いろんな[23]のパンフレットがあるわね）
0x00043e0b	3	【[39][66]】\n（へぇ……\nこんな[298]の[23]もつくれるんだ……）
0x00043e5a	4	【[39][66]】\n（でも、[299][0]《ざんしん》な[298]の[23]は[300][4]をすると\n[285]みにくくなる[301][302][101]がありそう……\nデザインをとるか、[285]みやすさをとるか[303]しいところね）
0x00043ef5	2	【[39][66]】\n（[304]を[305][306]《ぎょうしゅく》した[307][66]が[308]いてあるわ）
0x00043f4f	3	【[39][66]】\n（[311][150][116][221]の[167][147]コーナーね。\n[87]も[312][313]か[314][221]させてもらってるわ）
0x00043fb5	2	【[39][66]】\n（[278]《ふ》き[175]《ぬ》けが[31]くて、[283]るい……）
0x00044007	3	【[39][66]】\n（お[116]さんに[289][160][242]を[290]《あた》える[279]りに\nなってるのね）
0x000440a0	3	【[39][66]】\nすみません。\n[87]、[88][89][90]の[0][91][39][66]と[92]します。
0x000440f4	3	【[39][66]】\n[21][22][335][340]の[24][12][429][432][433]さんと\nお[97]がしたいのですが……？
0x0004414d	3	【[276][277][192]】\n[24][12][429]ですね。\n[96]々お[99]ちくださいませ。
0x000441a6	2	【[39][66]】\n…………
0x000441df	2	【[39][66]】\n…………
0x00044222	4	【[276][277][192]】\nお[99]たせいたしました。\n[137][102]《ただいま》[254]りますので、\nあちらの[167][147]コーナーでお[99]ちください。
0x0004428f	2	【[39][66]】\nはい、ありがとうございます！
0x0004431a	3	【[39][66]】\n（[102][146]は[21][22][320][244][47]に[97]を[98]かないと\nいけないわけよね……）
0x00044375	3	【[39][66]】\n（う～\n[434][113]《きんちょう》するなあ……）
0x000443c2	4	【[39][66]】\n（……って[58]ってる[36][264]じゃないわね。\nまずは[148]ってもらえるように、\n[276][277]に[15]り[16]いでもらわないと……）
0x00044467	4	【[39][66]】\nすみません。\n[87]、[88][89][90]の[0][91][39][66]と[92]します。\n[21][22][320]さんはいらっしゃいますか？
0x000444d0	3	【[276][277][192]】\n[21][22]、ですか？\nアポイントはございますでしょうか？
0x00044522	4	【[39][66]】\n（そ、そうよね……\nこんな[76][148][262]の[244][47]なんだから、\n[28][19]のアポイントが[378][346]よね……）
0x0004458f	3	【[39][66]】\n（……でも、\nここで[218]き[300]がるわけにはいかないわ！）
0x000445e2	4	【[39][66]】\nアポイントはありませんが、\n[145][146]の[28][104]についてお[138]《うかが》いしたいことが\nありまして……
0x0004464a	2	【[276][277][192]】\n……[96]々お[99]ちください。
0x00044699	3	【[39][66]】\n（お[99]ちするから、[148]ってください……\nお[224]い！）
0x000446eb	2	【[39][66]】\n…………
0x0004472e	3	【[276][277][192]】\n……お[99]たせ[435]《いた》しました。\nご[436][324][435]《いた》します。
0x00044789	3	【[39][66]】\nえっ……？\n[148]ってくれるんですか？
0x000447d0	3	【[276][277][192]】\nはい。\nこちらへどうぞ。
0x00044842	2	【[39][66]】\n（い、[58]ってみるもんね……！）
0x000448a9	2	【[39][66]】\n[102][146]こそは[24][12][429]さんにお[97]を[98]かないと……
0x000448f8	3	【[39][66]】\n……お[224]い！\n[102][146]こそいてください……！！
0x00044979	3	【[39][66]】\nすみません。\n[87]、[88][89][90]の[0][91][39][66]と[92]します。
0x000449cd	3	【[39][66]】\n[21][22][335][340]の[24][12][429][432][433]さんは\nいらっしゃいますか？
0x00044a20	3	【[276][277][192]】\n[24][12][429]ですね。\n[96]々お[99]ちくださいませ。
0x00044a79	2	【[39][66]】\n…………
0x00044abc	4	【[276][277][192]】\nお[99]たせいたしました。\n[137][102]《ただいま》[254]りますので、\nあちらの[167][147]コーナーでお[99]ちください。
0x00044b29	2	【[39][66]】\nはい、ありがとうございます！
0x00044b9b	3	【[39][66]】\n（[204]かった、[102][146]はいたみたいで……\n[149]々とお[97]を[98]かないとね！）
0x00044c44	3	【[39][66]】\nすみません。\n[87]、[88][89][90]の[0][91][39][66]と[92]します。
0x00044c98	3	【[39][66]】\n[21][22][335][340]の[24][12][429][432][433]さんは\nいらっしゃいますか？
0x00044ceb	3	【[276][277][192]】\n[24][12][429]ですね。\n[96]々お[99]ちくださいませ。
0x00044d44	2	【[39][66]】\n…………
0x00044d7d	2	【[39][66]】\n…………
0x00044dc0	2	【[276][277][192]】\nお[99]たせいたしました。
0x00044e00	4	【[276][277][192]】\n[92]し[437]ございませんが、\n[137][102]《ただいま》[24][12][429]は[273][121]しておりまして、\n[389]《もど》りの[428][280]はわからないとのことでして……
0x00044e80	2	【[39][66]】\nえっ、そうなんですか……？
0x00044ec2	3	【[276][277][192]】\n[92]し[437]ございません。\nご[180][58][438]があれば[294]りますが……？
0x00044f1a	4	【[39][66]】\nいえ、[203]に[180][58]はありません……\nそれではまた\nあらためてお[138]《うかが》いいたします。
0x00044f7e	2	【[276][277][192]】\n[294][129][435]《しょうちいた》しました。
0x00044fc6	2	【[39][66]】\nそれでは[236][237][435]《いた》します。
0x0004503c	3	【[39][66]】\n（……いないんじゃ、[157][158]ないわね。\nどうしようかしら……）
0x00045094	2	【[209][22]】\nあれ、[0][91][136]……？
0x000450d5	2	【[39][66]】\nえっ……？
0x00045127	2	【[39][66]】\nあっ、[209][22]さん。
0x00045171	3	【[209][22]】\nああ、ちょうど[204]かった！\n[0][91][136]とお[97]がしたいと[132]っていたんです。
0x000451cc	3	【[39][66]】\n（あ……\nお[97]ってまさか、[0][370]《しんきょ》の……！？）
0x00045232	2	【[209][22]】\nお[428][280]は[76][287][288]《だいじょうぶ》ですか……？
0x00045281	3	【[39][66]】\n[76][287][288]《だいじょうぶ》と[58]えば\n[76][287][288]《だいじょうぶ》ですけど……でも……
0x000452f1	2	【[209][22]】\nでは、あちらの[167][147]コーナーに[152]きましょう！
0x0004533c	2	【[39][66]】\nえっ……は、はい……
0x00045395	3	【[39][66]】\n（……ま、いいか。\nせっかく[293]たんだし、[209][22]さんから[96]し[97]を[98]きましょう）
0x0004546c	1	[117][315][316][165]
0x00045475	1	[117][315][316][165]
0x00045482	1	テーブル
0x00045488	1	テーブル
0x00045492	1	[167][147]コーナー
0x0004549b	1	[167][147]コーナー
0x000454b4	1	［[24][12][429][432][433]について］
0x000454cb	1	［[312]か[153]がついた[28]］
0x000454df	1	［[24][12][429][432][433]のアリバイ］
0x000454f8	1	［[50][34][52]と[24][12][429][432][433]の[215][253]］
0x00045517	1	［[50][34][52]と[24][25][440][441]の[215][253]］
0x00045534	1	［[50][34][52]と[37][38][442][443][444]の[215][253]］
0x00045553	1	［[24][12][429][432][433]と[21][22][320]の[215][253]］
0x00045572	1	［ゲーム[445]のレバーを[446]した[104]］
0x0004558d	1	［[21][22][57][317]について］
0x000455a2	1	［プレイしたゲームについて］
0x000455b9	1	［[11][322][146]について］
0x00045874	3	【[209][22]】\n[198][447]ですが、[0][91][136]。\nご[0][370]《しんきょ》のお[97]ですが……
0x000458ce	3	【[39][66]】\n（もうここは、\nハッキリと[58]ったほうがいいわね）
0x0004591b	3	【[39][66]】\nあ、あの……\nその[104]なんですが……
0x00045970	2	【[209][22]】\nはい！
0x000459a5	3	【[39][66]】\nしばらくは、\n[0][370]の[10][11]はありませんので……
0x00045a00	2	【[209][22]】\nえっ、そうなんですか？
0x00045a3e	4	【[39][66]】\nあ、はい……\n[149]々とドタバタしておりまして、\n[102]はそれどころではなくて……
0x00045ac5	2	【[209][22]】\nそうですか……
0x00045aff	3	【[39][66]】\n（うわぁ……\nあからさまにショボーンとしてるわ……）
0x00045b51	4	【[39][66]】\nあの……いつか[0][370]を[334]てるときには、\n[216]《ぜ》[217]《ひ》、[209][22]さんにご[344][448]《れんらく》したいと[132]いますので、\nそのときはよろしくお[224]いします！
0x00045c02	4	【[209][22]】\nえっ……\nそ、そうですか？\n[449][450]ですよ？
0x00045c4e	2	【[39][66]】\nえ、ええ。
0x00045c86	3	【[39][66]】\n（……[451]に[452][153]になったわ。\n[35][83]な[53]ね……）
0x00045cda	4	【[39][66]】\n（まあ、それはいいとして、\nせっかくだから[24][12][429]さんの[379][228]とか\n[98]いてみようかな？）
0x00045d40	2	【[39][66]】\n[96]しお[97]してもよろしいですか？
0x00045d90	2	【[209][22]】\nはい、[76][287][288]《だいじょうぶ》ですよ。
0x00045dd9	2	【[39][66]】\nでは……
0x00045e1b	3	【[39][66]】\n（[24][12][429]さんが[293]るまで、\nしばらく[99]たせてもらいましょう）
0x00045e92	2	【[39][66]】\n（…………）
0x00045f3a	2	【[432][433]】\nアンタがオレを[297]び[121]した[88][89][90]さん？
0x00045f83	4	【[39][66]】\nあっ、そうです。\nはじめまして。\n[87]、[88][89][90]をしております[0][91][39][66]と[92]します。
0x0004600f	2	【[432][433]】\n[88][89][90]……[193]の[28][104]の？
0x00046054	4	【[39][66]】\nはい。\n[87]、[50][51][52]《ひぎしゃ》の[105][106][107][108]さんの[88][89]を[109][79]しておりまして、\n[96]しお[97]を[138]《うかが》いたいのですが、よろしいですか？
0x00046101	2	【[432][433]】\n……どうぞ。
0x0004613b	3	【[39][66]】\nありがとうございます。\nそれでは……
0x0004619f	2	【[432][433]】\nどうもお[99]たせ、[88][89][90]さん。
0x000461e4	2	【[39][66]】\nあっ、わざわざお[428][280]を[15]らせてすみません。
0x00046255	3	【[432][433]】\nいいよ、[88][89][90]さん、[187][53]だから。\nで、[102][146]はどんな[97]？
0x0004647d	3	【[39][66]】\n（ガラステーブルね。\nとても[31]そう）
0x000464cd	3	【[39][66]】\n（[312][453]か[454]ち[264]わせ[209]の\nグループがあるわ）
0x000467d1	2	【[39][66]】\n（これで[232][233]を[234]わりにしようかしら？）
0x000468ba	3	【[39][66]】\nそれでは、[87]はこの[235]で[236][237]します。\nお[238]《いそが》しい[209]ありがとうございました。
0x00046943	4	【[209][22]】\nいえ、また[216]《ぜ》[217]《ひ》いらしてください。\nそのときには[354][367]《すてき》なお[285]まいづくりの\nお[4][180]いができると[132]いますので。
0x000469c0	3	【[39][66]】\nわ、わかりました……\nそれでは[236][237]します。
0x00046a4a	2	【[100]の[66]】\nキャハハ！
0x00046a9b	3	【[39][66]】\n（……[452][153]な[100]の[66]ね。\n[309][310]に[293]てる[23][60]の[66]かな……？）
0x00046afa	4	【[39][66]】\n（あれ、でもあの[66]、\nエレベータの[158]に[267]かっていったけど……\nもしかして[262][455]の[66]なのかな？）
0x00046b82	3	【[39][66]】\n（あっ、もしかして、\n[110][100]が[456]《うわさ》のよしもとゆみちゃんかな？）
0x00046bde	2	【[39][66]】\n（……[457][458]すればよかった）
0x00046c32	3	【[39][66]】\n（あっ、もしかして\n[110][100]が[459][115]ユミちゃんかな？）
0x00046c83	4	【[39][66]】\n（……でもそうだとしたら、\n[24][25]さんの[460]《むすめ》さんが\nなんでこんなところに[293]てるんだろう……？）
0x00046cf3	2	【[39][66]】\n（……[457][458]すればよかった）
0x00046d37	2	【[39][66]】\n（ずいぶんと[41][461]な[462][463]《かんきょう》の[148][262]なのかも……）
0x00046d8f	4	【[39][66]】\n（でも、[41][461]に[3]って[293]やすい[462][463]《かんきょう》を\n[348]えているからこそお[116]さんも\nたくさん[3]ってくるのかもしれないわね）
0x00046e08	2	【[39][66]】\n（さすが[76][260][261]《だいきぎょう》は[168]《ちが》うわね）
0x00046e64	2	【[39][66]】\n（…………）
0x00046ea1	2	【[39][66]】\n（あれ、でも[87]たち[169][273]、[205]《だれ》もいないわね）
0x00046ef3	3	【[39][66]】\n（[273]から[3]って[293]ちゃったのかな？\n１[342]だけなら[41][461]に[3]ってこられるみたいだしね）
0x00046f57	4	【[39][66]】\n（そういう[3]りやすい[462][463]《かんきょう》を[348]えているからこそ\nお[116]さんもたくさん[3]ってくるのかもしれないわ。\nさすが[76][260][261]《きぎょう》は[168]《ちが》うわね）
0x00046fee	2	【[209][22]】\n[236][237]します、[0][91][136]。
0x00047030	2	【[39][66]】\nはい、なんでしょう？
0x0004706d	2	【[209][22]】\n[276][277]の[52]から[98]いたんですが、[137][102]《ただいま》、[24][12][429]が[389]《もど》ってきたとのことです。
0x000470d8	2	【[209][22]】\nお[297]びしましょうか？
0x00047115	2	【[39][66]】\nあ、それならお[224]いします！！
0x00047158	2	【[209][22]】\n[294][129][435]《しょうちいた》しました。それではしばらくお[99]ち[300]さい。
0x000471b0	2	【[39][66]】\n（[154]ろうとしたところに……ラッキーだったわ）
0x00047201	2	【[39][66]】\n（もう[96]し[97]を[98]きましょう）
0x000472c0	3	【[39][66]】\nそれでは、[87]はこの[235]で[236][237]します。\nお[238]《いそが》しい[209]ありがとうございました。
0x00047349	4	【[432][433]】\nいいよ。\nまたなんか[98]きたいことがあったら、\nいつでも[293]て。
0x000473aa	2	【[432][433]】\nこっちもいい[153][327][464][465]《きぶんてんかん》になるからさ。
0x000473fb	3	【[39][66]】\nはい。\nそのときはよろしくお[224]いします。
0x00047448	2	【[39][66]】\n（もう[96]し[97]を[98]きましょう）
0x0004749f	3	【[39][66]】\n（まだ[98]かなくちゃいけないことが[240]ってるわ。\n[154]るわけにはいかないわね）
0x00047552	3	【[39][66]】\n[21][22]ビルで[241]られた[1][2]は\nこんな[242]じだったわ。
0x000475ce	2	【[107][108]】\nまずは[281][2]さんの[24][12][429]についての[97]だけど……
0x0004762a	4	【[107][108]】\n[248][455][99][466]《やくいんたいぐう》で[467][468]か……\nそこまで[262][324]の[379][469]が[31]いとは[132]わなかったな。\nそりゃ、[102]の[244][47]が[297]《よ》び[389]《もど》すわけだ。
0x000476c5	3	【[39][66]】\n[0][244][47]の[21][22][320]さんが[388][286]することは１[7][19]から[470]まっていて、\nその[428]から[110]を[297]《よ》び[389]《もど》すつもりでいたらしいわ。
0x0004776b	2	【[107][108]】\n…………
0x000477b1	2	【[107][108]】\nそれは、なんか[471]《にお》うな。
0x00047802	4	【[107][108]】\n１[7][19]から[21][22][320]が[24][12][429]を\n[297]《よ》び[389]《もど》そうとしていたってことは、\nその[472]《ころ》から[467][468]の[97]があったってことだよな？
0x00047893	3	【[39][66]】\nでも、それについて[24][12][429]さんは、\nただの[473][474]《ぐうぜん》って[58]っていたわ。
0x00047900	4	【[107][108]】\nなるほど。\n[24][12][429]と[148]った[146]に[50][34][52]《ひがいしゃ》が\n[33]されたのはただの[473][474]《ぐうぜん》、ね。
0x0004797d	2	【[107][108]】\n……[178][147][110]と[97]がしたいところだな。
0x00047a0b	3	【[107][108]】\nなるほど。\nただの[473][474]《ぐうぜん》、ね。
0x00047a63	3	【[107][108]】\nまあ、どちらにしろ、\n[115][53]はそう[58]うしかないよな。
0x00047ad9	2	【[39][66]】\nそうよね……
0x00047b38	4	【[107][108]】\n[41][327]の[93][314]になるようなことまですべて[97]してくれたけど、\n[116][117][118]な[119][58]、[119][120]《しょうこ》が[121]ない[475]り、\n[174][221]はできない……
0x00047be1	2	【[39][66]】\n…………
0x00047c40	4	【[107][108]】\n[24][12][429]が[58]ってた、\nＶＩＰルームの[163][476]を[121]てきた[477]ってのは、\nおそらく[37][38][88][89][90]のことだろう。
0x00047ce4	4	【[107][108]】\nたしか[37][38][88][89][90]は２３[428][478]ぎに[35][36]に[71]いて、\nＶＩＰルームで５[327]くらい\n[454]ち[264]わせをしたって[58]ってたよな？
0x00047d6d	4	【[107][108]】\nざっくりと[59]えて、\n[272]に[3]りＶＩＰルームに[3]る[4][391]きをして、\n[37][38][88][89][90]が[121]て[152]くまで[449]１０[327]と[59]えよう。
0x00047e11	4	【[39][66]】\nそう[59]えれば、ＶＩＰルームの[163][476]から[121]てきた\n[30][383]を[80]た[24][12][429]さんは２３[428]１０[327][472]《ごろ》に\nＶＩＰルームに[3]り、０[428][472]《ごろ》に[121]たってことね。
0x00047ec1	4	【[107][108]】\nそして[24][12][429]の[58][315]を[174][221]すれば、\nそのあとはゲームセンターに[152]った……ってことか。\nなるほど……
0x00047f50	4	【[107][108]】\nそれじゃ、\nゲームセンターに[152]って[24][12][429]を[404][375]《もくげき》した[53]がいないか\n[124][277]けを[15]ってきてくれないか？
0x00047fd1	2	【[39][66]】\nえぇ、[479][372]《りょうかい》。
0x0004803f	3	【[107][108]】\n[37][38][88][89][90]は[312][428][472]《ごろ》にＶＩＰルームを\n[121]たんだろう？
0x000480a8	3	【[107][108]】\nそれがわかれば[24][12][429]のアリバイも、\nおおよそわかるんだけどな…………
0x00048149	2	【[107][108]】\nそれで、[127][480][78][4]はなんて？
0x000481b3	3	【[39][66]】\nええ、[119][58]してくれたわ。\n０[428]１０[327][472]《ごろ》から０[428]５０[327][472]《ごろ》まで[127][480]してたって。
0x0004824c	4	【[107][108]】\nこれで[24][12][429][432][433]のアリバイが[119][283]されたわけか！\n……ったく、[275]《ま》けず[481]《ぎら》いが、\n[4][280]かけさせやがって。
0x0004831a	4	【[107][108]】\nでも、ちょっと[153]になるのが、\n[21][22][57][317]の[47][1]が\n[122][482]に[80]えたという[97]だな……
0x0004838d	3	【[39][66]】\nでも、[110]には\nそんなウソをつくメリットがないわよ。
0x000483e7	2	【[107][108]】\nそうだよな……
0x00048467	2	【[39][66]】\n[24][12][429][432][433]さんってご[183]じですか？
0x000484d5	4	【[209][22]】\nええ、[129]っていますよ。\n[21][22][335][340]に[467][468]した[158]ですよね？\n[262][324]でも[483][73]な[158]ですし。
0x0004853f	2	【[39][66]】\n[483][73]……と[58]いますと？
0x000485a7	4	【[209][22]】\n[145][484]《せんぱい》から[98]いたことがあったんです。\n[169][19]、[19][244][47]とトラブルがあって[485]めた\n[486][385]《すごうで》の[335][340][90]がいたって。
0x0004864f	4	【[209][22]】\nその[158]が[467][468]するとのことでしたから、\n[145][484]《せんぱい》が[487]んでいました。\n[333]が[262]の[63][234][488][489]が[490]《よみがえ》ったって。
0x000486cc	3	【[39][66]】\nへえ……\nそんなにスゴい[53]なんですか、[24][12][429][432][433]さんは。
0x00048731	4	【[209][22]】\nはい。\n[299][0]《ざんしん》なものから[180][491][118]なデザインまで、\nどんな[334][165]にも[127][167]しますし……
0x000487ab	4	【[209][22]】\nなによりも[354][355]らしいのが、どんなに[492][175]《きばつ》なデザインでも、\n[285]む[53]の[67][36]に[67]って、[107]や[206][153]の[493]れ、\nそして[494][495][101]《たいしんせい》に[63][76][475]の[171][172]《はいりょ》がなされている[496]です。
0x0004887d	4	【[209][22]】\nもちろん、[335][340][90]たる[52]、[79][474][171][172]《はいりょ》すべき[496]なんですが、\nどうしてもいずれかを[201][145]するために、\n[82][96]の[497][498]《ぎせい》が[121]てしまうもんなんですが……
0x00048913	3	【[39][66]】\n[24][12][429]さんの[335][340]には、\nそれがほとんどない……
0x00048963	4	【[39][66]】\nそういった[496]が、\nお[116]さんにも[262][324]の[53]たちにも\n[174][75]《しんらい》されているわけですね。
0x000489ef	4	【[209][22]】\nええ、その[163]りです。\n[248][455][99][466]《やくいんたいぐう》で[467][468]したことについても、\n[262][324]から[93][499]があがったことはありません。
0x00048a6b	3	【[39][66]】\nえっ？\n[248][455][99][466]《やくいんたいぐう》なんですか？
0x00048ac8	3	【[209][22]】\nええ。\nデザイン[291][49]の[291][49][16][383]となっております。
0x00048b1b	2	【[39][66]】\nそうだったんですか……
0x00048b7f	4	【[209][22]】\nなんでも、\n[0][244][47]がトップに[67]つことは１[7][19]から\n[340][500]されていたらしいんですが……
0x00048c14	3	【[209][22]】\nそのときから[0][244][47]は\n[110]を[297]《よ》び[389]《もど》すことを[470]めていたとの[456]《うわさ》です。
0x00048c8d	3	【[209][22]】\nでも、[111][131]をあらためて[501][80]して、\nそれも[502][241]です！
0x00048ced	3	【[209][22]】\n[0][91][136]がご[0][370]を[334]てられるときは、\n[24][12][429]を[457][503]させていただきますよ！
0x00048d4e	3	【[39][66]】\nえ、ええ。\nそのときはよろしくお[224]いします……
0x00048dec	4	【[209][22]】\n[24][12][429]は、\n[333]が[262]が[41][174]を[84]ってオススメできる\n[335][340][90]ですよ！
0x00048e5c	3	【[39][66]】\n[63][64]、[262][324]で[8][390]した[150][151]などは\nありませんか？
0x00048ed4	2	【[209][22]】\nトラブルなんて、[146][364][504][505][28]ですよ。
0x00048f2b	4	【[209][22]】\nお[116][136]にとっても\n[57][390]で[57][506][76]きな[507]い[165]になるわけですし、\nそれも[435]《いた》し[158]《かた》ないかなと[132]っています。
0x00048fa4	2	【[39][66]】\nなるほど。
0x00048fdb	3	【[39][66]】\n（[115][79]は[28][104]の[97]を[98]きたかったけど、\n[110][100]が[129]ってるわけないか……）
0x00049043	3	【[39][66]】\n[24][12][429]さんが[28][104][79][146]ライトブルーに[71]いてから、\nどういう[152][256]をとったのか[176]えてもらえますか？
0x000490d6	3	【[432][433]】\nまた[97]すの？\nこの[19]も[115][53]に[178][147][176]えたんだけど？
0x00049128	3	【[39][66]】\n[92]し[437]ないですが、\nもう[57][313]お[97]いただけますか？
0x0004919e	4	【[432][433]】\n[157][158]ないなあ。\nま、いいや。\n[187][53][88][89][90]さんの[75]《たの》みだしね！
0x000491fd	2	【[39][66]】\n…………
0x00049236	4	【[39][66]】\n（……[486][385]《すごうで》の[335][340][90]って[98]いてたから、\nもっと[122][508][404]な[53]を[509][393]してたんだけど、\n[397]と[407]い[53]なのね……）
0x000492b7	3	【[39][66]】\n（それとも、ツラい[121][293][28]を[510]《の》り[511]《こ》えて、\n[101][360]が[65]わっちゃったのかな……？）
0x0004934a	3	【[432][433]】\n……ん？\nどうしたの、[88][89][90]さん？
0x00049394	3	【[39][66]】\nいえ、なんでもありません。\nでは、[79][146]の[152][256]を[176]えてもらえますか？
0x00049415	2	【[432][433]】\nんじゃ、あの[272]についたところからでいいのかな？
0x00049460	2	【[39][66]】\nはい、そこからでお[224]いします。
0x000494b0	4	【[432][433]】\nん～、そうだなあ。\nとりあえず、[21][22]さんに[297]ばれて\nあのお[272]に[152]きました。
0x00049536	3	【[432][433]】\nあっ、[428][340]は[84]たない[112][512]なんで、\n[513][457]な[428][280]はわからないよ。
0x00049591	4	【[39][66]】\n……そうですか。\nでは、[98]き[158]を[65]えますが、\n２３[428]にはお[272]に[71]いていましたか？
0x0004961e	2	【[432][433]】\nいや、もう[96]し[194]《おそ》かったんじゃないかな。
0x00049678	4	【[432][433]】\nそういえば、\nちょうどＶＩＰルームに[267]かう[163][476]から\n[477]の[53]が[121]て[152]くところだったな。
0x000496df	3	【[39][66]】\n[477]の[53]？\nそれは[205]《だれ》ですか？
0x00049734	3	【[432][433]】\nそれはわからないな。\nどこかで[80]たことがある[53]だったけど……
0x00049795	4	【[432][433]】\nんで、そのまま[272]のＶＩＰルームに[3]って、\n[110]と[97]をしたんだ。\n１[428][280][514]くらいかな？
0x000497fe	2	【[39][66]】\n（……ということは、５０[327][19][20]ってとこかな？）
0x00049851	2	【[39][66]】\nそのあいだ、ずっとＶＩＰルームにいたんですか？
0x000498ab	4	【[432][433]】\nうん、そうだね。\n[515][209]《とちゅう》、[21][22]さんは[312][313]かトイレに[152]ってたけど。\n[7]をとるとトイレが[64]くなるってホントだね。
0x00049933	3	【[432][433]】\nで、[97]が[234]わってＶＩＰルームを[121]て、\n[154]りしなにゲーセンに[516]ったんだ。
0x00049997	2	【[39][66]】\nゲームセンター、ですか？
0x000499e4	4	【[432][433]】\nあのバーから５[327]くらい[517]いたところにある\n『アミューズハウス』ってとこ。\nちょうど[325]へ[267]かう[515][209]《とちゅう》だったんでね。
0x00049a60	2	【[39][66]】\nでも、それを[119][283]できる[53]はいないというお[97]でしたよね？
0x00049ad8	3	【[432][433]】\nそうだね。\n[119][283]のしようがない。
0x00049b1d	3	【[39][66]】\nゲームセンターに[516]ってプレイしたゲームは\nどんなゲームでしたか？
0x00049b9a	3	【[432][433]】\nああ、[518]いけど、\nそれは[176]えたくないね。
0x00049be4	2	【[39][66]】\nどうしてですか？
0x00049c44	3	【[432][433]】\n[195]に[98]くけど、\nそんなこと[98]いてどうするつもり？
0x00049c92	3	【[39][66]】\nいえ……もしかしたらプレイデータとか\n[240]っているかと[132]いまして……
0x00049cf9	3	【[432][433]】\nそんなプレイデータが[240]るようなゲームは\n[96]なくともプレイしていないよ。
0x00049d6c	3	【[39][66]】\n（ダメか……\nでも、ここであきらめるわけにもいかないわね）
0x00049dc0	3	【[39][66]】\nえっと、[57]つお[224]いがあるんですが、\nよろしいですか？
0x00049e36	3	【[432][433]】\nなに？\nオレとゲームの[14][275]がしたいの？
0x00049e7f	3	【[39][66]】\nいえ、[168]《ちが》います。\n[144][122]を１[519][520]《と》らせてもらいたいのですが？
0x00049f04	4	【[432][433]】\n[144][122]って、オレの？\nまあ、[144][122]くらいならいいよ。\nどうぞ。
0x00049f5b	2	【[39][66]】\nでは。
0x00049f9a	2	【[39][66]】\nありがとうございました。
0x00049ff2	4	【[39][66]】\n[98]いた[97]では、\n[50][34][52]《ひがいしゃ》と[24][12][429]さんの[215][253]は\nあまり[204]くなかったとのことでしたが……？
0x0004a08a	3	【[432][433]】\nお。\nズバリ[98]くね？
0x0004a0ca	2	【[39][66]】\nすみません。
0x0004a128	3	【[432][433]】\nいや、かまわないよ。\nぶっちゃけ、そうだったし。
0x0004a19b	4	【[432][433]】\nこういっちゃなんだけど、\n[157][28]、しやすいよ。\n[521][340]なタンコブがなくなったわけだしね。
0x0004a1ff	2	【[39][66]】\n（それはさすがに[58]い[478]ぎじゃ……）
0x0004a247	3	【[39][66]】\n[111]は[102]、[259][215][253][52]のアリバイと、\n[59]えられる[256][274]を[26]っていまして……
0x0004a2ce	4	【[432][433]】\nははは、なるほど。\nそういった[382][55]じゃ、オレには[522]《・》[327]《・》な《・》[256]《・》[274]《・》があるね。\nなんてったって、オレは[21][22]さんに[523]《うら》みがあるからな。
0x0004a38e	3	【[432][433]】\nだからって[41][327]の[153][84]ちを[524]《いつわ》るつもりはないぜ。\nだって、オレはやってないんだから。
0x0004a3f5	3	【[39][66]】\nでは[176]えてください。\nあなたが[58]う[523]《うら》みとはなんですか？
0x0004a471	3	【[432][433]】\n……[525]《つ》っ[282]《こ》んでくるね。\nいいよ、そういうの、[481]《きら》いじゃない。
0x0004a4d5	2	【[39][66]】\n…………
0x0004a51b	3	【[432][433]】\nオレは[169][19]、[21][22][335][340]で[526]いていたんだ。\nそれこそがむしゃらにね。
0x0004a59c	4	【[432][433]】\n[148][262]のために\nメチャクチャ[526]いて、[526]いて、[526]いて……\nそしてオレは[527]《うつ》になった。
0x0004a604	3	【[39][66]】\nえっ……\n[527][45]《うつびょう》……！？
0x0004a676	2	【[432][433]】\n[41][327]でも[528]《おどろ》いたよ。
0x0004a6c7	4	【[432][433]】\n[79][428]、[343]《かか》えてた[157][28]が[82]すぎてね。\n『[335][340]のエース』なんて[297]ばれて、\nオレを[73][356]ししてくるお[116]さんも[82]くてさ。
0x0004a76c	4	【[432][433]】\n[148][262]もそれに[167]じて、[157][28]をドンドン[15]ってきてね。\n[153]がついたら[343]《かか》えきれない[529]の[157][28]がたまって……\nついにミスしてしまったんだ。
0x0004a800	3	【[432][433]】\nでも[148][262]はそのミスに[127]して[404]をつぶってくれた。\nそれまでの[530][531]《こうけん》が[76]きかったってことでね。
0x0004a87a	3	【[432][433]】\nでもオレの[209]ではそのミスをきっかけに\nなにかが[65]わったんだ。
0x0004a8d9	4	【[432][433]】\nそしてオレは[213]を[218]けなくなった……\n[213]を[218]かなくちゃいけないと[132]いながら、\n[4]が[256]かなくなったんだ……
0x0004a956	3	【[432][433]】\nもがいて……[532]しんで……\n[527]《うつ》になった。
0x0004a9b3	4	【[432][433]】\n[81]りの[53]たちは[153]を[220]《つか》ってくれたよ。\nそりゃ、あれだけ[157][28]を[343]《かか》えれば、\n[527]《うつ》にもなるってね。
0x0004aa51	3	【[432][433]】\nでも、[21][22]《あのひと》は[168]《ちが》った……\n[157][28]をサボるのならクビだとさ。
0x0004aab4	2	【[39][66]】\n…………
0x0004aafa	3	【[432][433]】\nオレはなんにもわかってない[21][22]《あのひと》を\nメチャクチャ[523]《うら》んだよ。
0x0004ab85	3	【[432][433]】\n[320]さんがいなかったら、\nオレはこの[148][262]に[389]《もど》ってこなかっただろうね。
0x0004ac1b	4	【[432][433]】\nオレには[21][22]《あのひと》を[33]すだけの\n[522][327]な[256][274]がある。\nでも、オレはやってないぜ。
0x0004aca0	2	【[39][66]】\n[24][12][429]さんは[24][25][440][441]という[53][165]を[129]っていますか？
0x0004ad1a	2	【[432][433]】\nいや、[129]らないけど？
0x0004ad58	2	【[39][66]】\nそうですか……
0x0004adbd	2	【[432][433]】\nそんな[53]は[129]らないよ。
0x0004ae1b	3	【[39][66]】\n[24][12][429]さんは\n[37][38][442][443][444]という[53][165]を[129]っていますか？
0x0004ae98	2	【[432][433]】\nいや、[98]いたことないよ。
0x0004aed8	2	【[39][66]】\n[21][22]グループの[418][150][88][89][90]《こもんべんごし》なんですけど……？
0x0004af41	4	【[432][433]】\n[418][150][88][89][90]《こもんべんごし》……ってもねえ。\nあまりオレの[157][28]とは[215][253]ないし、\nよくわからないよ。
0x0004afdd	3	【[432][433]】\nよくわかんないから、\n[202]の[53]に[98]いてくれる？
0x0004b048	4	【[39][66]】\n[21][22][320]さんがいなければ、\nあなたはこの[148][262]に[389]《もど》ってこなかったって\n[58]いましたよね？
0x0004b0d6	3	【[432][433]】\n[58]ったよ。\nだって、[320]さんはオレの[533][53]だからね。
0x0004b126	2	【[39][66]】\n[533][53]、ですか？
0x0004b16f	4	【[432][433]】\n[21][22]《あのひと》がオレにクビだって[534][377]《せんこく》したとき、\n[63][20]まで[535][536]《ていこう》してくれたのが[320]さんだったんだ。\nあの[79][428]、オレの[178][537]の[170][433]だった[53]だよ。
0x0004b22e	4	【[432][433]】\nあの[472]《ころ》は[41][33]を[312][313]も[59]えたくらい、\nデリケートだったからね。\nあの[53]がいなかったらオレは[102][472]《いまごろ》、この[415]にいなかったよ。
0x0004b2b4	3	【[39][66]】\n[57]つ、[98]きたいことがあるんですが、\nよろしいですか？
0x0004b32a	3	【[432][433]】\nなに？\n[102]さら[538][172]《えんりょ》はいらないから、なんでもどうぞ。
0x0004b381	4	【[39][66]】\n[145][146]、[262][455]の[158]から\nあなたは１[7][19]から[467][468]する[10][11]だった\nという[97]を[98]きました。
0x0004b3ea	4	【[39][66]】\nでも[111][155]に[467][468]したのはつい[63][64]です。\nまるで、[50][34][52]《ひがいしゃ》がいなくなるタイミングを\n[99]っていたかのように……
0x0004b465	2	【[39][66]】\nこれって、[473][474]《ぐうぜん》ですか？
0x0004b4d2	2	【[432][433]】\n[473][474]《ぐうぜん》だよ。
0x0004b51f	3	【[432][433]】\nオレがあの[146]、あの[272]に[152]ったのは、\n[21][22]《あのひと》と[539][372]するためだ。
0x0004b58b	4	【[432][433]】\nたしかに１[7][19]から[320]さんに[467][468]しないかって\n[540]《さそ》われてたけど、\nずっとためらってたんだ。
0x0004b602	3	【[432][433]】\nだからオレは[467][468]の[134][104]として、\n[21][22]《あのひと》の[541][13]を[346][542]したんだ。
0x0004b670	4	【[432][433]】\nんで、[57][429][19]になってその[97]が[417][77][336]《ぐたいか》してきて\n[543]も[96]し[115][153]で[59]えるようになった。\nでも、どうしてもあの[28]が[218]っかかっていた……
0x0004b706	3	【[432][433]】\n[21][22]《あのひと》もずっとオレに[541]るのを\nためらっていたんだろうね。
0x0004b783	3	【[432][433]】\nそしてようやくオレに[541]ったその[146]に、\n[205]《だれ》かに[33]されてしまった……
0x0004b806	2	【[432][433]】\nただの[473][474]《ぐうぜん》だよ。
0x0004b849	3	【[39][66]】\nそうですか……\nわかりました。
0x0004b88c	3	【[39][66]】\n[236][237]なことを[98]いて\n[92]し[437]ございませんでした。
0x0004b8e7	3	【[432][433]】\nいや……\nそりゃ、[51]うのも[12][329]ないと[132]うし。
0x0004b961	2	【[432][433]】\n[320]さんはオレの[533][53]さ。
0x0004b9c0	3	【[39][66]】\n[24][12][429]さんは[28][104][79][146]、\nゲームセンターに[516]ったんですよね？
0x0004ba3f	3	【[432][433]】\nああ、そうだけど。\nそれが？
0x0004ba81	4	【[39][66]】\n[24][12][429]さんが[67]ち[516]ったという\nゲームセンターへ[152]って、\n[124][277]けを[15]ってきました。
0x0004bae6	3	【[39][66]】\nゲームセンターの[272][455]の[158]が\n[24][12][429]さんを[80]たと[58]っていました。
0x0004bb66	3	【[432][433]】\n[544][545]さんか。\n[521][340]なことを……
0x0004bbad	3	【[39][66]】\n[521][340]なこと？\nどうして[521][340]なことなんですか？
0x0004bbfa	4	【[39][66]】\nむしろ、アリバイが[119][283]されて\n[546][51][52]《ようぎしゃ》から[273]れるんですよ？\n[487]ぶべきことじゃないですか。
0x0004bc76	3	【[432][433]】\n[546][51]《ようぎ》って[58]っても、\nあんたらが[14][4]に[51]ってるだけだろ？
0x0004bcdd	3	【[432][433]】\n[56]にあんたらは[547][439]じゃないんだし、\n[548]くもかゆくもないんだけど。
0x0004bd34	2	【[39][66]】\nう……
0x0004bd90	4	【[432][433]】\n[153]まずいことも[98]いてくれたからね、\nちょっとしたお[549]しだよ。\nで、オレの[546][51]《ようぎ》は[88][89][90]さん[118]に[355]れたの？
0x0004be08	4	【[39][66]】\nいえ、[272][455]の[97]では、\n[24][12][429]さんを[80]たものの、\n[513][457]な[428][280]まではわからないとおっしゃっていたので。
0x0004be9f	4	【[432][433]】\nそっか。\nそれじゃオレの[546][51]《ようぎ》は[355]れてないわけね。\n[240][550]でした。
0x0004befd	4	【[39][66]】\nでは[97]を[389]《もど》します。\nなぜ[272][455]の[119][58]が\n[521][340]なことなんですか？
0x0004bf74	2	【[432][433]】\n…………
0x0004bfd3	3	【[432][433]】\n[56]に、たいしたことじゃない。\n[58][315]のアヤだよ。
0x0004c021	2	【[39][66]】\nそうでしょうか？
0x0004c05b	4	【[39][66]】\nゲームのレバーを[446]《こわ》したそうですね。\n[127][480]ゲームで[275]けたことに[551]が[67]って\n[446]《こわ》してしまったんじゃないですか？
0x0004c0fc	2	【[432][433]】\nクッ……！？
0x0004c137	4	【[39][66]】\nあなたは[78][79]な[275]けず[481]《ぎら》いらしいですね。\nしかも[552][553][118]《くつじょくてき》な[132]いは、\n[470]して[53]には[97]さないくらいに。
0x0004c1cd	2	【[432][433]】\n…………
0x0004c206	4	【[39][66]】\n[145][146]あなたにプレイしたゲームについて[554]《たず》ねたとき、\nあなたは『[176]えたくない』と[58]いました。\nこれは……
0x0004c2a8	3	【[432][433]】\nもういいっ！！\nあのゲームの[97]はっ！！
0x0004c2ff	3	【[432][433]】\nああ、そうだよ！\nヤツにハメられて[275]けたよ！！
0x0004c34c	2	【[39][66]】\n……ハメられた？
0x0004c3b4	4	【[432][433]】\n[360][555]《かくとう》ゲームでハメ[556]を[414]うヤツはゲーマーじゃない！\nマナー[168][166]《いはん》……いや、[166][557]だ！\nそれをヤツは……ヤツは……！！
0x0004c442	2	【[39][66]】\n[558]ち[71]いてください。
0x0004c48d	2	【[432][433]】\nはあ……はあ……
0x0004c4f0	2	【[432][433]】\n[518]い、[15]り[559]しちまって……
0x0004c534	2	【[39][66]】\nいえ……
0x0004c578	4	【[432][433]】\n……ダメなんだ。\n[21][22][57][317]に[552][553][118]《くつじょくてき》なことを[58]われて、\n[148][262]をクビになって[169][293]……
0x0004c5fc	3	【[432][433]】\n[552][553]《くつじょく》を[276]けたと[132]うと[560]に[251]が[170]って、\n[41][327]がわからなくなるっていうか……
0x0004c665	2	【[39][66]】\n…………
0x0004c69e	3	【[39][66]】\n……もしかして、その[561]いで\n[21][22][57][317]さんも……
0x0004c716	3	【[432][433]】\nいや、それはない！\nそれだけは[174]じてくれ！！
0x0004c788	4	【[432][433]】\n[102]は[21][22]さんに[523]《うら》みはないんだ。\nアイツ……[79][146]、オレに[562][300][563]したんだ。\nそれで[564][291]チャラだよ！
0x0004c7fe	2	【[39][66]】\n…………
0x0004c8a0	3	【[432][433]】\n[552][553][118]《くつじょくてき》な[424]《あつか》いを[276]けるのは\n[128]せないんだ……
0x0004c91d	3	【[39][66]】\n[115][79]にあなたが[21][22][57][317]さんを[33]したわけでは\nないんですね？
0x0004c999	4	【[432][433]】\nああ……\nたしかにヤツはオレに[552][553][118]《くつじょくてき》なことを[58]ったし、\nそれをずっと[523]《うら》んでたのも[28][111]だよ。
0x0004ca1e	3	【[432][433]】\nだけどヤツは[79][146]、オレに[389]《もど》ってきてほしいって\n[562][300][563]したんだ。
0x0004ca88	3	【[432][433]】\nそれでもうどうでもよくなった。\n[564][291]チャラにすることにしたんだよ。
0x0004cade	3	【[39][66]】\nだけど、[552][553][118]《くつじょくてき》なことに[565][242]《びんかん》なあなたが\nそう[566][567]に[242][1]を[568][339]することができるのですか？
0x0004cb64	2	【[432][433]】\n……ヤツは[21][22][57][317]じゃなかったよ。
0x0004cbad	3	【[39][66]】\nえっ！？\nどういうことですか……？
0x0004cc1a	3	【[432][433]】\nオレの[129]っている[21][22][57][317]は、\n[562][300][563]なんてする[477]じゃない。
0x0004cc99	3	【[432][433]】\nオレが[129]っている[53]で[58]えば……\nそう、ヤツの[569]の[21][22][122][482]さん……
0x0004ccf7	2	【[39][66]】\n[21][22][122][482]……さん、ですか？
0x0004cd63	4	【[432][433]】\nああ、[122][482]さん。\n[21][22]グループの[209]では、\n[397]と[320]さんに[64]い[53]だった。
0x0004cdd2	3	【[432][433]】\nいや、[195]か。\n[320]さんが[122][482]さんの[174][550]を[276]《う》け[570]《つ》いでいるんだ。
0x0004ce40	3	【[432][433]】\nそういや、[320]さん、[58]ってたっけ。\n『[41][327]は[122][482][571]の[219][357]を[111][35]する』って。
0x0004cea6	2	【[39][66]】\n[21][22][122][482]さんの[219][357]とは？
0x0004cef7	4	【[432][433]】\n[21][22]グループさ。\n[63][64]、[84][398][148][262]を[572]って、\nその[300]にグループ[148][262]をぶらさげたろ？
0x0004cf71	3	【[432][433]】\nあれって[122][482]さんが\nずっと[352][436]してたことなんだ。
0x0004cfcc	3	【[432][433]】\nでも[41][327]の[573][574][131]《えいきょうりょく》が[558]ちるのを[481]《いや》がった[21][22][57][317]が、\nずっとその[436]を[575][300]《きゃっか》してた。
0x0004d057	4	【[432][433]】\nそんなに[168]《ちが》う[53][280]なのに……[93][132][576]なもんだね。\nあのときは[115][79]にそう[80]えたんだ。\n[21][22][57][317]が、[122][482]さんに……
0x0004d0d8	2	【[39][66]】\n…………
0x0004d13c	3	【[432][433]】\nオレに[562][300][563]したアイツは、\n[21][22][122][482]さんにそっくりだったよ。
0x0004d1b3	3	【[39][66]】\n『ヤツにハメられて[275]けた』と\nおっしゃっていましたね？
0x0004d203	2	【[39][66]】\nヤツ、というのは、お[129]り[264]いの[158]ですか？
0x0004d274	3	【[432][433]】\n…………\n[129]らないな。
0x0004d2b6	3	【[39][66]】\nゲームに[275]けたから[577]《かく》すんですか？\nちょっと[578][579]《ようち》[478]ぎませんか？
0x0004d33e	2	【[432][433]】\nクッ……！
0x0004d377	3	【[39][66]】\nその、ハメ[556]というのが\n[166][557][152][580]《はんそくこうい》であることは[329][372]できます。
0x0004d3e5	4	【[432][433]】\nそうさ！\n[360][555]《かくとう》ゲームのハメ[556]は[166][557]だ！\n[581][90][118]《しんしてき》じゃない！
0x0004d44d	3	【[39][66]】\nだったら[176]えてください。\n[127][480]した[78][4]はお[129]り[264]いの[158]ですか？
0x0004d4b4	3	【[432][433]】\n……ああ、そうだよ！\nネット[582][280]さ！
0x0004d50b	3	【[432][433]】\nヤツの[344][448][145]《れんらくさき》も[129]ってる。\nそんなにヤツに[344][448]《れんらく》を[15]りたきゃ[176]えてやるさ！
0x0004d579	4	【[39][66]】\nその[19]に[57]つだけ[176]えてください。\nレバーを[446]《こわ》したのは、\n[21][22][57][317]さんと[148]ったあとのことですか？
0x0004d5f8	3	【[432][433]】\nああ、そうだよ。\nあのバーからゲーセンまで[517]いて５[327]くらいだ。
0x0004d65d	3	【[432][433]】\nだから０[428]１０[327][472]《ごろ》から０[428]５０[327]くらいの\n[97]だろうよ。
0x0004d6bb	3	【[39][66]】\nそれじゃ、その[127][480][78][4]に[97]を[98]けば、\nアナタのアリバイが[119][283]されるわけですね？
0x0004d745	3	【[432][433]】\nそうだな……\nヤツが[428][280]を[583]えていればな。
0x0004d791	3	【[39][66]】\nでは[176]えてください。\n[110]の[344][448][145]《れんらくさき》を……
0x0004d7f3	2	【[432][433]】\n……×××－○○○○－○○○○。
0x0004d844	2	【[39][66]】\nありがとうございます！
0x0004d8a7	3	【[432][433]】\n……レバーを[446]《こわ》したのもそのときだよ。\nあとは[14][4]に[124][277]けとってくれ。
0x0004d91b	3	【[432][433]】\n[360][555]《かくとう》ゲームには[584][222]《あんもく》の[479][372]《りょうかい》ってもんがあるんだ。\nそれを[585]るヤツはゲーマーじゃねえ。
0x0004d99c	2	【[39][66]】\nこちらの[11][322][146]について[176]えてもらえますか？
0x0004d9f4	3	【[209][22]】\nはい。\n[429][430][146]が[11][322][146]となっております。
0x0004da82	1	［[50][34][52]のこと］
0x0004da94	1	［[24][12][429][432][433]のこと］
0x0004daaa	1	［[312]か[153]がついたこと］
0x0004dcff	3	【[276][277][192]】\nこちらになります。\n[96]々お[99]ちください。
0x0004dd55	2	【ドアフォン】\nはい……
0x0004dd8e	2	【[276][277][192]】\n[0][91][136]をお[344]れ[435]《いた》しました。
0x0004ddd9	3	【ドアフォン】\nどうぞ。\n[102]、[586]《かぎ》を[587]けます。
0x0004de5d	3	【[39][66]】\n（ここが[21][22]グループのトップの[291][74]なのね。\nさすがに[281]いわ……）
0x0004debb	3	【[276][277][192]】\n[236][237]します。\n[88][89][90]の[0][91][136]です。
0x0004df09	4	【[39][66]】\n[0][91]です。\n[115][146]はお[428][280]をいただきまして\nありがとうございます。
0x0004df88	3	【[320]】\nいいえ、[88][89][90]さんこそご[532][588][136]です。\nどうぞ、おくつろぎください。
0x0004dfe2	2	【[276][277][192]】\nでは[87]は[236][237]します。
0x0004e041	2	【[39][66]】\nそれにしても[281]い[291][74]ですね。
0x0004e0aa	4	【[320]】\nええ、まったくです。\n[87]が[414]い[400]めてからまだ[280]もないのですが、\n[558]ち[71]かなくて[589]っています。
0x0004e112	2	【[39][66]】\nわかるような[153]がします。
0x0004e177	3	【[320]】\n……さて、[198][447][115][151]に[590]らせていただきますが、\n[87]に[98]きたいことがあるとか？
0x0004e1d7	3	【[39][66]】\nええ。\nいくつかありまして……
0x0004e385	2	【[39][66]】\n（これで[232][233]を[234]わりにしようかしら？）
0x0004e447	3	【[39][66]】\nそれでは、[87]はこの[235]で[236][237]します。\nお[238]《いそが》しい[209]ありがとうございました。
0x0004e4d0	4	【[320]】\nいや、[88][89][90]さんこそご[532][588][136]です。\n[28][104]の[372][470]は[148][262]にとっても\n[87][41][114]にとっても[411][346]なことです。
0x0004e550	2	【[320]】\nどうぞ、よろしくお[224]いします。
0x0004e591	3	【[39][66]】\nはい。\nこちらも[564][131]でがんばります。
0x0004e61b	2	【[39][66]】\nえっ……？
0x0004e685	2	【[320]】\nああ、また[3]って[293]ちゃったのかい？
0x0004e6c9	2	【[100]の[66]】\n…………
0x0004e703	2	【[100]の[66]】\nパパ、[102][146]もいない……
0x0004e782	2	【[39][66]】\n……[102]の[66]は？
0x0004e7e5	4	【[320]】\nさあ……\nどこからか、[591]《しの》び[282]《こ》んでくるようで。\n[87]もよくわからないんですよ。
0x0004e870	4	【[320]】\nあの[592]《とびら》はオートロックなのですが、\n[93][132][576]なことに\nそのカギの[587]け[158]も[129]っているんです。
0x0004e8e7	3	【[320]】\n[95]《おそ》らくは[57][317][571]があの[66]にカギの[587]け[158]を\n[176]えたのでしょうが……
0x0004e945	3	【[39][66]】\n……でも、[21][22][57][317]さんには、\nあのくらいのお[192]《じょう》さんはいませんでしたよね……？
0x0004e9bb	4	【[320]】\nええ……\nだから[64][30]の[66]かもしれませんが……\nあの[66]はこの[291][74]に[593]れている。
0x0004ea29	3	【[320]】\nしかし[87]には、[157][28]に[384]しかった[57][317][571]が\nこの[36]に[87][390][358]を[84]《も》ち[282]《こ》むとは[132]えないのですよね。
0x0004ea9c	3	【[39][66]】\n…………\n[93][132][576]な[66]ですね……
0x0004eaf7	3	【[39][66]】\n（あっ、もしかして、\n[110][100]が[456]《うわさ》のよしもとゆみちゃんかな？）
0x0004eb53	2	【[39][66]】\n（……[457][458]すればよかった）
0x0004eba7	3	【[39][66]】\n（あっ、もしかして\n[110][100]が[459][115]ユミちゃんかな？）
0x0004ebf8	4	【[39][66]】\n（……でもそうだとしたら、\n[24][25]さんの[460]《むすめ》さんが\nなんでこんなところに[293]てるんだろう……？）
0x0004ec68	2	【[39][66]】\n（……[457][458]すればよかった）
0x0004ecac	3	【[39][66]】\nでは[87]もそろそろ[236][237]します。\n[115][146]は[115][79]にありがとうございました。
0x0004ed45	3	【[39][66]】\n（そうね。\nもう[96]し[97]を[98]きましょう）
0x0004eda2	3	【[39][66]】\n（まだ[98]かなくちゃいけないことがあるわ。\n[154]るわけにはいかないわね）
0x0004ee52	3	【[39][66]】\n[21][22]ビルで[241]られた[1][2]は\nこんな[242]じだったわ。
0x0004eec8	4	【[107][108]】\nなるほど。\n[24][12][429][432][433]の[467][468]については、\nちゃんと１ヶ[429][19]から[256]いてたってわけだな。
0x0004ef3f	4	【[107][108]】\nしかも[24][12][429]の[346][542]に[127]して、\n[50][34][52]《ひがいしゃ》が[276]け[3]れた[298]になってる。\nこれに[215]するトラブルはなさそうだ。
0x0004efe0	4	【[107][108]】\nただ……\n[79][146]に[97]がこじれたという[301][302][101]は\n[594][11]できない。
0x0004f05f	4	【[39][66]】\nそうなのよね……\n[320]さんが[403][595]してないから、\nそこに[215]してはどうしてもわからないわ。
0x0004f0cf	3	【[107][108]】\nその[320]も、まさかこんなことになるなんて\n[509][393]できなかったろう。
0x0004f14a	2	【[107][108]】\n…………
0x0004f190	2	【[107][108]】\nいや、[320]が[122][123][53]で[24][12][429]が[111][152][123]だとしたら……？
0x0004f20d	3	【[39][66]】\nえっ……？\nそれって、[320]さんが[97]したことはすべてウソだってこと？
0x0004f272	2	【[107][108]】\n……[301][302][101]としてはゼロじゃない。
0x0004f2c7	4	【[107][108]】\n……こうなるとやっぱり[24][12][429]のアリバイを\nハッキリさせるしか、\n[110]の[596][21]を[119][283]することはできないか……
0x0004f382	3	【[107][108]】\nやっぱりまずは、ゲームセンターに[152]って、\n[24][12][429]のアリバイを[457][458]するしかなさそうだ。
0x0004f3f5	3	【[39][66]】\nそうね。\nまずはそこから[400]めましょう。
0x0004f44e	4	【[39][66]】\n……そうかもね。\nでも、[24][12][429][432][433]のアリバイはあやふやで、\n[116][117][118]に[119][283]することは[303]しい……
0x0004f4e6	2	【[107][108]】\n……[597][158]ふさがりだな。
0x0004f54d	2	【[39][66]】\nそうね……
0x0004f5ab	3	【[107][108]】\n[157][158]ないな。\nこうなれば[598]に[97]を[98]くしかなさそうだ。
0x0004f60a	4	【[107][108]】\n[432][433]の[101][360]、[599][55]《しゅみ》、[152][256]……\nそこからなにかアリバイを[119][283]できるような[1][2]が\n[3]ることを[600][99]するしかない。
0x0004f6b0	3	【[39][66]】\n……わかったわ。\n[457]か、[598]さんの[601][97][506][602]は……
0x0004f711	4	【[107][108]】\n……いや、できることなら[178][147][98]いてきて[225]しい。\n[300][4]に[601][97]を[72]《か》けて、\n[24][12][429][115][53]に[26]っている[28][111]を[129]られるのが[603]《こわ》いからな。
0x0004f7c7	4	【[39][66]】\nそっか……\nでも、[178][147][148]って[98]くには、\nどうしたらいいかな？
0x0004f82c	4	【[107][108]】\nメンドクサイかもしれないけど、\n[598]は[24][25][26][27][28][29][30]の[64]くにある[31][32]に[163]ってるから、\nそこで[99]っているのがいいと[132]う。
0x0004f8cf	2	【[39][66]】\nうん、[479][372]《りょうかい》。
0x0004f98b	3	【[39][66]】\n[19][244][47]の[21][22][57][317]さんは、\nどんな[158]でしたか？
0x0004fa02	4	【[320]】\n[87]と[110]はいとこ[403][90]だったんですが、\nお[604]《たが》い、[101][360]が[127][406]にあることは\n[458][605]していました。
0x0004fa7c	4	【[320]】\nご[183]じかもしれませんが、\n[110]の[223]が[335][67]した[21][22][93][256][351]を\nここまで[76]きくしたのは[110]の[606][607]です。
0x0004fb0f	3	【[320]】\nしかし、[148][262]を[76]きくすることに[608][160]《ふしん》するあまり、\n[81]りの[53][280]への[153][220]《きづか》いを[387]れていたようです。
0x0004fb92	4	【[320]】\nそのため、[513][178]なところを[92]し[170]げますと、\n[333]が[262]は[261][609]でも、\n[470]して[379][228]がいいとは[58]えません。
0x0004fc26	4	【[320]】\nそのため[87]は、[314][610][411][212]の[219][357]から、\nまずは[53]ありきの[219][357]へシフトしようと\n[59]えています。
0x0004fc9c	4	【[320]】\n[110][41][114]、１[7][19]から[87]に[219][357]を[611]《ゆず》ることを\n[59]えていたことからも、\n[219][357][158][612]のシフトを[59]えていたようです。
0x0004fd23	4	【[320]】\n[41][327]には[314][610][411][212]の[219][357]しかできない。\nそんな[93][489][221]な[477]でありながらも、\n[219][357][52]としては[63][31]の[477]だったと[58]えるでしょう。
0x0004fda3	3	【[39][66]】\nなるほど……よくわかりました。\nでは、[87][53]としての[110]はどんな[53]だったのでしょう？
0x0004fe2b	3	【[320]】\nふむ……\nそれは[87]にも[228][366]がつきかねるところです。
0x0004fe9f	4	【[320]】\nというのも、[110]は[157][28][57][613]の[477]でしたから、\nプライベートな[508]を[80]せることは\nほとんどありませんでした。
0x0004ff1a	3	【[320]】\nですから[110]の[379][469]は[378][474][118]に\n[219][357][52]としての[379][469]となってしまいます。
0x0004ff76	2	【[39][66]】\nそうですか……
0x0004ffdb	2	【[320]】\n[219][357][52]としての[110]は[63][31]の[477]でした。
0x0005008c	2	【[39][66]】\n[24][12][429][432][433]さんをご[183]じですよね？
0x000500fa	3	【[320]】\nもちろんです。\n[110]は[21][22][335][340]のエースですから。
0x00050147	4	【[39][66]】\nご[115][53]から[98]いたのですが、\n[110]は[478][159]に[21][22][335][340]を[485]めたことがあり、\nそれからこの[313][467][468]したとのことですが……
0x000501c0	3	【[39][66]】\n[467][468]する[155]に、\nあなたの[131][614]《ちからぞ》えがあったと[98]きました。
0x00050240	4	【[320]】\nええ、その[163]りです。\nあれだけの[111][131]の[84]ち[112]を[615]っておくのは\nもったいないですから。
0x000502a2	3	【[39][66]】\nですが、[110]は[19][244][47]とのトラブルがキッカケで\n[157][28]を[485]めたと[138]《うかが》いました。
0x00050307	4	【[39][66]】\n[236][237]は[411]々[294][129]《じゅうじゅうしょうち》していますが、\n[110]が[467][468]したタイミングに\n[82][96]の[168][539][242]《いわかん》を[583]えています。
0x000503ae	2	【[320]】\nなるほど……
0x0005040b	4	【[320]】\nつまり[110]が[467][468]するのと[3]《い》れ[616]《か》わるように、\n[57][317][571]が[33]されたのが[218]っかかる、\nということですか。
0x0005047e	2	【[39][66]】\nそうです。
0x000504c2	4	【[320]】\nそれであるなら、[110]は[12][111]です。\nなぜなら[110]の[467][468]が[417][77][336]《ぐたいか》したのは、\n１ヶ[429]くらい[19]ですから。
0x00050544	4	【[320]】\nもちろん、[57][317][571]も[110]の[467][468]に[215]しては\n[617][618]な[160][463]だったようです。\nですが[87]はここに[107][283]を[80][121]していました。
0x000505bb	2	【[39][66]】\n……どういうことでしょうか？
0x0005060a	3	【[320]】\n[169][19]の[57][317][571]であれば、\n[150][139][12][221]で[110]の[467][468]を[525]《つ》っぱねていたでしょう。
0x0005067b	4	【[320]】\nところが[110]の[467][468]について\n[617][618]な[160][463]を[343]《いだ》いていたということは\n[96]なからず[276]け[3]れることも[59]えていたということです。
0x00050702	4	【[320]】\nここ[197][7]、[57][317][571]はとても[619]くなりました。\n[87]に[219][357]を[611]《ゆず》ることを[59]えていたのも\nそれを[620]す[57]つの[28][111]です。
0x00050789	3	【[320]】\n[87]はこの[274][148]に２[53]が[539][372]するように\n[621]《あせ》を[493]しました。
0x000507ee	3	【[320]】\nその[622]《か》[623]《い》もあって、２[53]のあいだのわだかまりが[372]け、\n[24][12][429][571]の[467][468]も[111][35]したのです。
0x0005085f	3	【[39][66]】\n２[53]が[539][372]したのは[28][104]のあった[146]だと\n[24][12][429]さん[115][53]から[98]きました。
0x000508cd	4	【[320]】\nええ……\nあの[146]は[87]も[403][595]しようと[132]っていたのですが、\n[57][317][571]が[41][327]１[53]でケジメをつけたいと。
0x00050962	2	【[320]】\nそのあたりは[624][625]《がんこ》な[477]ですから……
0x000509ac	3	【[39][66]】\n……あの[146]に[626]びなんらかのトラブルがあったということは\n[59]えられないでしょうか？
0x00050a32	4	【[320]】\nそれはない、と[366][58]できますよ。\n[145]ほども[92]しましたが、\n[24][12][429][571]の[467][468]は１ヶ[429][19]から[417][77][336]《ぐたいか》していました。
0x00050ad7	4	【[320]】\nその[493]れで、あの[146]は２[53]で[148]っていたのです。\nもしあの[146]にトラブルがあったとしたら、\n[24][12][429][571]は[467][468]していなかったでしょう。
0x00050b55	3	【[39][66]】\nしかし[111][155]に[227]を[80][264]わせて[97]したのは\n[24][12][429]さんが[485]めて[169][293]、そのときが[627]めてですよね？
0x00050bc1	3	【[39][66]】\n[78][4]の[227]を[80]て[242][1]が[31]ぶった……といったことは\n[59]えられませんか？
0x00050c44	3	【[320]】\nさすがにそこまで[58]われると\n[594][11]のしようがありませんが……
0x00050cbb	3	【[320]】\nしかし２[53]は１ヶ[429][19]から[467][468]するという[158][267]で\n[382][267]が[57][435]《いっち》していましたし……
0x00050d25	3	【[39][66]】\n……なるほど。\nでは[97]を[56]の[158][267]からお[98]きします。
0x00050d78	3	【[39][66]】\n１ヶ[429][19]から[467][468]が[470]まっていたとのことでしたが\nそれは[417][77][118]《ぐたいてき》にどのような[478][529]で[152]われたのでしょう？
0x00050dfd	4	【[320]】\nそうですね……\nまず[87]が[57][317][571]に[352][436]しました。\nそれが１[7][19]のことです。
0x00050e6a	3	【[320]】\nですが、その[428]はまだ[417][77][118]《ぐたいてき》な[97]には\nなっていませんでした。
0x00050ed2	3	【[320]】\n[110]の[467][468]を[115][153]で[352][436]し[400]めたのは、\n１ヶ[429][19]くらいです。
0x00050f40	4	【[320]】\n[57][317][571]はその[352][436]を[276]け[3]れてくれました。\nそこで[16]に[24][12][429][571]に[344][448]《れんらく》を[15]り、\n[417][77][118]《ぐたいてき》な[97]を[361]めていきました。
0x00050fd7	4	【[320]】\n[63][627]は[628]《しぶ》っていた[24][12][429][571]でしたが、\n[57][317][571]が[541][13]してくれるのであればという[134][104]で\n[479][294]《りょうしょう》してくれたのです。
0x00051067	4	【[320]】\nその[629]《むね》を[57][317][571]に[97]したら、\n『すべて[543]に[286]せておけ』と[58]ってくれて、\nあの[146]２[53]で[148]ったという[493]れです。
0x000510e1	2	【[39][66]】\nなるほど……ありがとうございます。
0x00051184	3	【[320]】\n[24][12][429][571]が[467][468]してくれたことは、\n[333]が[262]にとって[378]ずやプラスになることでしょう。
0x00051244	3	【[39][66]】\nなにか[28][104]について[153]がついたことは\nありませんか？
0x000512b8	3	【[320]】\nそうですね……\n[203]にありません。
0x00051328	1	[28][29][30][3][257]
0x00051333	1	[28][29][30][3][257]
0x00051342	1	[630][631][31][32]
0x0005134b	1	[630][631][31][32]
0x00051358	1	[24][25][26][27][28][29][30]
0x00051367	1	[24][25][26][27][28][29][30]
0x0005137a	1	［[401]してみる］
0x00051389	1	［[401]さない］
0x000515c0	2	【[39][66]】\n（[24][25][26][27][28][29][30]に[71]いたわ）
0x00051609	4	【[39][66]】\n（あそこが、\nコウジの[129]り[264]いの[100][66][31][390]が\n[163]ってる[630][631][31][32]《おうかこうこう》ね……）
0x00051677	3	【[39][66]】\n（たしか[632][38][633]さんと[24][12][429][598]さん、\nだったっけ……）
0x000516ce	4	【[39][66]】\n（さて、どうやって[634]《さが》そうかしら……？\nとりあえず、そのへんの[66]に\n[98]いてみようかな？）
0x0005173a	2	【[39][66]】\nすみません、ちょっといいですか？
0x000517b1	2	【[633]】\nはい、なんでしょう？
0x000517ec	3	【[39][66]】\nあの……\n[630][631][31][32]の[390][635]さんですよね？
0x00051846	2	【[633]】\nそうですけど……
0x0005187f	4	【[39][66]】\nえっと……\n[632][38][633]さんと[24][12][429][598]さんって[158]\nご[183]じですか？
0x000518e6	2	【[633]】\nえっ……？
0x00051943	3	【[598]】\nそれって……\n[87]たちのことですけど……？
0x0005198c	3	【[39][66]】\nえっ！\nそ、そうなの！？
0x000519da	4	【[598]】\nえーっと……あなたは？\nもしかして、ここの[26][27][28][29][30]の\n[0]しい[232][233][455]の[158]ですか？
0x00051a40	3	【[39][66]】\nえっ……\nい、いえ、[168]《ちが》います。
0x00051a8b	4	【[39][66]】\n[87]は[105][106][107][108]の[109][79][88][89][90]を\nしております、\n[0][91][39][66]と[92]します。
0x00051b13	4	【[633]】\nああ、[636][637]《ししょう》の！\nそっか、だからアタシたちの[73][19]を\n[129]ってたんだね！
0x00051b73	3	【[39][66]】\nえ、ええ……\nコウジが２[53]に[98]きたいことがあるらしくて。
0x00051bc8	3	【[39][66]】\n[87]がコウジの[244][329]で[97]を[98]くために\nアナタたちを[26]してたの。
0x00051c2b	4	【[633]】\nえっ、[636][637]《ししょう》が！？\nなんでしょう！\nアタシたちに[139]えられるなら、なんでも[139]えちゃいますよ！
0x00051c97	3	【[39][66]】\nえっと、では……\n[24][12][429][598]さん。
0x00051d06	2	【[598]】\nは、はい。
0x00051d3c	3	【[39][66]】\n[28][104][79][146]、お[638]さんが[71]ていた[639]って\nわかりますか？
0x00051d9c	3	【[598]】\n……すみません。\nちょっと[87]にはわからないです……
0x00051dea	2	【[39][66]】\nやはり、そうですか……
0x00051e4f	4	【[633]】\nわからないんなら、\n[232]べればいいじゃん！\nお[638]さんに[178][147][98]くとかさ！
0x00051ece	2	【[598]】\nえっ、で、でも……
0x00051f0a	4	【[39][66]】\nお[224]いします。\nさりげなく[98]いてみて\nもらえませんか？
0x00051f80	4	【[633]】\nまっかせといて！\n[598]が[98]かなくても、この[633]ちゃんが\n[98]いちゃいますから！
0x00051fe7	2	【[633]】\nね、[598]！
0x00052043	3	【[598]】\nう、うん……\nそうだけど……
0x00052085	3	【[39][66]】\nでは、[142][640]がわかったら[87]のケータイに\n[601][97]してもらえますか？
0x00052101	2	【[633]】\nうん、[479][372]《りょうかい》ですっ！
0x00052152	2	【[633]】\nんじゃ、まったねー！
0x000521df	2	【[39][66]】\n……[452][153]な[66]たちね。
0x00052253	3	【[39][66]】\n[633]さんと[598]さんから[98]いた[97]は、\nこんな[242]じだったわ。
0x000522cb	2	【[107][108]】\n……[78][65]わらずだな、[633]は。
0x00052336	3	【[39][66]】\nなんか、\n[598]さんに[518]いことさせちゃったかな？
0x000523a7	4	【[39][66]】\n『[28][104][79][146]、どんな[639][71]てた？』\nなんて、\n[641][525]《とうとつ》[478]ぎて[98]きにくいよね……
0x00052439	3	【[107][108]】\nまあな。\nで、[601][97]は[72]《か》かってきたのか？
0x00052494	4	【[39][66]】\nううん、[72]《か》かってこなかったわ。\nやっぱり[98]きにくかったのか、\nそれともお[638]さんが[23]にいなかったか……
0x0005252a	4	【[107][108]】\nそっか。\nまあ、[153][383]に[99]ってれば\nそのうち[72]《か》かってくるかもな。
0x000525d6	2	【[39][66]】\n（ここが[24][25][26][27][28][29][30]ね）
0x00052636	2	【[39][66]】\n（……コウジが[526]いてる[36][30]、か）
0x00052680	3	【[39][66]】\n（……[24][25]さんって\nどんな[53]なんだろ？）
0x000526cd	3	【[39][66]】\n（コウジのお[636][637]《ししょう》さんなのよね……\n[236][237]のないようにしないと）
0x00052745	4	【[39][66]】\n（それと……たしかこのさきに、\nコウジの[129]り[264]いの[100][66][31][390]が\n[163]っている[31][32]があるのね……）
0x00052822	2	【[39][66]】\n（[24][25][26][27][28][29][30][19]に[293]たわ）
0x0005294e	3	【[39][66]】\n（[24][25][26][27][28][29][30]が[3]ってる[334][165]ね。\nどうやら２[342]に[28][29][30]があるみたい）
0x000529b4	3	【[39][66]】\n（１[342]はコンビニね。\n[28][29][30]を[61]えるには[326][314]な[36][30]かも……）
0x00052a18	2	【[39][66]】\n（[24][25][26][27][28][29][30]が[3]ってる[334][165]ね）
0x00052a66	3	【[39][66]】\n（１[342]はコンビニで、\n２[342]に[28][29][30]があるみたい）
0x00052af3	3	【[39][66]】\n（[64]くには[31][32]があるのね。\n……『[630][631][31][438][642][32]《おうかこうとうがっこう》』か）
0x00052b5c	3	【[39][66]】\n（どうやら[643][642]みたい。\n[87]は[100][66][32]だったから、ちょっと[644]《うらや》ましいかも……）
0x00052bc9	3	【[39][66]】\n（[31][32]があるわ。\n[643][642]みたいね）
0x00052c4e	3	【[39][66]】\n（[157][28]の[645][646]《じゃま》しちゃ[518]いから、\n[102][146]はやめておきましょう）
0x00052cc7	2	【[39][66]】\n（[3]り[257]にインターフォンがあるわ）
0x00052d23	2	【[39][66]】\n（[434][113]《きんちょう》するなあ……）
0x00052d6c	2	【ドアフォン】\nはい、[24][25][26][27][28][29][30]ですが？
0x00052db6	3	【[39][66]】\nあ、あの。\n[87]、[88][89][90]の[0][91][39][66]と[92]します。
0x00052e0a	3	【ドアフォン】\n[88][89][90]さん？\nもしかしてコウちゃんの？
0x00052e55	4	【[39][66]】\nコウちゃん……？\nあっ、そ、そうです。\n[105][106][107][108]さんの[109][79][88][89][90]です。
0x00052eb9	3	【ドアフォン】\nああ、やっぱり！\nどうぞ、[209]に[3]って[293]て！
0x00052f08	2	【[39][66]】\nは、はい、それでは[236][237]します。
0x00052fac	2	【[39][66]】\n…………
0x00052fe5	2	【ドアフォン】\nはい、[24][25][26][27][28][29][30]ですが？
0x0005302f	3	【[39][66]】\nこんにちは。\n[88][89][90]の[0][91][39][66]です。
0x0005307b	3	【ドアフォン】\nああ、[39][66]ちゃんね。\nどうぞ。
0x000530c2	2	【[39][66]】\n[236][237]します。
0x0005317f	2	【[39][66]】\n（これで[232][233]を[234]わりにしようかしら？）
0x0005322f	2	【[39][66]】\n（[154]りましょう）
0x00053281	3	【[39][66]】\n（もう、[232][233]するものは\nないと[132]うけど……）
0x000532db	3	【[39][66]】\n（まだ[232][233]しなくちゃいけないことがあるわ。\n[154]るわけにはいかないわね）
0x0005340a	1	［アリバイについて］
0x0005341c	1	［[28][104][8][390][20]のＢＧＭについて］
0x0005343a	1	［[107][108]が[647]いつぶれていた[119][58]］
0x00053455	1	［[312]か[153]がついたこと］
0x0005347b	1	ブラインド
0x00053483	1	ブラインド
0x0005348f	1	[107][108]の[295]
0x00053497	1	[107][108]の[295]
0x000534a3	1	[440][441]の[295]
0x000534ab	1	[440][441]の[295]
0x00053678	2	【[100][101]】\nようこそ、いらっしゃい！
0x000536b7	3	【[39][66]】\n（わー、[648][649]《きれい》な[100]《ヒ》[101]《ト》……\nこの[53]が[24][25]さんかな……？）
0x0005371f	2	【[39][66]】\nあ、あの、はじめまして……
0x00053761	4	【[39][66]】\n[87]、[102][103]の[28][104]で[105][106][107][108]さんの\n[109][79][88][89][90]となりました、\n[0][91][39][66]と[92]します……
0x000537de	4	【[100][101]】\nうわぁ……\nコウちゃんったら、\nこんなかわいい[66]を[109][79]にするなんて……
0x00053847	2	【[100][101]】\nまったく、[650]《すみ》におけないわねー
0x0005388d	2	【[39][66]】\nあ、あの……
0x00053926	3	【[100][66][31][390]】\nいらっしゃいませ～！！\nようこそ[24][25][26][27][28][29][30]へ！！
0x0005398e	3	【[100][66][31][390]】\n[33][53][28][104]からペットの[634][651]《そうさく》まで、\nお[652]《なや》みごと、なんでも[372][470]しちゃいます！！
0x00053a01	3	【[39][66]】\n（えっ……！？\nこの[66]が[26][27]《たんてい》……？）
0x00053a62	3	【[39][66]】\n（……あ、もしかしたら、\nコウジが[58]っていた[100][66][31][390]の[66]かな？）
0x00053ae7	3	【[100][66][31][390]】\nおや～？\nその[47][1]は[78][79]お[652]《なや》みごとがある[136][66]……
0x00053b6a	2	【[100][66][31][390]】\nな～んて、アタシの[653][329]、[79]たりました！？
0x00053bbb	2	【[39][66]】\nえ、えーっと……
0x00053bf7	3	【[39][66]】\n[87]、こちらの[105][106][107][108]さんの[109][79][88][89][90]となりました\n[0][91][39][66]と[92]しますが、[24][25]さんは……
0x00053c8e	3	【[100][66][31][390]】\nえっ！？\n[636][637]《ししょう》の[88][89][90]さんですか！！
0x00053d0b	3	【[100][66][31][390]】\nそれはそれはようこそです！\nささ、どうぞお[3]り[300]さい！！
0x00053d88	3	【[100][66][31][390]】\nあ、[633]ちゃん……\nテストが[64]いんだから、[102][146]はもう[154]らないと……
0x00053e0e	3	【[100][66][31][390]】\n[636][637]《ししょう》の[88][89][90]さんが[293]たんだよ！！\nもうちょっとくらい、いいじゃん！！
0x00053e9d	4	【[100][101]】\nコラコラ、[449][450]でしょ。\n[642][390]の[115][327]は[654][231]よ。\n[102][146]は[198]く[154]りなさい！
0x00053f26	3	【[100][66][31][390]】\n……はーい。\nそれじゃ[102][146]は[154]ります。
0x00053f9b	2	【[100][66][31][390]】\nじゃあ、[152]こっか、[598]《あおい》。
0x0005400c	3	【[100][66][31][390]】\nうん。\nそれじゃ、[236][237]します。
0x0005407b	2	【[100][101]】\nはい、お[239]《つか》れ[136]。
0x00054121	4	【[100][101]】\nびっくりしたでしょ？\n[26][27][28][29][30]に[3]った[515][386]《とたん》、\n[100][66][31][390]に[121]《で》[655]《むか》えられるなんて。
0x00054199	2	【[39][66]】\nい、いえ……
0x000541d3	3	【[39][66]】\n（わー、[648][649]《きれい》な[100]《ヒ》[101]《ト》……\nこの[53]が[24][25]さんかな……？）
0x00054261	3	【[100][101]】\nえっと、コウちゃんの[109][79][88][89][90]さん\nだったかしら？
0x000542b2	3	【[39][66]】\nは、はい。\n[627]めまして、[0][91][39][66]と[92]します。
0x00054329	4	【[100][101]】\nうわぁ……\nコウちゃんったら、\nこんなかわいい[66]を[109][79]にするなんて……
0x000543ab	2	【[100][101]】\nまったく、[650]《すみ》におけないわねー
0x000543f1	2	【[39][66]】\nあ、あの……
0x00054451	4	【[100][101]】\nあっ、ごめんね。\n[24][25][26][27][28][29][30]の[30][383]を\nしております、[24][25][440][441]です。
0x000544dc	2	【[440][441]】\nよろしくね、[39][66]ちゃん。
0x0005451d	2	【[39][66]】\nよ、よろしくお[224]いします……
0x00054560	3	【[39][66]】\n（[153]さくな[53]なのね……\nたしかにコウジと[153]が[264]いそう……）
0x000545df	2	【[440][441]】\nそれで、コウちゃんの[136][66]はどう……？
0x00054628	4	【[39][66]】\n[136][66]、ですか……\n[452][153]、と[58]っていいんでしょうか……？\nこの[36][264]。
0x00054689	4	【[39][66]】\nマイペースな[53]ですので、\n[656][657]《こうりゅう》されている[658][659][242]《ひそうかん》みたいなものは\nあまりないですね。
0x00054708	2	【[440][441]】\nフフ、マイペースな[53]、か……
0x00054773	3	【[440][441]】\nねえ、[39][66]ちゃんって、\nコウちゃんとどんな[215][253]？
0x000547c3	4	【[39][66]】\nえっ……！？\nそ、それは、\n[88][89][90]《べんごし》と[660][75][53]《いらいにん》と[92]しますか……
0x00054855	3	【[440][441]】\nううん、そういうことじゃなくって、\n[169][19]からの[129]り[264]いじゃないの？
0x000548d4	3	【[440][441]】\nコウちゃんのこと『マイペースな[53]』って、\n[661]からの[129]り[264]いみたいな[257]ぶりだったし。
0x00054938	3	【[39][66]】\n（うわぁ……\nさすがに[662]《するど》いわ……）
0x000549ad	3	【[440][441]】\nアタシもコウちゃんと[97]がしたいんだけど、\n[149]々と[238]《いそが》しくってね。
0x00054a2f	4	【[440][441]】\nなにしろウチ、\n２[53]しか[232][233][455]がいないのに、\n１[53]が[322][468][209]でしょ？
0x00054ab4	2	【[440][441]】\nもう、てんやわんやよ！
0x00054af2	2	【[39][66]】\n……[76][65]そうですね。
0x00054b58	4	【[440][441]】\n[76][65]も、[76][65]！\nでも[64]いうちに[227]を[121]すからって\nコウちゃんに[180]えておいて。
0x00054bb9	4	【[39][66]】\nはい、わかりました。\nそれで[102][146]は[96]しお[97]をお[138]《うかが》いしたいと[132]ったんですが、\nよろしいですか？
0x00054c4e	2	【[440][441]】\nええ、いいわよ。
0x00054cfb	2	【[440][441]】\nいらっしゃ～い！
0x00054d36	4	【[39][66]】\nど、どうも……\nお[238]《いそが》しいところ、お[428][280]を[15]らせてしまって\n[92]し[437]ありません……
0x00054dc6	3	【[440][441]】\nまあまあ。\n[663]《かた》っ[532]しい[395][396]《あいさつ》はナシナシ！
0x00054ec3	2	【[39][66]】\n（コウジの[636][637]《ししょう》、[24][25][440][441]さん）
0x00054f14	4	【[39][66]】\n（とても[648][649]《きれい》な[53]……\nでもやり[4]なのよね。\n[323]《あこが》れちゃうな……）
0x00055014	1	【[39][66]】（なにを[98]こうかしら？）
0x00055158	2	【[39][66]】\n（そろそろ[232][233]を[234]わりにしようかしら？）
0x00055209	3	【[39][66]】\nそれでは、[87]はこの[235]で[236][237]します。\nお[238]《いそが》しい[209]ありがとうございました。
0x00055292	4	【[440][441]】\nううん、いいの、いいの。\n[39][66]ちゃんだったらいつでも[664][655]《かんげい》だから、\n[153][407]に[665]びに[293]て！
0x00055301	3	【[39][66]】\nは、はい。\nありがとうございます……
0x0005535e	2	【[39][66]】\n（もう[96]し[97]を[98]きましょう）
0x000553ad	3	【[39][66]】\n（[98]かなくちゃいけないことが[240]ってるわ。\nまだ[154]るわけにはいかないわね）
0x000554a3	3	【[107][108]】\n……ふう。\n[78][65]わらずだな、あの[53]は……
0x00055517	3	【[107][108]】\nそれにしても[627][127][508]の[39][66]にまで、\nオレと[403]じように[147]するなんて……
0x00055599	3	【[107][108]】\nこりゃ、\n[39][66]も[440][441]ファミリーとして[458]められたな！
0x00055610	2	【[39][66]】\nそ、そうなんだ……
0x00055673	4	【[107][108]】\nそれは[308]いといてだ。\nオレがタクシーに[510]ってたことを[116][117][118]に[119][283]すれば\nアリバイが[67][119]されるってことだよな。
0x0005570c	4	【[39][66]】\n[44][324]のタクシー[148][262]を[57]つひとつ[79]たって、\n[666][170][667][563]《みやかみぎんざ》からコウジのアパートまでの\n[510][668][669][421]がないか[232]べてみる？
0x0005579c	3	【[107][108]】\nそれは[78][79]な[4][280]にならないか？\nもっと[670][671]のいい[158][39]があるはず……
0x00055806	3	【[107][108]】\n[193]えば、[44][324]のタクシー[148][262]を\n[15]り[157][210]ってるタクシー[130][148]みたいなものってないかな？
0x00055879	3	【[107][108]】\nそこから[259]タクシー[148][262]に[344][448]《れんらく》して\n[457][458]してもらうことができればいいんじゃないか？
0x00055907	3	【[39][66]】\nたしかにそれはいいかも……\n[232]べてみるわ。
0x000559b9	4	【[107][108]】\nなーにが\n『こんなに[672]めるようになりました』\nだよっ！
0x00055a16	3	【[107][108]】\nオレは[78][65]わらず[514]いっての！\n[231][218]に[672]ませてるだけじゃないかっ！
0x00055a95	4	【[39][66]】\nそ、そうよね……\n[451]にお[673]に[231]くなったのかと[132]って\nビックリしたわ……
0x00055b19	4	【[107][108]】\n……ダメだ、[39][66]。\nあの[53]の[101][360]を[198]く[329][372]しないと、\nそのうち[76][65]な[404]に[674]《あ》わされるぞ……
0x00055bb4	2	【[39][66]】\nき、[153]をつけるわ……
0x00055c56	4	【[107][108]】\nそうか！\nＢＧＭが[493]れてなかった……\nこの[28][111]は[76]きいぞ！
0x00055d13	2	【[107][108]】\nこれですべての[28][111]がひっくり[549]る！
0x00055d7f	3	【[39][66]】\nえっ……\nどういうこと……！？
0x00055deb	2	【[107][108]】\nそもそも、だ。
0x00055e32	4	【[107][108]】\nＶＩＰルーム[324]には[28][104][79][146]、\n[115][293]なら[50][34][52]《ひがいしゃ》がリクエストした\nクラシックが[493]れてるはず。
0x00055eb4	3	【[107][108]】\nそれなのに、\nどうして[493]れてなかったんだと[132]う？
0x00055f27	4	【[39][66]】\n[63][20]まで[626][390]したら[63][627]に[389]《もど》るように\nループ[626][390]してるって[58]ってたし……\n[601][675]が[558]ちてた？
0x00055fa7	3	【[107][108]】\nそれも[301][302][101]の[57]つだけど、\nＣＤ[169][273]の[676][675]に[210]り[616]《か》わってたんだと[132]う。
0x0005601b	3	【[107][108]】\nポイントはもう[57]つある。\n[272][324]に[677]《な》り[574]《ひび》いた[678][408]《じゅうせい》だ。
0x0005608d	3	【[107][108]】\nこの[678][408]《じゅうせい》はＶＩＰルームから[98]こえたわけだよな。\nだから[215][253][52]がＶＩＰルームに[679]《か》け[277]《つ》けた……
0x00056119	4	【[107][108]】\nなにか[218]っかからないか……？\n[493]れてなかったＢＧＭ。\nそして[678][408]《じゅうせい》……
0x0005618e	3	【[107][108]】\nこれらの[1][2]を[453]み[264]わせると\nある[28][111]が[653][329]できる！
0x0005621b	4	【[107][108]】\nＶＩＰルームで[493]れてなかったＢＧＭ。\n[272][324]に[574]《ひび》き[413]《わた》った[678][408]《じゅうせい》。\nこれらに[215]するクルーを[453]み[264]わせるんだ！
0x00056374	2	【[107][108]】\n（[168]《ちが》う、そうじゃない！）
0x000563bb	3	【[107][108]】\n（[272][324]に[678][408]《じゅうせい》が[677]《な》り[574]《ひび》いた[28][111]から\n[680]き[121]されるもの！）
0x00056425	2	【[107][108]】\n（ＢＧＭの[244]わりに[626][390]された[56]の[676][675]の[301][302][101]！）
0x0005647d	3	【[107][108]】\n（ここから[680]き[121]せるはずだ……\n[0]しい[681][682]を！）
0x00056522	4	【[107][108]】\nまず[59]えるべきは、[115][293]ＶＩＰルーム[324]に\n[493]れていたはずのクラシックが\n[28][104][8][390][20]は[493]れてなかったことだ。
0x000565a4	4	【[107][108]】\nＣＤはループ[626][390]。\nプレイヤーに[4]を[683]えなければ、\nずっとクラシックが[493]れてたはず。
0x00056618	3	【[107][108]】\nそこから[56]の[676][675]に[210]《き》り[616]《か》わっていたことが\n[653][684]できる。
0x00056681	4	【[107][108]】\nそしてもう[57]つ[411][346]な[496]が、\nＶＩＰルームに\n[685][676][335][686]が[687]《ほどこ》されてたということ。
0x000566f9	3	【[107][108]】\nそれなのになぜ[678][408]《じゅうせい》が[272][324]に[677]《な》り[574]《ひび》くのか。\nＶＩＰルームの[592]《とびら》が[587]いてたからだ！
0x0005679a	2	【[39][66]】\nどうしてそんなことを……？
0x0005681a	4	【[107][108]】\nこう[59]えればいい……\n[678][408]《じゅうせい》が[98]こえた[428][280]、つまり０[428]４４[327]が\n[123][152][428][280]だと[132]わせるためだ！
0x000568a1	4	【[107][108]】\n０[428]４４[327]に\n[457][111]なアリバイを[572]っておけば、\n[123][53]は[546][51][52]《ようぎしゃ》から[273]れることができる。
0x00056921	4	【[39][66]】\nアリバイ[688][572]のために、\n[273][291][676][675]に[421][676]しておいた[678][408]《じゅうせい》を\nＶＩＰルームのスピーカーから[626][390]させた……？
0x000569ae	3	【[107][108]】\nそういうことだ！\n[111][155]の[123][152][428][280]は０[428]４４[327]よりも[19]だろう。
0x00056a4a	3	【[39][66]】\n……コウジの[653][329]が[513]しければ、\n[215][253][52][564][455]のアリバイが[689]《くず》れるわ！
0x00056abc	4	【[39][66]】\n０[428]４４[327]には[30][383]も[24][25]さんも\n[64][106][690][28]もホールにいたから、\nお[604]《たが》いがアリバイの[119][283]をしてたけど……
0x00056b45	3	【[39][66]】\n[123][152][428][280]がそれ[169][19]になると、\n[457][111]な[119][283]はできなくなる！
0x00056bdd	3	【[107][108]】\nアリバイがあやふやなのは\nオレだけじゃないってことだ！
0x00056cd3	2	【[107][108]】\nあとはあの[1][2]が[513]しければ……！
0x00056d90	3	【[39][66]】\n（ブラインドは[300]ろしたままになってるわ。\n[274][691]《きみつ》[28][692]《じこう》とかを[424]《あつか》ってるからかな……？）
0x00056e09	3	【[39][66]】\n（……なんて、[567][693]に[146]の[107]が[694]《まぶ》しいからって\n[329][461]だったりして）
0x00056e71	3	【[39][66]】\n（[267]こうにある[595]が[24][25]さんの[595]みたいね。\n[157][28]ができる[53]は、[295]もキレイよ）
0x00056edb	3	【[39][66]】\n（……[82][327]、[4][19]の[295]がコウジの[595]ね。\n[695][79]にちらかってるし……）
0x00056f3d	3	【[39][66]】\n（……[661]と[65]わってないから、\nちょっとホッとするところもあるんだけどね）
0x00056fb8	2	【[39][66]】\nまずは[79][146]のアリバイを[625]めようと[132]っています。
0x00057006	3	【[39][66]】\n[24][25]さんに、\n[79][146]の[173][15]りをお[138]《うかが》いしたいのですが……
0x00057087	4	【[440][441]】\n……コウちゃんから\nアタシに[98]いてくるよう\n[75]《たの》まれたのね。
0x00057105	4	【[440][441]】\nそうね……\n[28][104][79][146]……というよりも、[28][104]が[696]きた[697][280]《しゅんかん》は\nタクシーに[510]っていたはずよ。
0x00057179	2	【[39][66]】\nタクシー、ですか？
0x000571db	4	【[440][441]】\nええ、コウちゃん、[647]《よ》いつぶれちゃったから、\n[698]《かた》を[226]して[57][181]《いったん》お[272]の[273]に[121]て、\nタクシーに[510]せたの。
0x00057267	4	【[440][441]】\nマスターに[366]って、[217][364][257]から[121]させてもらったの。\n[217][364][257]から[121]たほうが[76][163]りに[64]いし、\nタクシーも[179]《つか》まえられると[132]ったからね。
0x00057314	2	【[440][441]】\nでも、なかなかタクシーが[179]《つか》まらなくてね。
0x00057387	4	【[440][441]】\nやっと[179]《つか》まえたタクシーの[699][464][4]に\nアタシが[152]き[145]を[176]えて、\nお[83]を[413]《わた》して、コウちゃんを[699]んでもらったの。
0x00057410	4	【[440][441]】\nそのタクシーを[80][700]って、\nアタシはお[272]に[389]《もど》ったんだけど、\nそのときに[678][408]《じゅうせい》が[98]こえたから……
0x00057486	3	【[39][66]】\nなるほど……\nコウジはタクシーに[510]ったわけですね。
0x0005750d	4	【[440][441]】\nあら……\nコウジって[297]び[701]てなのね。\nこれはもしかして、[702]いカンケイかしら……？
0x00057571	2	【[39][66]】\nあ、いや、その……
0x000575d5	2	【[440][441]】\nフフ、[703]れない、[703]れない！
0x00057618	2	【[39][66]】\nあう……
0x00057675	3	【[440][441]】\n……そうね。\n[283][146]にでもコウちゃんの[147][80]に[152]くわ。
0x000576d5	3	【[440][441]】\nそのときに[417][77][118]《ぐたいてき》に[79][146]の[152][256]を\n[682][283]するって[180]えといて。
0x00057742	3	【[440][441]】\nたぶん、[178][147][682][283]したほうが、\nコウちゃんも[149]々と[132]い[121]すでしょうし。
0x000577a0	3	【[39][66]】\nそ、そうですね。\nわかりました、[180]えておきます！
0x00057831	3	【[440][441]】\n[28][104]が[8][390]したとき、\nコウちゃんはタクシーに[510]ってたはずよ。
0x000578a6	4	【[39][66]】\n[28][104]が[8][390]したとき……\nつまり[678][408]《じゅうせい》が[272][324]に[677]《な》り[574]《ひび》いたときになりますが、\n[24][25]さんもＶＩＰルームに[679]《か》け[277]《つ》けていますよね？
0x00057966	4	【[440][441]】\nええ、そうね。\nまず[64][106][690][28]が[209]に[3]って、\nそのあとアタシと[37][38][88][89][90]が[57][427]《いっしょ》に[3]ったわ。
0x000579dc	3	【[39][66]】\nそのときにＶＩＰルーム[324]にＢＧＭって\n[493]れていましたか？
0x00057a58	3	【[440][441]】\nん～……どうだったかな。\nどうして？
0x00057aa0	4	【[39][66]】\nえっとですね……[28][104][79][146]は[50][34][52]《ひがいしゃ》からの\nリクエストで、ＶＩＰルーム[324]には\nクラシックが[493]れていたらしいんです。
0x00057b46	3	【[440][441]】\n……ふーん。\nコウちゃんはそう[653][329]してるわけか。
0x00057b95	2	【[39][66]】\nえっ！？
0x00057bf2	4	【[440][441]】\nあっ、ゴメンね。\nついコウちゃんがどんな[653][329]をしてるのか\n[153]になっちゃうのよ。
0x00057c77	4	【[440][441]】\nたしかＢＧＭは[493]れてなかったと[132]うわ。\n[96]なくともクラシックは[493]れてなかったと\n[132]うわよ。
0x00057ce3	3	【[39][66]】\nそうですか！\n[410][411]な[1][2]をありがとうございます。
0x00057d58	2	【[440][441]】\nなんのなんの。
0x00057de2	3	【[440][441]】\n[28][104][8][390][20]、ＶＩＰルームには、\nＢＧＭらしきものは[493]れてなかったわよ。
0x00057e64	2	【[39][66]】\nあの、お[224]いがあるんですけど……
0x00057ecf	3	【[440][441]】\nなに？\nなんでも[58]ってみて！
0x00057f11	3	【[39][66]】\nコウジはあの[146]、\n[647]《よ》いつぶれていたんですよね？
0x00057f88	4	【[440][441]】\nそりゃ、もう。\nライトブルーに[71]いたときには\nもうヘロヘロだったわ。
0x00057fe8	3	【[39][66]】\nでも[547][439]はそれを[174][221]してくれない\nみたいなんです。
0x00058037	4	【[39][66]】\nそこで[24][25]さんに\nコウジが[647]《よ》いつぶれていたことを\n[119][58]していただきたいんです。
0x000580c0	4	【[440][441]】\nああ、そんなのお[289]いご[221]よ。\nなんなら[79][146]コウちゃんが[672]んでた\nお[673]もリストにして[190]いてもいいわよ。
0x00058153	4	【[440][441]】\nたしかあの[146]はライトブルーに[71]く[19]にも\nビールを[704]《びん》で５[115]、[705][706]《しょうちゅう》のボトルを２[115]、\nワインのボトルを２[115]２[53]で[206]けて……
0x00058209	2	【[440][441]】\n１／３はコウちゃんも[672]んでたからね！
0x00058251	2	【[39][66]】\n…………
0x0005828a	4	【[39][66]】\nあ、あの……\nコウジってお[673]に[514]いんです……\nそれこそコップ[57][707]《ぱい》のビールで[647]《よ》ってしまうような……
0x00058329	4	【[440][441]】\nたしかにコウちゃん、\nはじめはお[673]に[514]かったけど、\n[102]はこんなに[672]めるようになりました！
0x000583b3	2	【[440][441]】\n[142][255][647]《よ》いつぶれちゃったけどね。
0x000583fb	4	【[39][66]】\nそうだったんですね……\nそれを[547][439]に[119][58]してもらえれば\nたしかに[647]《よ》っていたと[119][283]できそうです。
0x00058469	2	【[39][66]】\nそのときはよろしくお[224]いします。
0x000584d2	2	【[440][441]】\nまっかしといて！
0x0005855d	4	【[440][441]】\nコウちゃんが[647]《よ》ってたことを\n[119][58]すればいいのよね。\nお[289]いご[221]よ！
0x000585c1	3	【[39][66]】\n[28][104]に[215]して、\nなにか[153]がついたことはありませんか？
0x00058638	3	【[440][441]】\nう～ん……\n[102]のところ[203]にないわねえ……
0x000586ac	2	【[107][108]】\nそれと……
0x0005874c	1	[28][29][30][3][257]
0x00058757	1	[28][29][30][3][257]
0x00058766	1	[630][631][31][32]
0x0005876f	1	[630][631][31][32]
0x0005877c	1	[24][25][26][27][28][29][30]
0x0005878b	1	[24][25][26][27][28][29][30]
0x000587aa	1	［[24][12][429][432][433]の[599][55]］
0x000587c2	1	［[24][12][429][432][433]の[101][360]］
0x000587da	1	［[24][12][429][432][433]の[152][256]パターン］
0x000587f7	1	［[401]してみる］
0x00058806	1	［[401]さない］
0x00058c88	2	【[39][66]】\n[24][25][26][27][28][29][30][19]に[293]たわ。
0x00059108	2	【[39][66]】\nお[638]さんの[599][55]《しゅみ》ってなんですか？
0x0005915f	3	【[598]】\nえっと……\n[57][506]はコンピューターゲームですね。
0x000591b9	4	【[598]】\nゲームセンターのゲームだけでなく、\n[345][708]《けいたい》ゲーム[274]や[709]《す》え[308]《お》き[274]《き》、\nパソコンのゲームまでなんでもやります。
0x0005923c	2	【[39][66]】\nゲームの[202]には……？
0x00059289	3	【[598]】\nそうですね……\nインターネットをよく[80]ています……
0x000592e3	3	【[633]】\nとにかくテレビに[267]かってるよね、\n[598]のお[638]さんって。
0x0005933f	3	【[598]】\nテレビじゃなくって、パソコン！\nゲームもみんなモニターにつないでいるから……
0x000593a8	3	【[633]】\nテレビもモニターも[57][427]《いっしょ》でしょ？\n[403]じような[298]してるし。
0x00059425	3	【[598]】\nう、うん……\nなにかを[710]すってことは[57][427]《いっしょ》だけど……
0x0005947c	4	【[39][66]】\nわかりました。\nお[638]さんはモニターの[19]にいることが\n[82]いってことですね。
0x00059500	3	【[598]】\n[638]はモニターの[19]にいることが\n[82]いです。
0x00059566	2	【[39][66]】\nお[638]さんはどんな[101][360]なんですか？
0x000595d0	3	【[598]】\nえっと……\nちょっと[603]《こわ》い[242]じ、です……
0x0005961e	2	【[39][66]】\n[603]《こわ》い……！？
0x0005966c	3	【[598]】\n……あまり、[59]えていることが\nよくわからないことがあるので……
0x000596cd	4	【[633]】\nああ、わかるなぁ……\n[598]のお[638]さんだからあんまり[518]く[58]いたくないけど、\nアタシもちょっと[603]《こわ》い[242]じはするよ。
0x0005974e	3	【[633]】\n[598]の[291][74]で[97]してても、\n[525][474]お[638]さんの[291][74]から[711]《さけ》び[408]《ごえ》が[98]こえたりするし。
0x000597b9	3	【[39][66]】\n[711]《さけ》び[408]《ごえ》……！？\nどうして……？
0x00059819	3	【[598]】\nネット[127][480]でゲームをしているときに、\n[275]けると[712]《くや》しくて[711]《さけ》ぶんです。
0x00059888	3	【[598]】\n[638]はとにかく[275]《ま》けず[481]《ぎら》いなんです。\n[661]からなんですけど……
0x000598f0	3	【[633]】\nアタシも[275]《ま》けず[481]《ぎら》いなとこがあるけど、\n[598]のお[638]さんは[56][360]だよねー
0x00059974	2	【[598]】\n[193]えば、こんなことがありました。
0x00059a15	3	【[598]】\n[169][19]、[360][555]《かくとう》ゲームの[76][148]があったんです。\nそのとき、[713][470][14]で[552][553][118]《くつじょくてき》な[275]け[158]をしたらしいんです。
0x00059a96	3	【[598]】\nそしたら[16]の[7]、[403]じ[78][4]に、\n[403]じ[552][553][118]《くつじょくてき》な[158][39]で[14]ったらしいんです。
0x00059b00	4	【[598]】\n[638]が[58]うには、[552][553]《くつじょく》を[290]《あた》えられた[78][4]には\n[403]じ[552][553]《くつじょく》を[55]あわせないと\n[153]が[714]まないらしいんです。
0x00059b81	3	【[39][66]】\nそれじゃ、[201][14]できない[475]りは、\n[715][7][403]じことをするってこと？
0x00059bd9	4	【[598]】\nそれが[168]《ちが》うんです。\nその[247][7]の[78][4]にリベンジを[640]たしたときも\n[713][201][14]だったらしいんですが……
0x00059c49	3	【[598]】\n[470][14]での[275]け[158]は[502][241]がいくものらしく、\n[16]の[7]はリベンジしませんでしたから。
0x00059caa	2	【[39][66]】\n……[303]しい[53]なのね。
0x00059cea	2	【[598]】\nはい……
0x00059d1f	4	【[598]】\n[303]しいのが、\nそのリベンジを[640]たしたって[97]を[98]いたのが、\nリベンジを[716][62]したあとだったんです。
0x00059d8a	4	【[598]】\nその[19]の[7]はとにかく[717]《あ》れながら[23]に[154]ってきたんですが、\n[312][313][98]いても[329][461]を[176]えてくれなくて、\n[23][60]がそのことを[387]れた１[7][20]に[176]えてくれたんです。
0x00059e1a	3	【[598]】\nそれはもう、\nスッキリした[227]で[176]えてくれました。
0x00059e65	2	【[39][66]】\n…………
0x00059eee	3	【[39][66]】\nお[638]さんの[101][360]、よくわかりました。\nありがとうございます。
0x00059f4f	2	【[598]】\nいえ……
0x00059fa4	2	【[598]】\n[638]はとにかく[275]《ま》けず[481]《ぎら》いなんです。
0x00059ffd	4	【[598]】\nあっ、でも、[275]《ま》けず[481]《ぎら》いになったのは、\n[148][262]をクビになってからで、\n[169][19]は[718][719]だったんですよ。
0x0005a09d	4	【[598]】\n[102]は[157][28]を[400]めましたので、\n[440][198]く[23]を[121]て、[720][194]《よるおそ》くに[154]ってくる[169][273]は\nあまりよくわかりませんが……
0x0005a115	3	【[39][66]】\n[169][19]の[152][256]パターンでいいですよ。\n[203]に[28][104][8][390][19][20]について[129]りたいです。
0x0005a19e	4	【[598]】\nそうですね……\n[721][115][118]に[268][28]やトイレ[169][273]、\n[291][74]からあまり[121]てこない[53]でした……
0x0005a22a	3	【[598]】\nたまに[273]に[121]ていましたが、\nだいたいゲームセンターに[152]っていたみたいです。
0x0005a291	4	【[598]】\n[507]い[165]はネットの[163][722]《つうはん》を[314][221]していましたから\nほとんど[273]に[121]なくても\nなんとかなっていたみたいです。
0x0005a313	3	【[598]】\n[268][28]やトイレ[169][273]は、\nずっと[291][74]にいたみたいです。
0x0005a36a	2	【[39][66]】\n（[24][25][26][27][28][29][30]が[3]っている[334][165]ね）
0x0005a3b9	3	【[39][66]】\n（１[342]はコンビニで、\n２[342]に[28][29][30]があるみたい）
0x0005a43a	4	【[39][66]】\n（[630][631][31][32]があるわ。\nコウジのお[250]さんと[21][22][122][482]さんの[97]を\n[145][390]に[98]きたいところだけど……）
0x0005a4ac	4	【[39][66]】\n（その[19]に[24][12][429][432][433]さんについて、\n[723]の[598]さんとお[97]をしたいところね。\nどうしようかな……）
0x0005a51a	2	【[39][66]】\n（…………）
0x0005a557	2	【[39][66]】\n（あっ、ちょうど２[53]がやってきたわ！）
0x0005a61e	2	【[633]】\nあっ、[636][637]《ししょう》の[88][89][90]さんだ！
0x0005a675	2	【[598]】\nこんにちは。
0x0005a6ab	3	【[39][66]】\nこんにちは。\nちょうど[148]えましたね。
0x0005a6fe	3	【[633]】\nアタシたちに？\nなになに、[97]を[98]きたいとか！？
0x0005a74a	4	【[39][66]】\nええ。\n[598]さんのお[638]さんの[97]を[98]きたくて……\n[96]しいいですか？
0x0005a7b0	3	【[598]】\n[638]の[97]……ですか？\nなんでしょう？
0x0005a82b	4	【[39][66]】\n（[630][631][31][32]があるわ。\nコウジのお[250]さんと[21][22][122][482]さんの[97]を\n[98]きたいところだけど……）
0x0005a8a4	2	【[39][66]】\n（[209]に[3]ろうかしら？）
0x0005a958	2	【[39][66]】\n（[209]に[3]りましょう）
0x0005a9ae	2	【[39][66]】\n（もう[96]しここにいましょう）
0x0005aa03	3	【[39][66]】\n（[31][32]があるわ。\n[643][642]みたいね）
0x0005aa71	3	【[39][66]】\n（[31][32]があるわ。\n[24][12][429][598]さんに[97]を[98]きたいんだけど……）
0x0005aaba	2	【[39][66]】\n（…………）
0x0005ab12	2	【[39][66]】\n（あっ、２[53]がやってきたわ！）
0x0005abd5	2	【[633]】\nあっ、[636][637]《ししょう》の[88][89][90]さんだ！
0x0005ac2c	2	【[598]】\nこんにちは。
0x0005ac62	3	【[39][66]】\nこんにちは。\nちょうどよかったわ。
0x0005accc	3	【[633]】\nアタシたちに？\nなになに、[97]を[98]きたいとか！？
0x0005ad18	4	【[39][66]】\nええ。\n[598]さんのお[638]さんの[97]を[98]きたくて……\n[96]しいいですか？
0x0005ad97	3	【[598]】\n[638]の[97]……ですか？\nなんでしょう？
0x0005ae25	4	【[39][66]】\n（[31][32]があるわ。\n『[630][631][31][438][642][32]』……\n[643][642]みたいね）
0x0005aeba	3	【[633]】\nあの……\nぶっちゃけ、[88][89][90]さんって[724]《もう》かりますか？
0x0005af0f	3	【[39][66]】\nえっ……\n[451]に、どうして？
0x0005af5f	3	【[633]】\nだって、[88][89][90]さん、\n[122][123][53]を[80]つけるために[232][233]してるんですよね？
0x0005afc8	3	【[633]】\nまるで[26][27]みたいなことやってるし、\nなら[422][293]の[304]、[88][89][90]でもいいかなって。
0x0005b047	4	【[598]】\n[633]ちゃん！\n[88][89][90]になるって、\nそんな[153][407]に[58]えるような[468][261]じゃないんだよ！
0x0005b0b5	3	【[598]】\n[725][23][726][727]の[209]でも[63][303][215]って[58]われている\n[433][39][726][727]に[264][360]しなくちゃならないんだから！
0x0005b12a	3	【[633]】\n[433][39][726][727]？\nそれってどのくらい[654][231]すれば[264][360]できる？
0x0005b1a2	3	【[598]】\nえっと……\n[31][32][276][727]の[428]の１００[728]は[378][346]だと[132]う。
0x0005b21e	3	【[633]】\nゲッ……\nそ、それはキツいなぁ……
0x0005b264	4	【[39][66]】\n[57][390][729][730]《いっしょうけんめい》[731][131]すれば[264][360]できるわよ。\n[630][631][31][32]って[73][49]だし、\nまずは[76][642]の[39][642][291]に[3]るところから[400]めればね。
0x0005b2ee	3	【[39][66]】\nでも、[731][131]なくして[276]からないのも[28][111]ね。\nそれだけは[583][320]《かくご》しといて。
0x0005b375	3	【[633]】\n……やっぱり、[26][27]にしとこうかな、\nアハハ。
0x0005b3eb	3	【[633]】\nやっぱり、[538][172]《えんりょ》しておきます……\nタハハ……
0x0005b473	2	【[39][66]】\n（まだ[98]くことがあったかしら……？）
0x0005b545	2	【[39][66]】\n（[110][100]に[98]きたいことは……）
0x0005b63f	3	【[39][66]】\nお[97]を[98]かせていただいて\nありがとうございました。
0x0005b699	3	【[598]】\nいえ、[87]たちができることであれば\nなんでも[130][131]しますので……
0x0005b6f9	2	【[633]】\n[198]く[636][637]《ししょう》の[12][111]が[119][283]されればいいですね！
0x0005b74b	3	【[39][66]】\nありがとう。\nでは、[236][237]します。
0x0005b79e	2	【[598]】\n[236][237]します。
0x0005b7e3	2	【[633]】\n[236][237]しま～す！
0x0005b8a8	2	【[39][66]】\n（[110][100]に[98]きたいことは……）
0x0005b9bd	2	【[39][66]】\n（[24][25]さん、いるかしら……？）
0x0005ba0f	2	【[39][66]】\n（インターフォンを[401]《お》す？）
0x0005ba66	2	【[39][66]】\n（[24][25]さん、いるかしら……？）
0x0005bab3	2	【[39][66]】\n（もうちょっと[136][66]を[80]ましょう）
0x0005bb1b	2	【[39][66]】\n…………
0x0005bb54	2	【[39][66]】\n（あれ、いないみたい……）
0x0005bba5	2	【[39][66]】\n…………
0x0005bbde	2	【ドアフォン】\nはい、[24][25][26][27][28][29][30]ですが？
0x0005bc28	3	【[39][66]】\nあ、あの。\n[88][89][90]の[0][91][39][66]です。
0x0005bc74	3	【ドアフォン】\nああ、[39][66]ちゃんね。\nどうぞ。
0x0005bcbb	2	【[39][66]】\nそれじゃ、[236][237]します。
0x0005bde1	2	【[39][66]】\n（[102][146]はこれで[232][233]を[234]わりにする？）
0x0005be9a	2	【[39][66]】\n（それじゃ[154]りましょう）
0x0005bedf	3	【[39][66]】\n（そうね。\nもう[96]し[136][66]を[80]ましょう）
0x0005bf3d	3	【[39][66]】\n（まだ[232][233]しなくちゃいけないことがあるわ。\n[154]るわけにはいかないわよ）
0x0005c044	3	【[39][66]】\n[633]さんと[598]さんから[98]いた[97]は、\nこんな[242]じだったわ。
0x0005c0bc	3	【[107][108]】\n……なるほど。\n[24][12][429][432][433]は[275]《ま》けず[481]《ぎら》いか……
0x0005c125	2	【[107][108]】\n[508][21]い[681][682]が[67]てられそうだな。
0x0005c1c4	4	【[107][108]】\n[24][12][429][432][433]は[275]《ま》けず[481]《ぎら》いで、\n[552][553][118]《くつじょくてき》な[275]け[158]をしたことは[53]に[97]さないらしい。\n[63][64]、そんな[552][553][118]《くつじょくてき》な[275]け[158]をしたことがなかったか……？
0x0005c331	2	【[107][108]】\n（[168]《ちが》う、これじゃない！）
0x0005c378	4	【[107][108]】\n（[24][12][429][432][433]は[406][313]の[275]《ま》けず[481]《ぎら》い。\nしかも[599][55]《しゅみ》のゲームで[552][553][118]《くつじょくてき》な[275]け[158]をしたときは\n[78][79][717]《あ》れるそうだ）
0x0005c40f	4	【[107][108]】\n（[63][64]もあったはずだ。\n[24][12][429][432][433]がゲームで[275]けたような[166][167]を\n[80]せたことが……）
0x0005c505	4	【[107][108]】\nそう……[24][12][429][432][433]は\nゲームセンターで\nレバーを[446]《こわ》したらしいな。
0x0005c573	4	【[107][108]】\nこれって、\nもしかしたら[552][553][118]《くつじょくてき》な[275]け[158]をして\n[132]いっきり[712]《くや》しがったからじゃないか？
0x0005c624	3	【[39][66]】\nうーん……\nなんとも[58]えないと[132]う。
0x0005c679	4	【[39][66]】\nもしかしたら\nゲームに[733][209]してのことかも\nしれないし……
0x0005c6f1	3	【[107][108]】\nでも、[169][19][39][66]が、プレイしたゲームについて[98]いたとき、\n[24][12][429]はハッキリと『[176]えたくない』って[58]ったんだろう？
0x0005c791	2	【[39][66]】\nあっ、たしかに[58]ってた……
0x0005c7f9	3	【[107][108]】\nちょっとこの[235]り、[525]《つ》っついてみないか？\nうまくいけば、[0]たな[1][2]が[121]てくるかもしれない。
0x0005c88a	3	【[39][66]】\nそうね……\nわかったわ。
0x0005c995	2	【[107][108]】\nそれと、おふくろと[21][22][122][482]の[97]だけど……
0x0005ca33	4	【[107][108]】\n……なんとなく[617][618]だな。\n[185][223][169][273]に\nおふくろに[734]《ほ》れてた[477]の[97]を[98]くのは……
0x0005caaa	3	【[107][108]】\nこの[28][104]はどこまで[53][280][215][253]が\n[3]り[453]んでるんだ……？
0x0005cb0d	3	【[107][108]】\nとうとうおふくろと[21][22][122][482]までが\n[142]びつくなんて……
0x0005cb85	2	【[107][108]】\n…………
0x0005cbcb	4	【[107][108]】\nあれ、[99]てよ？\nおふくろが[145]に[735][261]したことによって、\n[142][255]、[122][482]はおふくろにフラれておしまいだったのか？
0x0005cc63	3	【[39][66]】\nそこまでは[98]いてなかった……\nゴメン……
0x0005ccd4	2	【[107][108]】\n……いや、いいんだ。
0x0005cd39	4	【[107][108]】\n[102]まで[4]に[3]れた[1][2]から[653][329]すれば、\n[735][261][20]にも２[53]のあいだに\nなんらかの[215][253]があったことがわかる！
0x0005cdf2	4	【[107][108]】\nおふくろと[122][482]は[735][261][20]も\nなんらかの[215][253]を[736]いていた……\nそれを[620]すのは……！？
0x0005cf1d	2	【[107][108]】\n（[168]《ちが》う、そうじゃない！）
0x0005cf64	4	【[107][108]】\n（オレ[41][114]、[122][482]と[57][313][148]ったことがあるんだ！\nその[28][111]が、おふくろと[122][482]のあいだに\nなんらかの[215][253]があったことを[620]してる！）
0x0005d064	2	【[107][108]】\nそう……リフォームだ。
0x0005d0f3	3	【[107][108]】\nあのとき、おふくろは[129]り[264]いの[148][262]に[75]《たの》んで\nリフォームするって[58]った。
0x0005d154	3	【[107][108]】\nその[129]り[264]いってのが、\nまさに[21][22][122][482]のことじゃないのか？
0x0005d1aa	4	【[107][108]】\nモニターに[368]ばれたから\nリフォーム[83][737]は[72]《か》からないなんて[58]ってたけど、\nそれ[41][77]、[122][482]の[131]なんじゃないだろうか？
0x0005d224	3	【[107][108]】\nつまり、おふくろと[122][482]のあいだには、\nなんらかの[215][253]が[391]いてたんだ！
0x0005d2f5	4	【[39][66]】\nで、でも、\nたとえ２[53]のあいだになんらかの[215][253]があったとしても、\n２[53]とも[197][7][19]に[186]くなってしまったのよ……？
0x0005d37a	3	【[39][66]】\n[102][103]の[28][104]には、\nあまり[215][253]ないんじゃ……？
0x0005d40a	2	【[107][108]】\n……[457][458]したいんだ。
0x0005d457	2	【[39][66]】\n[457][458]……？
0x0005d49f	2	【[107][108]】\n……あぁ、[457][458]だ。
0x0005d4ec	4	【[39][66]】\n……もしかしてだけど。\n[107][108]には[122][123][53]の[404][738]が\nついてるんじゃない？
0x0005d570	2	【[107][108]】\nさあ、どうだろう。
0x0005d5b9	3	【[107][108]】\nただ、[122][123][53]がわかったとしても、\n[256][274]がわからないんだ。
0x0005d61b	3	【[39][66]】\n２[53]の[215][253]がわかれば、\n[122][123][53]の[256][274]がわかるの？
0x0005d67c	3	【[107][108]】\nそれもわからない。\nみんな[739]《ふく》めて[457][458]なんだ。
0x0005d6da	2	【[39][66]】\n……なら、[30][383]に[98]いてみようか？
0x0005d72f	4	【[39][66]】\n[30][383]は[50][34][52]《ひがいしゃ》……\n[21][22][122][482]さんの[638]と[740][53]だったし、\n[122][482]さんとも[57][427]《いっしょ》に[157][28]をしてたはずよ。
0x0005d7d8	2	【[107][108]】\n……そうだな、それがいいかもしれない。
0x0005d82d	4	【[107][108]】\nのぞみも、[21][22][122][482]は\n[37][38][88][89][90]を[741][742]してたって[58]ってた。\nもしかしたら、なにか[508][21]い[97]が[98]けるかもしれない。
0x0005d8cf	3	【[107][108]】\n[37][38][88][89][90]に[98]いてみてくれ……\n２[53]の[215][253]を。
0x0005d94a	2	【[39][66]】\nわかったわ。
0x0005da2a	1	［[440][441]のアリバイについて］
0x0005da41	1	［[57][317]と[24][25][440][441]の[215][253]について］
0x0005da60	1	［[57][317]と[37][38][442][443][444]の[215][253]について］
0x0005da81	1	［[57][317]と[64][106][743][187]の[215][253]について］
0x0005daa0	1	［[57][317]と[24][12][429][432][433]の[215][253]について］
0x0005dac1	1	［[440][441]と[64][106]の[215][253]について］
0x0005dadc	1	［[312]か[153]がついたこと］
0x0005daf0	1	［[440][441]とゆみの[215][253]について］
0x0005db09	1	［[744][745][178][513]について］
0x0005db30	1	ブラインド
0x0005db38	1	ブラインド
0x0005db44	1	[107][108]の[295]
0x0005db4c	1	[107][108]の[295]
0x0005db58	1	[440][441]の[295]
0x0005db60	1	[440][441]の[295]
0x0005df2b	2	【[440][441]】\nいらっしゃ～い！
0x0005df66	4	【[39][66]】\nど、どうもです……\nお[238]《いそが》しいところ、お[428][280]を[15]らせてしまって\n[92]し[437]ありません……
0x0005dff8	3	【[440][441]】\nまあまあ。\n[663]《かた》っ[532]しい[395][396]《あいさつ》はナシナシ！
0x0005e1cd	3	【[39][66]】\n[28][104][35][36]にいた[215][253][52]のアリバイを\nあらためて[232]べています。
0x0005e225	3	【[39][66]】\nそこで[24][25]さんのアリバイも\n[176]えてもらえればと[132]うのですが……
0x0005e2a1	2	【[440][441]】\nアラ、アタシも[546][51][52]《ようぎしゃ》ってワケね？
0x0005e2ef	3	【[39][66]】\nあっ……\nそ、そんなことは……
0x0005e359	3	【[440][441]】\nフフ、いいの。\n[215][253][52]のアリバイを[232]べるのは[513]しいことよ。
0x0005e3d5	4	【[440][441]】\nえっと……\nそれじゃ、\nライトブルーに[3]ってからのお[97]でいいかしら？
0x0005e42f	2	【[39][66]】\nはい、お[224]いします。
0x0005e493	3	【[440][441]】\nライトブルーに[71]いたのが、\n２３[428]３０[327]くらいだったかな……？
0x0005e515	3	【[440][441]】\nその[428][496]で、コウちゃんはもう\nベロンベロンのデロンデロンだったわ。
0x0005e56f	2	【[39][66]】\nコウジ、お[673]に[514]いですからね……
0x0005e5dc	4	【[440][441]】\nでね、アタシたちは\nカウンターに[563]ったんだけど、\nコウちゃんはすぐに[746]《つぶ》れちゃってね。
0x0005e667	2	【[440][441]】\nアタシはマスターと[97]しながらチビチビやってたわ。
0x0005e6b4	2	【[39][66]】\nライトブルーにはよく[152]くんですか？
0x0005e706	4	【[440][441]】\nそうね。\n[88][89][90][428][244]からの[364][344]だもの。\n[28][104]の[19][146]にも[672]みに[152]ってたくらいだし。
0x0005e795	2	【[440][441]】\nだからマスターとは[227]なじみよ。
0x0005e7fd	4	【[440][441]】\nでもコウちゃんを[344]れて[152]ったのは\n[627]めてだったかな？\nコウちゃん、あまりお[673][672]まないしね。
0x0005e870	3	【[440][441]】\n[272]に[3]ったときに[153]がついたんだけど、\n[661]からの[129]り[264]いが[312][53]かいてね。
0x0005e8ce	3	【[39][66]】\nその[209]の１[53]はウチの[30][383]ですね。\nあとはどなたですか……？
0x0005e932	4	【[440][441]】\nまずは[64][106][690][28]ね。\n[110]とは[26][27]になってから、\n[403]じ[28][104]を[747]《めぐ》って[312][313]かやり[264]ってたから。
0x0005e9b1	4	【[440][441]】\nあとは[50][34][52]《ひがいしゃ》になった[21][22]さんね。\n[21][22]さんはＶＩＰルームに[3]っていたんだけど、\nマスターから[102][146][293]てるって[97]を[98]いたの。
0x0005ea46	3	【[440][441]】\n[88][89][90][428][244]に[312][313]か[57][427]《いっしょ》に[293]たから、\n[110]もマスターと[227]なじみなのよ。
0x0005eaad	2	【[39][66]】\nへえ、そうだったんですか。
0x0005eb13	4	【[440][441]】\n[395][396]《あいさつ》しようか[652]《なや》んだんだけど、[110]とはあまり\nいい[56]れ[158]をしてないし、ＶＩＰルームにいるってことは\n[76][28]な[97]をしているんだろうと[132]って[538][172]《えんりょ》したわ。
0x0005ebd6	3	【[440][441]】\nだから１[53]チビチビと[672]んで、\n[595]を[67]ったのは[336][748]《けしょう》を[178]したときくらいかな……？
0x0005ec42	2	【[39][66]】\nその[428][280]は[583]えていますか？
0x0005eca9	3	【[440][441]】\nん～……\nさすがにそこまで[749]かくは[583]えてないわね。
0x0005ecf9	3	【[39][66]】\nそうですよね……\nすみません。
0x0005ed61	3	【[440][441]】\nううん、いいのよ。\n[157][28][733][160]で[142][61]だわ！
0x0005edd4	4	【[440][441]】\n[336][748][178]《けしょうなお》しした[428][280]は[583]えてないけど、\n[647]《よ》いつぶれたコウちゃんに[698]《かた》を[226]して\nお[272]を[121]たのは０[428]３０[327]くらいだったと[132]うわ。
0x0005ee8f	3	【[440][441]】\nあっ、あとは[157][28]の[601][97]が[72]《か》かってきて、\n０[428][19][20]に[595]を[67]ったかな。
0x0005ef21	2	【[440][441]】\nそれ[169][273]はずっとカウンターにいたと[132]う。
0x0005ef6e	3	【[39][66]】\nそうですか。\nありがとうございます。
0x0005efec	2	【[440][441]】\nほとんどカウンターでチビチビと[672]んでいたわ。
0x0005f056	2	【[39][66]】\n[50][34][52]《ひがいしゃ》と[24][25]さんはお[129]り[264]いだったんですよね？
0x0005f0d4	4	【[440][441]】\nええ、そうよ。\n[110]は[88][89][90][428][244]のクライアントだったわ。\nでも、[45][153]を[329][461]に[372][750]《かいこ》されたの。
0x0005f148	2	【[39][66]】\n…………
0x0005f1a7	3	【[440][441]】\nそんなカオしなくてもいいわよ。\n[102]はもう、[278]《ふ》っ[210]《き》れてるしね。
0x0005f204	2	【[39][66]】\nは、はい……
0x0005f263	4	【[440][441]】\nだけど、あの[472]《ころ》は[502][241]いかなかったなぁ……\n[41][327]は[751]んでもいいくらいの[583][320]《かくご》で\n[157][28]してたし……
0x0005f301	4	【[440][441]】\nでも、いくら[231]がったところで\n[77]がついてこないだろうし、\n[499][173]いく[157][28]ができたか[51][150]だけどね。
0x0005f392	4	【[440][441]】\n[214][752]に[59]えれば、\n[110]の[228][366]は[513]しかったのかもしれないわ。\n[53][280]として[741][742]できるかは[56][150][151]だけど。
0x0005f404	4	【[39][66]】\nでも、[87]は[24][25]さんの[153][84]ち、\nよくわかります。\n[87]だって[109][79]を[273]されないように[378][751]ですから……
0x0005f474	4	【[39][66]】\nクライアントが[174][221]できない[88][89][90]を[273]すのは\n[79][474]だし、よくある[97]です。\nよくある[97]なんですが……
0x0005f509	2	【[440][441]】\n[502][241]いかないわよね。
0x0005f554	4	【[440][441]】\nそれは[41][327]の[131]が[173]りない[712]《くや》しさとか、\nクライアントに[80]る[404]がない[753]《いきどお》りとか\nそんなことじゃなくって……
0x0005f5db	3	【[440][441]】\n１[53][15]り[240]されるのが[603]《こわ》い……\n[168]《ちが》う？
0x0005f631	3	【[39][66]】\n……はい、そうなんです。\n[203]に[102][103]の[28][104]は……
0x0005f6aa	3	【[440][441]】\n……[39][66]ちゃん。\nやっぱりあなたとアタシ、よく[207]てるわ。
0x0005f725	4	【[440][441]】\nでも、コウちゃんはもう\nあなたのもとを[159]ったりしないわ。\nあなたがそのままでいれば、ね。
0x0005f787	2	【[39][66]】\nえっ……
0x0005f7e4	4	【[440][441]】\nアタシももっと[354][178]だったら、\n[96]しは[53][390]が[65]わっていたかも……\n……もう[194]《おそ》いけどね。
0x0005f851	3	【[39][66]】\nううん、[194]《おそ》くありませんよ！\n[24][25]さん、[648][649]《きれい》だし、これからですよ！
0x0005f8dd	3	【[440][441]】\nううん、いいのよ。\n[102]は[39][66]ちゃんがいるからね。
0x0005f92c	2	【[39][66]】\nえっ……！？
0x0005f98d	4	【[440][441]】\nアタシが[354][178]になれなかった[53][390]を、\n[39][66]ちゃんを[163]して\n[80]つめ[178]すことができるからさ。
0x0005fa1a	2	【[440][441]】\nだから[354][178]にならなくちゃダメよ、[39][66]ちゃん！
0x0005fa68	2	【[39][66]】\nえっ……は、はい！
0x0005fad1	3	【[440][441]】\n[110]はアタシが[88][89][90][428][244]のクライアントだったけど\n[160][754][45]を[329][461]にクビになったわ。
0x0005fb55	3	【[39][66]】\n[50][34][52]《ひがいしゃ》とうちの[30][383]の[215][253]って、\nどんな[242]じだったかご[183]じですか？
0x0005fbde	2	【[440][441]】\nう～ん……
0x0005fc24	4	【[440][441]】\n２[53]ともそこそこ[129]っている[53]だけど、\n[418][150][88][89][90]《こもんべんごし》とクライアントの[215][253]って\nことくらいしか[129]らないわ。
0x0005fc9f	2	【[39][66]】\nそうですか……
0x0005fce6	4	【[440][441]】\nたしか[642][390][428][244]からの[277]き[264]いだって\n[97]は[98]いたことあるけど……\nそれでも[93][132][576]よね。
0x0005fd4f	2	【[39][66]】\n[93][132][576]、ですか？
0x0005fdb3	3	【[440][441]】\nあの２[53]の[101][360]を[129]っているとね。\n[37][38]さんはとにかく[390][122][508][404]な[53]でしょ？
0x0005fe3c	3	【[440][441]】\n[124]でいろんなことをしてる[21][22]さんと\n[383]くつるんでるのが[174]じられなくて。
0x0005fe96	4	【[39][66]】\n……でも、[30][383][41][114]、\nそれは[157][28]と[397]り[210]っているのでは？\nその[235]も[390][122][508][404]な[53]ですし……
0x0005ff15	4	【[440][441]】\nうん、そうも[132]うけど、\nなら[63][627]から[37][38]さんを\n[418][150][88][89][90]《こもんべんごし》にすればよかったんじゃない？
0x0005ff88	3	【[39][66]】\n……プライベートと[157][28]を[327]けたかったのでは\nないでしょうか？
0x00060005	4	【[440][441]】\nううん、それだけじゃないと[132]うわよ。\nアタシが[35][248]の[472]《ころ》、\n[21][22]さんから[115][676]を[98]いたことがあるしね。
0x00060079	2	【[39][66]】\n[115][676]、ですか？
0x000600c2	3	【[440][441]】\nええ。\n[115][79]は[37][38]さんを[418][150][88][89][90]《こもんべんごし》にしたかったって[97]。
0x00060131	3	【[440][441]】\nでも[37][38]さんは[625]《こ》[485]《じ》したらしいわ。\n[329][461]は[58]わずもがなだけどね。
0x00060192	3	【[39][66]】\n……だけど、[102]は[30][383]が[418][150][88][89][90]《こもんべんごし》です。\nなぜなんでしょう……？
0x00060208	3	【[440][441]】\nこれは[57]つの[509][393]なんだけど、\n[37][38]さんは[514]みを[755]《にぎ》られてるのよ。
0x0006026a	3	【[39][66]】\n[514]み、ですか……？\nどんな……？
0x000602c0	3	【[440][441]】\nオウム[549]しばかりじゃダメよ。\n[39][66]ちゃんは[129]ってるんじゃないの……？
0x00060328	3	【[39][66]】\nえっ……\nど、どういうことですか……？
0x00060397	3	【[440][441]】\nあら、[129]らないの？\nそれは[382][273]。
0x00060403	3	【[440][441]】\nでも、すぐにわかると[132]うわよ。\nきっと。
0x00060459	3	【[440][441]】\nだからアタシからは[97]せない。\nこういうことは[215][253][52]からきちんと[98]かないとね。
0x000604b7	2	【[39][66]】\n…………
0x000604f0	2	【[39][66]】\nたぶん、[129]っていると[132]います……
0x00060543	2	【[440][441]】\nそれじゃ、それが[139]えよ。
0x000605bc	2	【[440][441]】\n[37][38]さんは[514]みを[755]《にぎ》られてるんだと[132]うわ。
0x0006062b	3	【[39][66]】\n[50][34][52]《ひがいしゃ》と[64][106][690][28]の[215][253]について、\nなにかご[183]じですか？
0x000606c8	3	【[440][441]】\nフフ、いよいよ……\nパンドラの[756]を[587]けちゃうわけね。
0x0006071f	3	【[39][66]】\nえっ……\nどういうことですか？
0x00060788	2	【[440][441]】\n２[53]が[31][32][428][244]の[403][757][390]だったことは[129]ってるわよね？
0x000607dd	2	【[39][66]】\nええ、それは[129]っています。
0x0006082b	3	【[440][441]】\nなら、ある[529][313]は[153]がついてるんじゃない？\n２[53]が[124]で[758]《よご》れたことをしてたって。
0x00060895	3	【[39][66]】\n……[417][77][118]《ぐたいてき》なことまではわかりませんが、\nなんとなくはわかります。
0x0006091b	3	【[440][441]】\nなら、[417][77][118]《ぐたいてき》に[232]べると[508][21]いわよ。\nもっとも、[102]はそんな[428][280]、ないと[132]うけどね。
0x0006098b	3	【[39][66]】\n[24][25]さんは[129]っているんですか？\n２[53]が[417][77][118]《ぐたいてき》になにをしていたのか……
0x00060a17	3	【[440][441]】\n[129]ってるわ。\nだけど、[102]は[176]えてあげられない。
0x00060a65	2	【[39][66]】\nそんな……どうしてですか？
0x00060ab3	3	【[440][441]】\nフフ、すぐにわかるわ。\nごく、[64]いうちにね。
0x00060aff	3	【[39][66]】\nコウジの[53][390]がかかっているんです！\n[176]えてください！
0x00060b5d	4	【[440][441]】\nコウちゃんのことなら[76][287][288]《だいじょうぶ》。\nそれは[503][119]する。\nその[170]で[102]は[176]えられないの。
0x00060bed	2	【[440][441]】\nそこは[128]して、[39][66]ちゃん。
0x00060c30	2	【[39][66]】\n…………
0x00060c69	2	【[39][66]】\nでは、[457][458]だけさせてください。
0x00060cad	4	【[39][66]】\n[50][34][52]《ひがいしゃ》と[64][106][690][28]に、\nなんらかの[758]《よご》れた[215][253]があったのは……\n[280][168]《まちが》いないですね？
0x00060d4d	2	【[440][441]】\n[280][168]《まちが》いないわ。
0x00060dc7	3	【[440][441]】\n２[53]は[124]で[142][61][758]《きたな》いことを\nやってたのよ。
0x00060e38	2	【[39][66]】\n[24][25]さんは、[24][12][429][432][433]さんを[129]っていますか？
0x00060eaf	4	【[440][441]】\n[129]ってるわ。\n[87]の[418][150][88][89][90]《こもんべんごし》[428][244]、\nエース[757]の[335][340][90]だったからね。
0x00060f28	4	【[440][441]】\nあの[21][22]さんも[57][404][308]いてた。\nでも、[87]がクビになったあとで\n[110]もクビになったと[98]いて[528]《おどろ》いた[669][759]《きおく》があったわ。
0x00060fd0	4	【[440][441]】\nしかも、クビになった[329][461]が[45][153]だって[98]いて、\nああ、[41][327]と[57][427]《いっしょ》だって[403][1]して……\nでも、[111][155]はアタシよりもツラい[132]いをしてたみたい。
0x00061086	2	【[440][441]】\nアタシが[129]ってるのはこのくらいよ。
0x0006110e	3	【[440][441]】\n[45][153]を[329][461]にクビを[210]られて……\n[115][53]は[502][241]しなかったでしょうね。
0x0006118b	4	【[39][66]】\n[111]はウチの[30][383]に、\n[50][34][52]《ひがいしゃ》と[64][106][690][28]の[215][253]について[98]いたんですが、\n[30][383]には[24][25]さんに[98]けって[58]われたんです。
0x00061211	2	【[39][66]】\nこれって、どういうことなんでしょうか？
0x0006127d	3	【[440][441]】\nアハハ！\n[37][38]さんらしい。
0x000612cc	4	【[440][441]】\n[37][38]さん、[760]がったことが[481]《きら》いだもんね。\nホント、[390][122][508][404]っていうか、\n[518]く[58]えば[663][165]《かたぶつ》ってとこよね。
0x0006137b	3	【[440][441]】\nいいわ。\n[50][34][52]《ひがいしゃ》と[64][106][690][28]の[215][253]を[97]すわ。
0x000613d5	3	【[39][66]】\nええ、その[97]も[98]きたいんですが、\nもう[57]つ[153]になったことがありまして……
0x00061432	3	【[39][66]】\n[30][383]はまるで[24][25]さんと[64][106][690][28]が\nよく[129]っている[280][761]《あいだがら》のような[257]ぶりでした。
0x000614c3	3	【[440][441]】\nなるほど。\nアタシと[64][106][690][28]の[215][253]も[153]になるわけね。
0x00061524	3	【[440][441]】\nそんな[76]した[215][253]じゃないわよ。\n[26][27]と[547][439]で[149]々とやり[264]う[291][327]ってあるから。
0x00061596	3	【[440][441]】\nアタシも[39][40]スレスレの[634][233]《そうさ》をすることがあるし、\n[762][179]《たいほ》されそうになったことも[312][313]かあるわ。
0x0006162f	3	【[440][441]】\n[111][155]、コウちゃんは１[103][762][179]《たいほ》されてるしね。\nもっともあのときは１[146]で[732][615]《しゃくほう》されたけど。
0x000616a4	2	【[39][66]】\n…………
0x00061703	3	【[440][441]】\n[26][27]って、[763][327][124][764]の[415][609]に\n[173]を[525]《つ》っ[282]《こ》んでるからね。
0x00061770	4	【[440][441]】\nもちろん、[765][564]に[309][9]してるところもあるけど、\nウチは[766]さい[28][29][30]だし、\nそれじゃやってけないのよ。
0x00061804	4	【[440][441]】\nどう……？\n[39][66]ちゃんとしては、\nコウちゃんがそんな[767]ない[157][28]をしてるのはイヤ？
0x00061867	4	【[39][66]】\nあっ、いえ……\n[513][178]、[93][289]ではありますけど……\n[110]が[470]めた[157][28]ですから。
0x000618f1	4	【[440][441]】\nフフ、[513][178]でいいわ。\nなら、コウちゃんにまっとうな[157][28]をさせるために\n[39][66]ちゃん、[57][768][769]《ひとはだぬ》いでくれる？
0x0006196a	3	【[39][66]】\n[87]が、ですか？\nなにをすればいいんでしょう？
0x000619c2	3	【[440][441]】\nまあ、[102]すぐって[97]じゃないの。\n[428][600]が[293]たら[149]々と[75]《たの》むことがあるけど。
0x00061a33	4	【[440][441]】\nまた[97]が[769][213]《だっせん》しちゃったわね。\nまあ、そんな[242]じで[64][106][690][28]とは\n[312][313]も[127][67]したことがあったわ。
0x00061ab5	3	【[440][441]】\nだけど[64][106][690][28]はアタシを[762][179]《たいほ》できない。\nなぜだかわかる？
0x00061b10	2	【[39][66]】\n……なにか[64][106][690][28]の[514]みを[755]《にぎ》っているとか？
0x00061b8d	3	【[440][441]】\nピンポーン！\n[662]《するど》ーい、さすがコウちゃんの[425][53]《こいびと》さん！
0x00061bec	3	【[39][66]】\n[168]《ちが》います！\nそんなんじゃ……！
0x00061c51	4	【[440][441]】\nフフ、ホント、かわいいわ、[39][66]ちゃん。\nだからつい、いじめたくなっちゃうのよね。\nゴメン。
0x00061cb9	3	【[39][66]】\nそ、それよりも、[64][106][690][28]の[514]みって、\nどんなことですか？
0x00061d35	3	【[440][441]】\nさすがにそれは[97]せないわ。\nコウちゃんにも[97]したことないもの。
0x00061daf	3	【[440][441]】\nでも、なんとなくわかるでしょ？\nはい、これでおしまい！
0x00061dff	4	【[39][66]】\nでは[156][150]を[65]えます。\nその[514]みを[414]えばコウジを[102]すぐ[732][615]《しゃくほう》させることも\nできますか？
0x00061e92	3	【[440][441]】\nできるわ。\nだけど、それはしないつもり。
0x00061eda	2	【[39][66]】\nどうしてですか？
0x00061f3a	3	【[440][441]】\n[39][66]ちゃん、[770][341]《ふだん》は[301][771]いけど、\nコウちゃんの[28]になると[451]に[231]くなるわね。
0x00061fa1	3	【[39][66]】\nあっ…\nす、すみません…
0x00062007	4	【[440][441]】\nううん、いいの。\n[102][103]、コウちゃんを[732][615]《しゃくほう》させないのは、\nあなたも[215][253]あるのよ、[39][66]ちゃん。
0x0006207b	3	【[39][66]】\nえっ…\nわ、[87]ですか…？
0x000620ca	4	【[440][441]】\nえぇ。\n[482][53]なら[41][327]たちの[131]で[12][111]を[119][283]できるって\n[174]じてるから。
0x00062135	4	【[440][441]】\n[102]まではコウちゃんに[127]して\n[96]し[478][503][89]すぎたかなって[132]うのよね。\nでも、そろそろコウちゃんも[772][67]しないと、ね。
0x000621aa	4	【[39][66]】\nで、でも…\nその[142][640]、コウジが[751][690]《しけい》になってしまったら\nどうするんですか…？
0x00062236	3	【[440][441]】\nそれはそれでコウちゃんの[699][730]。\n[276]け[3]れるしかないわ。
0x00062288	3	【[39][66]】\nで、でも…\n[177]ける[4][341]があるのに、それを[80][478]ごすなんて…
0x000622eb	4	【[440][441]】\nズルして[14]ち[15]った[14][314]に[382][55]がある？\nそれこそ[39][66]ちゃんのとこの[30][383]は\nそんなこと[128]さないと[132]うわよ。
0x0006235e	2	【[39][66]】\n………
0x000623bb	4	【[440][441]】\n[76][287][288]《だいじょうぶ》。\nこの[28][104]についてはあたしも[232][233]してるし、\nいざとなったら、あたしも[131]を[226]すから。
0x00062455	2	【[440][441]】\nもちろん、ズル[12]しでね。
0x000624a3	4	【[440][441]】\nだけど、できることなら[482][53]で[372][470]しなさい。\nじゃないと、[53]に[75]《たよ》るだけの[53][390]で\n[234]わってしまうわ。
0x00062516	3	【[39][66]】\nわかりました。\nすみません、[75]《たよ》ってばかりで。
0x00062573	3	【[440][441]】\nううん、いいのよ。\nだけどコウちゃんが[644]《うらや》ましいわ。
0x000625d4	3	【[440][441]】\nこんなに[122][773]《しんけん》にコウちゃんを[177]けようと\nしてくれる[66]がいるんだもん。
0x00062632	2	【[39][66]】\nそ、そんなこと…
0x00062693	3	【[440][441]】\nフフ。\n[115][79]に[301][771]い、[39][66]ちゃん。
0x00062709	3	【[440][441]】\nアタシは[64][106][690][28]の[514]みを[755]《にぎ》ってるわ。\n[324][546]は[97]せないけどね。
0x0006276f	3	【[39][66]】\n[28][104]に[215]して、\nなにか[153]がついたことはありませんか？
0x000627e6	3	【[440][441]】\nう～ん……\n[102]のところ[203]にないわねえ……
0x0006285d	2	【[39][66]】\n[96]し[93][94]《ぶしつけ》な[156][150]をさせていただきます。
0x000628d3	3	【[440][441]】\nあら、なにかしら？\nちょっと[774]しみね……フフ。
0x00062921	3	【[39][66]】\nコウジが[15][232]べで[98]いた[97]らしいんですが、\n[459][115][690][28]は[24][25]さんの[723]らしいですね？
0x000629ad	3	【[440][441]】\nあら、あの[66]がバラしちゃったんだ！？\nならもう、ごまかす[378][346]はないわね。
0x00062a31	2	【[440][441]】\nそう、アタシと[110][100]は[775][723]よ。
0x00062a76	4	【[39][66]】\nということは、\n[24][25]さんの[115][73]は[459][115]……で\n[280][168]《まちが》いないですか？
0x00062ae5	3	【[440][441]】\nそうね。\nあまり[76]きな[408]では[58]えないけど。
0x00062b3d	3	【[440][441]】\nアタシの[73][19]は[459][115]《よしもと》[776][777]《すみか》。\nきちんと[778][779]《こせき》は[240]してあるわ。
0x00062bb9	2	【[39][66]】\n……では、[115][151]です。
0x00062bfa	3	【[39][66]】\n『よしもとゆみ』ちゃん……\n[24][25]さんのお[66]さんですか？
0x00062c74	2	【[440][441]】\n……そこまでわかっちゃってるわけね。
0x00062ce0	4	【[440][441]】\nどうせ[778][779]《こせき》を[232]べたらわかることだし……\n[458]めるわ。\n[459][115]ユミはアタシの[460]《むすめ》。
0x00062d5e	3	【[440][441]】\n[223][185]は[21][22][122][482]。\nつまり[50][34][52]《ひがいしゃ》の[569]ね。
0x00062e1a	2	【[39][66]】\n…………
0x00062e79	3	【[440][441]】\nん……？\nどうしたの、[39][66]ちゃん。
0x00062ec2	3	【[39][66]】\nす、すみません……\nちょっと[528]《おどろ》いてしまって……
0x00062f16	3	【[39][66]】\n[24][25]さんにお[66]さんがいたことも\n[528]《おどろ》きなんですが……
0x00062f92	3	【[440][441]】\nあら、それは[487]んでいいのよね？\nそれだけ[780]く[80]えるってことでしょ？
0x00062fea	3	【[39][66]】\nえ、ええ、その[163]りなんですが……\n[21][22][122][482]さんとのお[66]さんだったなんて……
0x00063072	4	【[440][441]】\nでも、アタシと[122][482]さんが\nお[277]き[264]いしていたことは\nコウちゃんから[98]いてたんでしょ？
0x000630d4	2	【[39][66]】\nええ、そうなんですけど……
0x0006313b	2	【[440][441]】\nちなみにさ、ユミのこと、どうやって[129]ったの？
0x00063186	2	【[39][66]】\n[21][22]のぞみさんが[21][22]ビルで[404][375]《もくげき》したらしいんです。
0x000631e9	2	【[39][66]】\n[87][41][114]も[21][22]ビルで[80]かけましたし……
0x0006325b	3	【[440][441]】\nえっ……！\nまだ、あの[66]が……？
0x000632bd	2	【[440][441]】\n…………
0x000632f6	2	【[39][66]】\n[24][25]……さん？
0x00063359	2	【[440][441]】\nあ、ああ……ゴメン。
0x000633bf	4	【[440][441]】\nまったく、あの[66]も１[53]でフラフラと……\nまだ[66]どもなのに、\n１[53]であんなところに[152]ったら[767]ないわよね！
0x00063430	2	【[39][66]】\nそ、そうですよね……
0x00063494	3	【[440][441]】\nま、[250][185]がこんな[93][204]だから、\n[157][158]ないか。
0x000634e3	2	【[39][66]】\n…………
0x0006351c	3	【[39][66]】\nどうしてお[66]さんがいること、\nコウジにも[222]《だま》ってたんですか？
0x00063599	3	【[440][441]】\nう、うーん……\nそんなに[76]げさな[329][461]はないんだけどね……
0x00063613	4	【[440][441]】\nホラ、アタシって[367]が[82]いから、\n[66]どもがいることを[129]られると、\n[149]々と[508][86]《めんどう》なのよ。
0x0006368d	4	【[440][441]】\nだから[367]を[781]《あざむ》くにはまず[55][158]からって\n[661]、エラい[53]が[240]した[176]えを\n[782][111]に[783]ってたわけ。
0x000636fb	2	【[39][66]】\n……そう、でしたか。
0x00063747	3	【[440][441]】\nとにかく、もうこれ[169][170][767]ないことはさせられないから、\nユミにはキツく[58]っておかないとね。
0x000637d1	2	【[440][441]】\n[176]えてくれてありがとう、[39][66]ちゃん！
0x00063819	2	【[39][66]】\nい、いえ……
0x0006387e	2	【[440][441]】\nユミにはキツく[58]っておかないとね！
0x000638e1	2	【[39][66]】\n[744][745][178][513]って[158]、ご[183]じですか？
0x0006394f	3	【[440][441]】\nええ、[129]ってるわよ。\n[160][754][590][316]をしてくれた[145][390]。
0x000639a2	2	【[39][66]】\nどんな[158]ですか？
0x00063a03	3	【[440][441]】\nえっ、どうして……？\n[110]がなにかやったの？
0x00063a4f	4	【[39][66]】\nい、いえ……\n[124]のある[158]らしいので、\nどんな[53]なのかなと……
0x00063acd	4	【[440][441]】\nそこまでわかってるってことは、\n[102]、[87]の[160][754]が[205]《だれ》のものなのか、\nコウちゃん、[129]ってるのね？
0x00063b3b	3	【[39][66]】\n……はい。\nおおよその[80][79]はついています。
0x00063bad	3	【[440][441]】\nそっか。\nうん、それで[264]ってると[132]うわよ。
0x00063bf8	3	【[39][66]】\n……[87]は[24][25]さんが\nその[28][111]を[129]っていることが[382][273]でした。
0x00063c51	2	【[39][66]】\nそれも[744][745][145][390]から[98]いたんですか？
0x00063cbf	3	【[440][441]】\nううん、[98]いてないわ。\nだけどね、なんとなくわかったの。
0x00063d37	3	【[440][441]】\nコウちゃんを[80]てるとね、\nたまにとても[771]しくなるのよ。
0x00063dad	3	【[440][441]】\nあっ、[366]っておくけど、\n[425][771][242][1]《れんあいかんじょう》じゃないからね。
0x00063e30	4	【[440][441]】\n[250][185]が[4]の[72]《か》かる[66]を[80]るような[242]じって\n[58]うのかな……\nそんな[242][1]で[57][707]《いっぱい》になるの。
0x00063ea4	2	【[39][66]】\n…………
0x00063f03	3	【[440][441]】\nだから、[41][327]の[160][754]について、\n[232][233]したことがあったの。
0x00063f65	2	【[440][441]】\n[744][745][145][390]が[87]に[58]ったのはね……
0x00063fba	4	【[440][441]】\n『あなたに[160][754]を[290]《あた》えたいという[382][108]を\n[84]っている[53]がいる。\nその[382][108]を[276]け[15]る[583][320]《かくご》はあるか？』……って。
0x00064057	3	【[440][441]】\nそれはアタシにとって\n[224]ってもない[58][315]だったわ。
0x000640a4	3	【[39][66]】\n……そのときにはもう、\n[21][22][122][482]さんは[186]くなっていたんですよね。
0x00064124	4	【[440][441]】\nそう。\nユミは[110]の[387]れ[298][80]でもあるから、\n[521][340]にアタシは[390]き[391]けたかった……
0x00064194	4	【[440][441]】\nアタシは[744][745][145][390]にお[224]いして、\n[168][39]《いほう》であることを[294][129]《しょうち》で、\n[590][316][4][784]を[276]けた。
0x00064216	3	【[440][441]】\nそして[102]までひどい[785][126][166][167]《きょぜつはんのう》もないまま、\n[390]き[391]けることができてるの……
0x0006427f	2	【[39][66]】\n……そのあと、[744][745][145][390]は？
0x000642eb	3	【[440][441]】\n１ヶ[429]くらい、[784][20]の[219][478]を[80]てくれて、\nある[146]プッツリといなくなってしまったの。
0x00064351	3	【[39][66]】\nそうですか。\nそれではほとんど[199][200]ないですよね？
0x000643ab	4	【[440][441]】\nそうなのよね……\nだけど、アタシに[730]を[590][316]してくれた[53]だし、\nそういった[382][55]では[242][541]してるわ。
0x00064469	2	【[440][441]】\n[744][745][145][390]の[199][200]は、ほとんどないわ。
0x000644ba	2	【[39][66]】\n（コウジの[636][637]《ししょう》、[24][25][440][441]さん）
0x0006450b	4	【[39][66]】\n（とても[648][649]《きれい》な[53]……\nでもやり[4]なのよね。\n[323]《あこが》れちゃうな……）
0x0006462d	2	【[39][66]】\n（なにを[98]こうかな……？）
0x00064be5	2	【[39][66]】\n（これで[232][233]を[234]わりにしようかしら？）
0x00064c9d	3	【[39][66]】\nそれでは、[87]はこの[235]で[236][237]します。\nお[238]《いそが》しい[209]ありがとうございました。
0x00064d26	4	【[440][441]】\nううん、いいの、いいの。\n[39][66]ちゃんだったらいつでも[664][655]《かんげい》だから、\n[153][407]に[665]びに[293]て！
0x00064d95	3	【[39][66]】\nはい。\nありがとうございます……
0x00064de5	3	【[39][66]】\nあっ、\nそういえば、[45][153]はもう[76][287][288]《だいじょうぶ》なんですか？
0x00064e65	4	【[440][441]】\n[160][754]のこと？\nならもう[76][287][288]《だいじょうぶ》よ。\n[219][478]もすこぶる[786][232]だしね。
0x00064f07	4	【[440][441]】\n[787][788][789][347][790]《めんえきよくせいざい》を[672]まなきゃいけないことと、\n[763][7]に１[103][791][233]を[276]けなくちゃいけないこと[169][273]は\n[770][163]《ふつう》の[390][358]そのものよ。
0x00064f9b	3	【[39][66]】\nそうですか。\nなら[204]かったです。
0x00064fdf	3	【[39][66]】\nやっぱり[590][316][4][784]を[276]けた[45][46]って\n[273][725]だったんですか？
0x0006505b	4	【[440][441]】\nううん、[146][115]よ。\nしかも[44][324]の。\n[666][170][76][277][537][45][46]って[129]ってる？
0x000650bf	4	【[39][66]】\n[666][170][76][277][537][45][46]ですか……！？\nえ、ええ……\nよく[129]ってます……
0x00065146	3	【[440][441]】\nん？\nどうしたの？
0x00065182	3	【[39][66]】\nい、いえ、なんでもないです。\nではそろそろ[236][237]します。
0x000651e7	3	【[39][66]】\n（そうね。\nもう[96]し[97]を[98]きましょう）
0x00065244	3	【[39][66]】\n（まだ[98]かなくちゃいけないことがあるわ。\n[154]るわけにはいかないわね）
0x0006531e	3	【[39][66]】\n[24][25]さんから[98]いた[1][2]は\nこんな[242]じだったわ。
0x00065571	2	【[107][108]】\nそれと……
0x000655af	3	【[39][66]】\n（ブラインドは[300]ろしたままになってるわ。\n[274][691][28][692]《きみつじこう》とかを[424]《あつか》ってるからかな……？）
0x00065625	3	【[39][66]】\n（……なんて、[567][693]に[146]の[107]が[694]《まぶ》しいからって\n[329][461]だったりして）
0x0006568d	3	【[39][66]】\n（[267]こうにある[595]が[24][25]さんの[595]みたいね。\n[157][28]ができる[53]は、[295]もキレイよ）
0x000656f7	3	【[39][66]】\n（……[82][327]、[4][19]の[295]がコウジの[595]ね。\n[695][79]にちらかってるし……）
0x00065759	3	【[39][66]】\n（……[661]と[65]わってないから、\nちょっとホッとするところもあるんだけどね）
0x000657e9	2	【[107][108]】\n…………
0x00065848	4	【[107][108]】\n[153]になる[1][2]はいくつかあった。\nだけど[57][506][153]になるのは、\n[440][441]さんが[160][754][590][316][4][784]を[276]けた[666][170][76][277][537][45][46]……
0x000658ee	3	【[39][66]】\n[87]も[57][697]《いっしゅん》、[792]を[51]ったわ。\nまさか、[666][170][76][277][537][45][46]だったなんて……
0x00065965	2	【[107][108]】\n…………
0x000659e4	4	【[107][108]】\nオレの[114][64]な[53]の[209]で、\n[160][754][590][316][4][784]に[215][253]する[53][165]が２[53]いる。\nそれは……？
0x00065b18	3	【[107][108]】\n（[440][441]さんは[264]ってる。\nけど、もう１[53]が[168]《ちが》う）
0x00065b6f	3	【[107][108]】\n（オレの[209]で[658]しい[132]い[121]として[240]ってる[53][165]だ。\nそれは……？）
0x00065be2	3	【[107][108]】\n（おふくろは[264]ってる。\nしかし、もう１[53]が[168]《ちが》う）
0x00065c38	3	【[107][108]】\n（……というか、[97]の[493]れでわかるだろう？\n[96]し[767][274][242]を[84]たないとダメだな、オレも……）
0x00065ca5	2	【[107][108]】\n（[160][754][590][316][4][784]を[276]けたもう１[53]は……？）
0x00065d16	2	【[107][108]】\n（２[53]とも[280][168]《まちが》ってる！）
0x00065d79	3	【[107][108]】\n（１[53]は[97]の[493]れでわかるだろう？\n[96]し[767][274][242]を[84]たないとダメだな、オレも……）
0x00065de1	4	【[107][108]】\n（もう１[53]は、\nオレの[209]で[658]しい[132]い[121]として[240]ってる[53][165]だ。\nそれは……？）
0x00065e61	3	【[107][108]】\n（そう……\n[440][441]さん……そしてオレのおふくろだ）
0x00065ebf	3	【[107][108]】\n[666][170][76][277][537][45][46]はオレのおふくろが[793][89][636]として\n[526]いていた[45][46]だ。
0x00065f57	3	【[107][108]】\nしかしあの[146]、\nおふくろは[342][341]から[558]ちる[28][794]で[186]くなった……
0x00065fb0	4	【[107][108]】\nそしておふくろの[160][754]は[205]《だれ》かに[590][316]されたが、\n[23][60]であるオレは、[205]《だれ》に[590][316]されたのかは\n[176]えてもらえなかった。
0x0006602e	3	【[107][108]】\nあれが[102]から５[7][19]……\n２００４[7]の[97]だ。
0x000660bf	3	【[107][108]】\n……[440][441]さんが[590][316][4][784]を[276]けた[428][600]については\n[795]《くわ》しくは[129]らない。
0x00066130	4	【[107][108]】\n[115][53]から[98]いた[97]だと、\n２０００[7][472]《ごろ》に[160][754][45]を[796]《わずら》い、\n[197][7][20]に[4][784]を[276]けたと[58]ってた。
0x000661ee	2	【[39][66]】\nなら、[428][600][118]には[273]れてないわね。
0x0006625b	4	【[107][108]】\nああ、そうなんだ。\n[666][170][76][277][537][45][46]でどれだけ[160][754][590][316]の[4][784][193]が\nあるのかはわからない。
0x000662d5	4	【[107][108]】\nだけど、[428][600][118]に\nこの２[53]のあいだで[4][784]が[152]なわれた\n[301][302][101]は[31]い……
0x00066345	3	【[107][108]】\n[440][441]さんはおふくろの[160][754]を[590][316]されたのか、\n[51]う[378][346]がある。
0x000663de	3	【[39][66]】\nね、ねえ、コウジ？\n[51]うって……なんか[58]い[158]にトゲがあるよ？
0x0006645e	3	【[107][108]】\nそうだな……\n[214][752]にならなくちゃいけないよな……
0x000664d3	3	【[39][66]】\n……[97]して、コウジ。\nなにか[577]《かく》してるでしょ？
0x00066534	3	【[107][108]】\n[440][441]さんを[51]いたくはないんだ……\nでも……
0x00066621	3	【[107][108]】\n（[797][310]《じょうだん》だろ……？\n[53][280]って、こんな[566][567]に[751]ぬのか……？）
0x00066686	4	【[107][108]】\n（[297][798]だってしてるじゃないか……\n[799]《ねむ》ってるだけなんだろう？\n[250]さん……！）
0x000666ed	3	【[793][89][636]Ａ】\nえっ……！\nそれって[115][79]なんですか……！？
0x00066740	3	【[793][89][636]Ｂ】\nしっ！\nもっと[408]を[300]げて。
0x000667a5	3	【[793][89][636]Ａ】\nだって……[174]じられません……\n
0x000667e7	3	【[793][89][636]Ｂ】\n[87]、[80]てしまったの……\n[243][244]さんが[273][293]の[53]と[342][341]の[800]《おど》り[36]《ば》でケンカしてるの……
0x0006685b	2	【[107][108]】\n（えっ……！？）
0x0006689a	4	【[801][52]】\nなにをコソコソ[97]しているんだ？\nこんなところで[802][9]っている[36][264]じゃ\nないだろう？
0x00066919	2	【[793][89][636]Ｂ】\nあっ、[145][390]！
0x00066958	3	【[793][89][636]Ａ】\nす、すみません……\n[157][28]に[389]《もど》ります……
0x00066a5e	4	【[39][66]】\n……それって……？\nコウジのお[250]さんが\n[205]《だれ》かに[33]されたってこと……！？
0x00066aea	2	【[107][108]】\nいや、オレの[98]《き》き[280][168]《まちが》いかもしれない。
0x00066b62	4	【[107][108]】\nけど、あの[58][315]は[803][283]《せんめい》に[583]えている。\n[98]《き》き[280][168]《まちが》いじゃなければ、\n[457][11][118]な[97]だと[132]う。
0x00066c04	3	【[39][66]】\nそ、そんなこと……\nあの[24][25]さんが……
0x00066c75	4	【[107][108]】\nオレだって[51]いたくない！\nだから[232]べるんだ！\n[440][441]さんが[12][111]だってことを！
0x00066cfa	2	【[39][66]】\nコウジ……
0x00066d59	4	【[107][108]】\n……[518]い、[733]くなりすぎたな。\nとにかく、[666][170][76][277][537][45][46]の[793][89][636]に\n[98]《き》き[282]《こ》みに[152]くのも[232][233]の[57]つに[3]れよう。
0x00066e06	2	【[39][66]】\n……わかったわ。
0x00066ebf	3	【[107][108]】\nそしてもう[57]つ[153]になることがある。\nそれは[37][38][88][89][90]の[514]みだ。
0x00066f40	4	【[107][108]】\n[37][38][88][89][90]の[514]みについては\nもう[139]えが[121]てる。\nそれは……？
0x0006705e	2	【[107][108]】\n（[168]《ちが》う、これじゃない！）
0x000670be	4	【[107][108]】\n（[37][38][88][89][90]は[50][34][52]《ひがいしゃ》に[20]ろめたいことが\nあったはずだ。\nその[28][111]とは……？）
0x000671b9	4	【[107][108]】\n[289][244]との[93][804]《ふりん》。\nこれを[50][34][52]《ひがいしゃ》に[129]られてしまったことが、\n[37][38][88][89][90]の[514]みになってしまったのだろう。
0x00067247	3	【[107][108]】\nずっと[37][38][88][89][90]は[418][150][88][89][90]《こもんべんごし》のポストを[625]《こ》[485]《じ》していたが、\n[218]き[276]けざるを[241]なくなってしまったわけだ。
0x0006730c	4	【[39][66]】\nもう[57]つ[153]になることがあるわ。\n[50][34][52]《ひがいしゃ》は[245]の[93][804][78][4]《ふりんあいて》を、\nどうしてそんな[411][346]なポストに[308]いたのかしら？
0x0006739f	3	【[39][66]】\n[770][163]《ふつう》、[93][804]《ふりん》の[28][111]によって、\n[30][383]を[174][221]できなくなるものじゃない？
0x00067448	3	【[107][108]】\nたしかにそうだ……。\nどうやらもう[57]つ[124]がありそうだな。
0x000674a8	2	【[39][66]】\n……[30][383]に[178][147][98]いてみようか？
0x000674fd	4	【[107][108]】\nできるか？\n[289][244]が[41][33]したことを\n[257][162]めされてたくらいだろう？
0x0006757b	4	【[39][66]】\nうん……\nでも、ここまできたらもう[218]き[549]せないよ。\n[115][53]に[178][147][98]かないとわからないもの。
0x0006760a	3	【[107][108]】\nわかった。[75]《たの》む。\nだけど、[805][411]《しんちょう》にな。
0x0006766e	3	【[107][108]】\n[37][38][88][89][90]が[122][123][53]である[301][302][101]も\n[594][11]できないんだ。
0x000676ed	3	【[39][66]】\n……うん。\n[805][411]《しんちょう》に[98]いてくるよ。
0x00067819	3	【[107][108]】\nそして、もう[57]つ[153]になるのが、\n[440][441]さんと[64][106]の[215][253]だ。
0x000678c2	3	【[107][108]】\nなるほど……\n[440][441]さんと[64][106]の[215][253]は[54][55][702]いな。
0x00067970	2	【[107][108]】\n[203]に[440][441]さんが[755]《にぎ》ってる[64][106]の[514]みは……
0x00067a85	2	【[107][108]】\n（[168]《ちが》う、それじゃない！）
0x00067ae5	4	【[107][108]】\n（[440][441]さんが[58]ってた[64][106]の[514]みは、\n[415][280]にバレたら[76][150][151]になることだ。\nそれを[620]す[1][2]があったはず……）
0x00067bf6	4	【[107][108]】\nそう、おそらくは\n[50][34][52]との[758]《よご》れた[215][253]のことを\n[58]ってるんだろう。
0x00067c63	4	【[107][108]】\nその[324][546]まではわからないけど、\nどんなに[168][39]《いほう》スレスレの[634][233]《そうさ》をしても、\n[762][179]《たいほ》を[806]《ふ》みとどまらせるくらいの[670][131]はあるらしい。
0x00067d32	2	【[39][66]】\nそれって、[78][79][76]きな[131]だよね。
0x00067db7	4	【[107][108]】\nああ……\nもしかしたら、\n[453][807]ぐるみかもな。
0x00067e2a	4	【[39][66]】\n[453][807][118]に……？\nまさか、その[28][111]を[577][808]《いんぺい》するために、\n[50][34][52]《ひがいしゃ》を[33]した……！？
0x00067ec9	4	【[107][108]】\n[59]えられないこともない。\nいや、そう[59]えれば[547][439]がオレに[33][53]の[809]《ぬ》れ[810]《ぎぬ》を\n[378][751]に[71]せようとする[682][283]がつく。
0x00067f6d	3	【[107][108]】\nそう[59]えると、オレたちも[64][106]の[514]みについて\n[289][811]に[232][233]するのは[767][812]かもしれない。
0x00067ff8	3	【[39][66]】\n…まさか、[767][812]だからって、\n[232][233]をしないなんて[58]わないわよね？
0x00068077	2	【[39][66]】\n[87]は、やるつもりよ。
0x000680db	3	【[107][108]】\nいや……\nこの[104]はオレ[41][114]で[813]を[277]ける。
0x0006814e	3	【[39][66]】\nコウジ[41][114]が！？\n[256]けない[814][815]《じょうきょう》でどうやって……？
0x000681d1	3	【[107][108]】\nタイミングを[80][340]らって、\n[373][374]と[97]をつけてみようと[132]うんだ。
0x00068236	3	【[39][66]】\n[78][4]は[403]じ[690][28]よ……？\n[767][812]すぎるわ！
0x00068292	4	【[107][108]】\nいや……\nヤツはどうも\n[64][106]とそりが[264]わないみたいなんだ。
0x000682f3	4	【[107][108]】\nそれに[373][374]は、[453][807]に[655][264]《げいごう》するような[477]じゃない。\n[547][439]が[93][513]を[526]いてるようなことがあれば、\nなんらかの[166][167]を[80]せてくれるはずさ。
0x000683a3	2	【[39][66]】\nでも……
0x00068400	3	【[107][108]】\nなに、うまくやるさ。\nむしろワクワクしてるくらいだよ。
0x00068475	3	【[39][66]】\nわかった……\nコウジに[286]せるよ……
0x000684ca	3	【[39][66]】\nでも、ムチャだけはしないで……\n[805][411]《しんちょう》にね……
0x00068546	3	【[107][108]】\nわかってるさ。\n[160][171]するなって。
0x0006859d	3	【[107][108]】\n[64][106]の[514]みは、\n[115][53]が[41][21]したことそのままだろう。
0x000685fd	3	【[107][108]】\n[50][34][52]《ひがいしゃ》のトラブルを[80][478]ごす[244]わりに、\nリベートを[64][106]とその[170][433]に[413]してたこと……
0x00068694	3	【[107][108]】\nだが、[102]となっては、\nあまり[382][55]のない[4]がかりになっちまったな……
0x00068771	2	【[107][108]】\nそれと、ユミちゃんの[104]だけど……
0x00068807	3	【[107][108]】\nやっぱり、[459][115]ユミは\n[440][441]さんの[460]《むすめ》だったのか。
0x00068869	3	【[107][108]】\nしかも、[21][22][122][482]との[66]だったなんて……\n[440][441]さんも[532][588]してるんだな……
0x000688f1	3	【[107][108]】\nでも、[24]くさいよな、[440][441]さんも。\n[97]してくれればいいのに。
0x0006896d	3	【[39][66]】\nでも、[102][59]えれば、\nなんとなく[132]い[79]たるフシはあるんじゃないの？
0x000689eb	3	【[107][108]】\nえ？\nいや、まったく……
0x00068a52	3	【[39][66]】\n……コウジって、\n[662]《するど》いのか[816]《にぶ》いのか、[428]々わからないよね……
0x00068adc	4	【[107][108]】\nい、いや…………\nそもそも[440][441]さんの[152][256]に[51][150]を[84]ったりしないし、\n[153]がつかないって！
0x00068b6d	2	【[39][66]】\nそういうことにしとく。
0x00068be8	3	【[107][108]】\nあと、[440][441]さんの[115][73]がわかったことで、\n[817]めて[666][170][76][277][537][45][46]に[152]ってもらいたい。
0x00068c77	3	【[107][108]】\n[440][441]さんの[35][143]の[45][814]……\nそしておふくろと[440][441]さんの[215][253]を……
0x00068ce2	2	【[39][66]】\n……わかったわ。
0x00068d51	3	【[107][108]】\nやっぱりおふくろの[160][754]は\n[440][441]さんに……
0x00068dc2	2	【[39][66]】\n……ショックだった？
0x00068e26	4	【[107][108]】\nいや、むしろうれしいよ。\nまったく[129]らない[53]に[590][316]されるよりは、\n[114][64]にいる[53]のほうが、ね。
0x00068eb7	4	【[107][108]】\n[59]え[158]によっては、[57][313]は[751]んだと[132]ってたおふくろが、\nまだオレの[64]くで[160][754]だけでも[390]きてるんだ。\nそりゃうれしいさ。
0x00068f56	2	【[39][66]】\nそう……
0x00068fb3	3	【[107][108]】\nところで[744][745][145][390]って、\nそんなに[203][818]がない[53]なのか……？
0x00069018	3	【[107][108]】\n[41][327]の[730]を[177]けてくれた[53]なんだぞ？\nそう[566][567]に[199][200]が[819]くなるものか……？
0x000690a1	2	【[39][66]】\nたしかにそうだけど……
0x000690ec	3	【[39][66]】\nどうする？\nもう[57][313][98]いてきたほうがいい？
0x0006915d	3	【[107][108]】\nいや、[440][441]さんが[41][327]から[97]す[153]にならない[475]り、\nはぐらかされるだけだ。
0x000691c8	2	【[107][108]】\n[102]はとりあえずいいよ。
0x0006922c	2	【[39][66]】\nわかったわ。
0x00069294	1	［[21][22][122][482]のこと］
0x000692a8	1	［[105][106][243][244]のこと］
0x000692bc	1	［[482][53]の[215][253]］
0x000692ce	1	［[312]か[153]がついたこと］］
0x000694d2	3	【[39][66]】\n（……[783][820]さんに[58]われた\n[468][455][821]はここね）
0x00069541	2	【[477][101][176][636]】\n[88][89][90]さんですか？
0x00069583	3	【[39][66]】\nあっ、そうです。\nはじめまして、[88][89][90]の[0][91]と[92]します。
0x000695da	2	【[477][101][176][636]】\n[822][823]と[92]します。
0x0006961b	4	【[822][823]】\nすみません、[102]、[390][635]の[185]が[293]ておりまして。\n[167][147][821]が[824]《う》まっているので、\n[67]ち[97]になってしまいますが……
0x00069694	2	【[39][66]】\n[87]は[76][287][288]《だいじょうぶ》です。
0x000696db	3	【[822][823]】\nん～、そうですね、\nせめてこのイスに[563]ってください。
0x0006972b	3	【[39][66]】\nあっ、すみません。\nでは[236][237]します。
0x00069773	3	【[822][823]】\nそれで、\nどのようなお[97]をすればよろしいのですか？
0x00069888	2	【[39][66]】\n（[145][390]たちの[295]ね）
0x000698c7	3	【[39][66]】\n（[813][277]いてる[295]から\nちょっと[825]らかってる[295]まで[82][826][82][827]《たしゅたさい》ね）
0x00069929	3	【[39][66]】\n（でもさすがに[390][635]の[404]があるからか、\n[406][386]《きょくたん》に[825]らかってる[295]はないわ）
0x000699e4	2	【[39][66]】\n（なにを[98]こうかな……？）
0x00069aca	2	【[39][66]】\n（これで[232][233]を[234]わりにしようかしら？）
0x00069b87	3	【[39][66]】\nそれでは、[87]はこの[235]で[236][237]します。\nお[238]《いそが》しい[209]ありがとうございました。
0x00069bea	4	【[822][823]】\nご[532][588][136]です、[88][89][90]さん。\n[105][106]のお[66]さんの[546][51]《ようぎ》が[355]れることを\n[828]《いの》っています。
0x00069c5d	3	【[39][66]】\nありがとうございます。\nがんばります！
0x00069cb6	2	【[39][66]】\n（もう[96]しお[97]を[98]きましょう）
0x00069d0e	3	【[39][66]】\n（[98]かなくちゃいけないことが[240]ってるわ。\nまだ[154]るわけにはいかないわね）
0x00069dea	4	【[39][66]】\nあともう１[53][98]きたい[53][165]がいます。\n[661]、こちらの[642][32]に[21][22][122][482]という[390][635]が\n[163]っていたと[132]うのですが……
0x00069e63	4	【[822][823]】\nああ、[21][22]ですか。\n[21][22]も[105][106]と[403]じで、\n[615][700][291]の[291][383]をしていました。
0x00069ec7	2	【[39][66]】\n[21][22]さんも[291][383]だったんですね。
0x00069f0c	4	【[822][823]】\n[21][22]は[105][106]の２[244]あとの[291][383]でした。\n[21][22]が１[7][390]のときの[291][383]が\n[105][106]だったんですよ。
0x00069f7f	3	【[39][66]】\n[661]、こちらの[642][32]に[21][22][122][482]という[390][635]が\n[163]っていたと[132]うのですが……
0x00069fe0	3	【[822][823]】\nああ、[21][22]ですか。\n[583]えていますよ。
0x0006a029	3	【[822][823]】\n[87]、[615][700][291]の[418][150]《こもん》をしているんですが、\n[21][22]は[615][700][291]の[291][383]でした。
0x0006a090	2	【[39][66]】\nへえ、[615][700][291]だったんですか。
0x0006a0d4	4	【[822][823]】\n[21][22]は[122][508][404]で[201]しい[477]でした。\n[291][383]なんてやっていたけど、\nあまり[53]の[170]に[67]つタイプではなかったですね。
0x0006a149	4	【[822][823]】\nどちらかというと、[53]に[356][620]するのが[532][4]なタイプで、\n[41][327]で[149]んな[157][28]を[343]《かか》えてしまって、\n[41][829]《じめつ》しそうになることもしばしばでした。
0x0006a1d6	4	【[822][823]】\nでも、そんな[53][761]《ひとがら》ゆえ、\n[81]りの[53][280]が[21][22]を[830]えようとしていた……\n[53][338]は[53][57][728]ありましたよ。
0x0006a253	3	【[822][823]】\n[21][22]は[53]の[170]に[67]つタイプではなかったけど、\n[53][338]は[53][57][728]ありましたよ。
0x0006a328	4	【[39][66]】\nあともう１[53][98]きたい[53][165]がいます。\n[661]、こちらの[642][32]に[105][106][243][244]という[390][635]が\n[163]っていたと[132]うのですが……
0x0006a3a1	4	【[822][823]】\nああ、[105][106]ですか。\n[105][106]も[21][22]と[403]じで、\n[615][700][291]の[291][383]をしていました。
0x0006a405	2	【[39][66]】\n[105][106]さんも[291][383]だったんですね。
0x0006a44a	4	【[822][823]】\n[105][106]は[21][22]の２[244][19]の[291][383]でした。\n[21][22]が１[7][390]のときの[291][383]が\n[105][106]だったんですよ。
0x0006a4bd	3	【[39][66]】\n[661]、こちらの[642][32]に[105][106][243][244]という\n[390][635]が[163]っていたと[132]うのですが……
0x0006a51e	3	【[822][823]】\nああ、[105][106]ですか。\n[583]えていますよ。
0x0006a567	3	【[822][823]】\n[87]、[615][700][291]の[418][150]《こもん》をしているんですが、\n[105][106]は[615][700][291]の[291][383]でした。
0x0006a5ce	2	【[39][66]】\nへえ、[615][700][291]だったんですか。
0x0006a612	4	【[822][823]】\n[105][106]は[358][8]でサッパリした[100]の[66]でした。\n[477][66][227][275]けの[152][256][131]で、\nグイグイと[291]を[218]っ[113]ってましたよ。
0x0006a68a	2	【[39][66]】\nへえ、コウジのお[250]さんが……
0x0006a6ce	2	【[822][823]】\nおや、[88][89][90]さんは[105][106]をご[183]じですか？
0x0006a71a	2	【[39][66]】\nえ、ええ……
0x0006a754	3	【[39][66]】\n[111]は[87]、[105][106][243][244]さんの[383][477]、\n[105][106][107][108]さんの[88][89]を[109][79]しています。
0x0006a7b9	3	【[822][823]】\n[105][106]の[383][477]の[88][89]？\nどういうことでしょうか？
0x0006a808	3	【[39][66]】\n……[105][106][107][108]さんは、\n[33][53][28][104]の[50][51][52]《ひぎしゃ》として[762][179]《たいほ》されてしまいました。
0x0006a879	4	【[39][66]】\nでも、[110]は[12][111]なんです！\nだから[110]の[12][111]を[119][283]するために、\n[232][233]をしているんです。
0x0006a8e1	3	【[822][823]】\nそういう[28][1]でしたか……\nわかりました。
0x0006a92b	4	【[822][823]】\n[87]の[129]っていることはすべて[97]しましょう。\nどうか[105][106]の[831][66]さんの\n[12][111]を[119][283]してやってください。
0x0006a999	2	【[39][66]】\nありがとうございます！
0x0006a9db	2	【[822][823]】\n[105][106]は[358][8]でサッパリした[100]の[66]でした。
0x0006aa90	3	【[39][66]】\n[105][106]さんと[21][22]さんは\n[145][484]《せんぱい》・[20][484]《こうはい》の[215][253]だったわけですよね？
0x0006aaf8	4	【[822][823]】\nええ、そうですね。\n[105][106]が３[7]、[21][22]が１[7][390]のとき、\n[403]じ[615][700][291]に[30][537]していた[145][484]《せんぱい》・[20][484]《こうはい》になります。
0x0006ab82	2	【[39][66]】\n２[53]は[582]が[204]かったのでしょうか？
0x0006abc8	3	【[822][823]】\n[582]が[204]かった……というよりも、\n[21][22]は[105][106]に[323]《あこが》れを[343]《いだ》いていたようでしたよ。
0x0006ac35	2	【[39][66]】\n[323]《あこが》れ、ですか？
0x0006ac76	2	【[822][823]】\n[323]《あこが》れ……いや、[425][771][242][1]《れんあいかんじょう》と[58]ったほうがいいかな。
0x0006acf9	3	【[822][823]】\n[386]《はた》から[80]ていても、[21][22]の[832][313]はすぐにそれと\nわかるものでしたよ。
0x0006ad57	4	【[822][823]】\n[615][700][291]の[344][209]は\nみんな[153]がついていたんじゃないですかねえ。\n[129]らぬは[115][53]ばかりってところで。
0x0006adc1	4	【[39][66]】\nえっ……？\nもしかして[105][106]さんは\n[153]がついてなかったんですか？
0x0006ae18	4	【[822][823]】\nええ、[153]づいていなかったと[132]いますよ。\nなにしろサッパリした[101][360]だったんで、\nおよそ[425][771]《れんあい》ごととは[252]《えん》のないような[242]じでね。
0x0006ae9e	2	【[39][66]】\n（……コウジが[816][242]《どんかん》なのは[833][180]だったのね）
0x0006af12	4	【[822][823]】\nでも、[142][640][118]にあの[323]《あこが》れは、\n[21][22]にプラスになったようなので、\n[87]は[80]て[80]ぬフリをしていましたけどね。
0x0006af89	2	【[39][66]】\nプラス、というと？
0x0006afc6	3	【[822][823]】\n[3][291][79][627]は[218]《ひ》っ[282]《こ》み[132][436]だった[21][22]が、\n３[7]になったら[291][383]になるほど[62][383]した。
0x0006b037	2	【[822][823]】\nあれは[457][111]に[105][106]の[573][574]《えいきょう》を[276]けた[119]ですよ。
0x0006b09b	3	【[822][823]】\nですが、２[53]とも、\nもうあちらに[834]《い》ってしまったとか……
0x0006b0f2	2	【[39][66]】\n……ご[183]じだったんですね。
0x0006b134	4	【[822][823]】\nええ。\n２[53]とも[204]くできた[66]だったので、\n[115][79]に[240][550]です。
0x0006b18d	3	【[822][823]】\nもっと[384]しく[356][680]すべきでした。\n[87]よりも[145]に[834]《い》くな、とね。
0x0006b1e8	2	【[39][66]】\n…………
0x0006b226	2	【[822][823]】\n[21][22]は[105][106]に[323]《あこが》れていたようです。
0x0006b2e0	1	テーブル[595]
0x0006b2e8	1	テーブル[595]
0x0006b2f4	1	[835][300]へ
0x0006b2fa	1	[835][300]へ
0x0006b304	1	[835][300]へ
0x0006b30a	1	[835][300]へ
0x0006b963	3	【[39][66]】\n（ここが[28][104][35][36]となった\nライトブルーね）
0x0006b9ef	3	【[836][261][455]】\nいらっしゃいませ。\nお１[53][136]ですか？
0x0006ba39	4	【[39][66]】\nあっ、すみません……\n[87]、[88][89][90]の[0][91][39][66]と[92]しますが\n[837][286][52]の[158]、いらっしゃいますか？
0x0006bacf	3	【[836][261][455]】\n[88][89][90]さん……ですか？\n[96]々お[99]ちください。
0x0006bb3b	2	【[39][66]】\n…………
0x0006bb74	4	【[39][66]】\n（もう[770][163]《ふつう》に[357][261]してるのね。\nでも、[160]なしかあまりお[116]さんが\nいないような[153]が……）
0x0006bc41	4	【[477][101]】\nお[99]たせ[435]《いた》しました。\nこの[272]のマスターをしている\n[838][545]《すぎた》と[92]します。
0x0006bca6	4	【[39][66]】\n[627]めまして。\n[87]、[145]の[28][104]の[109][79][88][89][90]となりました\n[0][91][39][66]と[92]します。
0x0006bd1a	4	【マスター】\n[145]の[28][104]の[109][79]……と[92]しますと、\n[50][51][52]《ひぎしゃ》となった[105][106][107][108]さんの\n[109][79][88][89][90]の[158]ですか？
0x0006bd94	3	【[39][66]】\nええ、その[163]りです。\n[110]のことをご[183]じで？
0x0006bded	3	【マスター】\nいえ、[105][106]さんは[178][147]の[129]り[264]いではないのですが、\n[24][25][440][441][136]はよくお[272]にいらっしゃいますので……
0x0006be5e	2	【[39][66]】\n[24][25]さんはここの[364][344]だったんですね。
0x0006beb3	4	【マスター】\nええ。\nそのお[344]れ[136]が[546][51][52]《ようぎしゃ》となっていると[98]きまして、\n[76][65][528]《おどろ》きました。
0x0006bf22	3	【[39][66]】\n[110]は[12][13]を[112][113]しています。\nしかし[547][439]は[110]の[123][152]だと[59]えているようです。
0x0006bf84	3	【[39][66]】\nそこで[4]がかりを[241]るためにも、\nこちらのお[272]を[232]べさせていただきたいのですが……
0x0006bfe4	3	【[39][66]】\nもちろん、[202]のお[116][136]の[645][646]《じゃま》にならないように、\n[63][76][475]の[171][172]《はいりょ》をいたしますので。
0x0006c062	2	【マスター】\nええ、それは[142][61]ですよ。
0x0006c0c9	4	【マスター】\nただＶＩＰルーム[324]だけは、[547][439]の[356][680]で\n[28][104][79][428]の[814][832]を[503][183]する[215][253][170]、\n[209]には[3]れませんが……
0x0006c143	3	【[39][66]】\nなるほど、そうですか……\nできればそこが[57][506][80]たかったんですけどね……
0x0006c1c5	4	【マスター】\nでは、[209]には[3]れませんが、\n[209]の[136][66]を[144]した[144][122]がありますので、\nそちらを[20]ほどお[80]せいたします。
0x0006c235	2	【[39][66]】\nえっ、そんな[144][122]があるんですか！？
0x0006c289	3	【マスター】\nええ、こっそりと[520][573]《さつえい》した[144][122]が……\nあまり[76]きな[408]では[58]えませんがね。
0x0006c2fc	3	【マスター】\nですので、\nお[413]《わた》しすることはできませんが……
0x0006c34c	3	【[39][66]】\nいえ、とても[177]かります！\nありがとうございます！
0x0006c3a6	4	【マスター】\n[24][25][136]のお[344]れ[136]が[28][104]を[696]こしたとは\n[132]えませんし、[96]しでもお[248]に[67]てれば\nこちらも[432]いです。
0x0006c422	3	【マスター】\nそれではご[221][382]しておきますので、\nお[154]りになる[428]にお[80]せしますよ。
0x0006c488	3	【マスター】\nまた[836][261][455]にも[88][89][90]さんの[232][233]に\n[130][131]するよう[408]をかけておきますので。
0x0006c4e8	3	【[39][66]】\n[115][79]に[95][306]《きょうしゅく》です。\nご[130][131]に[242][541]いたします。
0x0006c541	2	【[39][66]】\nあっ、[63][20]に[57]ついいですか？
0x0006c592	3	【マスター】\nもちろん。\nどうぞ。
0x0006c5cf	3	【[39][66]】\n[50][51][52]《ひぎしゃ》の[105][106]さんが[50][34][52]《ひがいしゃ》と[257][839]していたという\n[404][375][119][58]《もくげきしょうげん》があるそうです。
0x0006c64d	2	【[39][66]】\nマスターはなにかご[183]じですか？
0x0006c6b5	3	【マスター】\nさあ、[87]は[721][115][118]に\nいつもカウンター[324]におりますので……
0x0006c730	3	【マスター】\n[87]が[129]っているのは、[105][106]さんがカウンターで\n[647]《よ》いつぶれている[840]だけです。
0x0006c791	4	【[39][66]】\nありがとうございます。\nそれではちょっと[232]べさせていただきますので\nよろしくお[224]いします。
0x0006c80c	3	【[39][66]】\n（ううっ……\nなんていい[53]なんだろう……）
0x0006c859	3	【[39][66]】\n（でも、[24][25]さんってマスターに\n[78][79][174][75]《しんらい》されてるみたいね）
0x0006c8b7	3	【[39][66]】\n（[174][75]《しんらい》を[124][210]らないよう、\n[475]りある[428][280]をムダにしないようにしなきゃ）
0x0006c91c	2	【[39][66]】\n（それじゃ、まずはどうしようかしら……）
0x0006ca05	3	【[39][66]】\n（ここは[28][104][35][36]となった\nライトブルーね）
0x0006ca78	3	【[836][261][455]】\nいらっしゃいませ……\nあっ、[88][89][90]さん、ご[532][588][136]っス。
0x0006cafb	2	【[836][261][455]】\n[102][146]もお[97]があるっスか？
0x0006cb3e	3	【[39][66]】\nあ、[102][146]はマスターからちょっと\nお[97]を[138]《うかが》いたいだけですので……
0x0006cba8	3	【[836][261][455]】\nあぁ、そうっスか。\nではカウンターの[158]にどうぞ。
0x0006cbf7	2	【[39][66]】\nええ、ありがとうございます。
0x0006cc49	4	【[39][66]】\nああ、ちょうど[204]かった。\nいくつかお[97]を[98]かせてもらいたいんですけど、\nいいですか？
0x0006ccd1	3	【[836][261][455]】\nえっと、それじゃあ、\n[28][29][30]で[98]くっス。
0x0006cd1f	2	【[39][66]】\nあ、はい、[479][372]《りょうかい》です。
0x0006cd8d	2	【[836][261][455]】\nでは[145]に[152]ってるっスね。
0x0006cdf4	2	【[39][66]】\n（……それじゃ、どうしようかしら？）
0x0006cf3a	2	【[39][66]】\n（ここがコウジと[24][25]さんが[672]んでた[36][30]ね）
0x0006cf88	2	【[39][66]】\n（たくさんのお[673]が[266]んでるわ）
0x0006cfcc	3	【[39][66]】\n（でもコウジ、\nお[673][532][4]だったはずなのに……）
0x0006d01d	3	【[39][66]】\n（[24][25]さんに[841]《きた》えられて\n[672]めるようになったのかな？）
0x0006d079	2	【[39][66]】\n（コウジと[24][25]さんが[672]んでた[36][30]ね）
0x0006d0c4	2	【[39][66]】\n（たくさんのお[673]が[266]んでるわ）
0x0006d141	2	【[39][66]】\n（[135]にはテーブル[595]が[266]んでるわ）
0x0006d188	3	【[39][66]】\n（グループで[293]たお[116]さんは\nあちらで[672]むわけね）
0x0006d1d8	3	【[39][66]】\n（[135]には[163][476]があるわ。\nそのさきにはトイレがあるみたい）
0x0006d230	3	【[39][66]】\n（テーブル[595]ね。\n[135]には[163][476]があるわ）
0x0006d374	3	【[39][66]】\n（そうね。\nコウジが[647]《よ》いつぶれてた[97]を[98]かないと……）
0x0006d3cd	3	【[39][66]】\n[96]しだけお[97]を[98]きたいのですが\nよろしいですか……？
0x0006d47d	2	【マスター】\nええ、どうぞ。
0x0006d4b7	4	【[39][66]】\nえっと……[50][51][52]《ひぎしゃ》である[105][106]さんは[28][104][79][428]\n[647]《よ》いつぶれていたと[112][113]していますが、\n[547][439]はこれを[458]めてくれません。
0x0006d53d	2	【[39][66]】\nそこでマスターにお[138]《うかが》いしたいのです。
0x0006d588	4	【[39][66]】\nたしか[721][115][118]にカウンター[324]にいるとのことでしたので\n[105][106]さんが[647]《よ》いつぶれていたのを\n[404][375]《もくげき》しているのではないかと……
0x0006d615	3	【マスター】\nええ、[204]く[583]えていますよ。\n[110]は[842][564]に[647]《よ》いつぶれていました。
0x0006d671	3	【[39][66]】\nそれを[119][283]する、\n[116][117][118]な[119][120]《しょうこ》があればいいのですが……
0x0006d6db	2	【マスター】\n[87]の[119][58]だけではいけませんか？
0x0006d71f	3	【[39][66]】\nおそらく、[647]《よ》いつぶれていたフリだろうと\n[166][839]されると[132]われます。
0x0006d7a0	3	【マスター】\nなるほど……\nフリ、ですか。
0x0006d809	3	【マスター】\nですが、\nあれは[470]してフリではなかったですけどね。
0x0006d867	4	【マスター】\n[87]もこの[309][9]を[400]めて[383]いですから、\n[647]《よ》ったフリなのかどうかは、\n[80]ただけでわかります。
0x0006d8d1	3	【[39][66]】\nそれは[160][231]いお[58][315]です。\nしかし、やはり[116][117][118]な[119][120]《しょうこ》はないですか……
0x0006d945	4	【マスター】\n[116][117][118]になるかどうかはわかりませんが、\nいざとなったら[111][727]してみると\nいうのはどうでしょうか？
0x0006d9b9	4	【マスター】\n[145]ほども[92]しました[163]り、\n[87]は[647]《よ》ったフリなのかどうか、\n[80]ただけでわかります。
0x0006da2b	4	【マスター】\n[193]えば１００[53]に[127]して、\n[647]《よ》ったフリなのかどうかを\n[87]が[80]《み》[175]《ぬ》く[111][727]などどうでしょう？
0x0006daad	3	【マスター】\nこれに[564][291][513][372]すれば、\n[87]の[119][58]も[96]しはリアリティが[121]ませんか？
0x0006db16	3	【マスター】\n[12][839][87]は、\n[564][291][513][372]する[41][174]がありますよ。
0x0006db67	3	【[39][66]】\nえっ……\nそんなこと、わざわざいいんですか？
0x0006dbbf	3	【マスター】\nええ。\n[24][25][136]にはいつもお[415][97]になっています。
0x0006dc1b	3	【マスター】\n[110][100]のお[248]に[67]てるのであれば、\nお[289]いご[221]ですよ。
0x0006dc6d	3	【[39][66]】\nあ、ありがとうございます！\nこれは[483][131]な[119][58]になると[132]います！
0x0006dcc5	2	【[39][66]】\nあっ、お[238]《いそが》しいところすみませんでした。
0x0006dd1f	4	【マスター】\nもうよろしいのですか？\nもし[145]ほどの[97]が[35][111]になったときは、\nいつでも[297]んでください。
0x0006dd83	2	【[39][66]】\nは、はい！
0x0006ddc8	2	【マスター】\nでは[157][28]に[389]《もど》らせていただきます。
0x0006de2b	2	【[39][66]】\n…………
0x0006de9d	2	【[39][66]】\n（[115][79]にいい[53]ねっ！）
0x0006df0a	3	【[39][66]】\n（マスターは[238]《いそが》しそうね……\n[221][28]もないのに[97]しかけるのはやめましょう）
0x0006dfaa	2	【[39][66]】\n（これで[232][233]を[234]わりにしようかしら？）
0x0006e05a	2	【[39][66]】\n[102][146]はこれくらいにしておきましょう。
0x0006e0ac	2	【[39][66]】\n（そうだ、マスターに[144][122]を[80]せてもらわないと）
0x0006e0fa	3	【[39][66]】\nマスター、\nそろそろ[236][237]しようと[132]います。
0x0006e16b	4	【マスター】\nそうですか。\nではお[449][450][163]り、ＶＩＰルーム[324]のお[144][122]を\nお[80]せいたします。
0x0006e204	2	【[39][66]】\n（……これは[486]《すご》いことになってるわね）
0x0006e251	3	【[39][66]】\n……ありがとうございました。\nもう[76][287][288]《だいじょうぶ》です。
0x0006e2e7	3	【マスター】\n[547][439]の[356][680]により、\nお[413]《わた》しできないのが[160][532]しいのですが……
0x0006e344	4	【[39][66]】\nいえ、[76][287][288]《だいじょうぶ》です。\nこの[104]については[257][273]しませんので。\n[115][79]にありがとうございました。
0x0006e3e4	2	【[39][66]】\n（もう[96]しここにいましょう）
0x0006e431	2	【[39][66]】\n（まだ[232]べないといけないものがあるわ）
0x0006e4f4	3	【[39][66]】\nライトブルーの[232][233]は\nこんな[242]じだったわ。
0x0006e577	3	【[107][108]】\nなるほど……\n[76][77]の[97]はわかった。
0x0006e5cc	4	【[39][66]】\n[154]り[155]、[35][36]となったＶＩＰルーム[324]の[144][122]を\n[80]せてもらったんだけど、\n[84]って[154]ることができなかったの。
0x0006e65e	4	【[107][108]】\nああ、それなら\nこのあと[35][36][791][119]に[152]く[10][11]なんだ。\n[111][155]に[136][66]を[80]てくるよ。
0x0006e6e7	4	【[107][108]】\nそれならこの[19]\n[35][36][791][119]に[152]ったときに\n[80]て[293]たから[76][77]わかるよ。
0x0006e76a	4	【[107][108]】\n……それはいいとしても、\n[142][255]、オレは[257][839]ってほどのことは\nしてなかったわけだよな。
0x0006e7db	4	【[107][108]】\n……もっとも\n『[698]《かた》がぶつかったから[541]れ』[118]なことは\n[58]ってたみたいだけど……
0x0006e867	3	【[39][66]】\nでも[111][155]に[404][375]《もくげき》した[53]の[97]だと、\n[257][839]ってほどじゃないってことだし……
0x0006e90d	4	【[107][108]】\nフーム……\n[64][106][690][28]との[843][844]《びみょう》な[47][35]のズレが\n[153]になるところだな……
0x0006e986	3	【[107][108]】\n[64][106]の[97]と[843][844]《びみょう》に[47][35]がズレてるのが\n[153]になるけど……
0x0006ea09	3	【[107][108]】\nアイツの[97]は[79]てにならない。\nそれはよくわかってる……
0x0006ea80	3	【[107][108]】\nそれと[57]つ、\n[56]に[153]になったことがあったんだ。
0x0006eada	3	【[107][108]】\nカウンターの[144][122]を\nもう[57][313][80]せてくれないか？
0x0006eb4e	2	【[39][66]】\nえっと……これね。
0x0006ec11	3	【[107][108]】\nこれなんだけど……\n[685][123]カメラじゃないか？
0x0006ecb5	2	【[107][108]】\nこれ、[685][123]カメラじゃないか？
0x0006ecfc	3	【[39][66]】\nホントだ……\nうっかりしていたわ。
0x0006edd4	3	【[107][108]】\n[16]に[33][34][35][36]に[173]を[699]んだときにでも\n[98]いてみてくれないか？
0x0006ee51	4	【[107][108]】\nもしこれが[115][79]に[685][123]カメラなら、\n[96]なくとも[647]《よ》いつぶれた\nオレが[710]ってるはずだ。
0x0006eec4	4	【[107][108]】\nもしかしたら、\n[202]にもなにか[411][346]なものが\n[710]ってるかもしれない……
0x0006ef43	3	【[39][66]】\nわかったわ。\n[102][313][152]ったときに[232]べてくる。
0x0006efee	3	【[39][66]】\n……で、もらえたのがこの[710][393]よ。\nちょっと[80]てくれる？
0x0006f0c9	2	【[107][108]】\nこれは……オレか？
0x0006f106	3	【[39][66]】\nそうみたいね。\n[24][25]さんは[710]ってないけど……
0x0006f153	3	【[107][108]】\nたしかオレの[188][845]《ひだりどなり》に[563]っていたと[132]うから、\nちょうど[210]れてるんだな。
0x0006f1b5	4	【[39][66]】\nやっぱりそうなのね。\nもしかしたら[336][748][821]《けしょうしつ》にでも[152]ってるのかなって\n[132]ったんだけど……
0x0006f22d	2	【[39][66]】\n……そろそろよ。
0x0006f269	2	【[107][108]】\n……そろそろ？
0x0006f30d	2	【[107][108]】\nな、なにをしてるんだ……？
0x0006f3b8	2	【[107][108]】\n…………
0x0006f42f	2	【[107][108]】\nこれって、まさか……
0x0006f493	3	【[39][66]】\nコウジに[64]づく\n[328]《あや》しい[573]《かげ》が[710]ってるでしょ？
0x0006f513	3	【[107][108]】\nこれは、[846][489]《きょうき》の[678]《じゅう》に\nオレの[356][847]《しもん》をつけてる[710][393]だろう！？
0x0006f5a2	3	【[39][66]】\nじゃあ、この[53][573]《ひとかげ》が……\n[122][123][53]ってことね……！！
0x0006f624	4	【[107][108]】\n[848]《お》しいのは、\nちょうど[195][107]で[573]《かげ》になって、\n[205]《だれ》だかわからないことだな。
0x0006f6b3	3	【[39][66]】\nでも、[639][164]はスーツだって、\nなんとなくわかるよね？
0x0006f70f	4	【[107][108]】\nそうだな……\nあの[146]スーツを[71]て\nライトブルーに[293]ていた[53][165]……
0x0006f7a8	4	【[39][66]】\nそれじゃ、\n[198][447]この[710][393]を[547][439]に[352][121]して、\n[732][615]《しゃくほう》の[4][391]きを……
0x0006f83a	2	【[107][108]】\n……いや、ちょっと[99]ってくれ。
0x0006f8a5	2	【[39][66]】\nえっ……？
0x0006f8eb	2	【[107][108]】\n…………
0x0006f931	2	【[107][108]】\nイヤな[10][242]がするんだ。
0x0006f996	2	【[39][66]】\nイヤな[10][242]？
0x0006f9f6	3	【[107][108]】\nああ。\nこの[710][393]は[57][80]ものスゴい[119][120]《しょうこ》に[80]えるけど……
0x0006fa60	3	【[107][108]】\n[102]までの[849][587]から[59]えて、\n[373][374]がオレを[732][615]《しゃくほう》してくれるとは[132]えない……
0x0006fad4	4	【[107][108]】\nヤツに[525]《つ》きつけられてる\n[546][51]《ようぎ》をすべて[372][850]しないと\nおそらく[732][615]《しゃくほう》してくれないだろう……
0x0006fb57	3	【[39][66]】\nそれは[59]え[478]ぎじゃない？\nこれだけでも[470][11][118]な[119][120]《しょうこ》になると[132]うけど……
0x0006fbca	4	【[107][108]】\n[547][439]だってこの[685][123]カメラの[710][393]に\n[153]づいてるかもしれない。\nでもオレは[732][615]《しゃくほう》されてない……
0x0006fc48	4	【[107][108]】\n[547][439]の[572][480]なのか、\nそれとも[567][693]に[153]がついていないだけなのか\nわからないけどな。
0x0006fcd0	4	【[107][108]】\nそれよりもこの[573]《かげ》の[513][77]だ。\nポイントになりそうなのが、\nスーツっぽい[639]を[71]てる[496]だな。
0x0006fd48	4	【[107][108]】\n[215][253][52]と[97]す[274][148]があれば、\n[79][146]にスーツを[71]てたかどうかを\nたしかめてほしい。
0x0006fdd1	2	【[39][66]】\nうん、わかったわ。
0x0006febe	4	【[107][108]】\n……ＶＩＰルームのドアについてた[356][847]《しもん》は、\n[678][408]《じゅうせい》が[677]《な》り[574]《ひび》いたあとに[851]《と》び[282]《こ》んだ\n[64][106][690][28]のものだけ……
0x0006ff61	3	【[107][108]】\n[457]かに[373][374]も[356][847]《しもん》を[852]《ふ》き[15]《と》られた[853]《あと》が\nあるって[58]っていた……
0x0006fff3	4	【[39][66]】\n[356][847]《しもん》を[852]《ふ》き[15]《と》ったってことは、\n[41][327]の[356][847]《しもん》が[240]ることで\n[123][53]だと[51]われるのを[685]ぐためだよね？
0x00070081	3	【[39][66]】\nでも[122][123][53]は[356][847]《しもん》を[852]《ふ》き[15]《と》る[378][346]なんかないよね？\nだって……
0x000700f6	4	【[107][108]】\n[39][66]の[58]いたいことはわかる。\n[39][66]が[356][847]《しもん》を[852]《ふ》き[15]《と》る[378][346]がないと[132]ってるのは\nあの[1][2]があるからだろ？
0x0007019d	4	【[107][108]】\nでも、[195]なんだ。\nだからこそ\n[356][847]《しもん》を[852]《ふ》き[15]《と》らなければならないんだよ。
0x00070213	2	【[39][66]】\nえっ、どういうこと……？
0x000702c6	4	【[107][108]】\n[39][66]は[356][847]《しもん》を[852]《ふ》き[15]《と》る[378][346]なんかないと[58]った。\nその[653][329]は[513]しいが、\nこの[380][120]《こんきょ》となったクルーは……？
0x00070413	2	【[107][108]】\n（いや、これは[168]《ちが》う！）
0x00070472	3	【[107][108]】\n（[102]のところ[122][123][53]らしき[53][165]の[356][847]《しもん》は\nまったく[80][79]たらない）
0x000704d3	3	【[107][108]】\n（それは[122][123][53]が[356][847]《しもん》を[240]さないための\n[127][854]をしてたからだ！）
0x000705a5	3	【[39][66]】\n[846][489]《きょうき》となった[855][678]《けんじゅう》には\nコウジの[356][847]《しもん》がついていたんだよね？
0x0007061c	3	【[39][66]】\nでも[57][158]で[122][123][53]らしき[53][165]の[356][847]《しもん》は\nついてなかった……
0x00070686	4	【[39][66]】\nこれって、[122][123][53]が[4][856]《てぶくろ》をはめていて、\n[356][847]《しもん》が[35][36]に[240]らないように\n[127][854]してたってことだよね？
0x0007070e	4	【[39][66]】\nなら、[79][474]ドアに\n[122][123][53]の[356][847]《しもん》がつくことはなかったはず。\nなのになぜ、[122][123][53]は[356][847]《しもん》を[852]《ふ》き[15]《と》ったのかな……？
0x000707c3	2	【[107][108]】\nここは[195]の[8][509]が[378][346]なんだ。
0x00070815	2	【[39][66]】\n[195]の[8][509]？
0x0007085c	4	【[107][108]】\n[678]《じゅう》にはオレの[356][847]《しもん》がついてた。\nってことは、[116][117][118]に[59]えれば\nオレは[356][847]《しもん》[127][854]をしてなかったってことになる。
0x000708ee	3	【[107][108]】\nそうなれば[79][474]ＶＩＰルームのドアにも\nオレの[356][847]《しもん》が[240]っていなければおかしいだろう？
0x00070997	2	【[39][66]】\nあ……そっか……！
0x000709fc	4	【[39][66]】\n[855][678]《けんじゅう》にコウジの[356][847]《しもん》を[277]けることはできても\nＶＩＰルームのドアに[356][847]《しもん》をつけることは\nできなかった……
0x00070a8d	4	【[107][108]】\nだけど[855][678]《けんじゅう》にオレの[356][847]《しもん》をつけて\nオレをワナにハメようとしてる[169][170]、\nドアに[356][847]《しもん》がついてないのは[857][858]《むじゅん》が[121]る。
0x00070b29	4	【[107][108]】\nだから[356][847]《しもん》を[852]《ふ》き[15]《と》ったんだ。\n[205]《だれ》の[356][847]《しもん》も[240]ってなければ、\nオレの[356][847]《しもん》が[240]ってないのも[93][41][474]じゃない。
0x00070be6	2	【[39][66]】\nそっか、そういうことだったんだ……！
0x00070d44	3	【[107][108]】\nマスターの[119][58]は[160][231]いな。\nこれで[373][374]の[859][91]《がじょう》を[689]《くず》せるといいけど……
0x00070dfe	3	【[39][66]】\nそれとね、あともう[57]つ、\n[153]になったことがあったの。
0x00070e74	3	【[107][108]】\n[153]になったこと？\nなんだ？
0x00070ee0	2	【[107][108]】\nなるほど……
0x00070f30	3	【[39][66]】\nあともう[57]つ、\n[153]になったことがあったの。
0x00070fa0	3	【[39][66]】\nそれとね、あともう[57]つ、\n[153]になったことがあったの。
0x00070ffd	3	【[107][108]】\n[153]になったこと？\nなんだ？
0x00071057	2	【[39][66]】\nこの[144][122]をもう[57][313][80]てくれる？
0x000710db	2	【[107][108]】\n……これが？
0x0007113b	3	【[39][66]】\nこの[291][327]なんだけど……\n[844]《みょう》な[860]がついてるのよ。
0x000711a1	2	【[107][108]】\n……キズ？
0x000711e8	3	【[39][66]】\nえぇ、そうなの。\nなんだかちょっと[153]になっちゃって……
0x0007125f	3	【[107][108]】\n……あぁ、[153]になるな。\nもしかしたら……？
0x0007134a	3	【[107][108]】\nこの[860]に[215][253]する[1][2]があったはず。\nそれは……？
0x0007145f	2	【[107][108]】\n（[168]《ちが》う、これじゃない！）
0x000714bf	3	【[107][108]】\n（この[860]はプレイヤーを[590][256]させたことによって\nついた[860]だと[653][684]される）
0x0007151c	3	【[107][108]】\n（だとしたら、なぜプレイヤーを[590][256]させたのか？\nそれを[620]すような[97][151]があったはず……）
0x000715f6	3	【[107][108]】\nこの[860]はプレイヤーを[590][256]させたことによって\nついた[860]に[80]えないか？
0x0007168e	2	【[39][66]】\nそう[58]われればそう[80]えるけど……
0x000716f9	4	【[107][108]】\nたしかライトブルーの[836][261][455]が[58]ってたよな？\nこのプレイヤーは[273][291][3][131][386][66][219][461]《がいぶにゅうりょくたんしけいゆ》で\n[273][291][676][675]とつなげられるって。
0x00071793	4	【[39][66]】\nもしかして……\nコウジは[205]《だれ》かが[273][291][676][675]を\nこのプレイヤーにつなげたと[132]ってるの？
0x00071822	2	【[107][108]】\nそれも、[301][302][101]の[57]つだ。
0x00071872	4	【[107][108]】\nなんらかの[676]が[121]る[274][861]と\nつなげたことが[119][283]されれば、\n[57]つの[76]きな[301][302][101]が[59]えられる！
0x00071903	3	【[39][66]】\nえっ……\nそれって……？
0x0007196b	4	【[107][108]】\n[273][291][676][675]とプレイヤーが[147][391]されて、\n[273][291][676][675]の[209]に[3]ってた[676]が\n[626][390]された[301][302][101]だ！
0x00071a51	3	【[39][66]】\nちょっと[99]って！\nその[653][329]には[380][115][118]な[857][858]《むじゅん》があるわよ！？
0x00071ad6	3	【[107][108]】\nああ、そのとおり。\n[57]つの[857][858]《むじゅん》が[183][143]する……
0x00071b91	4	【[107][108]】\n[273][291][676][675]をこのプレイヤーに[147][391]したと\n[681][11]した[36][264]、\n[857][858]《むじゅん》するクルーは……？
0x00071cc3	2	【[107][108]】\n（[168]《ちが》う、これじゃない！）
0x00071d23	4	【[107][108]】\n（[273][291][676][675]の[676]が[493]れててはおかしい。\nなぜなら、ＶＩＰルームでは[56]の[676]が[677]ってた\nはずだからだ）
0x00071d94	3	【[107][108]】\n（[28][104][79][146]、ＶＩＰルーム[324]で\n[677]っていた[676]を[620]す[1][2]は……？）
0x00071e6f	4	【[107][108]】\n[50][34][52]《ひがいしゃ》のリクエストを[276]けて、\n[79][146]のＶＩＰルーム[324]にはクラシックが\nかかってたはず……
0x00071f1f	3	【[39][66]】\nそうよ……\n[836][261][455]さんがそう[58]ってたわ。
0x00071f91	4	【[107][108]】\nたしかにクラシックが[493]れてた。\nだが[640]たして、[678][408]《じゅうせい》が[272][324]に[677]《な》り[574]《ひび》いたときにも\nクラシックは[493]れてたのか……？
0x00072024	3	【[107][108]】\n[50][34][52]《ひがいしゃ》のリクエストでクラシックが[72]《か》かっていたのなら、\n[272][324]のＢＧＭとは[168]《ちが》っていたハズ。
0x000720ab	4	【[107][108]】\nにもかかわらず、この[104]について、\n[205]《だれ》も[168]《い》[539]《わ》[242]《かん》を[242]じていない。\n
0x00072146	2	【[107][108]】\nそこで[39][66]に[457][458]してきてもらいたいことがある。
0x000721a0	3	【[107][108]】\n[678][408]《じゅうせい》が[677]《な》り[574]《ひび》いたあとで\nＶＩＰルームに[679]《か》け[282]《こ》んだ[53][165]……
0x00072220	4	【[107][108]】\n[417][77][118]《ぐたいてき》には[440][441]さんか[37][38][88][89][90]《せんせい》と[97]す[274][148]があったら、\nそのときＶＩＰルーム[324]にＢＧＭが[493]れてたかどうか\n[457][458]してもらいたい。
0x000722dd	2	【[39][66]】\n……わかったわ。
0x00072326	4	【[107][108]】\nそれともう[57]つ、[16]にライトブルーに[152]ったときに\nあらためて[273][291][676][675]と[147][391]した[298][853]《けいせき》がないか\n[457][458]してもらいたい。
0x000723b2	3	【[39][66]】\n……ええ、こちらも[479][372]《りょうかい》。\n[805][411]《しんちょう》に[457][458]してくるわ。
0x00072423	2	【[107][108]】\nああ、[75]《たの》んだぞ。
0x000724c7	2	【[107][108]】\n…………
0x000725b5	4	【[107][108]】\nなるほど……\n[836][261][455]は[205]《だれ》も\nプレイヤーを[590][256]させたことがない、か……
0x00072626	4	【[107][108]】\n……ってことは、\nプレイヤーを[147][391]したのは[273][291]の[53][280]……\nって[213]が[862]《こ》くなるな。
0x0007269e	3	【[107][108]】\nあと、リモコンのくだりは\n[142][61][411][346]かもしれないな。
0x000726fb	3	【[107][108]】\n[567][693]になくなってたのか、\n[273][291]の[53][280]が[84]ち[159]ったのか……
0x00072779	2	【[39][66]】\n[84]ち[159]った……って、なんのために？
0x000727ce	4	【[107][108]】\nわからない。\nただ、[28][104][79][146]の[35][36]の[863][364]はすべて\n[12][212]できない[1][2]だ。
0x00072849	2	【[107][108]】\n……！？
0x00072882	3	【[107][108]】\nそうか……\nそういうことか……！！
0x000728ca	3	【[39][66]】\nえっ……\nなにかひらめいたの！？
0x0007290f	3	【[107][108]】\nああ……\nこの[653][329]が[119][283]されれば、すべてがひっくり[549]る……
0x00072967	2	【[39][66]】\nどういうこと！？
0x000729a2	3	【[39][66]】\nコウジはずっと[273][291][676][675]とプレイヤーを\n[147][391]したんじゃないかってこだわってたけど……
0x00072a06	4	【[107][108]】\nああ、そこが[411][346]なんだ。\n[681]に、[273][291][676][675]の[209]に\n[678][408]《じゅうせい》が[421][676]されてたらどうだ？
0x00072a75	3	【[39][66]】\n[273][291][676][675]に[421][676]されてる[678][408]《じゅうせい》を\nＶＩＰルームのスピーカーから[677]らしたってこと……？
0x00072b5d	3	【[107][108]】\n……ああっ、くそっ！\n[1][2]が[57]つ[173]りない！
0x00072bac	4	【[107][108]】\n[28][104][8][390][428]、\nＶＩＰルーム[324]にＢＧＭがかかってたかどうか、\nそれがポイントなんだ！
0x00072c16	3	【[39][66]】\n[28][104][8][390][428]のＢＧＭ……？\nそれがわかれば[411][346]なことがわかるの！？
0x00072c76	3	【[107][108]】\nああ……この[28][111]がわかれば\n[116][117][118]な[119][120]《しょうこ》が[4]に[3]る……
0x00072cd6	4	【[107][108]】\n[865][559]させたくないから[58]えないけど、\nとにかくすべての[28][111]がひっくり[549]るような\nことなんだっ！！
0x00072d3f	3	【[39][66]】\nうわ……\nものスゴく[153]になる[58]い[158]……
0x00072d8b	2	【[39][66]】\n[87]、[102][866][799]《ねむ》れるかな……？
0x00072dda	3	【[107][108]】\nその[163]り。\nそれを[620]す[1][2]を[102]までに[4]に[3]れている。
0x00072e5a	4	【[107][108]】\nＶＩＰルームのスピーカーから[677]った[678][408]《じゅうせい》は\n[273][291][676][675]に[421][676]されたもの……\nこれを[124][277]ける[1][2]を[453]み[264]わせて[59]えるんだ！
0x00072f8f	2	【[107][108]】\n（[168]《ちが》う、そうじゃない！）
0x00072fd6	3	【[107][108]】\n（[685][676][335][686]の[348]っていたＶＩＰルーム[324]の[676]を\n[272][324]に[677]《な》り[574]《ひび》かせるための[157]《・》[72]《・》け《・》だ！）
0x0007305a	3	【[107][108]】\n（そして[28][104][8][390][428]のスピーカーの[814][832]を[620]す\n[1][2]があれば……！）
0x000730ce	4	【[107][108]】\nまず[59]えるべきは、[115][293]ＶＩＰルーム[324]に\n[493]れてたはずのクラシックが\n[28][104][8][390][20]は[493]れてなかったことだ。
0x00073142	4	【[107][108]】\nＣＤはループ[626][390]になっていて、\nプレイヤーに[4]を[683]えなければ、\n[676][774]が[162]まるはずはない。
0x000731ad	4	【[39][66]】\nそっか……[195]に[59]えれば、\nクラシックが[493]れてなかったのは、\nプレイヤーを[867][572]した[301][302][101]があるってことね。
0x00073220	4	【[107][108]】\nああ、その[163]り。\nそしてもう[57]つ[411][346]な[496]として、ＶＩＰルームには\n[685][676][335][686]が[687]《ほどこ》されてたということ。
0x00073299	4	【[107][108]】\nそれなのになぜ[678][408]《じゅうせい》が[272][324]に[677]《な》り[574]《ひび》くのか。\nそれは[678][408]《じゅうせい》が[677]《な》り[574]《ひび》いたときには\nＶＩＰルームの[592]《とびら》が[587]いてたからだ！
0x00073339	2	【[39][66]】\nどうしてそんなことを……？
0x0007337a	4	【[107][108]】\n[566][567]さ。\n[678][408]《じゅうせい》が[98]こえた[428][280]、つまり０[428]４４[327]が\n[123][152][428][280]だと[132]わせるためさ。
0x000733ee	4	【[107][108]】\nそして０[428]４４[327]に[457][111]に[119][283]できる\nアリバイを[572]っておけば、\n[41][327]は[546][51][52]《ようぎしゃ》から[273]れることができるからな。
0x0007346e	4	【[39][66]】\nつまりアリバイ[688][572]のために、\n[273][291][676][675]に[421][676]されていた[678][408]《じゅうせい》を\nＶＩＰルームのスピーカーから[626][390]させた……
0x000734ef	3	【[107][108]】\nそういうこと。\n[111][155]の[123][152][428][280]は０[428]４４[327]よりも[19]だろう。
0x0007354b	3	【[39][66]】\n……コウジの[653][329]が[513]しければ、\n[215][253][52][564][455]のアリバイが[689]《くず》れるよね……
0x000735b3	4	【[39][66]】\nだって０[428]４４[327]には[30][383]も[24][25]さんも\n[64][106][690][28]もみんなホールにいたから\nお[604]《たが》いがアリバイの[119][283]をしてたけど……
0x00073633	4	【[39][66]】\n[123][152][428][280]がそれ[169][19]となると、\n[205]《だれ》がどの[428][280]に[595]を[273]していたとか、\n[457][111]な[119][283]はできなくなるもんね……
0x000736ae	3	【[107][108]】\nアリバイがあやふやなのは\nオレだけじゃないってことだ！
0x0007389a	1	オーディオ
0x000738a1	1	オーディオ
0x000738ac	1	ホワイトボード
0x000738b6	1	ホワイトボード
0x000738c4	1	［ＶＩＰルームに[3]った[53][165]について］
0x000738e3	1	［[50][34][52]との[257][839]について］
0x000738fc	1	［コウジのこと］
0x0007390c	1	［[685][123]カメラについて[98]く］
0x00073923	1	［[202]に[312]か[153]がついたこと］
0x0007393a	1	［ＶＩＰルームのＢＧＭ］
0x00073953	1	［プレイヤーの[274][302]］
0x00073967	1	［プレイヤーの[590][256]について］
0x0007397f	1	［[28][104][8][390][20]に[493]れていたＢＧＭ］
0x0007399f	1	［[11][322][146]について］
0x00073cdc	2	【[39][66]】\nライトブルーの[28][29][30]ね。
0x00073da9	3	【[836][261][455]】\nお[99]たせっス……\nい、いや……お[99]たせしました。
0x00073dfc	4	【[39][66]】\nああ、わざわざ[742][868]を[414]わなくても\nいいですよ。\n[97]しやすいほうで[97]してください。
0x00073e6a	4	【[836][261][455]】\nではお[58][315]に[869]《あま》えて、\n[774]に[97]させてもらうっス。\nなにが[98]きたいっスか？
0x00073f77	3	【[836][261][455]】\nあっ、[293]たっスね。\n[99]ってたっスよ。
0x00074240	3	【[39][66]】\n[257][839]について、[202]に[153]がついたことは\nありますか？
0x000742b5	4	【[836][261][455]】\nあっ、そうだ……\nあのとき、オレの[202]にも\n[404][375]《もくげき》していたお[116]さんがいたっス。
0x0007431d	2	【[39][66]】\n[202]に[404][375][52]《もくげきしゃ》がいたんですか？
0x00074376	4	【[836][261][455]】\nそうっス。\nオレと[57][427]《いっしょ》にトイレでのトラブルを\n[404][375]《もくげき》していた[53]がいたんス。
0x000743f0	3	【[836][261][455]】\nその[53]がオレに[58]ったっス。\n『あの２[53]の[257][839]を[162]めなくていいのか？』って。
0x00074454	3	【[39][66]】\nちなみに、その[477]の[53]って\nどんな[53]でした？
0x000744ac	4	【[836][261][455]】\n５０[244][870]の[690][28]さんっス。\n[28][104]が[8][390]したときに[671][145]して\n[35][36]の[503][183]とかしてた[53]っス。
0x0007451c	3	【[39][66]】\n[690][28]さんですか。\n[254][59]になりました、ありがとうございます。
0x0007458e	4	【[39][66]】\nこの[19]の[28][104]ですが……\n[50][51][52]《ひぎしゃ》となっている[105][106]さんと[50][34][52]《ひがいしゃ》が\n[28][104][19]に[257][839]していたって[119][58]があるんですけど……
0x0007461b	3	【[39][66]】\nこの[104]について、\nなにかご[183]じかと[132]いまして……
0x00074690	3	【[836][261][455]】\nああ、[129]ってるっスよ。\nオレ、[404][375]《もくげき》してたんで。
0x000746e8	3	【[39][66]】\n[115][79]ですか！\n[257][839]って、どんな[242]じでした？
0x0007475c	3	【[836][261][455]】\nうーん……\nあれって[257][839]って[58]うのかな……？
0x000747ba	4	【[836][261][455]】\nお[604]《たが》いの[698]《かた》がぶつかって、\n[780]いほうの[53]が[541]れって[58]ってただけ\nなんスけど。
0x0007484a	3	【[836][261][455]】\nしかも[7][171]の[53]のほうは[214][752]で、\nまったく[78][4]にしてなかったっスからねぇ。
0x000748aa	2	【[39][66]】\n……たしかにそれって[257][839]とは[168]《ちが》いますね……
0x00074909	3	【[836][261][455]】\nそう[132]うっス。\n[257][839]ってほどじゃないっスね。
0x00074968	3	【[836][261][455]】\n[403][871]《どうりょう》も[80]てたらしいんスけど、\n[403]じ[382][80]だったっス。
0x000749c4	2	【[39][66]】\n……その[428][280]とか[583]えていますか？
0x00074a18	3	【[836][261][455]】\nう～ん……\n０[428]ちょっと[478]ぎたとこっスかねぇ。
0x00074a69	2	【[39][66]】\n……とすると、０[428]５[327]くらいでしょうか？
0x00074ac3	2	【[836][261][455]】\nそのくらいだと[132]うっス。
0x00074baa	3	【[39][66]】\n[50][51][52]《ひぎしゃ》の[105][106]さんについて\nなにか[153]がついたことはありませんか？
0x00074c2e	2	【[836][261][455]】\n[153]がついたことっスか？
0x00074c94	4	【[836][261][455]】\nう～ん……\nカウンターで[647]《よ》いつぶれてたって\nことくらいしか……
0x00074cf0	2	【[39][66]】\nそうですか……
0x00074d56	4	【[39][66]】\n（これを[98]く[19]に、\n[111][155]にプレイヤーを[590][256]させた[853]《あと》があるか\n[457][458]しましょう）
0x00074ddc	2	【[39][66]】\nちょっとここ[80]てもらえますか？
0x00074e44	3	【[836][261][455]】\n……\nプレイヤーっスか？
0x00074e87	3	【[39][66]】\nええ、そうです。\nここに[860]がありますよね？
0x00074ede	3	【[836][261][455]】\n……\nホントだ。
0x00074f29	3	【[836][261][455]】\nいつの[280]にこんな[860]が……？\n[547][439]が[232]べたときにでもついたんスかね？
0x00074f86	3	【[39][66]】\n[19]からあったわけではないんですか？\n[836][261][455]の[158]が[157][28][209]に、とか。
0x00075008	3	【[836][261][455]】\nそれはないと[132]うっス。\nというのも、[256]かす[378][346]がないっスから。
0x0007506b	4	【[39][66]】\nでも、[247][146][58]ってましたよね？\n[273][291][676][675]と[147][391]するときは、\n[256]かさなければならないって。
0x000750e2	4	【[836][261][455]】\nそれなんスけど、[88][89][90]さんとその[97]をしてから\n[543]《おれ》も[153]になったんで、みんなに[98]いてみたんスよ。\n[273][291][3][131][274][302]って[414]ったことがあるかって。
0x0007517c	3	【[836][261][455]】\nそしたら[132]った[163]り、\n[205]《だれ》も[414]ったことはないって[58]ってたっス。
0x000751d9	3	【[39][66]】\nなるほど……\nだけど[445]には[860]がある。
0x00075221	3	【[39][66]】\nいつの[280]についた[860]なのか\nわからないですよね？
0x00075292	2	【[836][261][455]】\nそうっスね……
0x000752f4	3	【[836][261][455]】\nあっ、でも、[96]なくとも[28][104]の[19][146]には\nなかったと[132]うっス。
0x00075362	4	【[836][261][455]】\nというのも、[19][146]にもお[116]さんからのリクエストがあって、\nそのときに[872]《ほこり》が[405]もってたのを[80]たっス。\nあとで[852]《ふ》かなきゃって[132]ってたくらいなんで。
0x000753f0	2	【[39][66]】\nそれで[872]《ほこり》は[852]《ふ》いたんですか？
0x00075448	4	【[836][261][455]】\nそれが……そのときトイレ[873][874]《そうじ》[79][506]《とうばん》だったことを\n[132]い[121]して、[451]いでトイレ[873][874]《そうじ》を[400]めたんで、\n[872]《ほこり》のことはすっかり[387]れてしまったっス。
0x000754e5	4	【[39][66]】\nなるほど……\nあれ、でも、[28][104][79][146]も[50][34][52]《ひがいしゃ》からのリクエストで\nあなたがＣＤをかけたんですよね？
0x00075568	2	【[836][261][455]】\nええ、そうっスよ。
0x000755a6	2	【[39][66]】\nそのときには[872]《ほこり》はたまってなかったんですか？
0x00075601	4	【[836][261][455]】\nそれなんスけど……\n[387]れちゃったんスよね。\nすみません。
0x00075655	4	【[39][66]】\nそうですか……\n[254][59]になりました。\nありがとうございます。
0x000756d5	3	【[836][261][455]】\nこの[272]の[53]は\n[205]《だれ》もプレイヤーを[590][256]させてないっス。
0x0007574c	3	【[39][66]】\n[678][408]《じゅうせい》が[272][324]に[677]《な》り[574]《ひび》いたのを[98]いて、\n[215][253][52]がＶＩＰルームに[679]《か》け[277]《つ》けたらしいですね？
0x000757d0	3	【[39][66]】\nそのときにＶＩＰルーム[324]に[493]れていたＢＧＭって\nわかりますか？
0x00075836	4	【[836][261][455]】\nたしか、お[116]さんはクラシックを\nリクエストしたはずなんで、\nたぶんクラシックＣＤが[493]れてたと[132]うっス。
0x000758a4	2	【[39][66]】\nそれは[28][104][8][390][20]に[111][155]に[493]れてましたか？
0x00075918	2	【[836][261][455]】\nうーん……
0x0007595f	4	【[836][261][455]】\n[111][155]に[493]れてたかって[98]かれると\nＶＩＰルームの[209]に[3]ってないんで\nわからないっス……
0x000759ed	4	【[836][261][455]】\nたしか[678][408]《じゅうせい》が[98]こえた[20]でＶＩＰルームの[209]に[3]ったのは、\nお[116]さんの[477]の[53]２[53]と[100]の[53]１[53]だけで、\nこの[272]の[53][280]は[205]《だれ》も[3]ってないっスから。
0x00075a9d	3	【[836][261][455]】\n[41][327]にはＢＧＭがかかってたかどうかは\nわからないっス。
0x00075b10	4	【[39][66]】\n[28][104]の[79][146]、\nＶＩＰルームに[3]った[53][165]について\n[232]べているんです。
0x00075b6f	2	【[39][66]】\nなにか[132]い[79]たることとかないですか？
0x00075bdb	2	【[836][261][455]】\nそうっスね……
0x00075c24	4	【[836][261][455]】\nここで[526]いてる[53]たちの[382][80]をまとめると、\nあの[146]、ＶＩＰルームに[3]ったのは\n[102]わかってるだけで５[53]っス。
0x00075ca7	3	【[836][261][455]】\n１[53]は[33]された[53]。\n１[53]はその[53]の[344]れの、[88][89][90]さん。
0x00075d10	3	【[836][261][455]】\nそして１[53]は、カウンターで[672]んでた[100]の[53]……\nたしかマスターの[129]り[264]いらしいっス。
0x00075d77	3	【[39][66]】\n[24][25][440][441]さんですね。\n[138]《うかが》っています。
0x00075dd4	4	【[836][261][455]】\nそして[35][36][503][183]した[690][28]さん。\nこの３[53]は[96]なくとも[28][104]が[8][390]したあとで\nＶＩＰルームに[3]ったっス。
0x00075e4b	3	【[39][66]】\n[28][104][8][390][19]に[3]った[53]の[1][2]とか\nわかりませんか？
0x00075ec4	3	【[836][261][455]】\n[92]し[437]ないっス。\nそこまではよくわからないっス。
0x00075f39	4	【[836][261][455]】\nあっ、だけど、[780]い[477]の[53]が\nＶＩＰルームから[389]《もど》ってくるのは\nオレ、[80]たっスよ。
0x00075fa4	3	【[39][66]】\n[780]い[477]の[53]？\nそれはどんな[158]ですか？
0x00076013	2	【[836][261][455]】\nハッキリとは[583]えてないっス……
0x00076065	4	【[836][261][455]】\n[202]の[477]の[53]は[209][7][169][170]の[7][875]《ねんれい》だったんスけど、\nその[53]だけはそれより[780]い[53]だったって\nことくらいしか……
0x000760e0	3	【[39][66]】\nそうですか……\nどんな[639]を[71]てたかなども[583]えていませんか？
0x00076141	4	【[836][261][455]】\nうーん……\nあまり[583]えてないっスけど、\n[96]なくともスーツではなかったと[132]うっス。
0x000761a3	3	【[39][66]】\nそうですか。\nありがとうございます。
0x000761e8	3	【[39][66]】\n[202]になにか[153]がついたことは\nありますか？
0x00076256	4	【[836][261][455]】\nこれは[547][439]の[53]から[98]いた[97]なんスけど、\nＶＩＰルーム[81]りのドアには\n[356][847]《しもん》がついてなかったらしいっス。
0x000762dc	3	【[836][261][455]】\nだからＶＩＰルームに[3]った[53][165]を\n[203][11]しきれないってぼやいてました。
0x0007634b	3	【[39][66]】\n[356][847]《しもん》がついていない……？\nどういうことかしら……
0x000763a6	2	【[39][66]】\nええ、そうらしいですね。
0x000763e5	4	【[39][66]】\nそうだ、[254][59]までにお[98]きしたいんですけど、\nＶＩＰルーム[81]りのドアっていうのは、\n[417][77][118]《ぐたいてき》にはどこのドアのことかわかりますか？
0x00076492	2	【[836][261][455]】\nえっと……
0x00076538	3	【[836][261][455]】\nホールからＶＩＰルームに[267]かう[515][209]《とちゅう》にある\nドアと……
0x000765e3	3	【[836][261][455]】\n[28][29][30]からＶＩＰルームに[267]かう[515][209]《とちゅう》にある\nドアと……
0x00076691	2	【[836][261][455]】\nＶＩＰルームの[3]り[257]のドアっスね。
0x00076750	3	【[836][261][455]】\nどっちのドアの[124][47]とも、\n[356][847]《しもん》がなかったらしいっス。
0x000767b7	4	【[836][261][455]】\n[240]ってた[356][847]《しもん》は、\n[678][408]《じゅうせい》が[272][324]に[677]《な》り[574]《ひび》いたあとにＶＩＰルームへ\nいの[57][506]に[851]《と》び[282]《こ》んだ[690][28]さんのものだけらしいっス。
0x00076855	2	【[39][66]】\n（おそらく[64][106][690][28]のことね……）
0x0007689e	3	【[39][66]】\nわかりました。\n[410][411]な[1][2]をありがとうございました。
0x00076931	3	【[836][261][455]】\nドアに[356][847]《しもん》がついてなかったって、\n[142][61]ミステリーっスね！
0x000769ac	3	【[39][66]】\nえっと……\nこの[144][122]を[80]てもらえますか？
0x00076a67	2	【[836][261][455]】\nああ、カウンターの[144][122]っスね。
0x00076aad	2	【[39][66]】\nこの[144][122]の、この[291][327]……
0x00076b3b	3	【[39][66]】\nこれって、\n[685][123]カメラじゃないですか？
0x00076b90	2	【[836][261][455]】\nあ、そうっス。
0x00076bcc	4	【[39][66]】\nやっぱり！\nこのカメラで[520][573]《さつえい》された[28][104][79][428]の[710][393]って、\n[240]ってないでしょうか？
0x00076c5d	4	【[836][261][455]】\nえっと……\nオレではわからないんで、\nマスターに[98]いてくるっス。
0x00076cb5	2	【[39][66]】\nお[224]いします。
0x00076d1c	2	【[39][66]】\nさあ……なにが[121]てくるかしら……？
0x00076dbb	4	【[836][261][455]】\nお[99]たせしたっス。\nこのビデオテープに[28][104][19][20]の\n[710][393]が[3]ってるっス。
0x00076e1e	3	【[39][66]】\nえっ……\nこれってお[229]りできるんですか？
0x00076e74	3	【[836][261][455]】\nいや、マスターは[88][89][90]さんにあげるって\n[58]ってたっス。
0x00076ec8	2	【[39][66]】\nいいんですか！？
0x00076f10	2	【[836][261][455]】\nええ、どうぞ。
0x00076f4c	2	【[39][66]】\nありがとうございます！
0x00076fbe	2	【[836][261][455]】\n[280]《ま》[168]《ちが》いなく[685][123]カメラっス。
0x0007701f	3	【[39][66]】\n[79][146]、ＶＩＰルームに[493]れていたＢＧＭについて\nお[98]きしたいんですけど……
0x000770a7	3	【[836][261][455]】\nたしか[186]くなった[53]のリクエストを[276]けて、\nクラシックＣＤを[493]してたっス。
0x0007710a	2	【[39][66]】\nリクエスト、ですか？
0x00077154	4	【[836][261][455]】\nええ、ＶＩＰルーム[324]のＢＧＭはこのプレイヤーで\n[347][332]《せいぎょ》してるんで、これで[626][390]できるものであれば\n[876]きな[760]を[493]すことができるっス。
0x000771df	3	【[39][66]】\nそれでクラシックのＣＤを\n[493]していたわけですね。
0x00077239	4	【[836][261][455]】\nリピートモードにしてあるから、\n[63][20]まで[493]れたあとは[63][627]の[760]にループするんで、\nずっとＢＧＭは[677]りっぱなしになるっス。
0x000772d8	3	【[39][66]】\n[202]になにか[153]がついたことや\n[132]い[121]したことはありませんか？
0x00077351	3	【[836][261][455]】\nうーん……\n[203]にないっスね。
0x000773a9	3	【[39][66]】\nこのプレイヤーで[626][390]できる[676][774]って\n[193]えばどんなものがありますか？
0x00077428	2	【[836][261][455]】\nえっと、まずＣＤっスね。
0x0007747c	3	【[836][261][455]】\nお[116]さんが[84]ってきたＣＤも\nもちろんかけられるっス。
0x000774db	3	【[836][261][455]】\nあとチューナーが[324][877]されてるんで、\nラジオもかけられるっス。
0x00077542	4	【[836][261][455]】\nそれとお[116]さんが[84]ってる\n[273][291][676][675]とかに[3]ってる[676][774]も\nかけることができるっス。
0x000775a7	2	【[39][66]】\nそんなこともできるんですね。
0x000775f4	3	【[836][261][455]】\nこのプレイヤーの[124][764]に[273][291][3][131][386][66]《がいぶにゅうりょくたんし》があるんで、\nそこにつなげればできるっス。
0x00077674	4	【[836][261][455]】\n[386][66]《たんし》が[124]なんで、[57][313]このプレイヤーを\n[103][464]させないといけないっスから\nちょっと[508][86]《めんどう》っスけどね。
0x0007771c	3	【[39][66]】\n[28][104]に[215]して、\nなにか[132]い[121]したことはありませんか？
0x00077794	2	【[836][261][455]】\nあ、そう[58]えば……
0x000777d4	2	【[836][261][455]】\n…………
0x00077835	2	【[836][261][455]】\n……いや、なんでもないっス。
0x0007787a	2	【[39][66]】\nそんな……[58]いかけてやめないでくださいよ……
0x000778d3	2	【[836][261][455]】\nいや、[76]したことじゃないっスから。
0x0007791a	4	【[39][66]】\n[76]したことじゃなくても\n[176]えてください！\nお[224]いします！
0x00077979	3	【[836][261][455]】\nそ、そこまで[58]うなら……\nホントに[76]したこと、ないっスよ？
0x000779f6	4	【[836][261][455]】\nお[116]さんに[75]《たの》まれて、\nＣＤをかけようと[132]ってリモコンを[26]したんスけど、\n[80][79]たらなかったんスよ。
0x00077a6d	3	【[39][66]】\nリモコン……って、\nこのプレイヤーのリモコンですか？
0x00077ae3	2	【[836][261][455]】\nそうっス。
0x00077b29	4	【[836][261][455]】\nいつもならリモコンはプレイヤーの[170]に\n[308]いてあるんスけど、\nあの[146]はリモコンがなかったんスよ。
0x00077b9e	2	【[836][261][455]】\nね、[76]したこと、ないっスよね？
0x00077be4	2	【[39][66]】\n（た、たしかに[76]した[97]じゃないかも……）
0x00077c30	3	【[39][66]】\nえっと……\n[354][878]《そぼく》な[51][150]があるんですけど……
0x00077c91	2	【[836][261][455]】\nなんスか？
0x00077cca	3	【[39][66]】\n[403]じ[298]のプレイヤーが\n２[445][266]んでるじゃないですか。
0x00077d1b	4	【[39][66]】\nリモコンを[414]うと、[865][213]……というか、\n[601][675]ボタンを[401]《お》すと２[445]ともついちゃうとか\nそんなことにはならないんですか？
0x00077da3	4	【[836][261][455]】\nそれはないっス。\nこのプレイヤー、\n２[826][879]の[880][298]に[127][167]してるっスから。
0x00077e04	2	【[39][66]】\n２[826][879]のハケイ……？
0x00077e52	4	【[836][261][455]】\nえっと……[566][567]に[682][283]すると、\nそれぞれが[881][49]のリモコンになってるって\n[132]ってもらえれば[280]《ま》[168]《ちが》いないっス。
0x00077edb	2	【[836][261][455]】\nこれを[80]てくださいっス。
0x00077f89	3	【[39][66]】\nＶＩＰルーム[221]……\nホール[221]……
0x00077fe0	3	【[836][261][455]】\nそうっス。\n[280]《ま》[168]《ちが》えないように、きちんと[190]いてあるっス。
0x0007804a	3	【[836][261][455]】\n[79][146][80][79]たらなかったのは\nこっちの『ＶＩＰルーム[221]』っス。
0x000780a5	2	【[39][66]】\nでも、[102]は[80]つかったんですね？
0x000780f6	3	【[836][261][455]】\n[28][104][20]に[295]の[300]に[558]ちてたのを[80]つけたっス。\n[205]《だれ》かが[558]としてしまったんスね。
0x0007816b	2	【[836][261][455]】\nね、[76]したこと、ないっスよね？
0x000781b1	2	【[39][66]】\n…………
0x000781ea	4	【[39][66]】\n（どうなんだろう？\nコウジなら、\nここからなにか[680]き[121]すのかもしれない……）
0x00078283	3	【[836][261][455]】\nリモコンが[80][79]らなかったこと[169][273]は\n[203]にないっス。
0x000782dc	2	【[39][66]】\nこのお[272]の[11][322][146]を[176]えてもらえますか？
0x0007834c	2	【[836][261][455]】\n[24][430][146]っス。
0x0007839a	2	【[836][261][455]】\nちなみに[357][261][428][280]は１７[428]からっス。
0x0007891e	2	【[39][66]】\n…………
0x00078957	3	【[39][66]】\n（たしかにコウジの[356][882]《してき》[163]《どお》りだわ。\nこれは[457][111]に[256]かしてるわね……）
0x00078a32	2	【[39][66]】\n（プレイヤーを[590][256]させた[853]《あと》があるわ）
0x00078afe	3	【[39][66]】\n（どちらも[403]じ\nオーディオプレイヤーね）
0x00078b48	3	【[39][66]】\n（[403]じものが２[445]……って、\nなにか[382][55]があるのかな？）
0x00078c11	3	【[39][66]】\n（[403]じオーディオプレイヤーが\n[266]んでるわ）
0x00078c5d	4	【[39][66]】\n（たしか[170]のプレイヤーがＶＩＰルームのＢＧＭを[347][332]《せいぎょ》してて\n[300]がそれ[169][273]の[272][324]のＢＧＭを[347][332]《せいぎょ》してるって\n[97]だったわね）
0x00078d82	2	【[39][66]】\n…………
0x00078dbb	3	【[39][66]】\n（たしかにコウジの[356][882]《してき》[163]《どお》りだわ。\nこれはプレイヤーを[590][256]させた[853]《あと》に[168]《ちが》いないわね……）
0x00078e44	2	【[39][66]】\n（プレイヤーを[590][256]させた[853]《あと》があるわ）
0x00078ea8	3	【[39][66]】\n（[403]じオーディオプレイヤーが\n[266]んでるわ）
0x00078f1a	4	【[836][261][455]】\n[170]のプレイヤーがＶＩＰルームを[347][332]《せいぎょ》してて、\n[300]のプレイヤーはその[202]の[272][324]のＢＧＭを\n[347][332]《せいぎょ》してるっス。
0x0007901e	3	【[39][66]】\n（[403]じオーディオプレイヤーが\n[266]んでるわ）
0x0007906a	3	【[39][66]】\n[403]じプレイヤーが２[445]……って、\nなにか[382][55]があるんですか？
0x000790e8	4	【[836][261][455]】\nああ、これ、[170]のプレイヤーは\nＶＩＰルームのＢＧＭを\n[347][332]《せいぎょ》してるモンなんスよ。
0x00079156	2	【[39][66]】\nＶＩＰルームのＢＧＭ？
0x000791a6	3	【[836][261][455]】\nはい、ＶＩＰルーム[324]はお[116]さんのリクエストで、\n[876]きなＢＧＭを[493]せるようになってるんス。
0x0007921f	4	【[836][261][455]】\nで、[300]のプレイヤーは\n[272][324]に[493]れてるＢＧＭを\n[347][332]《せいぎょ》するものっス。
0x00079285	2	【[39][66]】\nなるほど……[502][241]。
0x000792c4	4	【[39][66]】\n[254][59]までにお[98]きしたいんですけど、\nＶＩＰルームで[493]すＢＧＭは\nリクエストできるんですよね？
0x0007932f	2	【[39][66]】\nどんな[676][774]を[493]せるんですか？
0x0007937f	3	【[836][261][455]】\nお[272]にあるＣＤであればもちろん[76][287][288]《だいじょうぶ》っスけど、\nお[116]さんからの[84]《も》ち[282]《こ》みにも[127][167]してるっス。
0x0007940a	2	【[836][261][455]】\n[202]に[98]きたいことはあるっスか？
0x0007944f	3	【[39][66]】\n[102]のところは[76][287][288]《だいじょうぶ》です。\nありがとうございました。
0x000794af	2	【[39][66]】\n（[295]とイスがあるわ）
0x000794ed	4	【[39][66]】\n（[836][261][455]たちの[322][883][30]《きゅうけいじょ》も[359]《か》ねてるみたい。\n[87]も[322]みたいところだけど、\nもうひと[806]《ふ》ん[113]《ば》りしなくちゃ）
0x000795d1	3	【[39][66]】\n（[836][261][455][221]の[601][97]があるわ。\n[451][45]の[344][448]《れんらく》を[276]ける[428]に[414]うことが[82]そう）
0x0007963c	4	【[39][66]】\n（だから[404]の[19]にホワイトボードがあるのね。\n……なんて、[653][329]してみるけど、\nどうなのかしら？）
0x000796b1	3	【[39][66]】\n（[259][836][261][455]のスケジュールが[190]いてあるわ。\n[24][430][146]は[564][455][322]みになっているわね）
0x00079764	3	【[836][261][455]】\nえっと、[202]に[98]きたいこととか\nあるっスか？
0x000797b0	4	【[39][66]】\nえっと……\nいえ、[102][146][98]きたいことは、\n[76][77][98]いたと[132]います。
0x00079819	3	【[836][261][455]】\nそれじゃ、そろそろ[157][28]に[389]《もど》らせてもらうっスが、\n[76][287][288]《だいじょうぶ》ですか？
0x00079882	3	【[39][66]】\nはい、[76][287][288]《だいじょうぶ》です。\nありがとうございました。
0x000798e5	2	【[836][261][455]】\nそれじゃ、[236][237]します。
0x00079954	2	【[39][66]】\n（……[87]もそろそろ[389]《もど》ろうかな？）
0x000799ac	3	【[39][66]】\n（……？\nアレ、これってなんだろう？）
0x000799f7	2	【[39][66]】\n（……[57][167]、[144][122]を[520]《と》っておこっと）
0x00079ac0	1	[28][29][30][19]
0x00079ac9	1	[28][29][30][19]
0x00079ae2	1	[217][364][257]
0x00079ae9	1	[217][364][257]
0x00079dc8	3	【[39][66]】\n（[135]には[217][364][257]があるわね。\nこの[342][341]を[414]う[28][832]にならないことを[828]《いの》るわ）
0x0007a07e	2	【[39][66]】\n（[327][719]い[592]《とびら》ね）
0x0007a0c1	3	【[39][66]】\n（[586][885]《かぎあな》があるから、\nどうやら[586]《かぎ》を[72]《か》けることができるみたいね）
0x0007a127	3	【[39][66]】\n（[102]は[586]《かぎ》がかかってないから\n[592]《とびら》が[587]くわよ）
0x0007a214	4	【[39][66]】\n（[96]し[819]《うす》[584]《ぐら》いくらいの[703][283]だけど、\nそれが[31][757][242]を[242]じさせる[284]《ふん》[141]《い》[153]《き》を\n[886][121]してるわ）
0x0007a494	3	【[39][66]】\n（ここが、コウジが[257][839]してたっていう\nトイレね）
0x0007a509	3	【[836][261][455]】\nちょっとすみません……\n[873][874]《そうじ》させていただきます。
0x0007a55f	3	【[39][66]】\nえっ……！？\nあっ、もしかしてここの[836][261][455]の[158]ですか？
0x0007a5c2	2	【[836][261][455]】\nそうっスよ。
0x0007a5fc	4	【[39][66]】\nちょうど[204]かった。\n[87]、[88][89][90]の[0][91][39][66]と[92]します。\nちょっとお[138]《うかが》いしたいことがあるんですが……？
0x0007a682	3	【[836][261][455]】\nああ、[88][89][90]さんですか。\nマスターから[97]は[98]いてます。
0x0007a6fe	3	【[836][261][455]】\nここじゃなんですから、\n[28][29][30]で[97]、しませんか？
0x0007a750	2	【[39][66]】\nええ、そうですね。
0x0007a7b2	3	【[836][261][455]】\nそれじゃ、\n[145]に[28][29][30]に[152]っててください。
0x0007a801	2	【[39][66]】\nわかりました。
0x0007a90c	2	【[39][66]】\n（[873][874]《そうじ》が[152]き[887]いてて[568][596]ね）
0x0007a971	3	【[39][66]】\n（キレイな[888][508][445]ね。\n[889]も[76]きくて、お[336][748]《けしょう》も[178]しやすそう）
0x0007a9d2	3	【[39][66]】\n（……といいながら、[111]はお[336][748]《けしょう》[532][4]なのよね。\nどうすれば[170][4]になれるのかな？）
0x0007aa50	3	【[39][66]】\n（キレイな[888][508][445]ね。\n[889]も[76]きくて、お[336][748]《けしょう》も[178]しやすそう）
0x0007aad0	1	ＶＩＰルーム[592]
0x0007aadc	1	ＶＩＰルーム[592]
0x0007aaec	1	？？？
0x0007ad0e	2	【[39][66]】\n（この[209]で[33][53]が[152]なわれたのね）
0x0007ad55	4	【[39][66]】\n（……[209]を[80]てみたいけど、\n[547][439]が[35][36][503][183]をしてるから\n[209]には[3]れないわ）
0x0007adba	2	【[39][66]】\n（[240][550]だけどあきらめるしかないわね……）
0x0007ae0a	2	【[39][66]】\n（ＶＩＰルームのドアね）
0x0007ae4d	4	【[39][66]】\n（[209]に[3]りたいところだけど、\n[35][36][503][183]してるから\n[3]れないわ……）
0x0007aeef	3	【[39][66]】\n（このドアはオートロックよ。\nドアの[267]こう[764]に[152]く？）
0x0007af71	2	【[39][66]】\n（それじゃ、[267]こう[764]に[152]くわよ）
0x0007afea	3	【[39][66]】\n（そうね。\nもう[96]しこの[235]りを[232]べましょう）
0x0007b041	4	【[39][66]】\n（ドアがあるわ。\n[312]か[381][382][190]きの[136]なものが[190]かれているわね。\nえっと……）
0x0007b0a4	4	【[39][66]】\n（どうやらこのドアはオートロックになっていて、\nこちらからは[12][134][104]で[121]られるけど、\n[267]こうから[389]《もど》るためには[584][119][506][602]の[3][131]が[378][346]らしいわ）
0x0007b131	3	【[39][66]】\n（[584][119][506][602]はＶＩＰルームの[414][221][52]が\n[41][461]に[335][11]できるみたい）
0x0007b190	4	【[39][66]】\n（……ということは、\n[28][104][79][146][584][119][506][602]を[129]っていたのは、\n[50][34][52]《ひがいしゃ》のみだったのかな……？）
0x0007b216	4	【[39][66]】\n（[87]は[584][119][506][602]を[129]らないから、\nドアの[267]こう[764]に[152]ったら[389]《もど》ってこられなくなるわね。\nそれでもドアの[267]こう[764]に[152]く？）
0x0007b2c7	2	【[39][66]】\n（それじゃ、[267]こう[764]に[152]くわよ）
0x0007b340	3	【[39][66]】\n（そうね。\nもう[96]しこの[235]りを[232]べましょう）
0x0007b3f4	1	[28][29][30]
0x0007b3fb	1	[28][29][30]
0x0007b406	1	？？？
0x0007b5b4	3	【[39][66]】\n（[19]のドアを[587]けると\nＶＩＰルームね）
0x0007b614	3	【[39][66]】\n（……って、あれ？\nドアが[587]かないわ）
0x0007b660	2	【[39][66]】\n（………）
0x0007b69b	4	【[39][66]】\n（どうやら、こちらの[163][476]からは\nＶＩＰルームに[3]れないよう、\nオートロックになってるみたい）
0x0007b7df	2	【[39][66]】\n（[28][29][30]のドアよ）
0x0007b81f	3	【[39][66]】\n（[57][291]がガラスになっていて、\n[209]が[80]えるようになってるわ）
0x0007b8eb	2	【[39][66]】\n（ドアに[381][382][190]きが[190]かれているわね）
0x0007b935	4	【[39][66]】\n（このドアはオートロックになってるみたい。\nロックを[273]すためには、\n[584][119][506][602]の[3][131]が[378][346]みたいね）
0x0007b9a5	3	【[39][66]】\n（でも[87]は[584][119][506][602]を[129]らないから、\n[587]けることができないわ）
0x0007b9fe	3	【[39][66]】\n（[584][119][506][602]はＶＩＰルームの[414][221][52]が\n[41][461]に[335][11]できるみたい）
0x0007ba5d	4	【[39][66]】\n（……ということは、\n[28][104][79][146][584][119][506][602]を[129]っていたのは、\n[50][34][52]《ひがいしゃ》のみだったのかな……？）
0x0007badc	4	【[39][66]】\n（このドアはオートロックで[891]まってるわよ。\n[587]けるためには[584][119][506][602]が[378][346]だけど、\n[87]はその[506][602]を[129]らないわ）
0x0007bbfc	1	テーブル[595]
0x0007bc04	1	テーブル[595]
0x0007bc10	1	[835][300]へ
0x0007bc16	1	[835][300]へ
0x0007bc20	1	[835][300]へ
0x0007bc26	1	[835][300]へ
0x0007bee9	3	【[39][66]】\n（ここは[28][104][35][36]となった\nライトブルーね）
0x0007bf5c	3	【[836][261][455]】\nいらっしゃいませ……\nあっ、[88][89][90]さん、ご[532][588][136]っス。
0x0007bfb5	4	【[39][66]】\nああ、ちょうど[204]かった。\n[96]しお[97]を[98]かせてもらいたいんですけど、\nいいですか？
0x0007c023	3	【[836][261][455]】\nえっと、それじゃあ、\n[28][29][30]で[98]くっス。
0x0007c071	2	【[39][66]】\nあ、はい、[479][372]《りょうかい》です。
0x0007c0c6	2	【[836][261][455]】\nじゃあ[145]に[152]ってるっス。
0x0007c121	2	【[39][66]】\n……それじゃ、どうしようかしら？
0x0007c1c7	3	【[39][66]】\n[3]り[257]に[389]《もど》ってきたわね。\nどうしようかしら？
0x0007c3a7	2	【[39][66]】\n（コウジと[24][25]さんが[672]んでた[36][30]ね）
0x0007c3f2	2	【[39][66]】\n（たくさんのお[673]が[266]んでるわ）
0x0007c43d	3	【[39][66]】\n（テーブル[595]ね。\n[135]には[163][476]があるわ）
0x0007c4aa	3	【[39][66]】\n（マスターはとても[238]《いそが》しそう……\n[221][28]もないのに[97]しかけるのはやめましょう）
0x0007c532	2	【[39][66]】\n（これで[232][233]を[234]わりにしようかしら？）
0x0007c5ea	2	【[39][66]】\n[102][146]はこれくらいにしておきましょう。
0x0007c635	2	【[39][66]】\n（もう[96]しここにいましょう）
0x0007c68a	2	【[39][66]】\n（まだ[232]べないといけないものがあるわ）
0x0007c730	3	【[39][66]】\nライトブルーの[232][233]は\nこんな[242]じだったわ。
0x0007c7fd	3	【[107][108]】\nそうか……\nあのＶＴＲはもう[240]ってないのか……
0x0007c85a	2	【[107][108]】\n…………
0x0007c8b9	4	【[107][108]】\nまあ、ないものは[157][158]ない。\nなら[79][627]の[404][118][163]り、[28][104]の[892][20][215][253]を[893][894]《ついきゅう》するのみ。\n[153][84]ちを[210]《き》り[616]《か》えよう！
0x0007c9f6	1	オーディオ
0x0007c9fd	1	オーディオ
0x0007ca08	1	ホワイトボード
0x0007ca12	1	ホワイトボード
0x0007ca20	1	［ＶＩＰルームに[3]った[53][165]について］
0x0007ca3f	1	［[50][34][52]との[257][839]について］
0x0007ca58	1	［コウジのこと］
0x0007ca68	1	［[685][123]カメラについて[98]く］
0x0007ca7f	1	［[202]に[312]か[153]がついたこと］
0x0007ca96	1	［ＶＩＰルームのＢＧＭ］
0x0007caaf	1	［プレイヤーの[274][302]］
0x0007cac3	1	［プレイヤーの[590][256]について］
0x0007cadb	1	［[28][104][8][390][428]に[493]れていたＢＧＭ］
0x0007ccad	2	【[39][66]】\n（ライトブルーの[28][29][30]ね）
0x0007cd5c	3	【[836][261][455]】\nあっ、[293]たっスね。\n[99]ってたっスよ。
0x0007d07a	2	【[39][66]】\n（[295]とイスがあるわ）
0x0007d0b8	4	【[39][66]】\n（[836][261][455]の[322][883][30]《きゅうけいじょ》も[359]《か》ねてるみたい。\n[87]も[322]みたいところだけど、\nもう[57]《ひと》[806]《ふ》ん[113]《ば》りがんばらなくちゃ）
0x0007d14b	3	【[39][66]】\n（[403]じオーディオプレイヤーが\n[482]つ[266]んでいるわ）
0x0007d1c6	3	【[39][66]】\nえっと、[75]《たの》みと[58]いますか、\nお[98]きしたいことがあるんです。
0x0007d245	2	【[836][261][455]】\nなんスか？
0x0007d27e	3	【[39][66]】\n[169][19]にいただいた[685][123]カメラのビデオテープなんですが、\nあれってダビングしたものとかってないですか…？
0x0007d314	3	【[836][261][455]】\nえーっと……\nオレじゃわからないんで、マスターに[98]いてくるっス。
0x0007d392	2	【[836][261][455]】\nちょっと[99]っててくださいっス。
0x0007d3d6	2	【[39][66]】\nお[4][197]おかけします。
0x0007d498	2	【[836][261][455]】\nお[99]たせしましたっス……
0x0007d4e7	3	【[836][261][455]】\nマスターテープを[547][439]に[84]って[152]かれて\nもう[4][452]には[240]ってないそうっス。
0x0007d546	2	【[39][66]】\nえっ、[547][439]が？
0x0007d582	3	【[39][66]】\n……わかりました。\nお[4][197]おかけして[92]し[437]ありませんでした。
0x0007d5e6	3	【[836][261][455]】\nいえ、こちらこそ、\n[131]になれなくて[92]し[437]ないっス。
0x0007d67b	3	【[836][261][455]】\nもうあのＶＴＲはないっス。\n[131]になれなくて[92]し[437]ないっス。
0x0007d70f	3	【[39][66]】\n（[836][261][455][221]の[601][97]があるわ。\n[451][45]の[344][448]《れんらく》を[276]ける[428]に[414]うことが[82]そう）
0x0007d77a	4	【[39][66]】\n（だから[404]の[19]にホワイトボードがあるのね。\n……なんて、[653][329]してみるけど、\nどうなのかしら？）
0x0007d7ef	3	【[39][66]】\n（[259][836][261][455]のスケジュールが[190]いてあるわ。\n[24][430][146]は[564][455][322]みになっているわね）
0x0007d8a2	3	【[836][261][455]】\nえっと、[202]に[98]きたいこととか\nあるっスか？
0x0007d8ee	4	【[39][66]】\nえっと……\nいえ、[102][146][98]きたいことは、\n[76][77][98]いたと[132]います。
0x0007d957	3	【[836][261][455]】\nそれじゃ、そろそろ[157][28]に[389]《もど》らせてもらうっスが、\n[76][287][288]《だいじょうぶ》ですか？
0x0007d9c0	3	【[39][66]】\nはい、[76][287][288]《だいじょうぶ》です。\nありがとうございました。
0x0007da23	2	【[836][261][455]】\nそれじゃ、[236][237]します。
0x0007da92	2	【[39][66]】\n（……[87]もそろそろ[389]《もど》ろうかな？）
0x0007db18	1	[28][29][30][19]
0x0007db21	1	[28][29][30][19]
0x0007db3a	1	[217][364][257]
0x0007db41	1	[217][364][257]
0x0007de3d	3	【[39][66]】\n（[135]には[217][364][257]があるわね。\nこの[342][341]を[414]う[28][832]にならないことを[828]《いの》るわ）
0x0007e15d	2	【[39][66]】\n（[327][719]い[592]《とびら》ね）
0x0007e1a0	3	【[39][66]】\n（[586]《かぎ》[885]があるから、\nどうやら[586]《かぎ》を[72]《か》けることができるみたいね）
0x0007e204	3	【[39][66]】\n（[102]は[586]《かぎ》がかかってないから\n[592]《とびら》が[587]くわよ）
0x0007e27a	4	【[39][66]】\n（[96]し[819][584]《うすぐら》いくらいの[703][283]だけど、\nそれが[31][757][242]を[242]じさせる[284]《ふん》[141]《い》[153]《き》を\n[886][121]してるわ）
0x0007e53d	2	【[39][66]】\n（[873][874]《そうじ》が[152]き[887]いてて[568][596]ね）
0x0007e59d	3	【[39][66]】\n（キレイな[888][508][445]ね。\n[889]も[76]きくて、お[336][748]《けしょう》も[178]しやすそう）
0x0007e5fe	3	【[39][66]】\n（……といいながら、[111]はお[336][748]《けしょう》[532][4]なのよね。\nどうすれば[170][4]になれるのかな？）
0x0007e67c	3	【[39][66]】\n（キレイな[888][508][445]ね。\n[889]も[76]きくて、お[336][748]《けしょう》も[178]しやすそう）
0x0007e6fc	1	ＶＩＰルーム[592]
0x0007e708	1	ＶＩＰルーム[592]
0x0007e718	1	？？？
0x0007e99a	2	【[39][66]】\n（ＶＩＰルームのドアね）
0x0007e9dd	4	【[39][66]】\n（[209]に[3]りたいところだけど、\n[35][36][503][183]してるから\n[3]れないわ……）
0x0007ea59	3	【[39][66]】\n（このドアはオートロックよ。\nドアの[267]こう[764]に[152]く？）
0x0007eae3	2	【[39][66]】\n（それじゃ、[267]こう[764]に[152]くわよ）
0x0007eb57	3	【[39][66]】\n（そうね。\nもう[96]しこの[235]りを[232]べましょう）
0x0007ebae	4	【[39][66]】\n（ドアがあるわ。\n[312]か[381][382][190]きの[136]なものが[190]かれているわね。\nえっと……）
0x0007ec11	4	【[39][66]】\n（どうやらこのドアはオートロックになっていて、\nこちらからは[12][134][104]で[121]られるけど、\n[267]こうから[389]《もど》るためには[584][119][506][602]の[3][131]が[378][346]らしいわ）
0x0007ec9e	3	【[39][66]】\n（[584][119][506][602]はＶＩＰルームの[414][221][52]が\n[41][461]に[335][11]できるみたい）
0x0007ecfd	4	【[39][66]】\n（……ということは、\n[28][104][79][146][584][119][506][602]を[129]っていたのは、\n[50][34][52]《ひがいしゃ》のみだったのかな……？）
0x0007ed83	4	【[39][66]】\n（[87]は[584][119][506][602]を[129]らないから、\nドアの[267]こう[764]に[152]ったら[389]《もど》ってこられなくなるわね。\nそれでもドアの[267]こう[764]に[152]く？）
0x0007ee3c	2	【[39][66]】\n（それじゃ、[267]こう[764]に[152]くわよ）
0x0007eeb0	3	【[39][66]】\n（そうね。\nもう[96]しこの[235]りを[232]べましょう）
0x0007ef34	1	[28][29][30]
0x0007ef3b	1	[28][29][30]
0x0007ef46	1	？？？
0x0007f0f4	3	【[39][66]】\n（[19]のドアを[587]けると\nＶＩＰルームね）
0x0007f154	3	【[39][66]】\n（……って、あれ？\nドアが[587]かないわ）
0x0007f1a0	4	【[39][66]】\n（どうやら、こちらの[163][476]からは\nＶＩＰルームに[3]れないよう、\nオートロックになってるみたい）
0x0007f32f	4	【[39][66]】\n（このドアはオートロックで[891]まってるわよ。\n[587]けるためには[584][119][506][602]が[378][346]だけど、\n[87]はその[506][602]を[129]らないわ）
0x0007f3e0	1	[30][383][821]
0x0007f3e7	1	[30][383][821]
0x0007f643	2	【[39][66]】\n（[37][38][39][40][28][29][30]に[389]《もど》ってきたわ）
0x0007f6ac	2	【[39][66]】\n（ここが[102]の[87]の[157][28][36]）
0x0007f6f0	4	【[39][66]】\n（……とは[58]っても、\n[63][64]は[232][233]がメインで\n[273][121]してることのほうが[82]いけどね）
0x0007f768	2	【[39][66]】\n（[37][38][39][40][28][29][30]よ）
0x0007f8af	3	【[39][66]】\n（[30][455]の[295]が[266]んでいるわ。\n[87]の[595]は[57][506][4][19]よ）
0x0007f905	4	【[39][66]】\n（[57][831]つきたいところだけど、\nまだ[232][233]は[234]わってないから、\nグッと[895]《こら》えないと……）
0x0007f9aa	2	【[39][66]】\nお[239]《つか》れ[136]です、[545][244]さん。
0x0007fa18	3	【[545][244]】\nお[239]《つか》れ。\nどう、[232][66]は？
0x0007fa60	4	【[39][66]】\nうーん……\n[513][178][58]って、[303][165]です。\nなかなか[57][613][896]《ひとすじなわ》では[152]きそうにありません。
0x0007fadb	4	【[545][244]】\nそうか……\nでもこの[28][104]はキミを[76]きく[62][383]させるだろう。\nそう[132]ってがんばりなさい。
0x0007fb40	3	【[39][66]】\nは、はい！\nがんばります！
0x0007fb9f	3	【[39][66]】\n（[145][484]《せんぱい》も[238]《いそが》しそうだから、\n[408]を[72]《か》けるのは[897]《ひか》えないとね……）
0x0007fc2f	2	【[39][66]】\n（まだ[30][383]との[97]が[234]わってないわ）
0x0007fcc0	1	[30][383]の[295]
0x0007fcc8	1	[30][383]の[295]
0x0007fcd4	1	［ＶＩＰルームに[3]った[53][165]］
0x0007fcef	1	［[79][146]の[639][164]］
0x0007fd01	1	［[57][317]と[440][441]の[215][253]］
0x0007fd18	1	［[28][104][8][390][20]のＢＧＭについて］
0x0007fd36	1	［[312]か[153]がついたこと］
0x0007ff05	2	【[39][66]】\n[236][237]します。
0x0007ffad	3	【[442][443][444]】\n……[0][91][571]か。\nお[239]《つか》れ[136]。
0x0008000c	4	【[39][66]】\nあれ、[30][383]？\nいつもはこの[428][280]、\nいらっしゃらないのに……？
0x0008006f	3	【[39][66]】\nあれ、[30][383]？\n[102][146]はお[322]みじゃありませんでした？
0x000800e6	3	【[442][443][444]】\nあぁ、[283][146]の[898][228]のために、\nちょっと[190][879]を[348][329]しないといけなくてね。
0x00080146	4	【[39][66]】\nそうだったんですか……\nでもちょうど[98]きたいことが\nあったので[177]かりました。
0x000801c8	3	【[442][443][444]】\n[98]きたいこと……？\nなにかな？
0x00080214	4	【[39][66]】\nお[239]《つか》れ[136]です、[30][383]。\n[96]しお[97]をお[138]《うかが》いしたいんですけど、\nよろしいですか？
0x0008028d	3	【[442][443][444]】\n[97]……？\nなにかな？
0x000802de	2	【[39][66]】\n[236][237]します。
0x00080386	3	【[442][443][444]】\n……[0][91][571]か。\nお[239]《つか》れ[136]。
0x000803e5	4	【[39][66]】\nあれ、[30][383]？\nいつもはこの[428][280]、\nいらっしゃらないのに……？
0x00080448	3	【[39][66]】\nあれ、[30][383]？\n[102][146]はお[322]みじゃありませんでした？
0x000804bf	3	【[442][443][444]】\nあぁ、[283][146]の[898][228]のために、\nちょっと[190][879]を[348][329]しないといけなくてね。
0x0008051f	4	【[39][66]】\nそうだったんですか……\nでもちょうど[98]きたいことが\nあったので[177]かりました。
0x000805a1	3	【[442][443][444]】\n[98]きたいこと……？\nなにかな？
0x00080685	3	【[39][66]】\n（[37][38][30][383]……[157][28]には[384]しいけど、\n[53]には[201]しい。[170][433]の[899]《かがみ》よね）
0x000806ee	2	【[39][66]】\n（[87]もこういう[900]になれるのかな……）
0x0008075d	2	【[442][443][444]】\nん、どうしたのかな？
0x0008079c	2	【[39][66]】\nい、いえ、なんでもないです……
0x000807e5	2	【[39][66]】\n（[87]もこういう[88][89][90]になれたらいいな……）
0x00080876	3	【[39][66]】\n[30][383]の[295]……\nとても[648][649]《きれい》に[813][277]いてますね。
0x000808f2	3	【[442][443][444]】\n[825]らかっているのが\n[333][901]《がまん》できない[101][360]でね。
0x00080946	3	【[39][66]】\n[87]も[30][383]を[80][902]わなくては\nいけませんね。
0x0008099e	3	【[442][443][444]】\n[0][91][571]はまだ[348][903]《せいとん》しているよ。\n[202]の[52]たちときたら……
0x00080a22	3	【[442][443][444]】\nまあ、それぞれがやりやすいように\n[157][28]をしてくれるのが[57][506]なんだけどね。
0x00080a84	2	【[39][66]】\n（とても[648][649]《きれい》に[813][277]いてるわ）
0x00080aeb	3	【[39][66]】\n（[30][383]の[295]……\nとても[648][649]《きれい》に[813][277]いてるわ）
0x00080b42	3	【[39][66]】\n（この[235]に[30][383]の[904][905][508]《きちょうめん》さが\n[121]てるわね）
0x00080b99	2	【[39][66]】\n（[87]も[80][902]わなくちゃ……）
0x00080be3	2	【[39][66]】\n（とても[648][649]《きれい》に[813][277]いてるわ）
0x00080da2	2	【[39][66]】\n（これで[232][233]を[234]わりにしようかしら？）
0x00080e52	3	【[39][66]】\nそれでは、[87]はこの[235]で[236][237]します。\nお[238]《いそが》しい[209]ありがとうございました。
0x00080edb	3	【[442][443][444]】\nうむ。\n[218]き[391]き[232][233]を[391]けてくれ。
0x00080f26	3	【[39][66]】\nはい。\nそれでは[236][237]します。
0x00080f7f	2	【[39][66]】\n（もう[96]し[97]を[98]きましょう）
0x00080fce	3	【[39][66]】\n（まだ[98]かなくちゃいけないことが[240]ってるわ。\n[154]るわけにはいかない）
0x00081090	2	【[39][66]】\n[30][383]から[98]いた[1][2]はこんな[242]じだったわ。
0x0008112d	4	【[107][108]】\nなるほど……\n『こうじ』か。\n[57][697]《いっしゅん》、ドキっとした。
0x00081196	3	【[39][66]】\nたぶん、[404][375]《もくげき》された[780]い[477]が\n『○○《なんとか》こうじ』なんだろうね。
0x00081225	3	【[107][108]】\n[547][439]はこの『こうじ』とオレを\n[132]いっきり[142]びつけてくるだろうなぁ……
0x000812a6	3	【[107][108]】\n[312][52]なんだろう、\nこの『こうじ』は……
0x00081367	3	【[107][108]】\n[50][34][52]《ひがいしゃ》、[37][38][88][89][90]、[64][106][690][28]は\nいずれもスーツか。
0x000813d5	2	【[107][108]】\n[440][441]さんが[87][639]だったのはオレも[583]えてる。
0x0008142d	2	【[107][108]】\n…………
0x0008148c	2	【[107][108]】\nなるほどね……
0x0008152e	3	【[107][108]】\n[440][441]さんが[88][89][90]だったとは……\nビックリしたな。
0x000815a6	4	【[39][66]】\nでしょ？\nしかも[21][22]グループの[418][150][88][89][90]《こもんべんごし》を\nしてたなんて……
0x00081631	2	【[107][108]】\nそんなこと[57][58]も[97]してくれなかった……
0x000816a0	2	【[39][66]】\n[77][232]を[689]《くず》して[485]めたって[456]《うわさ》も[153]になるところよね。
0x00081720	3	【[107][108]】\n[440][441]さんに[98]いても、\nきっとはぐらかされるんだろうな……
0x000817e2	4	【[107][108]】\nそうか！\nＢＧＭが[493]れてなかった……\nこの[28][111]は[76]きいぞ！
0x00081893	2	【[107][108]】\nこれですべての[28][111]がひっくり[549]る！
0x000818ff	3	【[39][66]】\nえっ……\nどういうこと……？
0x00081969	4	【[107][108]】\n[79][146]のＶＩＰルーム[324]には、\n[115][293]ならクラシックが[493]れてたはずなのに、\nどうして[493]れてなかったんだと[132]う？
0x00081a02	4	【[39][66]】\n[63][20]まで[626][390]したら[63][627]に[389]《もど》るように\nループ[626][390]してるって[98]いたし……\n[601][675]が[558]ちてた？
0x00081a81	3	【[107][108]】\nそれも[301][302][101]の[57]つだけど、\nＣＤ[169][273]の[676][675]がかかってたんだと[132]う。
0x00081aed	3	【[107][108]】\nそしてポイントはもう[57]つ。\n[272][324]に[677]《な》り[574]《ひび》いた[678][408]《じゅうせい》だ。
0x00081b60	3	【[107][108]】\nこの[678][408]《じゅうせい》はＶＩＰルームから[98]こえたわけだよな。\nだから[215][253][52]がＶＩＰルームに[679]《か》け[277]《つ》けた……
0x00081bec	4	【[107][108]】\nなにか[218]っかからないか……？\n[493]れていなかったＢＧＭ。\nそして[678][408]《じゅうせい》……
0x00081c62	3	【[107][108]】\nこれらの[1][2]を[453]み[264]わせると\nある[653][839]が[62]り[67]つ！
0x00081cee	4	【[107][108]】\nＶＩＰルームで[493]れてなかったＢＧＭ。\n[272][324]に[574]《ひび》き[413]《わた》った[678][408]《じゅうせい》。\nこれを[453]み[264]わせるんだ！
0x00081e3e	2	【[107][108]】\n（[168]《ちが》う、そうじゃない！）
0x00081e9e	3	【[107][108]】\n（[272][324]に[678][408]《じゅうせい》が[677]《な》り[574]《ひび》いた[28][111]から\n[680]き[121]されるもの！）
0x00081f08	2	【[107][108]】\n（ＢＧＭの[244]わりに[626][390]された[56]の[676][675]の[301][302][101]！）
0x00081f60	3	【[107][108]】\n（ここから[680]き[121]せるはずだ……\n[0]しい[681][682]を！）
0x00082005	4	【[107][108]】\nまず[59]えるべきは、[115][293]ＶＩＰルーム[324]に\n[493]れていたはずのクラシックが\n[28][104][8][390][20]は[493]れてなかったことだ。
0x00082087	4	【[107][108]】\nＣＤはループ[626][390]。\nプレイヤーに[4]を[683]えなければ、\nずっとクラシックが[493]れてたはず。
0x000820fb	4	【[107][108]】\nそしてもう[57]つ[411][346]な[496]が、\nＶＩＰルームに\n[685][676][335][686]が[687]《ほどこ》されてたということ。
0x0008218c	3	【[107][108]】\nそれなのになぜ[678][408]《じゅうせい》が[272][324]に[677]《な》り[574]《ひび》くのか。\nＶＩＰルームの[592]《とびら》が[587]いてたからだ！
0x00082246	2	【[39][66]】\nどうしてそんなことを……？
0x000822c6	4	【[107][108]】\nこう[59]えればいい……\n[678][408]《じゅうせい》が[98]こえた[428][280]、つまり０[428]４４[327]が\n[123][152][428][280]だと[132]わせるためだ！
0x0008234d	4	【[107][108]】\n０[428]４４[327]に\n[457][111]なアリバイを[572]っておけば、\n[123][53]は[546][51][52]《ようぎしゃ》から[273]れることができる。
0x000823cd	4	【[39][66]】\nアリバイ[688][572]のために、\n[273][291][676][675]に[421][676]しておいた[678][408]《じゅうせい》を\nＶＩＰルームのスピーカーから[626][390]させた……？
0x0008245a	3	【[107][108]】\nそういうことだ！\n[111][155]の[123][152][428][280]は０[428]４４[327]よりも[19]だろう。
0x000824dd	3	【[39][66]】\n……コウジの[653][329]が[513]しければ、\n[215][253][52][564][455]のアリバイが[689]《くず》れるわ！
0x0008254f	4	【[39][66]】\n０[428]４４[327]には[30][383]も[24][25]さんも\n[64][106][690][28]もホールにいたから、\nお[604]《たが》いがアリバイの[119][283]をしてたけど……
0x000825d8	3	【[39][66]】\n[123][152][428][280]がそれ[169][19]になると、\n[457][111]な[119][283]はできなくなる！
0x00082657	3	【[107][108]】\nアリバイがあやふやなのは\nオレだけじゃないってことだ！
0x00082758	2	【[107][108]】\nあとはあの[1][2]が[513]しければ……！
0x000827ca	3	【[39][66]】\n[21][22][57][317][33][34][28][104]の[104]なんですけど、\n[30][383]、[79][146][35][36]にいましたよね？
0x00082854	3	【[442][443][444]】\nああ、あの[146]は[21][22][571]に[297]ばれて、\nたしかに[35][36]にいたよ。
0x000828ad	4	【[39][66]】\nそこで[79][146]、[35][36]となったＶＩＰルーム[324]に\n[3]った[53][165]をご[183]じでしたら\n[176]えていただきたいと[132]いまして……
0x00082949	3	【[442][443][444]】\nふむ……\nあの[146]、ＶＩＰルームに[3]った[53][165]、か……
0x000829af	4	【[442][443][444]】\nそうだな……\nまずは[50][34][52]《ひがいしゃ》の[21][22][571]……\nそして[87]……
0x00082a11	2	【[39][66]】\nそれは２[53][403][428]に[3]ったのですか？
0x00082a7e	2	【[442][443][444]】\nそうか、まずはその[235]りの[219][906]《けいい》から[97]そうか。
0x00082af8	4	【[442][443][444]】\n[87]は[110]に[297]ばれ、\nお[272]の[273]で２３[428][472]《ごろ》に[99]ち[264]わせを\nしていたんだ。
0x00082b6b	3	【[442][443][444]】\nそして２[53]で[272]に[3]り、\nそのままＶＩＰルームに[3]った……
0x00082bc5	4	【[39][66]】\nえっと……\nどんなお[157][28]で\n[297]ばれていたんですか？
0x00082c3b	4	【[442][443][444]】\nいや、[111]は、[110]に[297]ばれただけで、\n[79][146]の[157][28]の[324][546]までは[98]かされて\nいなかったんだ。
0x00082cb3	4	【[442][443][444]】\n『このあと[53]と[148]う[449][450]をしている。\n[96]し[303]しい[97]もする[10][11]だから\nトラブルが[696]きたら[127][167]してほしい』
0x00082d35	2	【[442][443][444]】\n[21][22][571]にそう[58]われたんだ。
0x00082d87	4	【[442][443][444]】\nその[58][315]にはしばらく[273]で\n[99][274]していてほしいってニュアンスも\n[739]《ふく》まれていたんでね。
0x00082dfc	3	【[442][443][444]】\nだから[87]はＶＩＰルームを[121]て\n[407]く[268][28]をしていたんだよ。
0x00082e54	3	【[39][66]】\nそれじゃ、ＶＩＰルームに[205]《だれ》が[3]ったのか、\n[30][383]にはわからないですね。
0x00082ec3	2	【[442][443][444]】\nああ、そうだね。
0x00082f26	3	【[442][443][444]】\nただ、[96]なくとも[21][22][571]が[148]う[449][450]を\nしていた[53][165]は[3]ったんじゃないかな。
0x00082f89	2	【[39][66]】\nその[53]はどんな[53]ですか？
0x00082fef	3	【[442][443][444]】\nいや、[87]はその[53]と[148]っていないから\nわからないんだ。
0x00083067	4	【[442][443][444]】\n[73][19]だけは[21][22][571]から[98]いたんだけどね。\nたしか……[73][907]は[387]れたが、\n[300]の[73][19]は『こうじ』だったな。
0x00083104	3	【[442][443][444]】\n[50][51][52]《ひぎしゃ》の[73][19]も『こうじ』だろう？\nそれで[73][19]だけは[583]えていたんだ。
0x0008316b	3	【[39][66]】\nそれが[98]ければ[522][327]です。\nありがとうございました。
0x000831fd	3	【[442][443][444]】\n[87]が[129]っている[140][141]《はんい》で\n[79][146]ＶＩＰルームに[3]ったのは……
0x0008326a	3	【[442][443][444]】\n[21][22][571]、[87]、そして[21][22][571]が[148]おうとしていた\n『こうじ』という[73]の[477]だ。
0x000832f5	3	【[442][443][444]】\nもっとも、[28][104][8][390][20]には、\n[64][106][571]と[24][25][571]も[3]ったがね。
0x00083360	3	【[39][66]】\n[28][104][79][146]に[215][253][52]が[71]ていた[639][164]を\n[583]えていますか？
0x000833dc	4	【[442][443][444]】\n[639][164]か……\n[87]はスーツを[71]ていたよ。\n[21][22][571]もスーツだったな。
0x00083446	3	【[442][443][444]】\n[64][106][571]もスーツだった。\n[24][25][571]は[87][639]だったね。
0x000834cb	3	【[39][66]】\nちょっとプライベートの[97]なので\n[98]きづらいんですけど……
0x00083544	3	【[442][443][444]】\nなんだい？\n[58]ってごらんなさい。
0x0008358a	4	【[39][66]】\n[50][34][52]《ひがいしゃ》と[24][25][440][441]さんが\n[661]からの[129]り[264]いだったという[97]を[98]きました。\n２[53]はどんな[215][253]だったのかと……
0x0008362f	3	【[442][443][444]】\nフーム……\nもしかしたらキミは[24][25][571]を[51]っているのかい？
0x00083685	3	【[39][66]】\nはい。\n[546][51][52]《ようぎしゃ》の１[53]であると[132]っています。
0x00083701	3	【[442][443][444]】\nそうか、ならば[97]は[56]だ。\n[87]の[129]っていることを[176]えようじゃないか。
0x0008376a	3	【[442][443][444]】\n[24][25][571]はかつて[201][908]《ゆうしゅう》な[88][89][90]として\n[73]《な》を[909]《は》せていてね。
0x000837d6	3	【[39][66]】\nえっ……？\n[24][25]さんは[88][89][90]だったんですか！？
0x0008384e	4	【[442][443][444]】\nああ、[910][28][911][912]《みんじそしょう》で[312][313]か[480]ったことがある。\nとにかく[560]の[210]れる[53]だったよ。\n[480][607]は[913][327][913][327]だったと[132]う。
0x000838d3	4	【[39][66]】\nええっ！？\n[30][383]をして[913][327][913][327]ですか！？\nそれはスゴいですね……
0x00083957	4	【[442][443][444]】\n[57][428][41][174]を[12]くしたくらいさ。\n[267]こうは[79][428][0][914]の[88][89][90]だったわけだしね。\n[58]い[158]は[518]いが、こんな[766][460]《こむすめ》に……って[132]ったよ。
0x000839f3	4	【[442][443][444]】\nそんな[110][100]だが、[111]は[87]の[19][286][52]なんだ。\nつまり、[21][22]グループの[418][150][88][89][90]《こもんべんごし》を\nしていたんだよ。
0x00083a76	2	【[39][66]】\nええっ、そうだったんですか……！？
0x00083ae3	3	【[442][443][444]】\n[79][428]の[21][22]グループは[851]ぶ[915]を[558]とす[561]いで\n[62][383]していた……
0x00083b67	4	【[442][443][444]】\nそんなときは[96]なからずトラブルを[343]《かか》え[282]《こ》むものでね。\n[766]さなトラブルから[76]きな[910][28][911][912]《みんじそしょう》まで、\n[110][100]が１[53]で[916][329]していたそうだ。
0x00083c25	2	【[442][443][444]】\nだけど、ある[146][525][474]《とつぜん》、[21][22][571]がクビを[210]ったんだ。
0x00083c85	3	【[39][66]】\nどうしてですか？\nなにか[76]きな[236][917]をしてしまったとか？
0x00083cfc	3	【[442][443][444]】\nいや、[795]《くわ》しい[329][461]は[129]らないんだ。\nそれこそプライベートな[329][461]だろうしね。
0x00083d89	2	【[442][443][444]】\n[77][232]を[689]《くず》したからだと[98]いたことはあるが……
0x00083e06	3	【[442][443][444]】\n[87]が[129]っている[21][22][571]と[24][25][571]の[215][253]は\nそれくらいだよ。
0x00083e5f	4	【[39][66]】\nそうですか……\nありがとうございます。\n[254][59]になりました。
0x00083f36	3	【[442][443][444]】\n[24][25][571]は[169][19]、\n[21][22]グループの[418][150][88][89][90]《こもんべんごし》だったんだよ。
0x00083fb7	4	【[39][66]】\n[28][104]が[8][390]したとき……\nつまり[678][408]《じゅうせい》が[272][324]に[677]《な》り[574]《ひび》いたときになりますが、\n[30][383]もＶＩＰルームに[679]《か》け[277]《つ》けていますよね？
0x00084075	4	【[442][443][444]】\nああ、そうだね。\nたしか[64][106][571]、[24][25][571]のあとに[391]いて、\nＶＩＰルームの[209]に[3]ったよ。
0x000840e3	3	【[39][66]】\nそのとき、ＶＩＰルーム[324]にＢＧＭが[493]れていた\n[583]えとかありませんか？
0x00084167	3	【[442][443][444]】\nＢＧＭ……？\nいや、[583]えていないな。
0x000841b5	4	【[39][66]】\n[79][146]のＶＩＰルームは、\n[50][34][52]《ひがいしゃ》のリクエストでクラシックを\n[493]していたはずなんです。
0x00084248	2	【[442][443][444]】\n……そう[58]われればそうだったかもしれない。
0x000842ba	3	【[442][443][444]】\nフム……[132]い[121]してきたぞ。\nたしかに[21][22][571]がそんなリクエストをしていたな……
0x00084343	4	【[442][443][444]】\n……そうか。\nそう[59]えると、[28][104][8][390][20]にＢＧＭは\nかかってなかったかもしれない。
0x000843b9	4	【[442][443][444]】\nうん、かかってない。\n[678][408]《じゅうせい》が[98]こえてＶＩＰルームに[679]《か》け[277]《つ》けたときに\n[676][774]は[493]れていなかった。
0x0008443c	2	【[39][66]】\nそれは[457][111]ですか？
0x0008449f	3	【[442][443][444]】\nああ、[457][111]に[132]い[121]したよ。\n[119][58][445]に[67]ってもいいくらいだ。
0x0008453f	3	【[442][443][444]】\n[28][104][8][390][20]のＶＩＰルームに\nＢＧＭはかかってなかったよ。
0x000845a7	3	【[39][66]】\n[28][104]について、\nなにか[153]がついたことはありませんか？
0x0008461d	3	【[442][443][444]】\nそうだね……\n[102]のところはないかな。
0x0008468d	2	【[107][108]】\nそれと……
0x00084708	1	[30][383][821]
0x0008470f	1	[30][383][821]
0x00084a58	2	【[39][66]】\n（[37][38][39][40][28][29][30]よ）
0x00084bf4	3	【[39][66]】\n（[30][455]の[295]が[266]んでいるわ。\n[87]の[595]は[57][506][4][19]よ）
0x00084c4a	4	【[39][66]】\n（[57][831]つきたいところだけど、\nまだ[232][233]は[234]わってないから、\nグッと[895]《こら》えないと…）
0x00084cbb	3	【[39][66]】\n（[145][484]《せんぱい》も[238]《いそが》しそうだから、\n[408]を[72]《か》けるのは[897]《ひか》えないと……）
0x00084d30	2	【[39][66]】\n（まだ[30][383]と[97]が[234]わってないわ）
0x00084db0	1	[30][383]の[295]
0x00084db8	1	[30][383]の[295]
0x00084dc4	1	［[37][38][442][443][444]のアリバイ］
0x00084ddd	1	［[37][38][442][443][444]と[57][317]の[215][253]］
0x00084dfa	1	［[64][106][743][187]と[57][317]の[215][253]］
0x00084e15	1	［[24][25][440][441]と[57][317]の[215][253]］
0x00084e30	1	［[24][12][429][432][433]と[57][317]の[215][253]］
0x00084e4d	1	［[50][34][52]と[187][191][189]の[918]れ[627]め］
0x00084e6a	1	［[21][22][122][482]について］
0x00084e7f	1	［[243][244]と[122][482]の[215][253]］
0x00085154	2	【[39][66]】\n[236][237]します。
0x000851f7	3	【[442][443][444]】\n……[0][91][571]か。\nお[239]《つか》れ[136]。
0x00085250	4	【[39][66]】\nあれ、[30][383]？\nいつもはこの[428][280]、\nいらっしゃらないのに……？
0x000852b3	3	【[39][66]】\nあれ、[30][383]？\n[102][146]はお[322]みじゃありませんでした？
0x0008532a	3	【[442][443][444]】\nあぁ、[283][146]の[898][228]のために、\nちょっと[190][879]を[348][329]しないといけなくてね。
0x0008538a	4	【[39][66]】\nそうだったんですか……\nでもちょうど[98]きたいことが\nあったので[177]かりました。
0x0008540c	3	【[442][443][444]】\n[98]きたいこと……？\nなにかな？
0x00085458	3	【[39][66]】\n[30][383]にお[98]きしたいことがあるんですが、\n[102]、よろしいですか？
0x000854d4	3	【[442][443][444]】\nああ、いいとも。\nなにが[98]きたいんだい？
0x0008562f	2	【[39][66]】\n（[87]もこういう[88][89][90]になれたらいいな……）
0x0008568e	2	【[39][66]】\n（とても[648][649]《きれい》に[813][277]いてるわ）
0x000856de	2	【[39][66]】\n（とても[648][649]《きれい》に[813][277]いてるわ）
0x00085d0d	2	【[39][66]】\n（この[235]りで[232][233]を[234]わりにしようかしら？）
0x00085dc8	3	【[39][66]】\nそれでは、[87]はこの[235]で[236][237]します。\nお[238]《いそが》しい[209]ありがとうございました。
0x00085e51	3	【[442][443][444]】\nうむ。\n[218]き[391]き[232][233]を[391]けてくれ。
0x00085e9c	3	【[39][66]】\nはい。\nそれでは[236][237]します。
0x00085ee4	2	【[39][66]】\n（もう[96]しお[97]を[98]きましょう）
0x00085f3c	3	【[39][66]】\n（[98]かなくちゃいけないことが[240]ってるわ。\nまだ[154]るわけにはいかないわね）
0x00085ff6	2	【[39][66]】\n[30][383]から[98]いた[1][2]はこんな[242]じだったわ。
0x0008609c	3	【[39][66]】\n（[30][383]のアリバイを[176]えてほしいなんて、\n[58]い[121]しにくいわね……）
0x000860f8	4	【[39][66]】\nえっと……\n[28][104][79][146]なんですけど、\n[30][383]は[312][428][472]《ごろ》にライトブルーに[71]いたんでしたっけ？
0x0008618d	3	【[442][443][444]】\n[87]がバーに[71]いたのは、２３[428][472]《ごろ》だったよ。\n[21][22][571]が[71]いたのも[403]じくらいだったね。
0x000861fc	3	【[39][66]】\nそこから２[53]は\nＶＩＰルームに[3]ったんですよね？
0x00086259	3	【[442][443][444]】\nそうだね。\nそこで５[327]くらい[407]い[454]ち[264]わせ……
0x000862b8	3	【[442][443][444]】\n……というより、[87]がライトブルーに[297]ばれた[329][461]を\n[98]かされたんだ。
0x0008633c	4	【[442][443][444]】\n『このあと[53]と[148]う[449][450]をしている。\n[96]し[303]しい[97]もする[10][11]だから\nトラブルが[696]きたら[127][167]してほしい』
0x000863be	4	【[442][443][444]】\nその[58][315]にはしばらく[273]で\n[99][274]していてほしいというニュアンスも\n[739]《ふく》まれていたんでね。
0x00086427	4	【[39][66]】\nだからホールで[268][28]をなさっていたんですよね？\nそうしたら、[525][474][678][408]《とつぜんじゅうせい》が[98]こえて\nＶＩＰルームへと[267]かった……
0x000864ce	2	【[442][443][444]】\nああ、その[163]り。
0x0008650c	3	【[39][66]】\nそれまで、\nＶＩＰルームには[57][313]も[3]らなかったんですか？
0x0008656e	2	【[442][443][444]】\nああ、[3]らなかったよ。
0x000865af	2	【[39][66]】\nずっとホールで[268][28]をしていたんですか？
0x0008661c	2	【[442][443][444]】\nははは、まるで[15][232]べみたいだな。
0x00086663	3	【[39][66]】\nあっ……\nすみません……
0x000866ca	3	【[442][443][444]】\nいや、いいんだ。\n[215][253][52]のアリバイを[98]くのは[232][233]の[721][115]だからね。
0x00086736	3	【[442][443][444]】\n[96]し[795]《くわ》しく[97]すけど、\n[111]は[79][146]、[96]し[77][232]が[518]くてね……
0x000867bd	4	【[442][443][444]】\n０[428]ちょうどくらいからだったかな……？\n４０[327]ほど、トイレに[919]《こ》もっていたんだ。\n[96]し[758]《きたな》い[97]で[92]し[437]ないけどね。
0x0008685d	4	【[442][443][444]】\n０[428]ちょっと[19]くらいからだったかな……？\n４０[327]ほど、トイレに[919]《こ》もっていたんだ。\n[96]し[758]《きたな》い[97]で[92]し[437]ないけどね。
0x000868e4	2	【[39][66]】\nいえ……
0x00086928	4	【[442][443][444]】\n[28][104]が[696]きる[178][19]まで\nトイレにいたせいで、\nそのあいだの[272][324]の[28][1]はよくわからないね。
0x0008699e	4	【[442][443][444]】\nそのあとしばらくして、\n[272][324]に[678][408]《じゅうせい》が[677]《な》り[574]《ひび》いて、\nＶＩＰルームに[679]《か》け[277]《つ》けたが……
0x00086a21	2	【[39][66]】\n[50][34][52]《ひがいしゃ》はすでに[186]くなっていたんですね。
0x00086a98	3	【[442][443][444]】\nあのときはショックよりも\nなにが[696]きたのかわからなくて……
0x00086af8	4	【[442][443][444]】\nようやく[63][64]になって、\n[21][22][571]が[186]くなったんだって[111][242]が[920]《わ》いてきたよ……\nもう、[21][22][571]はいないんだ……とね。
0x00086b78	2	【[39][66]】\n[30][383]……
0x00086bd7	3	【[442][443][444]】\n[97]すこととしては、そんなところだね。\nトイレでなにか[696]きたわけでもないし。
0x00086c34	3	【[39][66]】\nわかりました。\nありがとうございます。
0x00086cbf	2	【[442][443][444]】\nあの[146]はお[551]の[232][66]が[518]かったんだ……
0x00086d1e	3	【[39][66]】\n[50][34][52]《ひがいしゃ》と[30][383]は、\n[31][32][390]の[472]《ころ》からの[277]き[264]いだと[138]《うかが》いましたが……
0x00086db6	3	【[442][443][444]】\nその[163]りだよ。\n[921][922][31][32]《いさわこうこう》で３[7][280][403]じクラスだったんだ。
0x00086e26	4	【[442][443][444]】\n[76][642]で[56]々になり、\n[735][261]してからも[87]は[39][923][609]《ほうそうかい》、[110]は[309][261][609]《しょうぎょうかい》と\n[361][476]もまったく[168]《ちが》った。
0x00086ebc	3	【[442][443][444]】\nでも、ちょくちょく[344][448]《れんらく》は[15]り[264]ってね。\n[672]みながらお[604]《たが》いの[64][815][2][377]《きんきょうほうこく》をしていたよ。
0x00086f3c	3	【[39][66]】\nでも、[63][627]から[21][22]グループの[418][150][88][89][90]《こもんべんごし》を\nしていたわけではなかったですよね？
0x00086fb7	3	【[442][443][444]】\nプライベートと[157][28]は[327]けたかったからね。\n[463][609][213]みたいなものを[218]いていたんだ。
0x00087029	3	【[442][443][444]】\n[21][22][571]からは[312][313]かオファーをもらったことがあったけど、\n[763][327][797][310]《じょうだん》まじりだったしね。
0x00087098	3	【[39][66]】\nでも、[102]は\n[21][22]グループの[418][150][88][89][90]《こもんべんごし》になりましたよね……？
0x00087124	4	【[442][443][444]】\nん、ああ……\nいや、[0][91][571]の[893][894]《ついきゅう》は[384]しいな。\n[422][293][483][338]だ。
0x0008718c	3	【[39][66]】\nあっ、す、すみません……\nそういうつもりでは……
0x00087201	4	【[442][443][444]】\nいや、いいんだ。\nあのときはそれまで[21][22]グループの[418][150][88][89][90]《こもんべんごし》を\n[109][79]していた[53]が[451]に[485]めてね。
0x0008727e	2	【[39][66]】\n[24][25]さんですね……？
0x000872cb	4	【[442][443][444]】\nその[163]り。\n[79][428][21][22]グループで[343]《かか》えていたトラブルが\nいくつかあって、それで[87]に[21][924]の[925]が[67]ったんだ。
0x00087353	3	【[442][443][444]】\nそれが２００１[7][472]《ごろ》だったな。\n[169][293]、[57][427]《いっしょ》に[157][28]をすることになったんだよ。
0x000873fc	3	【[442][443][444]】\n[21][22][571]と[57][427]《いっしょ》に[157][28]をするようになったのは\n２００１[7][472]《ごろ》からだよ。
0x0008747c	3	【[39][66]】\n[64][106][690][28]と[50][34][52]《ひがいしゃ》は、\n[30][383]と[403]じ[31][32][121][114]でしたよね？
0x00087505	3	【[442][443][444]】\nああ、その[163]りだが……\n[64][106][571]か。
0x00087551	2	【[39][66]】\n[50][34][52]《ひがいしゃ》と[64][106][690][28]は[582]が[204]かったんですか？
0x000875c1	2	【[442][443][444]】\n…………
0x000875fc	3	【[39][66]】\n（あれ……？\nあからさまに[93][274][481]《ふきげん》そう……）
0x00087660	3	【[442][443][444]】\n……[92]し[437]ないが、\n[110]らの[97]はあまりしたくないんだ。
0x000876b5	2	【[39][66]】\nえっ……？
0x000876fb	2	【[442][443][444]】\n[513][457]には、あまり[87]の[257]から[97]したくないんだ。
0x00087758	3	【[442][443][444]】\n[110]らの[97]は、[24][25][571]のほうが[795]《くわ》しいだろう。\n[110][100]に[98]くといい。
0x000877be	2	【[39][66]】\n…………
0x0008783c	3	【[442][443][444]】\n[110]らの[215][253]については、\n[87]からは[97]したくないんだ。
0x000878a2	3	【[39][66]】\n[50][34][52]《ひがいしゃ》と[24][25]さんの[215][253]について、\nなにかご[183]じのこと、ありますか……？
0x00087931	3	【[442][443][444]】\nフム……\n[21][22][571]と[24][25][571]の[215][253]、ねえ……
0x000879ab	4	【[442][443][444]】\n[24][25][571]が\n[110]の[148][262]の[418][150][88][89][90]《こもんべんごし》をしていたという[97]は\n[19]にしたよね？
0x00087a17	3	【[39][66]】\nはい。\nなんでも、スゴ[385]《うで》だったとか。
0x00087a71	2	【[442][443][444]】\nああ、やり[4]だったよ。
0x00087abf	3	【[442][443][444]】\n[87]と[178][147][127][470]したときも、[110][100]は[0][914]だったにもかかわらず、\n[604][926]《ごかく》の[14][275]を[927]《いど》んできたからね。
0x00087b60	3	【[442][443][444]】\n[195]に[58]えば、それ[169][273]はなにも[129]らないんだ。\n[110][100]が[21][22]グループの[418][150][88][89][90]《こもんべんごし》に[388][286]する[478][529]も[739]《ふく》めてね。
0x00087bf9	3	【[442][443][444]】\nただ、[87][41][114]、[21][22]グループの[418][150][88][89][90]《こもんべんごし》をしていて、\n[312][313]も[384]しいトラブルを[219][727]してきた。
0x00087c9e	3	【[442][443][444]】\n[403]じような[219][727]を[24][25][571]もしてきたことを[59]えると、\n[928][632][118]に[78][79][231]いんだろうということはわかるよ。
0x00087d47	3	【[442][443][444]】\n[110][100]が[88][89][90]をやっていたこと[169][273]は、\nあまりよく[129]らないんだ。
0x00087db6	3	【[39][66]】\n[24][12][429][432][433]という[158]、ご[183]じですか？\n[28][104][79][146]、[50][34][52]《ひがいしゃ》と[148]っていた[780]い[477]なんですが……
0x00087e55	3	【[442][443][444]】\nみなづき……[24][12][429]……ああ、[132]い[121]した。\n[21][22][335][340]に[467][154]した[452][262][455]だね？
0x00087ec1	3	【[39][66]】\nはい。\n[24][12][429]さんと[50][34][52]《ひがいしゃ》の[215][253]ってご[183]じですか？
0x00087f44	3	【[442][443][444]】\nフム……\nなんでもあまり[204]い[215][253]ではなかったとか……
0x00087fbe	2	【[442][443][444]】\n……あまり[129]らない[53][280]が[97]すことじゃないな。
0x0008801b	4	【[442][443][444]】\n[87]が[388][286]する[19]、\n２[53]のあいだにトラブルがあったらしいが、\nあまり[795]《くわ》しくないんだ。
0x000880be	3	【[442][443][444]】\n２[53]のあいだにあったトラブルに[215]しては、\nあまり[795]《くわ》しくないんだ。
0x0008813c	3	【[39][66]】\n[50][34][52]《ひがいしゃ》と[187][191][189]さんの[918]《な》れ[627]《そ》めについて\nお[138]《うかが》いしたいのですが……
0x000881d3	3	【[442][443][444]】\nフム……\nそれも[28][104]に[215][253]のあることなのかい？
0x00088224	4	【[39][66]】\n[178][147]は[215][253]ないのですが、\n[50][34][52]《ひがいしゃ》を[929]《うら》む[53][165]を[203][11]するために、\n[50][34][52]《ひがいしゃ》[41][114]の[580][53]《ひととなり》を[129]っておこうと[132]いまして。
0x000882bf	4	【[39][66]】\n[87]が[50][34][52]《ひがいしゃ》について[232][233]した[242]じだと、\nとても[157][28][733][160]な[158]のようだったので、\nちょっと[382][273]に[132]えたんです。
0x0008834b	3	【[442][443][444]】\nまあ、たしかに[169][19]の[21][22][571]は、\n[23][930]を[418]《かえり》みずに[157][28]に[454]《う》ち[282]《こ》むタイプではあった。
0x000883e9	4	【[442][443][444]】\nだから[626][369]《さいこん》の[78][310]を[110]の[257]から[98]いたときは、\nエイプリルフールかと[51]ったもんだよ。\nしかも、この[87]に[425][771]《れんあい》の[78][310]を[84]ちかけてくるとは……
0x0008848c	3	【[39][66]】\nでも、[30][383]と[50][34][52]《ひがいしゃ》の[21][22]さんは\n[31][32][428][244]からのお[277]き[264]いだったんですよね？
0x000884f9	4	【[39][66]】\nなら、[79][474]ですよ。\nそれだけ[30][383]のことを[174][75]《しんらい》して\n[78][310]を[84]ちかけたんじゃないですか？
0x0008858d	2	【[442][443][444]】\n[87]を[174][75]《しんらい》して、か……
0x000885d7	2	【[39][66]】\n…………？
0x00088638	4	【[442][443][444]】\nまぁ、[626][369]《さいこん》する[28][111]よりも[528]《おどろ》いたのは、\nその[329][461]だ。\nなんでも[21][22][571]が[57][404]《ひとめ》[734]《ぼ》れしたらしい。
0x000886c3	2	【[39][66]】\nえっ、[57][404]《ひとめ》[734]《ぼ》れ？
0x00088731	2	【[442][443][444]】\n[382][273]だろう？
0x00088793	3	【[442][443][444]】\n[169][293]、[23][60]サービスに[931]しむようになったから、\nよほど[187][191][189]さんのことを[771]していたのだろう。
0x00088845	3	【[442][443][444]】\n[21][22][571]は[187][191][189]さんに[57][404]《ひとめ》[734]《ぼ》れしたんだ。\n[382][273]だろう？
0x000888bc	2	【[39][66]】\n[50][34][52]《ひがいしゃ》には[569]がいたらしいですね？
0x00088930	2	【[442][443][444]】\nああ、[122][482][571]のことか。
0x00088973	2	【[39][66]】\nどんな[158]だったんですか？
0x000889bf	3	【[442][443][444]】\nフム……\n[21][22]ハウジング[324]の[67][36]は[426][262][383]だった。
0x00088a28	3	【[442][443][444]】\n[101][360]を[57][58]で[193]えるなら、\n[21][22][571]は[256]の[477]で、[122][482][571]は[752]の[477]だったよ。
0x00088ab5	4	【[442][443][444]】\n[21][22][571]の[231][218]な[219][357][158][612]に、\n[79][428]の[262][455][344][209]は[96]なからず\n[93][499]を[343]《いだ》いていた……
0x00088b4f	3	【[442][443][444]】\nそれを[122][482][571]がうまく[209][539]していたんだ。\n[291][300]の[97]をきちんと[98]いてあげていたよ。
0x00088bc1	4	【[442][443][444]】\n[122][482][571]がいなければ、\n[21][22]グループは\n[62][67]しなかったかもしれない。
0x00088c46	4	【[442][443][444]】\nそんな[122][482][571]だが、７、８[7][19]に[186]くなったんだ。\n[390]まれつき[932][754]《じんぞう》が[518]くて、\n[933][934][935][936]《とうせきちりょう》が[937]かせない[77]だった……
0x00088ce5	4	【[442][443][444]】\nそんなとき、[932][754][590][316]《じんぞういしょく》の[97]が[84]ち[170]がってね。\n[338]みをかけて[413][938]《とおう》したんだが、\n[236][917]して[186]くなってしまったんだ。
0x00088d79	3	【[39][66]】\n……[186]くなったのは[129]っていましたが、\n[590][316][4][784]の[236][917]だったんですね……
0x00088de7	4	【[442][443][444]】\nあのときは[21][22][571]も[277]き[614]《そ》いで[57][427]《いっしょ》に[413][938]《とおう》していたな。\n[204]くなるはずが[195]の[142][640]になってしまって、\nツラかっただろうね。
0x00088e74	3	【[39][66]】\n[50][34][52]《ひがいしゃ》も[57][427]《いっしょ》に……？\n２[53]はそんなに[582]が[204]かったんですか？
0x00088f04	4	【[442][443][444]】\n[47][508][118]には[203][56][582]が[204]かったわけじゃないけど、\nまあ、それはお[604]《たが》い[76][53]だからね。\n[324][508]では[174][75]《しんらい》しあっていたんじゃないかな。
0x00088f91	2	【[39][66]】\nそうですか……
0x00089077	2	【[442][443][444]】\n[21][22][571]が[256]の[477]なら、[122][482][571]は[752]の[477]だった。
0x000890f1	4	【[442][443][444]】\nでも、[932][754][590][316][4][784]《じんぞういしょくしゅじゅつ》のために[413][938]《とおう》して、\n[4][784]は[236][917]……\nそれが[939][940]で[186]くなってしまったんだ。
0x00089182	2	【[39][66]】\n[30][383]は[105][106][243][244]さんをご[183]じですか？
0x000891f2	3	【[442][443][444]】\n[105][106][243][244]……？\n[98]いたことあるような……
0x00089269	3	【[442][443][444]】\nそれは[50][51][52]《ひぎしゃ》の[105][106][107][108]と\nなんらかの[215][253]がある[53]かな？
0x000892c9	3	【[39][66]】\nええ。\n[105][106][107][108]さんの[250][185]です。
0x00089338	3	【[442][443][444]】\nなるほど、[250][185]か。\nそれで、その[158]が？
0x00089385	3	【[39][66]】\n[111]は、[21][22][122][482]さんが\nかつて[323]《あこが》れていた[100][101]らしいんです。
0x00089408	2	【[442][443][444]】\n[122][482][571]が[323]《あこが》れていた[53]？
0x00089478	3	【[442][443][444]】\nその[831][66]さんが[28][104]の[50][51][52]《ひぎしゃ》ということか……！？\nずいぶんと[492][844]《きみょう》な[252]《えん》だ。
0x000894fd	2	【[442][443][444]】\nフム……[96]し[153]になるね。
0x00089567	4	【[442][443][444]】\n……いや、[99]てよ。\n[105][106][243][244]……\nそうか、あの[105][106][243][244]さんか！？
0x000895cc	2	【[39][66]】\nなにか[132]い[121]したんですか！？
0x0008961c	4	【[442][443][444]】\nああ、[132]い[121]したよ。\n[105][106][243][244]の[73][19]は\nたしかに[122][482][571]から[98]いたことがある。
0x000896aa	4	【[442][443][444]】\n……そうか。\nあのときが[122][482][571]と[941]わした\n[63][20]の[148][97]だった……
0x0008976f	2	【[122][482]】\n[236][237]します。
0x000897c2	3	【[442][443][444]】\nああ、[122][482][571]か。\nどうしたんだい？
0x00089819	2	【[122][482]】\n…………
0x00089852	3	【[442][443][444]】\nそういえば、[64]々、[413][938]《とおう》するらしいね。\n[932][754]《じんぞう》を[590][316]するんだって？
0x000898ca	2	【[122][482]】\nはい……
0x00089901	3	【[442][443][444]】\n[590][316][4][784]が[62][606]すれば、\n[933][934]《とうせき》からも[372][615]されるだろう。
0x00089961	3	【[442][443][444]】\nそうなれば、[157][28]にも[208][209]できるようになる。\n[87]はキミに[600][99]しているんだ。
0x000899c2	3	【[442][443][444]】\nがんばって、\n[102][169][170]に[21][22]グループを[271]り[170]げてくれよ。
0x00089a41	3	【[122][482]】\nそうですね。\n[590][316][4][784]が[62][606]すれば、ですが……
0x00089a93	2	【[442][443][444]】\n……[4][784]が[93][289]なのかい？
0x00089ad9	4	【[442][443][444]】\n[590][316][4][784]の[209]でも、\n[932][754][590][316]《じんぞういしょく》は[62][606][671]が[31]いらしいじゃないか。\n[76][287][288]《だいじょうぶ》、[62][606]するよ。
0x00089b85	3	【[122][482]】\n……そうですね。\n[87]もそう[132]います。
0x00089bdb	4	【[122][482]】\nところで、\n[37][38][145][390]は[102]の[21][22]グループを\nどう[132]いますか？
0x00089c35	3	【[442][443][444]】\nどう……と[98]かれると、\nどの[291][327]について[139]えればいいのか……
0x00089cb5	2	【[122][482]】\n[124]、の[291][327]です。
0x00089cf3	2	【[442][443][444]】\n……あまりよろしくないね。
0x00089d36	3	【[442][443][444]】\n[87]は[57][317][571]に[750]《やと》われている[67][36]だから、\nあまり[518]くは[58]えないが……
0x00089d9a	3	【[442][443][444]】\n[513][178]に[58]わせてもらえば、\n[87]のポリシーに[166]するところだよ。
0x00089df2	3	【[442][443][444]】\n[21][22]ハウジング[426][262][383]である\n[122][482][571]に[97]すことじゃないけどね。
0x00089e5c	4	【[122][482]】\nポリシーに[166]する……\nそれでも[418][150][88][89][90]《こもんべんごし》でいるのは、\n[638]に[514]みを[755]《にぎ》られているからですよね？
0x00089ed7	2	【[442][443][444]】\n…………
0x00089f1f	3	【[122][482]】\nすみません……\nなにもできなくて……
0x00089f66	3	【[442][443][444]】\nいや、[122][482][571]が[541]ることじゃない。\nこれは[87][41][114]の[150][151]だ。
0x00089fe7	3	【[122][482]】\n……[37][38][145][390]に[97]しておきたいことが\nあるんです。
0x0008a038	2	【[442][443][444]】\n[97]しておきたいこと？
0x0008a084	4	【[122][482]】\nはい。\n[87]のために[497][498]《ぎせい》になってしまった\n２[53]の[100][101]の[97]です。
0x0008a0e3	3	【[442][443][444]】\n……その[97]は、\n[87]が[98]いていいものなのかい？
0x0008a140	3	【[122][482]】\n[37][38][145][390]が\n[57][506][174][221]できると[132]いますので。
0x0008a190	3	【[442][443][444]】\nわかった、[98]こうじゃないか。\n[97]してくれ。
0x0008a228	3	【[122][482]】\n[627][425]《はつこい》の[53]の[97]です。\n[105][106][243][244]さん、という[100][101]です。
0x0008a2ac	4	【[122][482]】\n[390]まれつき[932][754]《じんぞう》が[514]かった[87]は、\n[66]どもの[472]《ころ》からあまり[273][121]せず、\n[638][169][273]の[53]とあまり[97]すことがありませんでした。
0x0008a357	4	【[122][482]】\nそんな[218]《ひ》っ[282]《こ》み[132][436]《じあん》の[87]の[415][609]を[281]げてくれのが\n[243][244]さんなんです。\n[630][631][31][32]の２つ[170]の[145][484]《せんぱい》でした。
0x0008a3ee	3	【[122][482]】\n[110][100]はときに[87]を[569]のように[783]ってくれ、\nときに[942][943][944][945]《しったげきれい》してくれました。
0x0008a464	3	【[122][482]】\n[110][100]に[509]いを[343]《いだ》くまで、\nそんなに[428][280]はかかりませんでした。
0x0008a4bf	2	【[442][443][444]】\n…………
0x0008a507	4	【[122][482]】\n[110][100]が[735][261]して[142][369]《けっこん》したあとも、\n[87]はずっと[110][100]を[509]い[391]けました。\n[110][100]の[814][815]《じょうきょう》が[364]に[153]になっていたんです。
0x0008a5bd	2	【[122][482]】\nそして、あの[28][104]が[696]きました……
0x0008a604	2	【[442][443][444]】\nあの[28][104]……？
0x0008a650	3	【[122][482]】\n……[110][100]の[181][182]《だんな》さんを、[638]が……\n[33]めてしまいました。
0x0008a6ba	4	【[122][482]】\n[87]は……\n[638]を[162]めようと[132]えば\n[162]めることができたかもしれない……
0x0008a722	4	【[122][482]】\nでも[87]は……\n[638]を[162]められなかった……\n[87]は[627][425]《はつこい》の[53]を[783]ることができなかった……
0x0008a790	2	【[442][443][444]】\n…………
0x0008a82f	4	【[122][482]】\n[110][100]にはすでに[66]どもがいました。\nだから[87]は[110][100]に[946][83][947][177]《しきんえんじょ》を[92]し[121]ました。\nストレートにプロポーズもしました。
0x0008a8de	3	【[122][482]】\nでも、[366]られました。\n[403][1]する[378][346]はないと[58]われました。
0x0008a941	4	【[122][482]】\nそして、その[58][315]を\nもっと[19]に[98]きたかったとも\n[58]われました……
0x0008a9a7	3	【[122][482]】\nそれまでずっと、[603]《こわ》かったんです……\n[110][100]に[785][126]《きょぜつ》されるのが……
0x0008aa19	3	【[122][482]】\nもっと[198]く[58]っていれば、\n[110][100]を[658]しませずに[714]んだのに……
0x0008aa70	3	【[442][443][444]】\n……キミは[93][489][221]なんだ。\nそんなに[41][327]を[837]めるんじゃない……
0x0008aad9	2	【[122][482]】\n…………
0x0008ab38	3	【[122][482]】\n[111]はそんな[87]に、\nその[58][315]をかけてくれる[100][101]が[35]れました。
0x0008ab8f	3	【[442][443][444]】\nおお、そうか！\nそれは[204]かったじゃないか！！
0x0008ac03	2	【[122][482]】\n[652]《なや》んでいるのは、そのことなんです。
0x0008ac5a	3	【[122][482]】\n[110][100]のことは[481]《きら》いじゃありません。\nだけど、[87]の[160]の[209]にはまだ[243][244]さんが……
0x0008acc1	3	【[442][443][444]】\nハハハ！\nキミは[78][79][93][489][221]だな！！
0x0008ad0d	3	【[442][443][444]】\n[87]もね、キミの[153][84]ちはわからないでもない。\n[627][425]《はつこい》の[78][4]とは[203][56]なものだ。
0x0008ad77	4	【[442][443][444]】\n[87]にとっても[627][425]《はつこい》の[53]は[203][56]な[183][143]だ。\nだが、[102]は[245]の[158]が[771]おしい。\n[57][427]《いっしょ》にいる[428][280]が[383]くなれば[383]くなる[529]ね。
0x0008ae05	4	【[442][443][444]】\nキミも[110][100]と[57][427]《いっしょ》にいる[428][280]が[383]くなれば、\n[102]よりももっと[110][100]を[771]おしく[242]じられるように\nなるだろう。
0x0008ae8c	2	【[122][482]】\n……なるでしょうか？
0x0008aeca	2	【[442][443][444]】\nああ、なるとも。
0x0008af14	3	【[122][482]】\n……そうかもしれませんね。\n[87]に[428][280]があれば……
0x0008af65	4	【[442][443][444]】\nその[428][280]を[572]るために[4][784]するんだろう！\n[110][100]のためにもしっかりと[4][784]を[62][606]させて\n[389]《もど》ってくるんだ！！
0x0008b004	2	【[122][482]】\n……そうですね。
0x0008b040	4	【[442][443][444]】\nよし、[672]みに[152]こう！\n[209][7]２[53]がこれ[169][170][354][508]《しらふ》で\n[425][771]《れんあい》の[97]をするのはキツイ！
0x0008b0c2	2	【[122][482]】\nハハ、そうですね。
0x0008b15f	3	【[39][66]】\n……そのとき[73][19]が[121]ていたのが\n[105][106][243][244]さんだったんですね。
0x0008b1c5	2	【[442][443][444]】\nああ、そうだ。
0x0008b227	3	【[442][443][444]】\n[142][255]、[413][938]《とおう》した[122][482][571]は[154]らぬ[53]と\nなってしまった……
0x0008b2ac	2	【[442][443][444]】\n[948]《ふ》り[549]《かえ》って[153]がついたが……
0x0008b307	4	【[442][443][444]】\nあのときの[257]ぶりを[59]えると、\nもしかしたら[122][482][571]は[41][327]の[730]が[383]くないことを\n[320]《さと》っていたのかもしれないな……
0x0008b389	2	【[39][66]】\n……それって。
0x0008b3ea	4	【[442][443][444]】\n……キミが[509][393]している[163]りだ。\nもしそうだとしたら、\n[21][22][571]を[128]せないな……
0x0008b450	2	【[39][66]】\n…………
0x0008b4c2	3	【[39][66]】\n[122][482]さんはなぜ、\n[30][383]に[41][327]の[509]いを[97]したんでしょうか？
0x0008b53f	4	【[442][443][444]】\n……きっと[87]が[44][264]のいい\n[17][373][52]だったからだろう。\n[88][89][90]という[309][9][761]《しょうばいがら》もあるのかもしれないな。
0x0008b5c8	3	【[442][443][444]】\nだとすれば、[87]は[115][79]に[88][89][90]になって\n[204]かったと[132]うよ。
0x0008b621	3	【[39][66]】\n……[122][482]さんは[30][383]を[88][89][90]だからってことだけで\n[174][221]していたわけではないと[132]いますよ。
0x0008b6b0	3	【[442][443][444]】\nまいったな……\n[87]を[109]ぎ[170]げても、なにも[121]ないぞ。
0x0008b704	2	【[39][66]】\n[109]いでいるつもりはありません。
0x0008b76c	2	【[442][443][444]】\nそうか……
0x0008b7b3	3	【[442][443][444]】\n[87]を[174][221]してくれた[53]のためにも、\n[87][41][114]もケジメをつける[428][600]なのかもしれないな。
0x0008b81a	3	【[39][66]】\nえっ……？\nどういうことですか？
0x0008b885	3	【[442][443][444]】\nいや、なんでもない。\n[387]れてくれ……
0x0008b8cf	2	【[39][66]】\n…………
0x0008b9a5	2	【[39][66]】\n[30][383]から[98]いた[1][2]はこんな[242]じだったわ。
0x0008b9fe	4	【[107][108]】\n……ありがとう、[39][66]。\nおぼろげながら[102][103]の[28][104]が[80]えてきたよ。\n[123][53]の[256][274]もね……
0x0008ba78	3	【[39][66]】\n……[87]もなんとなくわかってきたわ。\nでも……
0x0008baeb	2	【[39][66]】\n[521]りにも[658]しいね……
0x0008bb50	2	【[107][108]】\nああ、そうだな……
0x0008bbc5	3	【[107][108]】\n……さっきの[97]で\n[153]になることが[57]つあるな。
0x0008bc58	4	【[107][108]】\n[37][38][88][89][90]が[77][232]を[689]《くず》してトイレに[919]《こ》もってた。\nその[280]、[203]に[312]かあったわけではないと[58]っていた。\nこれと[857][858]《むじゅん》する[1][2]がある……それは……？
0x0008bdb9	2	【[107][108]】\n（[168]《ちが》う、それじゃない！）
0x0008be19	4	【[107][108]】\n（[28][104][79][146]、トイレでトラブルが\nあっただろう？\nそれは……）
0x0008beeb	3	【[107][108]】\n[37][38][88][89][90]がトイレに[3]ってた[428][280]と、\nオレがトイレで[696]こしたトラブルの[428][280]が[57][435]《いっち》してる……
0x0008bf6d	3	【[107][108]】\nなのに、それに[153]がついてない……\nこれっておかしくないか？
0x0008bfff	4	【[39][66]】\nたしかに、[257][839]って[529]ではなかったけど、\nコウジは『[698]《かた》がぶつかった、[541]れ！』って\n[76]きな[408]を[121]してたみたいだしね。
0x0008c0a3	4	【[107][108]】\nそれに、オレが[448]《から》んでたのは\n[202]ならぬ[21][22][57][317]だったんだ。\n[153]づかないはずがない。
0x0008c118	2	【[39][66]】\n[30][383]に[98]いてみようか？
0x0008c17e	3	【[107][108]】\nいや、[98]きたいのはやまやまだけど、\nどうせ[170][4]くごまかされるだけさ。
0x0008c1e4	4	【[107][108]】\n[300][4]に[525]《つ》っ[282]《こ》んで、\nオレたちが[328]《あや》しんでるって[547][949]《けいかい》されるのもイヤだしな。\nもう[96]し[136][66]を[80]よう。
0x0008c273	3	【[39][66]】\nあと、[50][34][52]《ひがいしゃ》と[64][106][690][28]の[215][253]を\n[98]いた[428]の[166][167]だけど……
0x0008c2e5	3	【[107][108]】\nこの[104]については[440][441]さんに\n[98]いた[158]がいいと[58]っていたんだろ？
0x0008c349	4	【[107][108]】\n……ってことは、\n[124]を[549]せば[440][441]さんは[64][106][690][28]とも[940][252]《いんねん》が\nありそうだってことがわかる。
0x0008c3c7	3	【[107][108]】\nこの[104]についても、\n[440][441]さんに[525]《つ》っ[282]《こ》んでみてくれないか？
0x0008c449	2	【[39][66]】\nうん、[479][372]《りょうかい》。
0x0008c4d2	3	【[107][108]】\nあと、もう[57]つ[153]になるのが、\n[37][38][88][89][90]と[50][34][52]《ひがいしゃ》の[215][253]……
0x0008c545	4	【[107][108]】\n[157][28]とプライベートをわけていたのに、\n[102]では[21][22]グループの[418][150][88][89][90]《こもんべんごし》になったこと\n……[312]か[124]がありそうだな。
0x0008c5f0	3	【[39][66]】\n[525]《つ》っ[282]《こ》んで[98]いてみようかなって[132]ったんだけど、\n[82][327]、[30][383]の[257]からは[329][461]を[98]き[121]せないと[132]って……
0x0008c679	4	【[107][108]】\nあぁ、[513]しい[228][366]だと[132]う。\nただ、これがどれだけ[411][346]な[1][2]なのか[228][366]しずらい。\n[96]し[950]《ね》かせてみよう。
0x0008c711	3	【[107][108]】\nそれと、[37][38][88][89][90]の[152][256][428][280]がわかったことで、\n[24][12][429][432][433]のおおよその[152][256][428][280]も[228][283]した。
0x0008c7ac	3	【[107][108]】\n[37][38][88][89][90]は２３[428][478]ぎくらいに[35][36]に[71]いて、\nＶＩＰルームで[407]く[454]ち[264]わせをした……
0x0008c829	4	【[107][108]】\nつまり、ざっくりと[59]えて、\n[272]に[3]りＶＩＰルームへ[3]る[4][391]きをして、\n[37][38][88][89][90]が[121]て[152]くまで[449]１０[327]としよう。
0x0008c8d0	4	【[39][66]】\nそう[59]えれば、[30][383]とすれ[168]《ちが》った[24][12][429]さんは\n２３[428]１０[327][472]《ごろ》にＶＩＰルームに[3]り、\n０[428][472]《ごろ》に[121]たってことね。
0x0008c973	4	【[107][108]】\nそして[24][12][429]の[58][315]を[174][221]すれば、\nそのあとはゲームセンターに[152]った……ってことか。\nなるほど……
0x0008ca02	4	【[107][108]】\nそれじゃ、\nゲームセンターに[152]って[24][12][429]を[404][375]《もくげき》した[53]がいないか\n[124][277]けを[15]ってきてくれないか？
0x0008ca83	2	【[39][66]】\nえぇ、[479][372]《りょうかい》。
0x0008caf9	2	【[107][108]】\n[50][34][52]《ひがいしゃ》が[57][404]《ひとめ》[734]《ぼ》れ、か……
0x0008cb77	4	【[39][66]】\nたしかに[63][64]の[50][34][52]《ひがいしゃ》は、\n[169][19]ほどの[231][218]さがなくなったって[97]は\nチラホラと[98]くけど……
0x0008cbf6	4	【[39][66]】\nもしかしたら、\nこの[626][369]《さいこん》がキッカケになってたのかも\nしれないね。
0x0008cc78	2	【[107][108]】\nそれと、[21][22][122][482]の[97]だけど……
0x0008cce6	2	【[39][66]】\n[932][754][590][316][4][784]《じんぞういしょくしゅじゅつ》が[236][917]して[186]くなったって[97]ね。
0x0008cd6d	3	【[107][108]】\n[50][34][52]《ひがいしゃ》が[57][427]《いっしょ》に[413][938]《とおう》したって[97]が\nどうも[153]になるんだ。
0x0008cdfd	4	【[39][66]】\n[87]もそこはちょっと[153]になったんだけど、\n２[53]は[174][75]《しんらい》し[264]ってたって[30][383]から[98]いて、\nそれ[169][170]は[893][894]《ついきゅう》できなかったのよね……
0x0008ce97	3	【[107][108]】\nうーん……\n[174][75]《しんらい》し[264]ってた、か……
0x0008cf1a	1	[951][329][53][821]
0x0008cf23	1	[951][329][53][821]
0x0008cf30	1	[107][108]の[291][74]
0x0008cf3a	1	[107][108]の[291][74]
0x0008cf48	1	アパート２[342]
0x0008cf52	1	アパート２[342]
0x0008cf60	1	アパート１[342]
0x0008cf6a	1	アパート１[342]
0x0008d0de	2	【[39][66]】\n（これが、コウジが[102][285]んでるアパートか……）
0x0008d147	2	【[39][66]】\n（ちょっと[703]れくさいかも……）
0x0008d18c	2	【[39][66]】\n…………
0x0008d1c5	3	【[39][66]】\n（そんなこと[58]ってる[36][264]じゃないわね。\nきちんと[232][233]しないと）
0x0008d230	2	【[39][66]】\n（コウジのアパート[19]ね）
0x0008d354	3	【[39][66]】\n（このアパートにはどんな[53]たちが\n[285]んでるのかな……？）
0x0008d3a9	3	【[39][66]】\n（[44][324]では[64][30][277]き[264]いがあまりないから、\n[227]さえ[129]らないこともあるのよね）
0x0008d40a	3	【[39][66]】\n（[203]にコウジなんかは[428][280]が[93][289][11]な[157][28]だから、\nなおさらかも……）
0x0008d46a	2	【[39][66]】\n（って、[87]が[153]にすることじゃないけど）
0x0008d4ea	3	【ドアフォン】\nはい……\nどちら[136]ですか？
0x0008d52e	3	【[39][66]】\n[87]、[105][106][107][108]さんの[244][329][53]をしております\n[88][89][90]の[0][91][39][66]と[92]します。
0x0008d593	4	【[39][66]】\n[110]の[660][75]《いらい》で\n[291][74]の[209]を[232]べに[293]たのですが、\n[586]《かぎ》をお[229]りできないでしょうか……？
0x0008d604	2	【ドアフォン】\n[96]々お[99]ちください。
0x0008d675	2	【[951][329][53]】\nお[99]たせしました。
0x0008d6c0	4	【[951][329][53]】\nはぁ、お[226]しする[19]に、\nあなたの[114][327][119][283][190]かなにかを\n[80]せてもらいたいんですが……？
0x0008d72a	3	【[39][66]】\nはい。\nこちらでよろしいですか？
0x0008d77a	3	【[951][329][53]】\n[88][89][90]さんの[114][327][119][283][190]？\n……こんなのあるんですね。
0x0008d7e0	3	【[951][329][53]】\n……[88][89][90]バッジも[277]けてらっしゃるし、\nどうやらきちんとした[88][89][90]さんらしいですね。
0x0008d857	4	【[951][329][53]】\nいいでしょう。\nそれでは[586]《かぎ》をお[226]しします。\n[154]るときに[549]しに[293]てくださいね。
0x0008d8bd	3	【[39][66]】\nはい、わかりました。\nそれでは[96]しお[229]りします。
0x0008d951	2	【[39][66]】\n（[951][329][53]さんの[291][74]ね）
0x0008d994	3	【[39][66]】\n（コウジの[291][74]の[586]《かぎ》は[229]りたし、\n[102]は[221][28]がないわ）
0x0008da1b	2	【[39][66]】\n（コウジの[291][74]は[57][506][4][19]よ）
0x0008daa6	2	【[39][66]】\n（……[586]《かぎ》が[72]《か》かってて[3]れないわ）
0x0008db9c	1	[218]き[121]し
0x0008dba3	1	[218]き[121]し
0x0008dbae	1	[401]し[3]れ
0x0008dbb5	1	[401]し[3]れ
0x0008dd57	2	【[39][66]】\n（[509][393]してたよりも[813][277]いてるわ……）
0x0008dda2	3	【[39][66]】\n（[19]の[23]は[291][74]の[209]、\nスゴかったからなぁ……）
0x0008de0d	4	【[39][66]】\n（あ……そうか。\n[547][439]が[401][864]《おうしゅう》して[152]ったからだ……\nだからこんなにスッキリしてるわけね）
0x0008de81	2	【[39][66]】\n（うん、[502][241]）
0x0008df8b	2	【[39][66]】\n（[107][108]が[414]ってる[295]ね）
0x0008dfcd	2	【[39][66]】\n（それじゃ、[236][237]します……）
0x0008e01d	3	【[39][66]】\n（……うーん。\nこれといって[153]になるものはないわね……）
0x0008e072	2	【[39][66]】\n（[57][167]、[564][291]の[218]き[121]しを[457][458]しておこうかな）
0x0008e0ec	2	【[39][66]】\n（[203]に[404]ぼしいものはないわね）
0x0008e130	3	【[39][66]】\n（[547][439]が[401][864]《おうしゅう》してしまって、\n[218]き[121]しの[209]がスカスカなんだもん……）
0x0008e19b	2	【[39][66]】\n（[203]に[153]になるものはなかったわ）
0x0008e219	2	【[39][66]】\n（[401]《お》し[3]《い》れの[209]のものを[232]べてみましょう）
0x0008e276	2	【[39][66]】\n…………
0x0008e2af	2	【[39][66]】\n（[953][954][169][273]、なにもないわね……）
0x0008e312	2	【[39][66]】\n（[953][954][169][273]、なにもないわ……）
0x0008e3a3	2	【[39][66]】\n（これで[232][233]を[234]わりにしようかしら？）
0x0008e453	2	【[39][66]】\n（[102][146]はこれくらいにしておきましょう）
0x0008e4b1	2	【[39][66]】\n（もう[96]しここにいましょう）
0x0008e53e	3	【[39][66]】\n[107][108]のアパートを[232]べてきた[142][640]は\nこんな[242]じ……
0x0008e5b6	4	【[39][66]】\n……って[58]っても、\n[547][439]がほとんど[401][864]《おうしゅう》してしまったらしくて、\nなにも[121]てこなかったんだけど……
0x0008e650	4	【[107][108]】\nそうか……ある[529][313][10][509]はできたけど、\nそこまでなんにもないなら\nもうアパートに[152]って[232][233]するのはムダかもな。
0x0008e6f6	4	【[107][108]】\n[157][158]ない。\n[153][84]ちを[210]《き》り[616]《か》えて\n[16]のことを[59]えよう。
0x0008e76a	2	【[39][66]】\n（まだ[232]べないといけないものがあるわ）
0x0008e8a9	2	【[39][66]】\nコウジのアパート[19]よ。
0x0008e9cd	3	【[39][66]】\nこのアパートにはどんな[53]たちが\n[285]んでいるのかな…？
0x0008ea07	3	【[39][66]】\n[44][324]だとあまり[64][845][403][90]の[277]き[264]いがないから、\n[382][273]と[227]さえ[129]らない[36][264]があるのよね。
0x0008ea5c	3	【[39][66]】\n[203]に[107][108]なんか[428][280]に[93][289][11]な[157][28]だから、\nなおさらかも…
0x0008eaac	3	【[39][66]】\nどうやらここにこのアパートの[951][329][53]さんが\n[285]んでいるみたい。
0x0008eaf0	2	【[39][66]】\n[297]び[952]を[401]してみる？
0x0008eb33	2	【[39][66]】\nそれじゃ、[401]してみましょう。
0x0008eb69	2	【[39][66]】\n………
0x0008eb8a	3	【ドアフォン】\nはい…\nどちら[136]ですか？
0x0008ebb6	3	【[39][66]】\nあっ、[87]、[105][106][107][108]さんの[244][329][53]をしてます\n[88][89][90]の[0][91][39][66]と[92]します。
0x0008ec07	4	【[39][66]】\n[105][106][107][108]さんに[75]まれて、\n[291][74]の[209]をちょっと[232]べたいので、\n[586]をお[229]りしたいのですが…？
0x0008ec5d	3	【ドアフォン】\nあぁ、この[19]の[88][89][90]さんね。\n[96]々お[99]ち[300]さい。
0x0008ec9d	2	【[39][66]】\n………
0x0008ecbe	3	【[39][66]】\nふぅ…\n[627]めてじゃないのに、[434][113]するわ…
0x0008ecf3	2	【[39][66]】\n………
0x0008ed1e	3	【[951][329][53]】\nお[99]たせしました。\nこちらが[586]になります。
0x0008ed54	3	【[39][66]】\nあっ、ありがとうございます。\n[114][327][119][283][190]を[80]せるんでしたね…
0x0008ed96	4	【[951][329][53]】\nあぁ、いいですよ。\nあなたの[227]、[583]えていますから。\nそれでは[154]るときに[549]しに[293]てくださいね。
0x0008edeb	3	【[39][66]】\nはい、わかりました。\nそれでは[96]しお[229]りします。
0x0008ee39	2	【[39][66]】\nもう[96]しここにいましょう。
0x0008ee74	2	【[39][66]】\n[951][329][53]さんの[291][74]ね。
0x0008ee9f	3	【[39][66]】\nコウジの[291][74]の[586]は[229]りたし、\n[102]は[221][28]がないわ。
0x0008eedd	2	【[39][66]】\n[107][108]の[291][74]は[57][506][135]よ。
0x0008ef18	2	【[39][66]】\n…[586]が[72]かっていて[3]れないわ。
0x0008ef59	2	【[39][66]】\n[951][329][53]さんから[229]りた[586]を[414]いましょう。
0x0008ef98	2	【[39][66]】\nそれじゃ[3]りましょう。
0x0008f095	3	【[39][66]】\nコウジの[291][74]よ。\n[813][277]いていてビックリ。
0x0008f177	2	【[39][66]】\n[203]に[153]になるものはなかったわ。
0x0008f1a5	2	【[39][66]】\n[953][954][169][273]、[312]もないわ…
0x0008f1d3	4	【[39][66]】\n[445][30]も[813][277]いているわね。\nもしかして[119][120][955]を[401][864]する[428]に、\n[547][439]の[158]で[813][277]けてくれたのかな？
0x0008f234	2	【[39][66]】\nもう[232][233]を[234]えて、[273]に[121]る？
0x0008f279	2	【[39][66]】\nそうね。
0x0008f299	3	【[39][66]】\nこれ[169][170][232]べても[312]もでないだろうし、\n[102][146]は[154]りましょう。
0x0008f2df	3	【[39][66]】\nううん、まだ[232][233]するところが[240]ってるわ。\nもう[96]しここにいましょう。
0x0008f386	3	【[39][66]】\n[107][108]のアパートを[232]べてきた[142][640]は\nこんな[242]じ…
0x0008f517	3	【[39][66]】\n（ここが[44][324]のタクシー[148][262]を[951][329]してる\n[43][44]タクシーセンターね）
0x0008f58b	2	【[39][66]】\n（コウジの[510][668][669][421]が[240]ってればいいけど……）
0x0008f5ef	2	【[39][66]】\n（[43][44]タクシーセンターよ）
0x0008f6d9	2	【[39][66]】\n（１[342]が[956][257]になってるわ）
0x0008f7e0	1	［[510][668][669][421]について］
0x0008f7f5	1	［[11][322][146]について］
0x0008fb21	3	【[39][66]】\n（[276][277]ね。\nとりあえず[97]を[98]いてみましょう）
0x0008fb88	4	【[39][66]】\nちょっと\nお[98]きしたいことがあるのですが、\nよろしいですか？
0x0008fbe7	2	【[276][277]】\nはい、なんでしょうか？
0x0008fc25	2	【[39][66]】\n[87]、[88][89][90]の[0][91][39][66]と[92]します。
0x0008fc71	4	【[39][66]】\nある[28][104]について[232][233]しているのですが、\n[50][51][52]《ひぎしゃ》の[158]が[28][104][8][390][428]、\nタクシーに[510]っていたと[58]っています。
0x0008fcee	2	【[39][66]】\nそれで……
0x0008fd33	2	【[276][277]】\nああ、[105][106][107][108]さんの[104]ですね。
0x0008fd7a	2	【[39][66]】\nあ……ご[183]じでしたか？
0x0008fdc7	3	【[276][277]】\nええ、[547][439]の[158]からも\nつい[145][146]、[403]じ[156][150]をされましたから。
0x0008fe2d	4	【[276][277]】\n[102][429]１１[146]の０[428]から１[428]にかけて、\n[666][170][667][563]《みやかみぎんざ》から[106][244][957]《ふじしろちょう》までの[510][668][669][421]があるかと\n[98]かれました。
0x0008feb8	4	【[39][66]】\nそうだったんですね……\n[87]もまったく[403]じことを\n[98]こうと[132]っていました。
0x0008ff1a	2	【[39][66]】\n（[276][277]ね）
0x0008ff54	2	【[39][66]】\n（[102]のところ、[203]に[221][28]はないわ）
0x00090066	2	【[39][66]】\n（もう[232][233]を[234]えて、[273]に[121]ようかしら？）
0x0009011a	2	【[39][66]】\nお[238]《いそが》しい[209]、ありがとうございました。
0x00090174	2	【[276][277]】\nいえ、どういたしまして。
0x000901cc	2	【[39][66]】\n（[102][146]はこれくらいにしておきましょう）
0x0009022a	2	【[39][66]】\n（もう[96]しここにいましょう）
0x0009027f	2	【[39][66]】\n（まだ[97]を[98]いてないわ）
0x00090313	3	【[39][66]】\n[43][44]タクシーセンターで[98]いてきた[97]は、\nこんな[242]じだったわ……
0x000903a3	3	【[107][108]】\nあちゃー\nよりによって、[21]タクかよ……
0x00090411	2	【[39][66]】\n…………
0x00090470	4	【[107][108]】\nこれは[958]《つ》み、かもな。\nオレのアリバイを[119][283]する[158][39]は\nもうないかもしれない。
0x000904e1	3	【[39][66]】\nあまり[59]えたくはないけど、\nそうかもしれないね……
0x00090555	3	【[107][108]】\nまあ、[157][158]ない。\n[168]《ちが》う[158][267]から[959]《せ》めてみるか！
0x000905d4	3	【[39][66]】\n……コウジがあきらめない[475]り、\n[87]もあきらめないわ。
0x00090633	3	【[39][66]】\nきっと[56]の[525][585][257]《とっぱこう》が[80]つかるはず……\n[232][233]を[361]めましょう。
0x000906a0	3	【[107][108]】\nあぁ。\nやってやる！
0x00090739	3	【[39][66]】\nそれで[111][155]にはどうなんでしょうか？\n[510][668][669][421]、ありますか？
0x0009079d	2	【[276][277]】\nいえ、ありません。
0x000907d9	4	【[39][66]】\nえっ……？\nそ、そんな……\n[17][373][52]の[119][58]もあるんですよ！？
0x00090841	2	【[276][277]】\n[240][550]ですが、ないものはないです。
0x00090893	4	【[276][277]】\n[547][439]の[346][960]《ようせい》を[276]けまして、[44][324]のタクシー[148][262]、\nそして[423][53]タクシーのほうにも\n[510][668][669][421]について[150]い[264]わせました。
0x00090923	3	【[276][277]】\nしかしどこにもそのような[510][668][669][421]は\nありませんでした。
0x00090974	4	【[39][66]】\nそうなんですか……？\nでも、ここで[232][233]したのは\n[44][324]のタクシーだけなんですよね？
0x000909d6	3	【[39][66]】\nもしかしたら、[64][845]《きんりん》の[961]のタクシーに\n[510][668]してしまった[301][302][101]も……
0x00090a46	4	【[276][277]】\n[547][439]のほうでも[403][136]に[132]ったらしく、\n[64][845]《きんりん》の[961]のタクシーセンターにも[232][233]の[130][131]を\nお[224]いしました。
0x00090aca	2	【[276][277]】\nしかし、どこにも[510][668][669][421]はありませんでした。
0x00090b17	2	【[39][66]】\nそんな……
0x00090b5c	3	【[276][277]】\n……もしかしたら、\n[21]タクだったんじゃないですか？
0x00090baf	2	【[39][66]】\n[21]タク、ですか？
0x00090bf8	4	【[276][277]】\n[87]どもタクシーセンターには、\nタクシー[699][464]を[152]う[52]に[510][29][455][119]を[941][277]する\n[248][397]があります。
0x00090c71	4	【[276][277]】\nつまり、[513][962]のタクシードライバーに[215]しては、\nすべてここにデータがあります。\nここにデータがないということは……
0x00090cf3	4	【[276][277]】\nその[158]が[510]ったのは\n[357][261][128][301]を[84]たない[168][39]《いほう》タクシー、\nつまり[21]タクなのではないかと。
0x00090d60	3	【[39][66]】\n[21]タク、ですか……\nありがとうございます！
0x00090dc6	2	【[276][277]】\n[202]になにかありますか？
0x00090e0e	3	【[39][66]】\nいえ、ありません。\nお[238]《いそ》しい[209]、ありがとうございました。
0x00090e84	4	【[276][277]】\n[87]どもタクシーセンターには、\nタクシー[699][464]を[152]う[52]に[510][29][455][119]を[941][277]する\n[248][397]があります。
0x00090efd	4	【[276][277]】\nつまり、[513][962]のタクシードライバーに[215]しては、\nすべてここにデータがあります。\nここにデータがないということは……
0x00090f7f	4	【[276][277]】\nその[158]が[510]ったのは\n[357][261][128][301]を[84]たない[168][39]《いほう》タクシー、\nつまり[21]タクなのではないかと。
0x0009103d	2	【[39][66]】\nこちらの[11][322][146]について[176]えてもらえますか？
0x00091095	2	【[276][277]】\n[322]みは[146][430][146]です。
0x000912d5	2	【[39][66]】\n（[666][170][76][277][537][45][46]ね）
0x00091319	3	【[39][66]】\n（[666][170][76]の[277][537][45][46]だけあって、\nこの[963][964]では[57][506][76]きな[45][46]よ）
0x00091483	2	【[39][66]】\n（[102][146]も[965][206]が[281]がってるわ）
0x000914c9	2	【[39][66]】\n（…………）
0x00091506	2	【[39][66]】\n（[242][860]に[966]《ひた》ってるヒマはないわね）
0x00091562	2	【[39][66]】\n（[102][146]も[965][206]が[281]がってるわ）
0x00091620	1	[99][264][821]
0x00091627	1	[99][264][821]
0x00091632	1	［[105][106][243][244]について］
0x00091647	1	［[105][106][243][244]のトラブル］
0x0009165e	1	［その[202][153]がついたこと］
0x00091673	1	［[459][115][776][777]（[24][25][440][441]）について］
0x00091694	1	［[440][441]の[45][814]について］
0x000916aa	1	［[160][754][590][316][4][784]の[93][967]な[496]］
0x000916c7	1	［[744][745][145][390]について］
0x000916dc	1	［[24][25][440][441]について］
0x000916f1	1	［[322][968][146]について］
0x000918ad	4	【[39][66]】\n（[76][642]の[277][537][45][46]だけあって\n[53]が[82]くて[358][153]があるわ……\nって[58]うのは、ちょっと[93][969][805]《ふきんしん》ね）
0x00091925	4	【[39][66]】\n（さてと……\n[24][25]さんとコウジのお[250]さんについて[97]を[98]きたいけど、\nどこで[98]けばいいかしら……？）
0x00091996	4	【[39][66]】\n（コウジのお[250]さんの[28][794]は、\n[404][375][52]《もくげきしゃ》の[793][89][636]さんがいるはずよね……\nまずはその[53]を[634]《さが》してみましょう）
0x00091a6e	2	【[970][257]】\nでは、[87]は[157][28]に[389]《もど》りますので……
0x00091abb	3	【[39][66]】\nはい。\nお[428][280]をいただき、ありがとうございました。
0x00091d2e	4	【[39][66]】\n（さすがにこれだけの[76][45][46]になると\n[793][89][636]さんがたくさんいるけど、\nどの[793][89][636]さんも[238]《せわ》しないわ……）
0x00091da5	3	【[39][66]】\n（[96]し[97]しかけにくいけど、\n[222]《だま》って[972]《なが》めてるわけにもいかないよね）
0x00091e07	2	【[39][66]】\n……すみません、ちょっとよろしいですか？
0x00091e76	2	【[793][89][636]】\nはい、どうなさいましたか？
0x00091eb8	4	【[39][66]】\n[87]、[88][89][90]の[0][91][39][66]と[92]します。\nお[238]《いそが》しい[209]すみません、\nお[98]きしたいことがあるのですが……
0x00091f54	2	【[793][89][636]】\n……どういったご[221][104]でしょうか？
0x00091fa7	4	【[39][66]】\nえっと……５[7][19]までこちらで[526]いていた\n[105][106][243][244]さんと、\n[35][143]も[163][46][209]だと[132]われる[24][25][440][441]さん……
0x00092020	2	【[39][66]】\nいえ、[459][115][776][777]さんについてなんですが……
0x00092071	4	【[39][66]】\nえっと……５[7][19]までこちらで[526]いていた\n[105][106][243][244]さんと、[35][143]も[163][46][209]だと[132]われる\n[24][25][440][441]さんについてなんですが……
0x00092119	4	【[793][89][636]】\n[105][106]さん……？\n５[7][19]に[342][341]から[558]ちて[186]くなった、\nあの[105][106]さんですか？
0x00092180	3	【[39][66]】\nは、はい！\nそうです！
0x000921bf	3	【[39][66]】\n[111]は[105][106][243][244]さんの[383][477]、[105][106][107][108]さんが、\n[33][53][28][104]の[123][53]として[51]われています。
0x00092239	3	【[793][89][636]】\nえっ……\nそうなんですか……？
0x00092280	4	【[39][66]】\nしかし、[110]は[12][111]を[911]《うった》えています。\nそして[12][111]を[119][283]するための[1][2]の[57]つとして、\n[105][106][243][244]さんのお[97]をお[138]《うかが》いできればと[132]うのですが……
0x00092323	3	【[793][89][636]】\nそうだったんですか……\n[87]が[129]っている[140][141]《はんい》で[204]ければお[97]しますが……
0x00092388	3	【[39][66]】\n[115][79]ですか！？\nありがとうございます、[177]かります！
0x0009240a	3	【[793][89][636]】\nあと、[105][106]さん[169][273]にもう１[53]、\n[98]きたい[53]がいるって[58]ってましたよね？
0x0009246c	4	【[39][66]】\nはい。\n[35][143]も[163][46]していると[132]われる\n[459][115][776][777]さんについてなんですが……
0x000924f3	2	【[793][89][636]】\nああ、[459][115]さん……
0x00092534	3	【[39][66]】\n（あれ、[451]に[408]のトーンが[558]ちたわ……\nなにかあるのかしら……？）
0x000925b6	3	【[793][89][636]】\nいいですよ、お２[53]のことについて\nお[97]しましょう。
0x00092607	3	【[39][66]】\nは、はい。\nお[224]いします。
0x00092653	4	【[39][66]】\nはい。\n[35][143]も[163][46][209]だと[132]われる\n[24][25][440][441]さんについてなんですが……
0x000926d9	2	【[793][89][636]】\n[24][25][440][441]さん……？
0x00092729	2	【[793][89][636]】\n[96]々お[99]ちください。
0x00092798	4	【[793][89][636]】\n[796][52][73][973]《かんじゃめいぼ》で[457][458]しましたが、\n[24][25]さんという[158]はこちらの[45][46]に\n[163][46]されていないと[132]われますが……？
0x00092818	2	【[39][66]】\nえっ、そうですか……？
0x00092858	4	【[39][66]】\nえと……\nそれじゃあ、[105][106]さんのお[97]だけでも、\nお[98]かせいただければと[132]います。
0x000928e1	3	【[793][89][636]】\nあっ、[92]《もう》し[194]《おく》れましたが、\n[87]は[970][257]《ひぐち》と[92]します。
0x0009296c	3	【[39][66]】\n（[970][257]さんはお[157][28][209]よ。\nむやみに[97]しかけるのは[897]《ひか》えないと）
0x000929cf	3	【[39][66]】\n[970][257]さん、こんにちは。\n[88][89][90]の[0][91]です。
0x00092a51	3	【[970][257]】\nああ、[88][89][90]さん。\n[102][146]はなにか？
0x00092a9b	3	【[39][66]】\nはい、[115][146]もお[97]を[138]《うかが》いたいと[132]いまして……\n[96]しよろしいですか？
0x00092b09	2	【[970][257]】\nええ、いいですよ。
0x00092b50	4	【[39][66]】\n[145][146]、[98]きそびれてしまったことがありまして、\n[111]は[459][115][776][777]さんについても\nお[98]きしたかったのです。
0x00092bbe	2	【[39][66]】\n[35][143]も[163][46]していると[132]いますが……
0x00092c2d	2	【[970][257]】\nああ、[459][115]さん……
0x00092c6c	3	【[39][66]】\n（あれ、[451]に[408]のトーンが[558]ちたわ……\nなにかあるのかしら……？）
0x00092e1e	3	【[970][257]】\n……ちょっと[36][30][65]えませんか？\nここだと[53]の[121][3]りが[944]しいので……
0x00092e7c	3	【[39][66]】\n（……[53]が[82]くいる[36][30]では\n[97]しにくい[324][546]ってことね）
0x00092ed3	2	【[39][66]】\nはい、かまいませんよ。
0x00092f1e	2	【[970][257]】\nでは、こちらへ……
0x000930fa	3	【[970][257]】\n……ちょっと[36][30][65]えませんか？\nここだと[53]の[121][3]りが[944]しいので……
0x00093158	3	【[39][66]】\n（……[53]が[82]くいる[36][30]では\n[97]しにくい[324][546]ってことね）
0x000931af	2	【[39][66]】\nはい、かまいませんよ。
0x000931fa	2	【[970][257]】\nでは、こちらへ……
0x00093393	3	【[39][66]】\n（[135]まで[835][300]《ろうか》が[391]いてるわ。\nさすがに[76][45][46]ね……）
0x0009340e	3	【[39][66]】\n（このさきには、\nコウジのお[250]さんが[558]ちた[342][341]があるわ）
0x0009346f	2	【[39][66]】\n（[35][36]に[152]こうかしら？）
0x000934e7	2	【[39][66]】\n（それじゃ[152]きましょう）
0x0009353a	2	【[39][66]】\n（もう[96]しここにいましょう）
0x000935b8	2	【[39][66]】\n（これで[232][233]を[234]わりにしようかしら？）
0x00093670	2	【[39][66]】\n（[102][146]はこれくらいにしておきましょう）
0x000936d5	2	【[39][66]】\n（もう[96]しここにいましょう）
0x0009372a	2	【[39][66]】\n（これで[232][233]を[234]わりにしようかしら？）
0x000937e2	3	【[39][66]】\nそれでは、[87]はこの[235]で[236][237]します。\nお[238]《いそが》しい[209]ありがとうございました。
0x0009386b	2	【[970][257]】\nそれでは[87]も[157][28]に[389]《もど》らせていただきます。
0x000938bf	2	【[39][66]】\n（もう[96]しここにいましょう）
0x00093914	3	【[39][66]】\n（[98]かなくちゃいけないことが[240]ってるわ。\nまだ[154]るわけにはいかないわね）
0x000939c2	3	【[39][66]】\n[666][170][76][277][537][45][46]で[241]られた[1][2]は\nこんな[242]じだったわ。
0x00093a93	3	【[39][66]】\n（[45][46]のロビーね。\n[66]どもから[76][53]まで[149]んな[53]がいるわ）
0x00093aeb	3	【[39][66]】\n（[277]《つ》き[614]《そ》いの[53]がいるとしても、\nほとんどの[53]が[45][153]やケガを[343]《かか》えているわけよね）
0x00093b5b	3	【[39][66]】\n（[45][46]にくると、[765][974]がとても[76][210]なものだと\n[132]い[129]らされるわ）
0x00093bc7	3	【[39][66]】\n（[45][46]のロビーね。\n[66]どもから[76][53]まで[149]んな[53]がいるわ）
0x00093c7c	3	【[39][66]】\n[105][106][243][244]さんがどんな[158]だったか\n[176]えてもらえますか？
0x00093cf4	4	【[970][257]】\n[110][100]は[201]しくて、よく[153]がつく[53]でしたよ。\n……と[58]うと、ありふれた[58][315]で\n[289]っぽく[98]こえてしまうかもしれませんが。
0x00093d7b	3	【[970][257]】\nお[66]さんが[766]さい[472]《ころ》に[181][182]《だんな》さんを[186]くされてから\nずっとこちらで[526]いていましたね。
0x00093df3	4	【[970][257]】\n[96]しでもお[66]さんと[57][427]《いっしょ》の[428][280]を\n[572]りたかったでしょうに、\n[57][390][729][730]《いっしょうけんめい》[526]いて……
0x00093eaa	3	【[970][257]】\nなのに[525][474]《とつぜん》、あの[28][794]があって。\n[454]ち[30]が[518]くて[975][751]《のうし》[814][832]になってしまったんです。
0x00093f21	2	【[39][66]】\nそれで[160][754][590][316][4][784]が[152]われたんですよね？
0x00093f7b	3	【[970][257]】\nええ、[110][100]の[382][108]……\nい、いえ、なんでもありません。
0x00093fd0	2	【[39][66]】\nえっ？
0x00094012	2	【[970][257]】\n…………
0x0009404b	4	【[39][66]】\n（……なにか[577]《かく》してるわね。\nだけどもう[96]し[98]きたい[97]もあるし、\nムリに[893][894]《ついきゅう》するのも……）
0x000940fa	3	【[970][257]】\n[110][100]は[793][89][636]としても、[250][185]としても、\n[67][68]な[53]でした。
0x000941b0	4	【[39][66]】\n[105][106][243][244]さんが[186]くなる[178][19]に、\nちょっとしたトラブルがあったと\n[98]きました。
0x00094238	3	【[970][257]】\nえっ！？\nど、どこでそんなことを……！
0x00094282	4	【[39][66]】\n[50][51][52]《ひぎしゃ》となっている[105][106][107][108]さんからです。\n[793][89][636]さん[403][90]が[97]していたのを\n[98]いたと[58]っています。
0x00094308	3	【[970][257]】\n……そう。\nあの[97]を[98]かれていたのね……
0x0009438b	3	【[970][257]】\n……そう。\nあの[97]を[98]かれていたのね……
0x00094434	3	【[39][66]】\n[459][115][776][777]さんについて\nお[98]きしたいんですが……
0x000944a9	3	【[970][257]】\n[110][100]はこの[45][46]で[160][754][590][316][4][784]を[276]けました。\nたしか２００４[7]だったと[132]います。
0x00094514	2	【[39][66]】\n[105][106][243][244]さんが[186]くなった[7]と[403]じですね。
0x00094587	3	【[970][257]】\nえ、ええ……\nそうですね……
0x000945cb	4	【[39][66]】\nもしかして、\n[105][106][243][244]さんの[160][754]が\n[590][316]されたのでは……？
0x0009464b	4	【[970][257]】\n……[160][754][590][316]の[352][353][52]《ドナー》と\n[276][546][52]《レシピエント》の[1][2]は\n[217][976][587]となっています。
0x000946cb	3	【[970][257]】\n[87]どもには[783][977][512][29]がありますので、\nそれについてお[139]えすることはできません。
0x0009472a	3	【[39][66]】\n[67][36][170]、お[97]できないことは[294][129]《しょうち》しております。\nしかし、そこをなんとかお[98]かせ[224]えないでしょうか。
0x0009479e	3	【[39][66]】\n[411][346]な[119][120]《しょうこ》に\nなるかもしれないんです。
0x00094807	2	【[970][257]】\n…………
0x00094866	4	【[970][257]】\n……[88][89][90]さんは、[160][754][590][316][4][784]が[152]われる[155]に、\nどのように[352][353][52]《ドナー》と[276][546][52]《レシピエント》が[470][11]されるか\nご[183]じですか？
0x000948f4	3	【[39][66]】\nいえ……\n[93][654][231]で[92]し[437]ありませんが……
0x0009494f	3	【[970][257]】\n……[160][754][590][316][4][784]を[338]む[796][52]《かんじゃ》さんは、\nあらかじめレシピエント[420][421]を[152]います。
0x000949ca	4	【[970][257]】\nそして[352][353][52]《ドナー》が[35]れた[36][264]、\n[754][489][590][316][274][61]に[160][754][590][316]を[111][687]《じっし》する[629]《むね》を[344][448]《れんらく》し、\nレシピエントの[368][11]が[152]われるんです。
0x00094a74	3	【[970][257]】\nつまり、[333]々の[382][108]だけで、\n[590][316][4][784]を[152]なうわけにはいかないんです。
0x00094ae0	3	【[970][257]】\nですから、[88][89][90]さんが[59]えてらっしゃるような[473][474]《ぐうぜん》は\n[406]めて[96]ないものと[458][605]してください。
0x00094b50	3	【[39][66]】\n……わかりました。\nでは[156][150]を[65]えます。
0x00094b9c	3	【[39][66]】\n[459][115][776][777]さんが[160][754][590][316][4][784]を[276]けたのは、\n２００４[7]の[312][429][312][146]でしょうか？
0x00094c36	3	【[970][257]】\nえっ……？\nそ、それは……
0x00094c87	2	【[970][257]】\n……１０[429]２２[146]です。
0x00094cdd	4	【[970][257]】\n[92]し[437]ありませんが、\nこれ[169][170]、この[104]に[215]するご[156][150]は\nお[897]《ひか》え[224]えないでしょうか……？
0x00094d4d	3	【[39][66]】\n……わかりました。\nお[139]えいただきましてありがとうございます。
0x00094daf	2	【[970][257]】\n…………
0x00094e2d	3	【[970][257]】\nこの[104]については、\nもう[97]すことはありません。
0x00094ef0	2	【[970][257]】\n[102]は[203]にないですね。
0x00094f97	2	【[39][66]】\n[459][115]さんの[35][143]の[45][814]はどうなんでしょうか？
0x0009500a	3	【[970][257]】\n[406]めて[786][232]ですよ。\n[76]きな[785][126][166][167]《きょぜつはんのう》もこれまで[121]ていませんしね。
0x00095070	3	【[39][66]】\n[786][232]なんですね。\n[289][160]しました。
0x000950ee	2	【[970][257]】\n[459][115]さんは[406]めて[786][232]ですよ。
0x00095190	4	【[39][66]】\n[111]は[145][146]お[138]《うかが》いしました、\n[459][115]さんの[160][754][590][316][4][784]ですが、\n[96]し[93][967]《ふしん》な[496]がありまして……
0x00095232	2	【[970][257]】\nな、なんでしょうか……？
0x00095273	4	【[39][66]】\nあのあと、[754][489][590][316][274][61]に\n[150]い[264]わせをして、\n[79][146]に[590][316][4][784]が[152]われていたか[457][458]したのですが……
0x000952f6	2	【[970][257]】\n……[669][421]がなかったわけですね。
0x0009533b	2	【[39][66]】\nええ、その[163]りです。
0x00095386	4	【[970][257]】\n……[669][421]がないのは[79][474]です。\nあれはこの[45][46][324]で\n[977][691][124]に[152]なわれた[4][784]ですから……
0x000953f3	2	【[39][66]】\nどういうことですか？
0x00095455	3	【[970][257]】\n……[105][106]さんは、[41][327]になにかあったときは、\n[160][754]を[459][115]さんに[413]《わた》したいと[337][338]されていました。
0x000954d5	4	【[970][257]】\nしかし、[35][111][150][151]として、\n[352][353][52]《ドナー》があらわれたときには、\n[754][489][590][316][274][61]に[344][448]《れんらく》しなければなりません。
0x00095564	3	【[970][257]】\nそして[754][489][590][316][274][61]が[368]んだ[276][546][52]《レシピエント》に\n[754][489]が[290]《あた》えられるという[493]れになっています。
0x00095600	4	【[970][257]】\n[79][53]の[382][108]で[590][316][78][4]を[356][11]することは、\n[123][13]を[739]《ふく》めて[136]々なトラブルを[978]きます。\n[105][106]さんの[337][338]が[163]る[80]《み》[282]《こ》みはありませんでした。
0x000956be	3	【[970][257]】\n……ですが、[105][106]さんは[459][115]さんに[160][754]を[290]《あた》えられないか、\n[112][935][801]の[744][745][145][390]にずっと[78][310]していたようです。
0x00095749	4	【[970][257]】\nそして[105][106]さんが[186]くなったときに、\n[744][745][145][390]の『すべて[87]が[837][286]を[84]つ』という[979]《つる》の[57][408]で\n[754][489][590][316][274][61]に[344][448]《れんらく》せずに[590][316][4][784]が[152]なわれたんです。
0x000957eb	3	【[39][66]】\nで、ですが、それって[168][39]《いほう》ですよね……？\nこの[45][46]の[46][383]は[166][127]しなかったんですか？
0x00095865	3	【[970][257]】\n[744][745][145][390]の[385]《うで》は[78][79]なもので、\nこの[45][46]の[980][935]を[256]かすのに[522][327]なものでした。
0x000958d0	2	【[39][66]】\n[45][46]の[980][935]……ですか？
0x00095920	4	【[970][257]】\nはい……\nこのような[76][45][46]になると、[16][600][46][383]のイスを[747]《めぐ》って\n[136]々な[679]《か》け[218]《ひ》きが[183][143]するんです。
0x000959ab	3	【[970][257]】\nしかし[744][745][145][390]はマイペースな[158]で、\nどの[68][981]《はばつ》にも[537]していませんでした。
0x00095a1d	3	【[970][257]】\nそれで[195]に[259][68][981]《かくはばつ》とも[744][745][145][390]を[55][158]に[3]れようと\n[982][696]《やっき》になっていたわけです。
0x00095a8f	4	【[39][66]】\n……なるほど。\nそこで[744][745][145][390]が[46][383]に[361][58]し、\n[977][691][124]に[160][754][590][316][4][784]を[152]なったわけですね。
0x00095b11	3	【[970][257]】\nはい……\n[79][474]、[46][383][68][169][273]の[52]には[324][427]《ないしょ》で、ですが。
0x00095b71	3	【[39][66]】\nそういう[28][1]でしたか……\nおおよそ[329][372]しました。
0x00095bf8	3	【[970][257]】\n[105][106]さんから[459][115]さんへの[590][316][4][784]は、\n[977][691][124]に[152]なわれました。
0x00095cb3	2	【[39][66]】\n[744][745][145][390]は、まだこの[45][46]にいるんですか？
0x00095d26	3	【[970][257]】\nいえ、あの[590][316][4][784]の[983][984][20]《しっとうご》、\n１ヶ[429]ほどたってから[236][985]《しっそう》してしまいました。
0x00095d99	3	【[39][66]】\n[236][985]《しっそう》？\n[152][158][93][283]ですか！？
0x00095df4	4	【[970][257]】\nはい……\n[168][39]《いほう》に[4][784]したことを[712]《く》いてなのか、\nそれとも[46][383]とトラブルをおこしたのか……
0x00095e74	4	【[970][257]】\nただ、[744][745][145][390]がいなくなったあと、\n[46][383][145][390]も[986][286]してしまいましたので、\nその[235]りの[122][78]はわかりません。
0x00095eea	2	【[39][66]】\n[46][383]の[344][448][145]《れんらくさき》はわかりますか？
0x00095f45	3	【[970][257]】\nわかりますが、[382][55]がないと[132]います。\n[46][383][145][390]、[986][286]してすぐに[41][33]してしまいましたから。
0x00095fb1	3	【[39][66]】\nええっ！？\n[41][33]……？
0x0009601a	3	【[970][257]】\nはい……\n[833][190]も[240]さず、[205]《だれ》にも[329][461]を[377]げずに……
0x00096074	2	【[39][66]】\n……………
0x000960af	3	【[39][66]】\nあの……\nそもそも[744][745][145][390]って、どんな[158]なんですか？
0x00096129	4	【[970][257]】\n[452]々はヨーロッパの[45][46]で[526]いていたらしいです。\nあまり[98]いたことのない[725][73]だったので、\nどこの[725]なのかは[583]えていませんが……
0x000961b4	4	【[970][257]】\n[780]いながらも、ヨーロッパ[209]にその[73]を[987]《とどろ》かせた\n[160][754][590][316]のエキスパートで、\nその[379][228]は[217][364]に[31]いものでした。
0x0009623f	3	【[970][257]】\n[111]は[21][22][57][317]さんの[160][754][590][316]も[109][79]したとのことで、\nその[252]《えん》でこの[45][46]へ[464][537]になりました。
0x000962b2	2	【[39][66]】\n[252]《えん》、といいますと？
0x00096301	4	【[970][257]】\n[79][428]の[46][383]は[452]々[21][22]さんの[112][935][801]だったんです。\n[744][745][145][390]に[590][316][4][784]を[276]けてからは、\n[146][115]で[219][478][935][936]《けいかちりょう》を[276]けたいと[75]《たの》んだそうです。
0x0009639f	2	【[39][66]】\nそれで[146][115]にやってきた、と。
0x000963ef	4	【[970][257]】\n[744][745][145][390]が\n[21][22]さんの[988][193]《しょうれい》に[54][55]があると\n[87]に[97]してくれたことがありました。
0x00096468	3	【[970][257]】\nそれも[146][115]に[293]た[57]つの[346][940]なのかも\nしれません。
0x000964b8	2	【[39][66]】\n[54][55]、ですか……
0x00096503	4	【[970][257]】\n[744][745][145][390]くらいになると、\n[801][52]というよりは\n[763][327]、[642][52]なんですよ。
0x00096562	3	【[39][66]】\n[21][22]さんや[79][428]の[46][383]がお[83]を[405]んで、\nこちらの[45][46]に[464][537]させた[301][302][101]は……？
0x000965f2	4	【[970][257]】\nさ、さあ……[87]にはそこまでは……\nでも[744][745][145][390]は\nお[83]にはあまり[54][55]がなかったように[132]えましたが……
0x00096665	3	【[39][66]】\nなるほど、だいたいわかりました。\n[410][411]なお[97]、ありがとうございました。
0x000966c0	2	【[39][66]】\nちなみに、[744][745][145][390]の[144][122]とかはないですか？
0x00096734	3	【[970][257]】\nたしかどこかに[240]っていたかと[132]いますが……\nすみません、すぐには[121]てこないと[132]います。
0x00096798	3	【[39][66]】\nでは、[80]つかったらご[344][448]《れんらく》いただけますか？\n[73][321]《めいし》をお[413]《わた》ししておきます。
0x00096813	3	【[970][257]】\nわかりました。\nでは[26]しておきます。
0x00096859	2	【[39][66]】\nよろしくお[224]いします。
0x000968e8	4	【[970][257]】\n[744][745][145][390]は\n[801][52]というより[642][52]タイプの[158]でしたが、\n[385]《うで》はたしかでした。
0x000969ab	3	【[39][66]】\n[24][25][440][441]さんの[45][814]について\nお[138]《うかが》いしたいのですが……
0x00096a2b	2	【[970][257]】\n[24][25][440][441]さんですか……
0x00096a7a	2	【[970][257]】\n…………
0x00096ac0	3	【[970][257]】\nそのような[73][19]の[796][52]《かんじゃ》さんは\nいないようですが……？
0x00096b18	2	【[39][66]】\nあれ、そうなんですか？
0x00096b8d	3	【[970][257]】\n[24][25][440][441]さんという[796][52]《かんじゃ》さんは\nいませんよ。
0x00096c32	2	【[39][66]】\nこちらの[45][46]の[322][968][146]《きゅうしんび》を[176]えていただけますか？
0x00096caf	2	【[970][257]】\n[562][430][146]の[18][20]と[146][430][146]が[322][968]《きゅうしん》となっています。
0x00096d60	2	【[107][108]】\n…………
0x00096da6	3	【[107][108]】\nおふくろ……\nやっぱり、[33]されたのか……？
0x00096e19	4	【[39][66]】\nなんとも[58]えないよね……\n[111][155]に[257][839]って[58]っても、\n[80]る[53][16][17]でどうとでも[15]れちゃうし……
0x00096e94	3	【[39][66]】\nコウジも\n[257][839]の[404][375][119][58]《もくげきしょうげん》で[532][588]したでしょ？
0x00096efd	3	【[107][108]】\nまあ……\nたしかにそうだけど……
0x00096f4f	4	【[39][66]】\nそれより[153]になるのは\n[257][839]の[78][4]が[58]った、\nコウジのお[223]さんの[73][19]……
0x00096fd6	2	【[107][108]】\n……おふくろ、やっぱり[129]ってたんだな。
0x00097045	3	【[107][108]】\n[79]たり[19]か。\nあの[4][905]を[80]れば[57][404][989][474]《いちもくりょうぜん》だもんな。
0x000970cb	3	【[107][108]】\nそれを[150]いつめたために、\nおふくろは[33]されたのか……？
0x00097143	2	【[39][66]】\n…………
0x00097189	3	【[107][108]】\n……いや、[33]されたと[470]めつけるのは[198]い。\nなにより、[116][117][118]な[119][120]《しょうこ》がない。
0x00097219	3	【[39][66]】\nでも、[102]になってから\n[119][120]《しょうこ》を[80]つけ[121]すのは[303]しいよね……
0x0009729c	2	【[107][108]】\nそうだな。
0x000972e0	4	【[107][108]】\nそれに[79]の[21][22][57][317]が[33]されてしまった[102]、\nこの[104]にこだわるのは……\n[428][280]のムダかもしれない。
0x00097374	2	【[39][66]】\n…………
0x000973ea	2	【[107][108]】\n[440][441]さんが[796][52]《かんじゃ》じゃなかった……？
0x00097477	3	【[107][108]】\nあ、そうか。\n[24][25][440][441]って、[26][27][221]の[524][73]《ぎめい》だったっけ。
0x000974ff	2	【[39][66]】\nもう、しっかりしてよ！
0x0009754a	3	【[107][108]】\n[518]い。\n[382][605]してないからさ、[770][341]《ふだん》は……
0x000975c3	3	【[39][66]】\nそれで？\n[24][25]さんの[115][73]は？
0x0009762e	3	【[107][108]】\n…………\nじ、[111]は、[129]らないんだ……
0x000976a1	2	【[39][66]】\n…………
0x000976e7	2	【[39][66]】\nじゃあ、まずはそこからだね……
0x0009775b	2	【[107][108]】\nそれにもう[57]つ[80][990]《みのが》せない[1][2]もあるしな。
0x000977f1	2	【[107][108]】\nおふくろと[440][441]さんの[160][754][590][316][4][784]の[146]が[403]じ……
0x0009786b	2	【[107][108]】\nこれはもう、[470]まりだよな。
0x000978d2	3	【[39][66]】\n[87]もそう[132]う。\nそれにね、もう[57]つ[411][346]な[1][2]があるの。
0x0009794e	3	【[107][108]】\n[411][346]な[1][2]？\nなんだ？
0x0009799d	4	【[39][66]】\n[111]は、あのあと[754][489][590][316][274][61]に、\n２００４[7]１０[429]２２[146]に[160][754][590][316][4][784]の[669][421]が\nあるか[150]い[264]わせてみたの。
0x00097a47	2	【[107][108]】\n……まさか。
0x00097a8e	4	【[39][66]】\nそう。\nその[146]には、\n[160][754][590][316][4][784]の[669][421]はないって。
0x00097b0b	2	【[107][108]】\n…………
0x00097b51	3	【[107][108]】\n[793][89][636]がウソをついてないなら、\n[45][46]の[772][366]で[590][316][4][784]があったってことか？
0x00097bd9	3	【[39][66]】\n[457][458]してみないとわからないけど、\n[301][302][101]は[31]いんじゃないかと[132]う……
0x00097c5c	3	【[107][108]】\nこれは[126][127]に[80][478]ごせない[28][111]だ！\n[457][458]してくれ！
0x00097cd5	2	【[39][66]】\nわかったわ。
0x00097d40	4	【[107][108]】\nなるほど…………\nその[744][745][145][390]ってのは、\nけっこうくせ[52]っぽいな。
0x00097daa	3	【[107][108]】\nおふくろの[590][316][4][784]だけでなく、\n[21][22][57][317]の[160][754][590][316]も[4]がけていた……
0x00097e1a	4	【[107][108]】\nでも、その[744][745][145][390]も[102]や[152][158][93][283]か……\n[97]を[98]きたいところだけど、\nどうしようもなさそうだな。
0x00097eb0	2	【[39][66]】\nそうね……
0x00097f18	4	【[107][108]】\n[99]てよ。\n[440][441]さんなら\nなにか[129]ってるかもしれないな。
0x00097f90	2	【[107][108]】\n[440][441]さんに[97]を[98]いてきてくれるか？
0x00097ffd	2	【[39][66]】\nうん、わかった。
0x0009808e	1	[342][341]の[170][158][267]
0x0009809a	1	[342][341]の[170][158][267]
0x00098284	2	【[39][66]】\n……ここは？
0x000982e4	2	【[970][257]】\nここは、[105][106]さんが[28][794]に[674]《あ》われた[35][36]です。
0x00098341	2	【[39][66]】\nえっ……！？
0x0009837c	2	【[970][257]】\n…………
0x000983c2	3	【[970][257]】\nそしてその[178][19]に、\n[105][106]さんと[477][101]が[257][839]していた[35][36]でもあります。
0x00098420	2	【[39][66]】\n…………
0x0009847f	2	【[970][257]】\nさて、どこから[97]せばよろしいですか？
0x000984dc	2	【[39][66]】\n（[107][108]のお[250]さんが[28][794]に[674]《あ》われた[35][36]の[342][341]ね…）
0x00098752	2	【[39][66]】\nここでいったい、なにがあったんですか……？
0x000987b5	2	【[970][257]】\n…………
0x000987fb	3	【[970][257]】\nあのとき、[105][106]さんと[477][101]の[158]が\n[257][839]なさっていて……
0x00098865	3	【[970][257]】\nその[178][20]に、[105][106]さんが[342][341]から[558]ちて\n[186]くなったんです……
0x000988cb	4	【[970][257]】\nただ、それだけです。\n[257][839]と[105][106]さんの[28][794]に[215][344]はなかったのかもしれません。\nただ……
0x00098934	2	【[39][66]】\nただ？
0x00098976	4	【[970][257]】\n[257][839]していた[477][101]の[47][1]が\n[387]れられないんです。\n５[7][219]った[102]も……
0x000989fc	4	【[970][257]】\nほら、よくドラマなんかで\n[33][382]どうこうって[97]があるでしょう。\nあの[47][1]から[242]じたのは、まさに[33][382]でした……
0x00098a70	3	【[39][66]】\n……つまり、\n[477][101]が[525]《つ》き[558]《お》とした[301][302][101]は[594][11]できない、と。
0x00098afa	2	【[970][257]】\n……ええ。
0x00098b40	3	【[970][257]】\nだけど、その[697][280]《しゅんかん》は[404][375]《もくげき》していません。\n[87]の[14][4]な[509][393]です。
0x00098ba9	4	【[39][66]】\n[294][129]《しょうち》しております。\nあくまで[301][302][101]の[57]つとして\n[98]かせていただきました。
0x00098c0e	3	【[39][66]】\n（[107][108]のお[250]さんが[257][839]してた[477][101]って\n[205]《だれ》なのかしら……？）
0x00098c6e	2	【[39][66]】\n（……もしかしたら、あの[53]じゃ……？）
0x00098cbb	3	【[39][66]】\n[105][106][243][244]さんが[257][839]していた[477][101]って、\nこの[158]じゃないですか……？
0x00098de5	2	【[970][257]】\nいえ、この[158]ではありません。
0x00098e27	2	【[39][66]】\n[168]《ちが》いましたか……
0x00098e68	2	【[39][66]】\nでは、この[158]ですか……？
0x00098ed5	3	【[970][257]】\nええ、その[158]……\n[21][22][57][317]さんです。
0x00098f21	2	【[39][66]】\n…………
0x00098f5a	3	【[39][66]】\nこの[158]は、\n[87]が[232][233]している[28][104]の[50][34][52]《ひがいしゃ》なんです。
0x00098fdd	2	【[970][257]】\nえ……？
0x00099015	2	【[39][66]】\n…………
0x0009904e	4	【[39][66]】\nこの[28][104]の[892][20]には\n[617][618]な[53][280][215][253]が\n[3]り[559]れているようです。
0x000990ab	4	【[39][66]】\nこうなってくると、[105][106][243][244]さんが\nこの[477][101]と[257][839]していたことも、\n[28][104]に[215][253]しているかもしれません。
0x00099136	2	【[970][257]】\n…………
0x0009916f	3	【[39][66]】\n[257][839]の[324][546]って、[583]えていませんか……？\nさすがに５[7][19]の[97]じゃ……
0x000991dd	3	【[970][257]】\n…………\nいえ、ほんの[57][58]ですが[583]えています。
0x0009922e	2	【[39][66]】\n[115][79]ですか……！？
0x0009927b	3	【[970][257]】\nたしか、[110][100]の[186]くなった[181][182]《だんな》さんの[73][19]が\n[477][101]の[257]から[121]ていました。
0x000992ee	2	【[970][257]】\n『オレが[105][106][108][317]を[33]したと[51]っているのか』と。
0x0009933f	2	【[39][66]】\nえっ……！？
0x00099387	4	【[970][257]】\nずいぶんと[165][991]《ぶっそう》な[97]をしているなと[132]いました。\nそのあとに[105][106]さんが[186]くなったので、\nずっと[199][200]に[240]っていたんです……
0x00099415	2	【[39][66]】\nそのことは[547][439]に……？
0x00099463	4	【[970][257]】\nいえ。\n[603]《こわ》くて……\n[58]ったら[87]が[33]されると[132]いましたから……
0x000994c1	2	【[39][66]】\n…………
0x00099507	4	【[970][257]】\nでも、[174][221]のおける[403][871]《どうりょう》にだけは[97]そうと[132]いました。\nでも、[97]そうとしたところで[145][390]がやってきて、\n[97]しそびれてしまいました。
0x0009958d	2	【[39][66]】\n[145][390]……？
0x000995ee	3	【[970][257]】\n[160][754][590][316][4][784]を[983][984]《しっとう》した、\n[744][745][178][513]《はりまなおただ》[145][390]です。
0x0009968e	4	【[970][257]】\n[744][745][145][390]に[802]を[9]るなと[381][382]され、\n[142][255]それから[205]《だれ》にも[97]す[274][148]がなく……\n[102]、あなたに[97]したのが[627]めてです。
0x0009970f	3	【[39][66]】\n……そうですか。\n[410][411]な[1][2]をありがとうございます。
0x000997d2	3	【[970][257]】\nこの[97]をしたのは、\nあなたが[627]めてです。
0x00099887	2	【[39][66]】\n……[410][411]な[1][2]をありがとうございました。
0x000998f9	2	【[970][257]】\nいえ……
0x00099956	4	【[970][257]】\nこんなこと[58]ったら[992]《おこ》られるかもしれませんが、\n[87]もずっと[160]に[977]めていて[532]しかったもので……\n[96]し[774]になりました。
0x000999d0	4	【[39][66]】\nすべてが[283]らかになったらあらためて[395][396]《あいさつ》に[293]ます。\nそのときにはきっと、\n[970][257]さんも[372][615]されると[132]いますよ。
0x00099a56	2	【[970][257]】\n……ありがとうございます。
0x00099a97	2	【[39][66]】\nそろそろ[389]《もど》りましょう。
0x00099b30	2	【[39][66]】\n（もう[96]しお[97]を[98]きましょう）
0x00099bad	2	【[39][66]】\n（[342][341]ね。この[170]の[342]には[45][821]があるみたい）
0x00099c07	3	【[39][66]】\n（コウジのお[250]さんがこの[342][341]から\n[558]ちたらしいけど……）
0x00099c5d	3	【[39][66]】\n（その[178][19]に、\n[21][22][57][317]と[257][839]していたらしいわ）
0x00099cb1	2	【[39][66]】\n（……[122][111]はどうなっているのかしら？）
0x00099d6a	1	[836][261][455]
0x00099d76	1	クレーンゲーム
0x00099d84	1	ゲーム
0x00099d8e	1	［[24][12][429][432][433]について］
0x00099da5	1	［[357][261][428][280]について］
0x00099f14	2	【[39][66]】\n（ゲームセンター『アミューズハウス』ね）
0x00099f6d	3	【[39][66]】\n（１[53]で[293]るのは[627]めてだなあ。\nこういうところ……）
0x00099fc6	2	【[39][66]】\n（ゲームセンター『アミューズハウス』よ）
0x0009a281	2	【[39][66]】\nこの[158]、[80]たことありますか？
0x0009a2f5	3	【[272][455]】\nああ、[24][12][429][571]じゃない。\nウチの[364][344]さんですよ。
0x0009a347	3	【[39][66]】\nそうなんですか！\nご[183]じならお[97]が[198]いです。
0x0009a3c4	3	【[39][66]】\n[24][12][429]さん、[102][429]１１[146]の[720]って、\nこちらのお[272]に[293]ていませんでしたか？
0x0009a433	4	【[272][455]】\nそれって、\nもう１０[146][169][170][19]のことですよね……？\nさすがにそこまでは[583]えてないですよ。
0x0009a49b	3	【[39][66]】\nそうですか……\nそうですよね。
0x0009a4eb	2	【[272][455]】\n[110]がなにかやったんですか？
0x0009a52b	4	【[39][66]】\nいえ、それはまだわかりません。\nなかなか[417][77][118]《ぐたいてき》な[1][2]を[241]ることが\nできなくて……
0x0009a5a3	3	【[272][455]】\nあれ、[99]てよ……？\n１１[146]って[58]ったら、あの[146]かな？
0x0009a5fa	2	【[39][66]】\nなにか[132]い[121]したことがあるんですか？
0x0009a64d	3	【[272][455]】\nいえね、[110]ってうちの[272]じゃ\nかなりの[385]《うで》のゲーマーなんですよ。
0x0009a6b4	4	【[272][455]】\nところが[993]しぶりに[127][480]ゲームで\n[275]けてしまったらしく、\n[445]に[597]つ[79]たりしていたことがありましてね……
0x0009a72f	3	【[272][455]】\nレバーの[232][66]が[518]くなってしまったんで、\n[994][329]したんですよ……
0x0009a787	3	【[39][66]】\nその[994][329]の[669][421]とか\n[240]っていますか？
0x0009a7dd	3	【[272][455]】\nちょっと[99]ってください。\n[457][458]してきます。
0x0009a882	3	【[272][455]】\nお[99]たせしました。\nたしかに１１[146]に[994][329]の[660][75]《いらい》をしていました。
0x0009a8e2	4	【[39][66]】\nなるほど……\nそれは[312][428][472]《ごろ》か、わかますか？\n０[428]１０[327]から１[428]くらいの[280]ではないですか？
0x0009a961	4	【[272][455]】\nうーん……\nさすがにそこまではちょっと。\n[702][720]ということは[583]えてるのですが……
0x0009a9c1	4	【[39][66]】\nそうですか……\n[254][59]までに、そのレバーが[446]《こわ》れた\nゲームの[73][19]はなんですか？
0x0009aa34	3	【[272][455]】\n『ナックルストリート』ですね。\n[127][480][360][555]《たいせんかくとう》ゲームです。
0x0009aa93	3	【[39][66]】\nそうですか。\nありがとうございます。
0x0009aaf6	3	【[272][455]】\n[24][12][429][571]は１１[146]……\nつまり１０[146]の[702][720]に[293]てたようですよ。
0x0009aba6	2	【[39][66]】\nこちらの[357][261][428][280]を[176]えてください。
0x0009ac13	4	【[272][455]】\nウチは[721][115][118]に[891]めませんよ。\nボウリングやカラオケも[403]じビルに[3]ってまして、\n２４[428][280][357][261]です。
0x0009acb5	3	【[39][66]】\n（[149]々なゲームがあるわね……\n[726]しに１[103]やってみようかな……？）
0x0009ad13	2	【[39][66]】\n（…………）
0x0009ad50	4	【[39][66]】\n（やめておこうっと。\n１０[995]ぐらいでゲームオーバーになったら\n[67]ち[178]れなくなりそうだもん……）
0x0009adcd	2	【[39][66]】\n（[149]々なゲームがあるわ）
0x0009ae22	3	【[39][66]】\n（コウジが[142][61][241][382]だったな……\n[149]んなぬいぐるみを[15]ってもらったのよね）
0x0009ae82	3	【[39][66]】\n（……あ、あのぬいぐるみ、[301][771]いかも。\n[732][615]《しゃくほう》されたらコウジにとってもらおうっと）
0x0009af00	2	【[39][66]】\n（コウジが[241][382]としているクレーンゲームね）
0x0009af53	4	【[39][66]】\nすみません。\n[87]、[88][89][90]の[0][91]と[92]します。\nお[97]をお[138]《うかが》いしたいのですが、よろしいですか？
0x0009afea	3	【[272][455]】\n[88][89][90]さん？\nどんな[221]ですか？
0x0009b0e9	2	【[39][66]】\n（これで[232][233]を[234]わりにしようかしら？）
0x0009b1a1	2	【[39][66]】\n（[102][146]はこれくらいにしておきましょう）
0x0009b1ee	2	【[39][66]】\n（もう[96]しここにいましょう）
0x0009b243	3	【[39][66]】\n（[98]かなくちゃいけないことが[240]ってるわ。\nまだ[154]るわけにはいかないわね）
0x0009b2f1	3	【[39][66]】\nアミューズハウスで[241]られた[1][2]は\nこんな[242]じだったわ。
0x0009b39b	4	【[107][108]】\nなるほど。\n[119][58]だけで[228][366]すると\n[24][12][429]は[28][104][79][146]ゲーセンに[152]ってたみたいだな。
0x0009b429	4	【[39][66]】\nそうね。\nただ、[513][457]な[428][280]までわからないから、\n[457][111]なアリバイにはならないけど……
0x0009b4a7	3	【[107][108]】\n[75]《たよ》りのゲーセンでの[404][375][119][58]《もくげきしょうげん》で、\n[513][457]な[428][280]がわからないとなると……
0x0009b528	2	【[107][108]】\n……[597][158]ふさがりだな。
0x0009b576	2	【[39][66]】\nそうね……
0x0009b5bb	3	【[107][108]】\n[157][158]ないな。\nこうなれば[598]に[97]を[98]くしかなさそうだ。
0x0009b61a	4	【[107][108]】\n[432][433]の[101][360]、[599][55]《しゅみ》、[152][256]……\nそこからなにかアリバイを[119][283]できるような[1][2]が\n[3]ることを[600][99]するしかない。
0x0009b6c0	3	【[39][66]】\n……わかったわ。\n[457]か、[598]さんの[601][97][506][602]は……
0x0009b73a	4	【[107][108]】\n……いや、できることなら[178][147][98]いてきて[225]しい。\n[300][4]に[601][97]を[72]《か》けて、\n[24][12][429][115][53]に[26]っている[28][111]を[129]られるのが[603]《こわ》いからな。
0x0009b7d7	4	【[39][66]】\nそっか……\nでも、[178][147][148]って[98]くには、\nどうしたらいいかな？
0x0009b83c	4	【[107][108]】\nメンドクサイかもしれないけど、\n[598]は[24][25][26][27][28][29][30]の[64]くにある[31][32]に[163]ってるから、\nそこで[99]っているのがいいと[132]う。
0x0009b8c6	2	【[39][66]】\nうん、[479][372]《りょうかい》。
0x0009b9cc	4	【[107][108]】\n[247][146]、[791][28]の[15][232]べがあった。\nただ、[528]《おどろ》くほどあっさり[234]わって\n[996][66]《ひょうし》[175]《ぬ》けだったけどな。
0x0009ba9d	4	【[39][66]】\n[57][506]の[404][118]は１０[146][280]、\n[656][657]《こうりゅう》を[960][542]《せいきゅう》することだからね。\nそのための[13][814][458][594]《ざいじょうにんぴ》みたいなものよ。
0x0009bb56	3	【[107][108]】\nもう[96]しオレの[97]を[98]いてくれても\nいいと[132]うんだけどなぁ……
0x0009bbb8	4	【[39][66]】\n[142][640]は[403]じだと[132]うよ。\nいくら[12][111]を[911]《うった》えても、\n[656][657]《こうりゅう》されたと[132]うし。
0x0009bcb5	3	【[107][108]】\n[247][146]は[35][36][791][119]に\n[344]れて[152]かれたよ。
0x0009bd27	4	【[107][108]】\n[33][34][35][36]となったＶＩＰルームにも\n[3]ったけど、\n[142][255]、なにも[132]い[121]せなかった……
0x0009bdb6	2	【[39][66]】\nそっか……
0x0009be14	4	【[39][66]】\nでも[195]に[59]えれば、\nＶＩＰルームに[3]ってない[301][302][101]も\nあるってことだよね？
0x0009be9b	4	【[107][108]】\nそうなんだよ。\nだから[98]いたんだ。\nＶＩＰルームのドアにオレの[356][847]《しもん》がついていたのかって。
0x0009bf12	4	【[107][108]】\nそうしたら、さっき[39][66]が[2][377]してくれた[163]り、\nドアには[356][847]《しもん》を[852]《ふ》き[15]《と》った[853]《あと》があるって[356][882]《してき》された。\nオレが[119][120][577][829]《しょうこいんめつ》のためにやったことだろうって。
0x0009bfcf	2	【[39][66]】\nそれで、[547][439]は？
0x0009c019	4	【[107][108]】\nあっさり[166][839]してきたよ。\nドアの[356][847]《しもん》は[852]《ふ》き[15]《と》られた[853]《あと》があったらしい。\nオレが[119][120][577][829]《しょうこいんめつ》のためにやったことだろうって。
0x0009c0bd	2	【[39][66]】\n[356][847]《しもん》を[852]《ふ》き[15]《と》った[853]《あと》……
0x0009c139	4	【[107][108]】\nこれでオレがＶＩＰルームに\n[3]ってないことを[119][283]するのは\n[303]しくなった。
0x0009c1bc	4	【[107][108]】\nこうなったら、\n[963][884]に[404][375][119][58]《もくげきしょうげん》を[26]るしかないと[132]う。\nそこで[39][66]に[75]《たの》みたい。
0x0009c23f	4	【[107][108]】\nライトブルーの[836][261][455]に[98]《き》き[282]《こ》みをして\nＶＩＰルームに[3]った[53][165]の\n[404][375][119][58]《もくげきしょうげん》をまとめてもらいたいんだ。
0x0009c2ed	3	【[39][66]】\nライトブルーで[404][375][119][58]《もくげきしょうげん》の[232][233]ね。\nうん、わかったわ。
0x0009c3dd	4	【[107][108]】\n[247][146]の[15][232]べで[893][894]《ついきゅう》されたのは、\nオレが[115][79]に[673]に[647]《よ》いつぶれて[669][759]《きおく》が\nなくなっていたのか、ってことだった。
0x0009c470	3	【[107][108]】\n[673]に[647]《よ》いつぶれてたって[112][113]するなら、\n[119][120]《しょうこ》を[84]ってこいだと。
0x0009c4f9	3	【[39][66]】\nお[673]に[647]《よ》いつぶれていた[119][120]《しょうこ》……\n[102]さら、[672][673][791][233]とかはできないよね……
0x0009c58c	3	【[107][108]】\n[17][373][52]にオレが[647]《よ》ってたことを\n[119][58]してもらうしかないだろうな。
0x0009c5f4	4	【[107][108]】\nまず[440][441]さんは[457][111]にオレが\n[647]《よ》いつぶれてたのを[129]ってるから、\n[119][58]してくれるだろう。
0x0009c683	3	【[107][108]】\n……つか、オレを[647]《よ》いつぶした[113][115][53]だからな、\n[440][441]さん。
0x0009c705	2	【[39][66]】\nでも、それだけじゃ[514]いよね。
0x0009c76d	3	【[107][108]】\nそうだな。\n[617][197][53]による[119][58]が[338]ましい。
0x0009c7c7	4	【[39][66]】\n[24][25]さん[169][273]に、\nコウジが[647]《よ》ってたことを\n[119][58]してくれそうな[53]は？
0x0009c84e	3	【[107][108]】\nオレはカウンターにいたし、\nバーのマスターがオレを[583]えてるかも[129]れない。
0x0009c8b5	4	【[39][66]】\nなるほどね……\nそれじゃ、この[104]に[215]しては、\n[24][25][26][27][28][29][30]に[152]って[24][25]さんから[97]を[98]くか……
0x0009c936	3	【[39][66]】\nライトブルーに[152]って、\nマスターに[119][58]してもらうって[158][612]でいいかな？
0x0009c99e	2	【[107][108]】\nああ、そんなとこだろう。
0x0009c9ea	3	【[107][108]】\nそれと[247][146]の[15][232]べでは\n[508][21]いことがあってな……
0x0009ca48	4	【[107][108]】\n[102][103][28][104]を[109][79]してる[373][374][690][28]の[170][433]で、\n[64][106][690][28]ってのがいるんだけど、\nコイツが[433][39][15][218]してきたんだ。
0x0009cae9	2	【[39][66]】\nえっ、そうなの？
0x0009cb31	4	【[107][108]】\n[41][21]すれば、[33][53][13]ではなく、\n[860][34][435][751][13]《しょうがいちしざい》として[67][104]するよう\n[791][28]に[15]りはからおうって[58]ってきたよ。
0x0009cbd8	2	【[39][66]】\n…………
0x0009cc1e	2	【[39][66]】\nねえ、それって……
0x0009cc81	2	【[107][108]】\nな、[508][21]いだろ？
0x0009cce4	4	【[39][66]】\nそういえば[64][106][690][28]って、\n[37][38][30][383]と[403]じで、\n[50][34][52]《ひがいしゃ》と[403][757][390]だったんだよね。
0x0009cd87	4	【[107][108]】\n……[115][79]か？\n[473][474]《ぐうぜん》にしちゃ\nでき[478]ぎてるな……
0x0009cef6	4	【[107][108]】\n[247][146]の[15][232]べは[254]ったよ……\nとんでもないものが\nオレん[23]から[121]てきやがった。
0x0009cf7d	2	【[39][66]】\nなに……？
0x0009cfdc	4	【[107][108]】\n[50][34][52]《ひがいしゃ》の[73][321]《めいし》だよ。\nこれでオレと[50][34][52]《ひがいしゃ》に[508][605]《めんしき》があったことが\n[165][329][118]に[119][283]されちまった……
0x0009d08e	4	【[39][66]】\nええっ！？\nでもコウジ、[50][34][52]《ひがいしゃ》とは[148]ったこと\nないんでしょ！？
0x0009d0fd	3	【[107][108]】\nああ、まったく[669][759]《きおく》にないんだけど……\n[121]てきちまったものは[157][158]ない……
0x0009d187	3	【[107][108]】\nそこで、だ。\n[73][321]《めいし》について[232]べて[225]しいんだ。
0x0009d201	3	【[39][66]】\n[73][321]《めいし》について？\nそんなの[232]べてどうするの？
0x0009d25f	4	【[107][108]】\nほら、[73][321]《めいし》って[148][262]の[285][30]が[65]わったり、\nイメージチェンジしたときに\nデザインが[65]わったりするだろう？
0x0009d2e4	4	【[107][108]】\n[73][321]《めいし》をもらったとしたら、\n[96]なくとも[63][64]のじゃないと\n[132]うんだ。
0x0009d369	4	【[107][108]】\nオレが[583]えてないってことは、\n[997][647]《でいすい》しきっていた[301][302][101]をのぞけば、\n[197][7]……いや、[522][197][7][19]ってこともあり[241]る……
0x0009d412	4	【[39][66]】\nわかったわ。\n[73][321]《めいし》をもらった[428][600]を\n[232]べたいわけね。
0x0009d490	4	【[39][66]】\nそれで、コウジが[84]ってた\n[73][321]《めいし》のデザインって、\nどんな[242]じだったか[583]えてる？
0x0009d51e	4	【[107][108]】\nああ……\n[247][146]の[866]、[998]に[190]いておいた。\nこんな[242]じの[73][321]《めいし》だった。
0x0009d5d2	3	【[39][66]】\nちょっと[99]って。\nデジタルカメラで[669][421]するから。
0x0009d62c	4	【[39][66]】\nこれでいいわ。\nそれじゃ、この[104]に[215]しては、\n[21][22]ビルに[152]って、[98]いてみるね。
0x0009d6ed	2	【[107][108]】\nああ、よろしく[75]《たの》む。
0x0009d761	4	【[39][66]】\nあっ、そう[58]えば、\n[21][22]ビルに[173]を[699]んだときに\n[262][455]さんの[73][321]《めいし》をもらってたっけ。
0x0009d7f3	3	【[107][108]】\nそうなのか？\nちょっと[80]せてくれよ。
0x0009d85f	2	【[39][66]】\nちょっと[99]って……はい、コレ。
0x0009d8f4	2	【[107][108]】\n…………
0x0009d92d	2	【[107][108]】\n[564][474]デザインが[168]《ちが》うな。
0x0009d974	3	【[39][66]】\n……そうね。\nこれは[232]べる[469][999]がありそうよ。
0x0009daa1	4	【[107][108]】\n[247][146]の[15][232]べは\n[28][104][79][146]、ＶＩＰルームに[3]った\n[53][165]についての[97]だった。
0x0009db14	4	【[107][108]】\n[547][439]が[457][458]している[140][141]《はんい》では、\nＶＩＰルームに[3]った[215][253][52]は\n[50][34][52]《ひがいしゃ》を[874]くと４[53]。
0x0009db9d	4	【[107][108]】\nオレの[170][433]の[440][441]さん、\n[33][34][35][36]を[503][183]した[64][106][690][28]、\nそして[37][38][88][89][90]と[780]い[477]だ。
0x0009dc1c	4	【[107][108]】\n[547][439]としてはＶＩＰルームに[3]った\n４[53]のうち、[98]《き》き[282]《こ》みで[1000]《つか》んだ\n[780]い[477]というのがオレだと[132]ってるらしい。
0x0009dcab	3	【[107][108]】\nだから、この[477]の[1][2]を\n[37][38][88][89][90]に[98]いてきて[225]しいんだ。
0x0009dd2b	4	【[107][108]】\n[21][22]グループの[418][150][88][89][90]《こもんべんごし》なら、\n[79][146]、ＶＩＰルームで[50][34][52]《ひがいしゃ》と[148]う[449][450]をしてた\n[53][165]の[1][2]を[129]ってるかもしれないだろ？
0x0009ddea	3	【[107][108]】\nもしかしたら、この[780]い[477]ってのが\nそいつかもしれないしな。
0x0009de49	4	【[39][66]】\n……わかったわ。\nこの[104]に[215]しては、\n[28][29][30]に[389]《もど》って[30][383]から[97]を[98]いてくるわね。
0x0009df45	3	【[107][108]】\n[247][146]の[15][232]べ、\n[0]たな[119][120]《しょうこ》を[525]《つ》きつけられたよ。
0x0009dfc8	3	【[39][66]】\nまたなにか[121]てきたの！？\nどんなものだったの？
0x0009e021	4	【[107][108]】\n[185][223]の[4][905]さ。\nそこにとんでもないことが\n[190]いてあった。
0x0009e082	2	【[107][108]】\n『オレは[21][22][57][317]に[1001]《ねら》われている』
0x0009e0dc	4	【[107][108]】\n『もしオレになにかあったら……\nそれがどれだけ[41][474]に[80]えるものであっても、\n[21][22]の[4]によるものだと[132]ってほしい』……だとよ。
0x0009e180	2	【[39][66]】\nそんな……それって……
0x0009e1e6	3	【[107][108]】\n……オレの[185][223]が[186]くなったのが\n[102]から２０[7]くらい[19]。
0x0009e24a	4	【[107][108]】\nそのとき、オレは５[1002]《さい》で、\n[185][223]が[186]くなった[329][461]とか、\n[417][77][118]《ぐたいてき》な[97]は[102]まで[129]らなかった。
0x0009e2ea	3	【[107][108]】\nだけど[547][439]は\nそうは[132]ってくれないらしい。
0x0009e341	4	【[107][108]】\nこの[4][905]を[80]て、\nオレが[185][223]の[367][1003]《かたきう》ちで\n[50][34][52]《ひがいしゃ》を[33]したって[80][158]もできるだろう、ってさ。
0x0009e3e2	4	【[39][66]】\n……でも、\nコウジはそんなこと\n[129]らなかったんでしょ？
0x0009e45a	4	【[107][108]】\nああ。\nだけどいくら[129]らなかったと[58]っても\n[547][439]は[174]じてくれない。
0x0009e4d9	2	【[39][66]】\nどうしようか……
0x0009e53a	2	【[107][108]】\nどうしようもないさ。
0x0009e583	4	【[107][108]】\nあえて[58]うなら、\nあの[4][905]が[121]てきたオレの[291][74]を[232][233]して、\nなんらかの[119][120]《しょうこ》を[80]つけるしかない。
0x0009e605	4	【[107][108]】\nオレがあの[4][905]を\n[102]の[102]まで[80]たことがなかったって\n[119][120]《しょうこ》を……
0x0009e68b	2	【[39][66]】\n……わかったわ。
0x0009e6d4	3	【[39][66]】\nとにかくコウジの[291][74]に[152]って、\nなんらかの[119][120]《しょうこ》を[80]つけてくることから[400]めよ。
0x0009e762	2	【[107][108]】\nそうだな……
0x0009e7c1	3	【[107][108]】\nオレのアパートは[106][244][957]《ふじしろちょう》の\nフォレストハイム２０１[602][821]だ。
0x0009e82f	3	【[107][108]】\n１[342]の[57][506][135]に[76][23]さんが[285]んでるから\nそこで[586]《かぎ》を[229]りられると[132]う。
0x0009e8a9	3	【[107][108]】\n１[342]の[57][506][4][19]に[76][23]さんが[285]んでるから\nそこで[586]《かぎ》を[229]りられると[132]う。
0x0009e91b	2	【[39][66]】\nわかったわ。
0x0009e9e2	3	【[107][108]】\n[247][146]の[15][232]べで[241]た[1][2]は\n[203]になかったな。
0x0009ea48	4	【[107][108]】\nあえて[58]うなら、\n[696]《き》[911]《そ》されて[898][228]で[12][13]を[14]ち[15]れる\n[457][671]は０．１パーセント[169][300]だと[58]われたよ。
0x0009eaea	3	【[39][66]】\nそうね……[102]の[433][39][347][313][300]だと、\n[12][13]を[67][119]するのは[406]めて[303]しいわ。
0x0009eb8a	3	【[39][66]】\nだけど、[898][228][455][347][313]が[680][3]されれば、\n[96]しは[814][815]《じょうきょう》が[65]わるかもしれない。
0x0009ec05	4	【[39][66]】\n[403][428]に[15][232]べの[301][212][336]についても\n[576][839]されていて、\n[15][232]べの[136][66]をカメラで[520][573]《さつえい》する[436]もあるらしいわ。
0x0009ec8d	4	【[39][66]】\nそうなれば、[12][329]やり[41][21]させられるなんてことも\nなくなるでしょうし、\n[96]しはマシになると[132]うけどね。
0x0009ed06	3	【[107][108]】\nまあ、そう[59]えれば、\n[373][374]の[15][232]べはまだマシなのかもな。
0x0009ed68	4	【[107][108]】\n[96]なくとも、オレに[12][329]やり[41][21]を\n[1004]《せま》ったりはしないし。\n……うながしてきたりはするけど。
0x0009ee64	4	【[107][108]】\n[247][146]の[15][232]べでは、\n[373][374]に[75]《たの》んでもう[57][313][185][223]の\n[4][905]を[80]せてもらったんだ。
0x0009eef5	2	【[107][108]】\nその[209]で[153]になることがあってな……
0x0009ef61	2	【[39][66]】\nなにか[190]いてあったの……？
0x0009efb0	4	【[107][108]】\n[21][22][57][317]が[169][19]、\n[160][754][45]を[796]《わずら》っていたらしいことが\n[190]いてあってさ……
0x0009f03d	4	【[107][108]】\nそんなにありふれてる[58][315]じゃないのに、\n[28][104]の[1005]々《ふしぶし》でこの[97][151]になる……\n[567]なる[473][474]《ぐうぜん》なのか……？
0x0009f0c9	3	【[39][66]】\n……なんとも[58]えないわね。\n[473][474]《ぐうぜん》でも[813][277]けられそうだし。
0x0009f133	4	【[107][108]】\nなんとなく[153]になるんだよ……\nオレの[59]えすぎなら\nそれに[1006]《こ》したことはないんだけど……
0x0009f1bf	4	【[39][66]】\nわかったわ。\nどんな[1][2]も[1007]《も》らさないように、\n[87]も[153]に[657]めておくね。
0x0009f245	2	【[107][108]】\nああ、ありがとう。
0x0009f310	3	【[107][108]】\n[247][146]の[15][232]べでは、\n[203]に[1][2]は[241]られなかった。
0x0009f388	4	【[107][108]】\nあえて[58]えば、\n[166][839]できるのも[283][146]までだぞって\n[534][377]《せんこく》されただけだったよ……
0x0009f47e	3	【[107][108]】\n[247][146]は[373][374]に[541]られたよ。\n[714]まなかった、ってな。
0x0009f4f6	2	【[39][66]】\nそれって、[119][120]《しょうこ》を[700][791]しなかった[104]？
0x0009f553	3	【[107][108]】\nああ。\nどういう[382]《い》[1008]《と》で[541]ったのかはわからないけどな。
0x0009f5b8	3	【[107][108]】\n[96]し[150]いつめてみたんだけど、\nひたすら『[714]まない』って[541]るだけ……
0x0009f639	4	【[39][66]】\n[541]るってことは、\n[96]なくともコウジに\n[92]し[437]ないと[132]ってるわけだよね。
0x0009f6a2	3	【[39][66]】\n[794][382]だったのか[473][474]《ぐうぜん》だったのか、\n[794][382]なら[205]《だれ》の[382][108]だったのか……
0x0009f717	3	【[107][108]】\nその[244]わりってわけじゃないんだろうけど、\n[547][439]の[1][2]をもらったよ。
0x0009f77d	4	【[107][108]】\n[547][439]もビデオに[710]った[573]《かげ》の[53][165]の[513][77]を\n[1009]《しぼ》れてないってことと、\nオレ[169][273]にも[546][51]《ようぎ》を[72]《か》けている[53][165]がいるって[529][313]だけどな。
0x0009f839	3	【[39][66]】\n[373][374][690][28]は[96]しコウジに\n[171][172]《はいりょ》してくれるようになったってこと？
0x0009f8be	4	【[107][108]】\nさあ、まだなんとも[58]えないけどな。\nどうせこのあと[15][232]べだ。\nこっちからも[149]々と[26]ってみるさ。
0x0009f94e	3	【[107][108]】\nあと、うまく[50][34][52]《ひがいしゃ》が[390]きて[404][375]《もくげき》された[428][280]を\n[98]き[121]すことができたよ。
0x0009f9c9	4	【[107][108]】\n０[428][472]《ごろ》……\nオレが[257][839]してたと[119][58]した[64][106]からの\n[1][2]らしいけどな。
0x0009fa3c	3	【[39][66]】\n０[428][472]《ごろ》……\nつまり[123][152][428][280]は０[428]から４４[327]の[280]ってことね。
0x0009faac	2	【[107][108]】\nそういうことだ。
0x0009fb75	4	【[107][108]】\n[247][146]の[15][232]べでわかったことが[57]つある。\n[352][121]されなかった[685][123]カメラの[710][393]は、\n[64][106][690][28]の[157][261]だったってことだ。
0x0009fc17	3	【[39][66]】\nえっ……\nそれって、[382][1008][118]《いとてき》に、ってこと……？
0x0009fc95	3	【[107][108]】\nあの[257]ぶりから[59]えるに、\n[280][168]《まちが》いないと[132]う。
0x0009fd0f	3	【[107][108]】\nしかもヤツは、[102][20][483][670]な[119][120]《しょうこ》が[121]たとしても\n[1010][236]《ふんしつ》してしまうだろうって[1011]《おど》してきたよ。
0x0009fdae	4	【[39][66]】\nそれって、[132]いっきり[168][39][152][580]《いほうこうい》じゃない！\n[1012]《な》き[950]《ね》[3]《い》りすることないよ！\n[87]、[536][576]《こうぎ》してくる！
0x0009fe5b	4	【[107][108]】\nやめるんだ。\n[119][120]《しょうこ》はもう[850]されてるだろうし、\n[300][4]に[991]《さわ》いだら[39][66]にまで[50][34]《ひがい》が[894]《およ》ぶ。
0x0009fee7	2	【[39][66]】\n[1013][153]よ、そんなの！
0x0009ff4b	4	【[107][108]】\n[75]《たの》む、[494]《た》えてくれ。\nこの[104]はうかつに[256]くと\n[102]までの[232][233]が[564][291]ムダになりかねない。
0x0009ffe1	4	【[107][108]】\n[78][4]は[547][439][1014]だ。\n[805][411]《しんちょう》に[136][66]を[80]て、\n[122][382]をはかり、スキを[26]すべきだ。
0x000a0074	4	【[39][66]】\nどういうことなの……？\n[102][103]の[28][104]が、[547][439][453][807]まで[256]かすような\n[76]きな[28][104]だってこと？
0x000a0107	4	【[107][108]】\nさあ、それはわからないさ。\nだけどこの[104]については\nオレたちにできることはなにもない。
0x000a018d	3	【[107][108]】\nだから[483][670]な[119][120]《しょうこ》が[121]たとしても、\n[547][439]に[352][121]するときは[805][411]《しんちょう》に[152]こう。
0x000a0223	2	【[39][66]】\nでも、それじゃ……！
0x000a026f	4	【[107][108]】\nわかってる。\nオレだってやられっ[615]しは\n[101]に[264]わない。
0x000a02e6	3	【[107][108]】\n[80]つけてやるさ……\n[525][585][257]《とっぱこう》を。
0x000a03e5	4	【[107][108]】\n[247][146]の[15][232]には[373][374]がいなかったんだ。\n[244]わりに[459][115][690][28]の[15][232]べを[276]けたんだけど、\nそこで[382][273]な[97]を[98]けたよ。
0x000a0487	3	【[107][108]】\nなんと、[459][115][690][28]と[440][441]さんは\n[111]の[775][723]らしいんだ。
0x000a0502	2	【[39][66]】\nええっ、そうなの！？
0x000a0566	4	【[107][108]】\nああ。\n[459][115][690][28]は[26][27]を[400]めてからの[440][441]さんを\n[1015][481]《けぎら》いしてるらしい。
0x000a05f2	3	【[39][66]】\n[26][27]がヤクザな[309][9]に[132]えるんだろうね。\n[459][115][690][28]、きっと[390][122][508][404]な[53]なのね。
0x000a065b	2	【[107][108]】\n（オマエが[58]うか……）
0x000a06a9	4	【[107][108]】\nでも、[440][441]さんと[459][115][690][28]が\n[775][723]だってことで、\nある[53][165]の[513][77]につながる[4]がかりを[241]ることができた。
0x000a0776	3	【[107][108]】\n[440][441]さんと[459][115][690][28]が[775][723]ということで\n[513][77]の[4]がかりを[241]られた[53][165]とは……！？
0x000a08ac	2	【[107][108]】\n（[168]《ちが》う、そうじゃない！）
0x000a090c	3	【[107][108]】\n（[440][441]さんと[459][115][690][28]が[775][723]ということで、\n[440][441]さんの[115][79]の[73][907]がわかるだろう……？）
0x000a097b	3	【[107][108]】\n（それに[215][253]した[53][165]がいたはずだ。\nそれは……！？）
0x000a0a43	4	【[107][108]】\n[440][441]さんと[459][115][690][28]は[775][723]。\nそして『[24][25][440][441]』は\n[157][28][221]の[524][73]《ぎめい》……
0x000a0abe	2	【[107][108]】\n[440][441]さんの[115][73]は[459][115]ってことになる。
0x000a0b47	4	【[39][66]】\n……ということは、\n『よしもとゆみ』ちゃんは、\n[24][25]さんの[460]《むすめ》……！？
0x000a0bec	4	【[107][108]】\nいや、そこまではわからない。\nけど、なんらかの[215][253]が\nあるんじゃないかと[132]う。
0x000a0c58	4	【[107][108]】\nここまで[1][2]が[1016]《そろ》えば、\nさすがに[440][441]さんも\n[115][79]のことを[176]えてくれるだろう。
0x000a0ce4	3	【[107][108]】\nよしもとゆみについて、\n[440][441]さんに[98]いてきてもらえないか？
0x000a0d5d	2	【[39][66]】\n……わかったわ。
0x000a0eda	2	【[107][108]】\nさてと、どこから[97]していいものか……
0x000a0f47	2	【[39][66]】\nあら、[102][103]は[1][2]がたくさんあるみたいね。
0x000a0fb8	3	【[107][108]】\nいや、\n[76]したことじゃないんだけど……
0x000a1020	3	【[107][108]】\n[97]が[19][20]するんだけど、\nのぞみから[98]いた[97]からしようか。
0x000a1081	3	【[107][108]】\n[21][22][122][482]には[31][32][428][244]に\n[876]きだった[53]がいるらしい。
0x000a10e3	3	【[107][108]】\n[482]つ[170]の[145][484]《せんぱい》なんだそうだ。\nでも[2]《むく》われなかったみたいだ。
0x000a1150	3	【[107][108]】\nあとは、[452]々[932][754]《じんぞう》が[518]くって、\n[41][327]は[383]くないって[41][583]してたらしい。
0x000a11dc	4	【[107][108]】\nそんなときに[590][316][4][784]が[470]まって\n[413][938]《とおう》したけど\nそのまま[154]らぬ[53]となってしまった……
0x000a126d	3	【[39][66]】\n……[210]ないね。\n[338]みを[84]って[413][938]《とおう》しただろうに……
0x000a12d3	2	【[107][108]】\nそうだな……
0x000a1332	2	【[107][108]】\nで、ここからが[247][146]の[15][232]べの[97]なんだけど……
0x000a138e	3	【[107][108]】\n[247][146]も[373][374]がいなくてさ、\n[459][115][690][28]の[15][232]べを[276]けた。
0x000a140c	3	【[107][108]】\nそこで、その……\nちょっと[682][176]《せっきょう》しちゃってな。
0x000a1487	3	【[39][66]】\n[682][176]《せっきょう》！？\n[50][51][52]《ひぎしゃ》が[690][28]に！？
0x000a14ed	4	【[107][108]】\nいや、\n[440][441]さんの[518][257]を[58]うもんだから。\nそれは[440][441]さんに[660][183]《いぞん》してるだけだ……って。あはは。
0x000a1587	2	【[39][66]】\n……コウジらしいよ。
0x000a15ec	2	【[107][108]】\nそ、そうか……？
0x000a1636	4	【[39][66]】\n[695][79]に[390]きてるように[80]えて、\n[132]い[67]ったように[702]い[53][390][117]を\n[868]るよね。
0x000a16bd	3	【[39][66]】\n……なにを[59]えてるのか\nわかんない。
0x000a1711	2	【[107][108]】\nな、なんで[1017]《す》ねるんだよ。
0x000a177b	2	【[39][66]】\n[1017]《す》ねてなんかない！
0x000a17e1	3	【[107][108]】\nは、はい……\nそうですね、はい。
0x000a184d	4	【[39][66]】\n……それで、\n[459][115][690][28]は？\n[992]《おこ》ってなかった？
0x000a18c9	3	【[107][108]】\nあ、ああ……\n[63][20]は[770][163]《ふつう》に[97]してたと、[132]う……
0x000a1949	2	【[39][66]】\n…………
0x000a19a8	3	【[107][108]】\n……ど、どうして[222]《だま》ってるんだ？\n[992]《おこ》ってるのか……？
0x000a1a12	3	【[39][66]】\nううん。\n[1018]《あき》れてるだけよ。
0x000a1a7e	2	【[107][108]】\nそ、そうか……
0x000a1adf	3	【[39][66]】\nそれで、[459][115][690][28]からは、\n[1][2]を[218]き[121]せなかったの？
0x000a1b42	3	【[107][108]】\nああ、[682][176]《せっきょう》が[670]いたのか、\n[185][223]の[4][905]を[80]せてもらえたんだ。
0x000a1bc9	4	【[107][108]】\nそこに[190]いてあったことで\n[153]になったのが、\n『[21][22][122][482]』『[121][114][31][32]』ってこと。
0x000a1c3e	3	【[39][66]】\n……ここにきてよく[98]くわね、\n[21][22][122][482]という[73][19]……
0x000a1ca2	4	【[107][108]】\nああ、だから[153]になってね。\n[459][115][690][28]が[58]うには、\n[21][22][122][482]の[121][114][31][32]は[630][631][31][32]らしいんだ。
0x000a1d3c	3	【[39][66]】\n[630][631][31][32]って……\n[633]さんと[598]さんが[163]っている[31][32]？
0x000a1db8	4	【[107][108]】\nその[163]り。\nどこかで[98]いたことあると[132]ったけど、\n[28][29][30]の[64]くにある[31][32]だったんだな。
0x000a1e2d	3	【[107][108]】\nただ、[129]っていた[329][461]は\nそれだけじゃない。
0x000a1e85	4	【[107][108]】\n[132]い[121]したんだ。\n[630][631][31][32]は、\nおふくろの[121][114][32]でもあるって……
0x000a1f09	3	【[39][66]】\nそ、そうなの……！？\nすごい[473][474]《ぐうぜん》ね。
0x000a1f81	3	【[107][108]】\nいや、\nこれを[473][474]《ぐうぜん》で[234]わらせていいのか？
0x000a1fdf	2	【[39][66]】\n…………！？
0x000a2029	3	【[39][66]】\nそう[58]えば、[21][22][122][482]さんの[876]きな[78][4]は\n[482][1002][7][170]《にさいとしうえ》の[145][484]《せんぱい》……！？
0x000a20c3	4	【[107][108]】\n……[232][233]してもらいたいんだ。\n[630][631][31][32]に[152]って、\nおふくろと[21][22][122][482]のことを……
0x000a2153	2	【[39][66]】\n……わかったわ。
0x000a221e	2	【[107][108]】\n……[247][146]の[15][232]べで[373][374]が[154]ってきた。
0x000a2291	4	【[39][66]】\nそれは……うれしくないわね。\nでも、[373][374][690][28]……\n[102]までどうしてたのかしら？
0x000a2301	3	【[107][108]】\nそれがどうも、\n[440][441]さんに[297]び[121]されてたらしいんだ。
0x000a235f	2	【[39][66]】\n[24][25]さんに？
0x000a23a6	4	【[107][108]】\nなんでも、ある[377][8]を[98]かされたらしい。\n[377][8]の[324][546]までは\n[176]えてもらえなかったけどな。
0x000a241a	4	【[107][108]】\nそれと、[440][441]さんから、\n[193]の[685][123]カメラに[710]ってた\n[710][393]を[276]け[15]ったらしい。
0x000a24a3	2	【[39][66]】\n[24][25]さん……さすがね。
0x000a24f1	4	【[107][108]】\nああ。\nで、その[710][393]を\n[102][146][80]せてもらえることになった。
0x000a256c	4	【[107][108]】\nもう[57][313]じっくりと[80]て、\n[573]《かげ》の[513][77]の[4]がかりを[241]ようと\n[132]ってな。
0x000a25db	3	【[39][66]】\nそっか……\nなにかわかったら[176]えてね。
0x000a2649	2	【[107][108]】\nああ、[774]しみにしてろよ！
0x000a2731	3	【[39][66]】\nどうだった？\n[685][123]カメラの[710][393]は。
0x000a2786	2	【[107][108]】\nん……ああ……
0x000a27e8	3	【[39][66]】\nあれ、\nあまり[1019][210]れが[204]くないね……？
0x000a2840	4	【[107][108]】\n……[111]はな、\nあの[573]《かげ》の[513][77]が\n[64][106][690][28]だってことが[228][283]したんだ。
0x000a28ca	3	【[39][66]】\nええっ！？\nそれじゃあ……
0x000a2932	2	【[107][108]】\nいや、ところがそうじゃないんだ。
0x000a2982	3	【[107][108]】\nオレは、あの[573]《かげ》が\n[855][678]《けんじゅう》に[356][847]《しもん》をつけたんだと[132]ってた……
0x000a29f7	4	【[107][108]】\nけど、[168]《ちが》うんだ。\n[64][106][690][28]は、[93][513]の[119][120]《しょうこ》を[103][864]するために\nカウンターに[64]づいたんだ。
0x000a2a94	2	【[39][66]】\n[93][513]の[119][120]《しょうこ》……？
0x000a2b01	4	【[107][108]】\n[440][441]さんが[221][382]したらしい。\n[93][513]の[119][120]《しょうこ》が[225]しければ、\n[15]りに[293]いってあらかじめ[64][106]に[180]えてね。
0x000a2b86	4	【[107][108]】\nこれで、\n[846][489]《きょうき》についた[356][847]《しもん》の[104]は\n[948]《ふ》り[121]しに[389]《もど》っちまった。
0x000a2c01	4	【[107][108]】\n[102][146]の[15][232]べで、\n[64][106]と[97]をすることになってる。\nそこでケジメをつけてくるよ。
0x000a2c8a	3	【[39][66]】\n…………\nあまりムチャはしないでね……
0x000a2d7c	2	【[107][108]】\n[64][106][690][28]が[93][513]について[41][21]したよ。
0x000a2ded	4	【[107][108]】\n[142][255]、コンプレックスだったんだな。\n[41][327]は[1020]《たた》き[170]《あ》げで、これ[169][170]の[121][415]は[338]めない。\n[57][158]でどんどん[121][415]する[740][53]……
0x000a2e9d	4	【[107][108]】\nそんなときに、[50][34][52]《ひがいしゃ》から\n[28][104]のもみ[850]しを[75]《たの》まれたことで、\n[127][438]になれたって、[394][168]《かんちが》いしてしまった。
0x000a2f2f	4	【[107][108]】\nそれをキッカケに、\n[16]から[16]へと\n[93][513]に[4]を[1021]めていったらしい……
0x000a2fb0	4	【[39][66]】\n……[1022]われないけど……\nコンプレックスを\nきちんと[458]めたんだね、[64][106][690][28]。
0x000a3020	4	【[107][108]】\nそうだな。\nまあ、[202][53]のことを[160][171]してる\n[36][264]じゃないけどね、オレは。
0x000a30ec	3	【[107][108]】\nこのあと、[440][441]さんが[293]てくれることに\nなってるんだ。
0x000a3149	3	【[107][108]】\n[64][106]の[104]も[813][277]いたし、\nこの[104]についてお[237]を[58]いたいな。
0x000a31c6	4	【[39][66]】\nそっか……\nでも、[24][25]さん、\n[202]にも[149]々と[1][2]を[84]ってそうだよね。
0x000a3232	4	【[107][108]】\nああ、それもなんとかして[98]き[121]したい。\nもう[428][280]もないし、\nなりふりかまっちゃいられないからな！
0x000a32c1	2	【[107][108]】\nそして、なにより、あの[457][458]をしないと……
0x000a339b	3	【[107][108]】\n[247][146]は[373][374]に[156][150]したんだ。\n[547][439]の[1][2]を[176]えてもらうためにな。
0x000a341e	2	【[39][66]】\nどんな[156][150]？
0x000a3470	4	【[107][108]】\nオレのおふくろは、\n[102]から５[7][19]に[45][46]の[342][341]から\n[558]ちて[186]くなった……
0x000a34de	4	【[107][108]】\n[79][428]は[28][794]として[916][329]されたけど、\n[111]は[21][22][57][317]に[525]《つ》き[851]《と》ばされた\n[51]いがある。
0x000a355a	4	【[107][108]】\nこの[104]について、\n[547][439]に[1][2]が[240]ってないか\n[129]りたい。
0x000a35cc	4	【[107][108]】\n[50][34][52]《ひがいしゃ》の[569]は、\n[932][754][590][316][4][784]《じんぞういしょくしゅじゅつ》のために[413][938]《とおう》したが、\n[4][784]に[236][917]して[975][751][814][832]になったらしい。
0x000a366b	4	【[107][108]】\nその[142][640]として、\n[21][22][122][482]の[160][754]は[638]に[413]《わた》ったが、\nこれが[382][1008][118]《いとてき》に[152]なわれた[301][302][101]がある。
0x000a36f5	4	【[107][108]】\nこの[104]について、\n[547][439]はなにかを[1000]《つか》んでないか、\n[129]りたい。
0x000a376d	3	【[107][108]】\nライトブルー[324]に[678][408]《じゅうせい》が[677]《な》り[574]《ひび》いて、\n[28][104]が[8][583]した。
0x000a37e2	4	【[107][108]】\nしかしこの[678][408]《じゅうせい》は\n[273][291][676][675]の[301][302][101]があるとオレは[653][329]し、\n[215][253][52]のアリバイを[689]《くず》した。
0x000a3869	3	【[107][108]】\nけど、この[676][675][41][77]は[119][120][955]《しょうこひん》として\nまだ[8][80]されてない。
0x000a38d6	4	【[107][108]】\nつまり、[35][814]では、\nオレの[1023][509]《もうそう》で[813][277]けられてしまう\n[301][302][101]もある。
0x000a3948	3	【[107][108]】\n[547][439]がなんらかの[1][2]を\n[1000]《つか》んでないのか、[129]りたいんだ。
0x000a39ae	2	【[107][108]】\n……ってな。
0x000a39f5	2	【[39][66]】\n……たしかに[153]になることだね。
0x000a3a50	4	【[107][108]】\n[139]えは[283][146]。\n……[993]々に[146][1024]れが\n[99]ち[538]しいよ。
0x000a3c07	3	【[107][108]】\n[247][146]は[129]らない[100]の[66]が\n[147][80]にやってきたよ。
0x000a3c7c	3	【[39][66]】\nあっ、それって、\n[50][34][52]《ひがいしゃ》の[460]《むすめ》さんじゃない？
0x000a3ce4	3	【[39][66]】\n[73][19]はたしか……のぞみ。\nそう、[21][22]のぞみさん。
0x000a3d43	2	【[107][108]】\nああ、やっぱりそうか……
0x000a3da9	3	【[39][66]】\n[87]が[21][22][23]から[154]ろうとしたときに[97]しかけられたの。\n[50][51][52]《ひぎしゃ》に[148]いたいけど、どうすればいいのかってね。
0x000a3e2d	4	【[39][66]】\nでも、[50][34][52]《ひがいしゃ》の[23][60]は[50][51][52]《ひぎしゃ》とは\n[148]えないって[58]ったら、\nひどく[558]《お》ち[282]《こ》んじゃってね。
0x000a3eba	4	【[39][66]】\nだからさりげなく、\n[65][164]してバレないように[152]けばって\n[772]り[58]を[58]ったんだけど……
0x000a3f43	3	【[107][108]】\nしばらく[80]ないうちに\n[518]くなったなー、[39][66]も。
0x000a3fb7	3	【[39][66]】\nえ、だ、だって……！\n……やっぱり、[58]わなきゃよかったかな？
0x000a4036	4	【[107][108]】\nいや、かまわないよ。\nそれであの[66]、あんなに[1025][66]《ぼうし》を[702]く\nかぶってきたのか。
0x000a40c0	4	【[107][108]】\n[154]り[155]に[57][58]だけ『[53][33]し』って[58]ったのは\nなかなか[1026][375][118]《しょうげきてき》というか、\nちょっと[658]しかったけどな……
0x000a4161	4	【[107][108]】\nまあ、[110][100]にとっては\n[223][185]を[33]した[123][53]に『[53][33]し』って[58]うだけでも\n[96]しは[153]が[355]れるのかもな。
0x000a41f8	3	【[107][108]】\nそれで[67]ち[178]ってくれれば\nいいんだけど……
0x000a4268	2	【[39][66]】\n…………
0x000a42ae	3	【[39][66]】\n[201]しいのね……\n[780]い[100]の[66]には。
0x000a431c	3	【[107][108]】\nそ、そんな[58]い[158]するなよ！\nオレは[205]《だれ》に[127]しても[201]しいぞ。
0x000a4383	2	【[39][66]】\nそういうことにしておこうかしら。
0x000a43eb	2	【[107][108]】\n……ふう。
0x000a444a	3	【[39][66]】\nでも、[110][100]が[1025][66]《ぼうし》で[227]を[577]《かく》してまで\nここに[293]た[329][461]は[153]になるわね……
0x000a44da	4	【[107][108]】\nあぁ、そうなんだ。\n『[53][33]し』って[58]うためだけに、\nわざわざ[293]るもんだろうか……？
0x000a454d	2	【[107][108]】\nちょっと[26]ってみてくれないか？
0x000a45b5	2	【[39][66]】\nわかったわ。
0x000a467c	3	【[107][108]】\n[247][146]も[50][34][52]《ひがいしゃ》の[460]《むすめ》、\n[21][22]のぞみがやってきたよ。
0x000a4702	3	【[107][108]】\nところが、\nどうも[136][66]が[65]だったというか……
0x000a4775	2	【[107][108]】\n[154]り[155]、[125]って[121]て[152]ったんだ。
0x000a47e2	3	【[39][66]】\n[125]ってた……？\nなんで？
0x000a484a	3	【[107][108]】\nうーん……\nよくわからないんだよな……
0x000a48b8	3	【[39][66]】\nもしかしたら、\nコウジが[123][53]じゃないって[132]ったのかな？
0x000a4930	4	【[107][108]】\nいや、それならむしろ[195]だと[132]うけどな。\nオレ、[41][327]が[123][53]だと[132]わせるような\n[97]をしたし……
0x000a49a8	2	【[39][66]】\nそうなの……？
0x000a49f0	4	【[107][108]】\n『オレを[523]《うら》むことで[153]が[714]むなら、\nとことん[523]《うら》めばいい。\nそのほうが[198]く[67]ち[178]れる』って[58]ったんだ。
0x000a4a8f	2	【[39][66]】\n…………
0x000a4aee	3	【[107][108]】\nなんで[63][20]に[125]ったのか、\n[564][474]わからないんだよな……
0x000a4b67	4	【[39][66]】\n……それはね、\n[110][100]はやっぱりコウジが[123][53]じゃないって\n[329][372]したんだよ。
0x000a4bd4	3	【[107][108]】\nえ、どうして？\nそれはないと[132]うけどなぁ……
0x000a4c46	2	【[39][66]】\n…………
0x000a4c8c	4	【[39][66]】\nこんなに[662]《するど》い[653][329][131]があるのに、\nどうして[53]の[160]に[215]しては\nここまで[816][242]《どんかん》なんだろ……
0x000a4d0c	3	【[107][108]】\n……ん？\nどういうことだ？
0x000a4d74	2	【[39][66]】\nううん、なんでもない。
0x000a4e62	2	【[107][108]】\n[247][146]ものぞみが[293]たんだ。
0x000a4ec9	2	【[39][66]】\n……[102]、[297]び[701]てにしたよね？
0x000a4f35	4	【[107][108]】\n……ん？\nどうした、[39][66]？\n[227]が[603]《こわ》いぞ？
0x000a4f96	3	【[39][66]】\nそうかな？\nで、のぞみさん、なにか[58]ってた？
0x000a4ffb	3	【[107][108]】\n（な、なんか[992]《おこ》ってるような[153]もするけど、\nまあ、いいか）
0x000a507a	4	【[107][108]】\nのぞみはさ、[63][627]からオレのこと、\n[123][53]じゃないって\n[132]ってたらしいんだ。
0x000a50e4	3	【[107][108]】\nその[380][120]《こんきょ》を[98]いてみたら、\n[508][21]い[382][80]が[549]ってきたよ。
0x000a5166	2	【[39][66]】\nへえ、どんな？
0x000a51ad	3	【[107][108]】\nオレが[855][678]《けんじゅう》を[414]ったことに\n[168][539][242]《いわかん》があるってさ。
0x000a5231	3	【[107][108]】\nなにげない[97]なんだけど、\nよくよく[59]えればたしかにおかしいんだよな。
0x000a5295	3	【[107][108]】\nオレをハメて、[41][327]は[547][439]に[179]《つか》まらずに[990]《に》げ[210]《き》る。\n[122][123][53]は[340][500]を[1027]《ね》りに[1027]《ね》って[111][152]したはずなんだ。
0x000a532a	4	【[107][108]】\nなのに[678][408]《じゅうせい》で[123][152]が[8][583]した……\n[846][489]《きょうき》も[123][152][428][1028]も[129]られて、\nそのときに[179]《つか》まる[767][812][101]も[170]がったはずだ。
0x000a53c4	3	【[39][66]】\n……なるほど。\n[58]われてみればたしかに[65]ね。
0x000a541e	4	【[39][66]】\nでも[195]に[59]えると、\nもしかしたら[122][123][53]は[678][408]《じゅうせい》を\n[98]かせたかったのかもしれないね？
0x000a54af	3	【[107][108]】\nえっ……？\n[102]、なんて[58]った……？
0x000a5520	4	【[39][66]】\nえっ……\n[122][123][53]は[678][408]《じゅうせい》を\n[98]かせたかったのかな……って……
0x000a55a8	2	【[107][108]】\n…………
0x000a5607	3	【[107][108]】\nそうか、そういうことか……\nようやく[371]《なぞ》が[372]けた……
0x000a5683	2	【[39][66]】\nえっ、どういうこと……？
0x000a56ea	4	【[107][108]】\n[39][66]の[58]う[163]り、\n[122][123][53]は[272][324]の[116]に\n[678][408]《じゅうせい》を[98]かせたかったのかもしれない……
0x000a5766	4	【[107][108]】\nそれは[678][408]《じゅうせい》と、\nある[28][111]が[857][858]《むじゅん》することから\n[653][329]できるんだ……
0x000a584c	4	【[107][108]】\n[272][324]に[678][408]《じゅうせい》が[677]《な》り[574]《ひび》いた。\nしかしこれはある[28][111]と[857][858]《むじゅん》している。\nそれを[620]すクルーは……？
0x000a5994	2	【[107][108]】\n（それは[168]《ちが》う！）
0x000a59ef	3	【[107][108]】\n（ＶＩＰルーム[324]は[274][691][101]が[31]く、\n[136]々な[454]ち[264]わせなんかにも[414]われてたらしい）
0x000a5a57	3	【[107][108]】\n（そのために[687]《ほどこ》された[335][686]があったろう？\nそれは……？）
0x000a5b24	4	【[107][108]】\n……[373][374]が[58]ってた。\nどんなに[685][676][335][686]が[348]ってても、\n[678][408]《じゅうせい》は[1007]《も》れるだろうってな。
0x000a5ba6	2	【[107][108]】\nたしかにそれは[280][168]《まちが》ってないかもしれない。
0x000a5c1a	4	【[107][108]】\nだけど、[685][676][157][136]の[291][74]から[1007]《も》れた[678][408]《じゅうせい》を\nハッキリと[678][408]《じゅうせい》と[458][605]できる[53][280]が\nどれだけいると[132]う？
0x000a5cdf	3	【[39][66]】\n……たしかに、[770][163]《ふつう》はそれが[678][408]《じゅうせい》だと\n[132]わないかも……
0x000a5d81	4	【[107][108]】\nほとんどの[53][280]にとって、[678][408]《じゅうせい》は[217][146][364][118]なものだ。\nにもかかわらず、それが[678][408]《じゅうせい》だとハッキリわかり、\n[215][253][52][716]はＶＩＰルームに[679]《か》け[282]《こ》んだ。
0x000a5e32	4	【[107][108]】\nこれを[502][241]させる[57]つの[301][302][101]として、\nドアを[587]けたまま[8][1029]《はっぽう》したと[59]えるのが\n[41][474]じゃないか？
0x000a5ee6	4	【[39][66]】\nええっ！？\nまさか……\n[382][55]ないわ、ドアを[587]けたまま[8][1029]《はっぽう》するなんて！
0x000a5f59	3	【[39][66]】\nそれじゃ、[41][327]の[123][152]を\n[272][209]に[180]えるようなものじゃない！
0x000a5fee	4	【[107][108]】\nその[163]り。\n[111][155]に[272][324]にいた[215][253][52]は[678][408]《じゅうせい》に[153]がつき、\nＶＩＰルームに[679]《か》け[277]《つ》けた。
0x000a6077	2	【[107][108]】\nこれらすべてが[123][53]の[382]《い》[1008]《と》したものとしたら……？
0x000a61ab	2	【[39][66]】\nどうして[123][53]は[678][408]《じゅうせい》を[98]かせたかったの……？
0x000a6227	3	【[107][108]】\nそれはオレにもわからない。\n[567]なる[123][53]のミスかもしれないし……
0x000a628a	4	【[107][108]】\n……いや、なにかの[382][55]が[126][127]にあるはずだ……\nここまで[221][382][81][1030]《よういしゅうとう》な[122][123][53]が、\nうかつな[152][256]を[15]るはずがない……
0x000a6338	3	【[107][108]】\nここが[28][104]の[371]《なぞ》を[372]く[1031][257]だ！\nたぐり[516]せてやる……！
0x000a63b9	3	【[107][108]】\nただ、ドアを[587]けたまま[123][152]を[152]ったのなら、\n[153]になる[496]が[57]つある。
0x000a6423	2	【[39][66]】\n[153]になる[496]？
0x000a646a	3	【[107][108]】\n[678][408]《じゅうせい》[169][273]でＶＩＰルーム[324]の[676]が\n[273]に[1007]《も》れていなかったのかって[496]だ。
0x000a64e2	2	【[39][66]】\n[50][34][52]《ひがいしゃ》と[1032]った[428]の[711]《さけ》び[408]《ごえ》とか？
0x000a6549	2	【[107][108]】\nあぁ、そうだな。
0x000a6591	4	【[107][108]】\nまぁ、ＶＩＰルームに[3]ってすぐに[8][1029]《はっぽう》すれば\n[711]《さけ》び[408]《ごえ》をあげる[280]もなく、\n……ってことはあるかもしれない。
0x000a663a	4	【[107][108]】\nけど、[364]にＶＩＰルームの[209]で[676]がなっているもの、\n[193]えばＢＧＭとかそういうものだな。\nそういったものはなかったのか？
0x000a66d9	4	【[39][66]】\nでもＶＩＰルーム[324]に[493]れていたＢＧＭが\n[272][324]と[403]じものだったとしたら\n[203]に[153]にならないよね？
0x000a676c	3	【[107][108]】\nその[163]り。\nそれを[739]《ふく》めて、[836][261][455]に[457][458]してきてもらいたい。
0x000a67d6	2	【[39][66]】\nわかったわ。
0x000a689d	3	【[107][108]】\n[247][146]ものぞみが[293]たよ。\n[232][233]の[4][180]いをしたいって[58]ってきた。
0x000a691c	3	【[39][66]】\nええっ！？　\nそれは[767][812]じゃない？
0x000a6971	4	【[107][108]】\nオレもそう[132]った。\nけど、オレがそこで[785][594]《きょひ》しても、\n[14][4]に[232]べようとするかもしれない。
0x000a69ea	4	【[107][108]】\nそれならオレの[1033][212][300]《かんしか》に[308]いたほうが\nいいかもしれないって[132]ったから、\n[566][567]な[4][180]いをしてもらうことにしたよ。
0x000a6a89	2	【[39][66]】\n…………
0x000a6ae8	3	【[107][108]】\n[76][287][288]《だいじょうぶ》だよ。\nせいぜい、[21][22][23]に[215]する[97]を[98]くくらいさ。
0x000a6b57	3	【[39][66]】\nう、うん……\nそれならいいけど……
0x000a6c2d	3	【[107][108]】\n[247][146]は[39][66]が[344][448]《れんらく》してくれたおかげで\n[440][441]さんが[147][80]に[293]てくれたよ。
0x000a6cb8	4	【[107][108]】\nそれでようやく[28][104][8][390][79][428]、\nオレがなにをやってたのか\nわかったというか……
0x000a6d25	3	【[107][108]】\nそれでも、[669][759]《きおく》として[240]ってるのは\nわずかなんだけどな……
0x000a6da4	3	【[39][66]】\nでも、\n[96]しは[93][289]が[850]えたんじゃない？
0x000a6e14	3	【[107][108]】\nああ。\n[153]が[774]になった。
0x000a6e62	3	【[107][108]】\nで、[440][441]さんと[149]々[97]したんだけど、\nちょっと[382][273]な[1][2]も[98]けたよ。
0x000a6ece	4	【[107][108]】\nまず[57]つめ。\n[440][441]さんと[50][34][52]《ひがいしゃ》は\n[129]り[264]いだったらしい。
0x000a6f53	3	【[39][66]】\nへえ！\nそれは[54][55][702]い[97]ね。
0x000a6fbe	2	【[39][66]】\nあれ、でもそうなると……
0x000a700b	4	【[107][108]】\nああ。\nあまり[59]えたくないけど、\n[440][441]さんも[67][68]な[546][51][52]《ようぎしゃ》[1034][1035]だな。
0x000a7098	2	【[39][66]】\n…………
0x000a70de	3	【[107][108]】\nそんな[227]するなって。\nその[235]はドライに[152]こうぜ。
0x000a7153	2	【[39][66]】\nう、うん……
0x000a71b3	4	【[39][66]】\nでも、[50][34][52]《ひがいしゃ》と[24][25]さんは\nどんな[215][253]だったのかな……？\nまさか[33][382]を[343]《いだ》くほどの[702]い[215][253]だったとか……？
0x000a7245	3	【[107][108]】\n[525]《つ》っ[282]《こ》んで[98]こうと[132]ったんだけどな。\nうまくはぐらかされたって[242]じだった。
0x000a72b7	2	【[39][66]】\nなら、[30][383]に[98]いてみようか？
0x000a7308	4	【[39][66]】\n[30][383]は[21][22]グループの[418][150][88][89][90]《こもんべんごし》だし、\n[50][34][52]《ひがいしゃ》とも[661]からの[129]り[264]いみたいだったから\nなにか[129]ってるかも……
0x000a73ba	4	【[107][108]】\nなるほど、その[4]があったか！\nそうだな、チャンスがあったら\n[98]いてみてくれるか？
0x000a743f	2	【[39][66]】\nうん、わかったわ。
0x000a74a1	4	【[107][108]】\nんで、[1][2]２[496][404]だけど……\n[647]《よ》いつぶれたオレは[440][441]さんの[698]《かた》を[229]りて、\nタクシーに[510]せられたらしいんだ。
0x000a752b	2	【[107][108]】\nこの[235]は[39][66]の[1][2][163]りだな。
0x000a7597	3	【[39][66]】\nそうね。\nあとは[116][117][118]な[119][120]《しょうこ》……ってところだけど。
0x000a75fe	3	【[107][108]】\nとりあえず[247][146]、[440][441]さんから[98]いた\n[411][346]そうな[1][2]はこれくらいかな。
0x000a7704	4	【[107][108]】\n[247][146]も[440][441]さんが[293]たんだ。\n[88][89][90]になるキッカケ、\nそして[485]めるキッカケについて[97]をしてくれたよ。
0x000a7780	2	【[107][108]】\n[440][441]さんは……
0x000a77e2	3	【[39][66]】\nあっ、コウジ。\nその[97]はしなくていいよ。
0x000a7852	2	【[107][108]】\nえ……なんでだ？
0x000a789b	3	【[39][66]】\nそれは[24][25]さんがコウジに[127]して\n[97]したことでしょ？
0x000a78f8	3	【[39][66]】\nプライベートなことを\nあまり[97]さないほうがいいと[132]う……
0x000a7964	2	【[107][108]】\n…………
0x000a79c3	3	【[107][108]】\nそういう[382][55]なら、\n[203]に[97]すことはないかな……
0x000a7a1f	4	【[39][66]】\nうん、[479][372]《りょうかい》。\nもしその[97]が[28][104]と[142]びついたときには\n[98]かせて。
0x000a7aa7	3	【[39][66]】\nそれまではコウジの[160]に\nしまっといてよ。
0x000a7afc	2	【[107][108]】\n……ああ、そうするよ。
0x000a7be4	2	【[107][108]】\n[247][146]、[1036][443][444]が[147][80]に[293]たんだ。
0x000a7c54	3	【[39][66]】\n[37][38][571]が[293]たんだ？\nなにか[58]ってた？
0x000a7cab	3	【[107][108]】\nいや、[203]にはなにも。\n[1037][209][80][1038]《じんちゅうみま》いだって。
0x000a7d28	3	【[39][66]】\nへえ……！\n[582][204]かったんだね、２[53]って。
0x000a7d9c	3	【[107][108]】\nえ？\n[56]に？
0x000a7dfc	3	【[39][66]】\nえ？\nあれ？
0x000a7e5b	4	【[107][108]】\nまあ、[993]しぶりに[1039]《なつ》かしい[227]を\n[80]せてもらったよ。\n[57][697]《いっしゅん》、[656][657]《こうりゅう》されてるのを[387]れたくらいだ。
0x000a7f00	4	【[107][108]】\nここから[121]たら\nあらためて[395][396]《あいさつ》に[152]くって\n[180]えておいてくれよ。
0x000a7f83	2	【[39][66]】\nうん、わかった。
0x000a810d	2	【[107][108]】\n[247][146]、また[1036][443][444]が[293]たんだ……
0x000a817c	3	【[39][66]】\nあ、また[293]たんだ。\nやっぱり[582][204]しだったんだね？
0x000a81f1	2	【[107][108]】\n…………
0x000a8250	3	【[39][66]】\n…………？\nどうしたの、コウジ？
0x000a82a6	2	【[107][108]】\n…………
0x000a8370	4	【[1036][443][444]】\nウチにはいい[88][89][90]がたくさんいる。\nその[209]からこの[28][104]の[109][79]に、\n[385]《うで》の[67]《た》つ[88][89][90]を[103]してもいい。
0x000a83ed	4	【[1036][443][444]】\n[82][96]の[1040][163]《ゆうづう》を[314]《き》かせることもできる。\nその[170]で[110][100]にこだわるのであれば、\n[571]のエゴだ。
0x000a84e2	2	【[107][108]】\n……なあ、[39][66]。
0x000a852e	3	【[107][108]】\n……ちょっと[59]えたんだけどさ、\nこういうの、もうやめないか？
0x000a85a9	3	【[39][66]】\nえっ……？\nどういう、こと？
0x000a8613	4	【[107][108]】\nオレはさ、\n[39][66]には[67][68]な[88][89][90]に\nなってもらいたいんだよ。
0x000a8684	2	【[39][66]】\n…………
0x000a86ca	4	【[39][66]】\nどういう[382][55]？\nこの[28][104]に[215]わってると、\n[87]が[67][68]な[88][89][90]になれないってこと？
0x000a873d	4	【[107][108]】\n[39][66]さ……\n[102]の[88][89][90][28][29][30]で\nけっこう[600][99]されてるらしいな。
0x000a87c1	4	【[107][108]】\nだったらさ……オレの[88][89]なんかじゃなくって、\nもっと[76]きな[157][28]をしたほうが\nいいんじゃないかって[132]うんだ……
0x000a8872	4	【[39][66]】\n[76]きな[157][28]……？\n[76]きな[157][28]ってなに……？\nなんでコウジの[88][89]がな《・》ん《・》か《・》なのっ！？
0x000a88f8	4	【[39][66]】\nコウジの[88][89]は[87]にとって、\nなによりも[76][28]な[157][28]なのよっ！\nなのに……どうしてコウジがそんなこと[58]うの！？
0x000a897b	2	【[107][108]】\nあ……
0x000a89be	3	【[39][66]】\n[87]って、そんなに[174][221]ない！？\nコウジの[248]に[67]ててない！？
0x000a8a23	3	【[107][108]】\nい、いや……[168]《ちが》うんだ、[39][66]……\n[174][221]とか、そういうんじゃないんだ……
0x000a8aaf	3	【[39][66]】\nううん、いい……\nわかってる……
0x000a8b02	4	【[39][66]】\nゴメン……\n[87]の[131]が[173]りないんだよね……\nコウジの[653][329]に[87]の[232][233]が[893]いついてないんだよね……
0x000a8b7f	3	【[39][66]】\nわかってたんだ……\nだけど、[87]にはこれが[475][609]で……
0x000a8bde	3	【[39][66]】\n……けどコウジのために\n[96]しでも[248]に[67]ちたくて……
0x000a8c56	4	【[107][108]】\n[168]《ちが》うんだよ、[39][66]！\n[39][66]の[232][233]に[93][499]なんかないんだ！\nただ……
0x000a8cdf	3	【[39][66]】\nじゃあ、どうして[87]じゃダメなのっ！？\nただ、なんなのよ！
0x000a8d59	2	【[107][108]】\nの、[39][66]……
0x000a8dbb	4	【[39][66]】\nコウジ……\nもう……[577]《かく》しごとはやめて……\nもう、[87]を[308]いていかないでよ……
0x000a8eaa	4	【[39][66]】\nコウジ……\nどうして……どうしてなにも[58]わずに\nいなくなっちゃうの……？
0x000a8f08	3	【[39][66]】\nこんな[4][998]だけじゃ……\n[180]わらないよ、コウジ……
0x000a8fd5	2	【[107][108]】\n…………
0x000a9034	3	【[39][66]】\n……ごめんなさい……\n[15]り[559]しちゃって……
0x000a90a8	3	【[107][108]】\n……オレ、\n[39][66]に[869]《あま》えすぎだと[132]うんだ。
0x000a9107	4	【[107][108]】\n[102]のオレたちって、\nやってることを[59]えると\n[50][51][52]《ひぎしゃ》と[88][89][90]って[215][253]じゃないだろ？
0x000a9180	4	【[107][108]】\n[115][293]は[88][89][90]が[41][327]で[59]えて、[232][233]して、[88][89]して……\n[62][606]でも[236][917]でも、\nその[142][640]を、[41][327][41][114]で[276]け[162]める。
0x000a922b	2	【[107][108]】\nでも[102]、オレたちの[215][253]は[168]《ちが》う。
0x000a9283	4	【[107][108]】\n[39][66]はオレの[356][620][163]りに[256]いてくれてるのに、\nもしも[88][89]に[236][917]したら、\nそれは[39][66]の[758][496]《おてん》になる。
0x000a9307	4	【[107][108]】\nそして、そうやって[57][313]ついてしまった[758][496]《おてん》は、\nオレがどう[67]ち[103]ったって\n[1041][852]《ふっしょく》できない。
0x000a93a2	4	【[107][108]】\n……それがオレには[895]《た》えられない。\nオレのせいで[39][66]の[53][390]に[758][496]《おてん》を[240]すかもしれないなんて、\nオレには[333][901]《がまん》ならないんだ……
0x000a9486	2	【[39][66]】\n……そういうこと……
0x000a94d2	2	【[107][108]】\n…………
0x000a9518	4	【[39][66]】\n……あのときも、こうして[97]してくれれば、\nこんな[93][289]な[153][84]ちにならなくて\n[714]んだのに……
0x000a95b5	3	【[39][66]】\nねえ、[98]いて、コウジ。\n[87]が[102][57][506]イヤなことってわかる？
0x000a9632	3	【[107][108]】\n……[97]の[493]れから[59]えれば、\nオレに[577]《かく》しごとされることか？
0x000a9699	4	【[39][66]】\nううん、もっと[380][115][118]なこと。\nそれはね、\nコウジが[354][178]になってくれないことよ。
0x000a9721	3	【[39][66]】\n『[39][66]……ゴメン……\n[222]《だま》って[159]っていくオレを[128]してくれ……
0x000a978e	4	【[39][66]】\nだけどオレ、\n[39][66]に[1042][1043]《めいわく》を[72]《か》けたくないんだ……\n[67][68]な[88][89][90]になれよ』
0x000a9808	2	【[39][66]】\n[583]えてる……？
0x000a9851	3	【[107][108]】\n……オレが５[7][19]、\n[39][66]に[1044]《あ》てた[4][998]だろ？
0x000a98cd	4	【[39][66]】\nそう……\nあのとき[87]が[57][506][658]しかったのは、\nコウジがいなくなったことじゃない。
0x000a993b	4	【[39][66]】\nコウジの[131]になれなかったのが\n[57][506][658]しかった……\n[712]《くや》しかった。
0x000a99bf	3	【[107][108]】\n……だから[102][103]は[538][172]《えんりょ》するなって\n[58]うのか？
0x000a9a3a	3	【[39][66]】\nもちろん。\nもう[57][313][58]うよ。
0x000a9a8b	3	【[39][66]】\n[87]が[57][506]イヤなのは、\nコウジが[354][178]になってくれないこと。
0x000a9aed	3	【[39][66]】\n[219][1045]に[758][496]《おてん》が[277]くことなんて、\n[482]の[16]よ。
0x000a9b4e	4	【[39][66]】\nそれでもコウジが\n[87]を[109][79]から[273]すと[58]うなら、\nそれこそコウジのエゴよ。
0x000a9bd3	2	【[39][66]】\n……[168]《ちが》う？
0x000a9c38	2	【[107][108]】\n…………
0x000a9c7e	4	【[107][108]】\n……ゴメン、[39][66]。\nオレたちにとって[57][506][76][210]なコトを[329][372]するのに、\n５[7]もかかっちまったみたいだ……
0x000a9d19	2	【[107][108]】\nがんばろうぜ、２[53]で。
0x000a9d7f	2	【[39][66]】\nうん、がんばろう、２[53]で……
0x000a9dfe	3	【[39][66]】\nもう、あのときみたいに、\n[451]にいなくなるのはナシだからね……
0x000a9e78	3	【[107][108]】\nああ……\n[115][79]にあのときのオレは[514][153]だった……
0x000a9ed5	4	【[107][108]】\n[41][327]に[41][174]をなくして、\n[12][382][605]のうちに\n[218]《ひ》っ[511]《こ》し[74]《や》に[601][97]してた。
0x000a9f4d	4	【[107][108]】\nまだ[16]の[291][74]も[470]まってないうちにな……\nあわてて[291][74]を[470]めたら、\nすぐに[218]《ひ》っ[511]《こ》し[74]《や》が[293]て……
0x000a9fee	3	【[107][108]】\n[129]ってるか？\n[218]《ひ》っ[511]《こ》し[74]《や》ってスゴいんだぜ。
0x000aa058	4	【[107][108]】\nこっちが[1046][165]をまとめてなくても、\nその[36]でテキパキと[341]ボールに\n[958]《つ》めてくれてさ。
0x000aa0cb	4	【[107][108]】\nこれはおふくろの[833][955]だとか、\n[695][79]に[356][620]すれば、\nあっという[280]に[1046][279]《にづく》り[842][479]《かんりょう》。
0x000aa14b	3	【[107][108]】\nあれはプロの[157][28]だって\n[132]ったね。
0x000aa1b8	3	【[39][66]】\n……あのね！\nそんなことはどうでもいいの！
0x000aa228	3	【[107][108]】\nあ、たしかにそうだな。\nゴメン……
0x000aa31f	2	【[107][108]】\n[247][146]も[1036][443][444]が[293]たんだ。
0x000aa389	3	【[39][66]】\nえっ……\nそ、それで……？
0x000aa3da	4	【[107][108]】\n[58]ってやった。\nオレたちはそれぞれの[382][108]で[256]いてるって。\nそれは[205]《だれ》にも[162]められないってね。
0x000aa46c	2	【[39][66]】\nそ、そう……
0x000aa4b3	4	【[107][108]】\n……ん。\nアイツにそう[534][58]した[169][170]、\nがんばらないとな。
0x000aa516	3	【[39][66]】\n……うん。\nそうだね！
0x000aa5fd	3	【[107][108]】\n[247][146]は[633]と[598]っていう\n２[53]の[100][66][31][390]が[147][80]に[293]たんだ。
0x000aa689	2	【[39][66]】\nえっ、[100][66][31][390]……って？
0x000aa6f9	4	【[39][66]】\n[100][66][31][390]……って、\nもしかしたら[24][25][26][27][28][29][30]に\nいた[66][716]のことかな？
0x000aa76b	2	【[107][108]】\nあぁ、[148]ったことがあるのか。
0x000aa7ba	3	【[107][108]】\nウチの[28][29][30]の[64]くに[31][32]があってさ。\nそこにある[26][27][1047][774][291]《たんていくらぶ》の[291][455]２[53]。
0x000aa836	3	【[107][108]】\n[169][19]、[163]《とお》り[646]《ま》に[1048]《おそ》われかけたときに、\n[177]けたことがあったんだ。
0x000aa8a9	4	【[107][108]】\n[169][293]、\nウチの[28][29][30]に[3]《い》り[966]《びた》るようになってさ……\n[26][27]の[556][784]を[176]えてくださいって。
0x000aa942	2	【[39][66]】\nそ、そうなんだ……
0x000aa9a5	3	【[107][108]】\n[440][441]さんってさ、\nオレ[169][273]には[869]《あま》いんだよなぁ。
0x000aaa06	4	【[107][108]】\nオレたちが[343]《かか》えてる[660][75]《いらい》に\n[702]くクビを[525]《つ》っ[282]《こ》まないって[134][104]で、\n[28][29][30]への[121][3]りを[128][301]してるんだ。
0x000aaa99	3	【[107][108]】\nたまに[601][97][506]させてたりして、\nオレもビックリすることあるし。
0x000aab14	4	【[39][66]】\nそっか……\n[422][293][118]にはコウジの[20][484]《こうはい》になるかも\nしれない[66]たちってことね。
0x000aaba0	3	【[107][108]】\nいや、[440][441]さんにそのつもりは\nないらしい。
0x000aabf7	4	【[107][108]】\nむしろこの[309][9]の[76][65]さを\n[64]くで[80]せつけて\nまっとうな[884]に[361]ませようとしてるらしいんだ。
0x000aac83	3	【[107][108]】\nでも[102]んとこ、\n２[53]ともやる[153][499]々なんだけどね。
0x000aacfa	3	【[39][66]】\n……[842][564]に[195][670][640]だと[132]うよ。\nコウジみたいな[508][21]い[53][280]がいる[28][29][30]では。
0x000aae09	2	【[107][108]】\n[247][146]も[100][66][31][390]コンビが[293]たんだ。
0x000aae79	2	【[39][66]】\nあっ、そうそう。
0x000aaec1	4	【[39][66]】\n[247][146]の[866]、[525][474]《とつぜん》、[24][12][429][598]って[66]から\nケータイに[344][448]《れんらく》があったんで\nびっくりしたわ。
0x000aaf44	2	【[39][66]】\nコウジに[75]《たの》まれたって[58]ってたけど……
0x000aafb7	4	【[107][108]】\nああ、そうなんだよ。\n２[53]の[148][97]を[98]いてたら、\n[382][273]な[28][111]がわかったんでね。
0x000ab028	4	【[107][108]】\n[28][104][79][146]ＶＩＰルームに[3]ったっていう\nコウジという[73]の[780]い[477]が\n[598]の[638]である[301][302][101]が[31]いんだ。
0x000ab0c1	4	【[39][66]】\n[601][97]で[598]さんから[98]いたわ。\n[638]が[79][146][28][104][35][36]に[152]っていたか\n[457][458]して[225]しいってコウジに[75]《たの》まれたって。
0x000ab149	4	【[107][108]】\n[142][640]を[198]く[129]りたかったからさ。\n[88][89][90]に[601][97]で[180]えてくれって\n[75]《たの》んだんだけど……どうだった？
0x000ab1e2	4	【[39][66]】\n[79]たってたわよ。\n[598]さんのお[638]さんである『[24][12][429][432][433]』さんは\n[79][146]、ライトブルーに[152]っていたって。
0x000ab27b	3	【[107][108]】\nってことは、ビンゴか！\nよし……これはツイてるぞ！
0x000ab35b	2	【[107][108]】\n[247][146]は[24][12][429][432][433]が[147][80]に[293]たよ。
0x000ab3cd	3	【[39][66]】\nえっ……\n[178][147][293]たんだ？
0x000ab41d	4	【[107][108]】\n[98]きたいことがあるなら\n[723]を[414]わずに[98]けとさ。\n[927][480][118]《ちょうせんてき》な[832][313]で[58]われたよ。
0x000ab496	4	【[107][108]】\nだからいくつか[156][150]してみた。\nまず、[79][146]なぜライトブルーに\n[152]ったのかってことから。
0x000ab520	3	【[39][66]】\n[54][55]あるわね。\nそれで？
0x000ab56e	4	【[107][108]】\n[50][34][52]《ひがいしゃ》に[297]ばれたらしい。\n『また[21][22][335][340]で[526]かないか』と\n[58]われたって。
0x000ab5e6	2	【[107][108]】\n[198][447]、[293][1049]の[560]から[526]くってさ。
0x000ab654	4	【[39][66]】\nでも、そんな[97]、\nどうしてわざわざ[702][720]のバーで\nするのかしら……
0x000ab6d3	4	【[107][108]】\nオレもそれは[132]ったけど、\n『そんなことは[129]らねー』って\n[549]されたよ。
0x000ab73a	4	【[107][108]】\nただ、[50][34][52]《ひがいしゃ》はカムフラージュが\nどうとかって、\n[382][55]が[163]じないことも[58]ってたらしい。
0x000ab7b5	3	【[39][66]】\nカムフラージュ？\n……どういうことかな？
0x000ab80c	3	【[107][108]】\nオレにもわからない。\n[102]は[308]いておこう。
0x000ab87b	4	【[107][108]】\n[157][158]ないから、その[493]れで、\nどうして[21][22][335][340]を[485]めたのかって\n[97]も[98]いてみたんだ。
0x000ab8ef	4	【[107][108]】\nそしたら[50][34][52]《ひがいしゃ》のことが[481]《きら》いだからって\nずいぶんストレートな[139]えが\n[549]ってきた。
0x000ab968	4	【[107][108]】\n[50][34][52]《ひがいしゃ》に\n[53][390]をメチャクチャにされたとまで\n[58]ってたよ。
0x000ab9ea	4	【[39][66]】\nず、ずいぶんと、[76][1050]《だいたん》なことを\n[58]う[53]なんだね……\n[546][51][52]《ようぎしゃ》にされても[1051][1052][58]えないよ？
0x000aba6f	4	【[107][108]】\nそれはいいとしてだ。\nあの[146]１[146]なにをしてたのか\n[98]いたけど……
0x000abaed	4	【[107][108]】\n１６[428]までは[23]にいて、\nその[20]ゲーセンに[152]って、\n２３[428][478]ぎにゲーセンを[121]て、[35][36]に[267]かったらしい。
0x000abb71	4	【[107][108]】\n[97]が[234]わったあとはゲーセンに[516]って、\n１プレーして[154]ったらしい。\n[23]に[71]いたのは１[428]３０[327][478]ぎ。
0x000abbf1	4	【[107][108]】\nその[280]のアリバイを\n[119][283]してくれる[53]はいないって\n[58]ってたな。
0x000abc6e	2	【[39][66]】\nそっか……
0x000abcd7	3	【[107][108]】\n[63][20]にあの[146]の[639][164]について[98]いたら、\n『[102][71]ている[639]』だって[58]ってたよ。
0x000abd47	3	【[107][108]】\n[96]なくとも、あの[710][393]に[710]っていた[639]とは\n[168]《ちが》うものだった。
0x000abdc7	3	【[39][66]】\nそれが[98]けただけでも\n[76]きいかもね。
0x000abe33	4	【[39][66]】\nただ、[110]の[58]ったことが\n[115][79]かどうかは\nわからないけど……
0x000abeae	4	【[107][108]】\nああ。\nなんとかして[124]がとれれば\nいいけどな。
0x000ac031	2	【[107][108]】\nそれと……
0x000ac0f8	4	【[107][108]】\n[247][146]、のぞみに\n[37][38][88][89][90]と[21][22][289][244]の[215][253]を\n[97]してもらったよ。
0x000ac17f	3	【[39][66]】\nそっか……\nのぞみさん、ショックだったかな？
0x000ac1f0	3	【[107][108]】\nさあ……\nオレの[19]では[153][287]《きじょう》に[948]《ふ》る[1038]《ま》ってたけどな。
0x000ac276	4	【[107][108]】\nでも、\nのぞみが[267]き[264]わなきゃいけない[150][151]だ。\nうまく[510]《の》り[511]《こ》えてくれればいいけどな。
0x000ac308	2	【[39][66]】\nそうね……
0x000ac3cf	4	【[107][108]】\n[247][146]、のぞみに[459][115]ユミが、\n[440][441]さんと[21][22][122][482]の[66]どもだって\n[97]したんだ。
0x000ac441	2	【[107][108]】\nそうしたら、[508][21]い[97]を[176]えてくれたよ。
0x000ac4b1	2	【[39][66]】\nえっ、どんな[97]……？
0x000ac517	4	【[107][108]】\n[160][754][590][316]を[276]けた[53]は、\n[452]の[160][754]の[84]ち[112]の[669][759]《きおく》を\n[276]《う》け[570]《つ》ぐことがあるかもしれないって[97]……
0x000ac5a3	3	【[107][108]】\n[111]は[657][308][36]の[1008][190][821]にある[115]で、\n[207]たような[97]を[1053]んだんだ。
0x000ac624	4	【[39][66]】\n[160][754]が[669][759]《きおく》を[276]《う》け[570]《つ》ぐ……？\n[483]り[241]るの？\nそんなこと。
0x000ac698	3	【[107][108]】\nどうだろう。\nただ……
0x000ac6e4	3	【[107][108]】\nのぞみも[459][115]ユミを\n[21][22]ビルの[262][383][821]で[80]かけたらしいんだけど……
0x000ac74d	4	【[107][108]】\nもしかしたら\n[122][482]の[160][754]を[276]《う》け[570]《つ》いだ[50][34][52]《ひがいしゃ》に\nお[223]さんの[573]《かげ》を[80]たんじゃないかって。
0x000ac7d6	3	【[39][66]】\nまさか……\nそんなこと……
0x000ac83e	2	【[107][108]】\nにわかには[174]じられない[97]だけどな……
0x000ac92d	4	【[107][108]】\nのぞみに、[21][22][57][317]が\n[626][369]《さいこん》したキッカケは[57][404]《ひとめ》[734]《ぼ》れだって[176]えたら、\n[382][273]だって[58]ってたよ。
0x000ac9d1	4	【[39][66]】\nそれはそうよね。\n[50][34][52]《ひがいしゃ》の[1][2]って、\n[23][930]より[157][28]、[231][218]な[219][357]って[97]ばかりだもん。
0x000acae5	3	【[107][108]】\nのぞみから[98]いた[21][22][122][482]の[97]は\nさっきしたな。
0x000acb41	2	【[107][108]】\nつまり、そういうことだ。
0x000acb92	3	【[107][108]】\n[21][22][122][482]には[31][32][428][244]に\n[876]きだった[53]がいるらしい。
0x000acbf4	3	【[107][108]】\n[482]つ[170]の[145][484]《せんぱい》なんだそうだ。\nでも[2]《むく》われなかったみたいだ。
0x000acc61	3	【[107][108]】\nあとは、[452]々[932][754]《じんぞう》が[518]くって、\n[41][327]は[383]くないって[41][583]してたらしい。
0x000acced	4	【[107][108]】\nそんなときに[590][316][4][784]が[470]まって\n[413][938]《とおう》したけど\nそのまま[154]らぬ[53]となってしまった……
0x000acd7e	3	【[39][66]】\n……[210]ないね。\n[338]みを[84]って[413][938]《とおう》しただろうに……
0x000acde4	2	【[107][108]】\nそうだな……
0x000ace43	4	【[107][108]】\nそれともう[57]つ、[411][346]な[1][2]がある。\n[413][938]《とおう》して[590][316][4][784]が[236][917]した[155]に、\n[21][22][122][482]の[160][754]が[57][317]に[590][316]されたそうだ。
0x000acef3	3	【[39][66]】\nえっ……！？\nそ、それは[115][79]なの！？
0x000acf4c	4	【[107][108]】\nあぁ。\nこれは[142][61][411][346]な[1][2]かもしれない。\n[387]れないようにしよう。
0x000ad037	4	【[107][108]】\n[247][146]はのぞみが[147][80]にやってきたんだ。\n[21][22]ビルの[262][383][821]で\n[766]さな[100]の[66]を[80]たって[97]だった。
0x000ad0cc	3	【[39][66]】\n[100]の[66]？\nどんな[66]？
0x000ad119	3	【[107][108]】\n５、６[1002]《さい》くらいで、\n[73][19]は『よしもとゆみ』って[58]うらしい。
0x000ad184	4	【[39][66]】\n『よしもとゆみ』？\nよしもと、って[1054]《せい》だと、\n[459][115][690][28]がいるけど……
0x000ad20d	2	【[107][108]】\nそれはオレも[57][697]《いっしゅん》[59]えた。
0x000ad263	4	【[107][108]】\nだけど、[459][115][690][28]の[7][875]《ねんれい》で[66]どもは\nなかなかいないと[132]うし……\nそういう[284]《ふん》[141]《い》[153]《き》じゃないけどな、あの[53]。
0x000ad311	3	【[107][108]】\n[57][167][98]いてみたいけど、\nそんなこと[98]いたらなにを[58]われるか……
0x000ad38f	3	【[107][108]】\nそもそも、たとえ[459][115][690][28]に[66]どもがいたとしても、\nその[66]が[21][22]ビルの[262][383][821]にいる[329][461]がないしな。
0x000ad427	3	【[39][66]】\nそうよね……\n『よしもと』なんてよくある[73][907]だしね。
0x000ad486	2	【[107][108]】\nそうだよな……
0x000ad570	4	【[107][108]】\n[247][146]はのぞみが[147][80]にやってきたんだ。\nのぞみの[111]の[250][185]、[289][244]の[41][33]について\n[232][233]していた[324][546]を[176]えてもらったよ。
0x000ad612	2	【[107][108]】\nで、[382][273]な[28][111]が[8][583]した。
0x000ad67e	4	【[39][66]】\nこの[28][104]の[232][233]を[400]めてから、\n[528]《おどろ》きの[344][391]だもの。\nもう、たいていのことじゃ[528]《おどろ》かないわよ。
0x000ad71a	3	【[107][108]】\nそうか。\n……[37][38][88][89][90]と[289][244]が[93][804]《ふりん》してたらしい。
0x000ad79d	3	【[39][66]】\nええぇぇぇぇぇぇぇぇぇっっっ！？\nあ、あの、[30][383]が！？
0x000ad7fe	2	【[39][66]】\nし、[174]じられない……！
0x000ad865	3	【[107][108]】\n[28][111]らしい。\nしかもそれを[50][34][52]《ひがいしゃ》は[129]っていたらしいんだ。
0x000ad8e8	4	【[39][66]】\n……ということは、\n[50][34][52]《ひがいしゃ》は２[53]の[93][804]《ふりん》を[129]っていた[170]で、\n[30][383]を[418][150][88][89][90]《こもんべんごし》にした……？
0x000ad999	3	【[107][108]】\n[50][34][52]《ひがいしゃ》と[37][38][88][89][90]は\nプライベートと[157][28]を[327]けてたという[1][2]もある。
0x000ada11	4	【[107][108]】\nけど、[440][441]さんが[21][22]グループの[418][150][88][89][90]《こもんべんごし》を[485]めてから、\nずっと[625]《こ》[485]《じ》していた[37][38][88][89][90]がこのポストを[276]けた\n[329][461]の[57][386]《いったん》がここにあるような[153]がするんだ。
0x000adacf	2	【[39][66]】\nそう……かもね……
0x000adb25	2	【[107][108]】\nこれで[57]つの[371]《なぞ》が[372][470]した。
0x000adbc6	4	【[107][108]】\n[37][38][88][89][90]と[289][244]の[93][804]《ふりん》。\nそれを[129]ってた[50][34][52]《ひがいしゃ》。\nここから[680]き[121]される[142][839]は？
0x000add10	2	【[107][108]】\n（[168]《ちが》う、これじゃない！）
0x000add70	3	【[107][108]】\n（ずっと[37][38][88][89][90]が[625]《こ》[485]《じ》していた\n[21][22]グループの[418][150][88][89][90]《こもんべんごし》のポスト）
0x000adde8	3	【[107][108]】\n（これを[276]けるキッカケとなったのが、\nこの[93][804]《ふりん》だったのかもしれない）
0x000ade47	4	【[107][108]】\n（その[28][111]を[50][34][52]《ひがいしゃ》が[129]ることによって、\n[37][38][88][89][90]には[229]りができてしまったわけだ。\nそれを[386][118]《たんてき》に[620]す[1][2]があったはずだ！）
0x000adf4c	4	【[107][108]】\n[289][244]との[93][804]《ふりん》。\nこれを[50][34][52]《ひがいしゃ》に[129]られてしまったことが、\n[37][38][88][89][90]の[514]みになってしまったのだろう。
0x000adfda	3	【[107][108]】\nずっと[37][38][88][89][90]は[418][150][88][89][90]《こもんべんごし》のポストを[625]《こ》[485]《じ》していたが、\n[218]き[276]けざるを[241]なくなってしまったわけだ。
0x000ae09f	4	【[39][66]】\nもう[57]つ[153]になることがあるわ。\n[50][34][52]《ひがいしゃ》は[245]の[93][804]《ふりん》[78][4]を、\nどうしてそんな[411][346]なポストに[308]いたのかしら？
0x000ae12f	3	【[39][66]】\n[770][163]《ふつう》、[93][804]《ふりん》の[28][111]によって、\n[30][383]を[174][221]できなくなるものじゃない？
0x000ae1d8	3	【[107][108]】\nたしかにそうだ……\nどうやらもう[57]つ[124]がありそうだな。
0x000ae236	2	【[39][66]】\n……[30][383]に[178][147][98]いてみようか？
0x000ae28b	4	【[107][108]】\nできるか？\n[289][244]が[41][33]したことを\n[257][162]めされてたくらいだろう？
0x000ae309	4	【[39][66]】\nうん……\nでも、ここまできたらもう[218]き[549]せないよ。\n[115][53]に[178][147][98]かないとわからないもの。
0x000ae37f	4	【[107][108]】\nわかった。\n[75]《たの》む。\nだけど、[805][411]《しんちょう》にな。
0x000ae3e4	3	【[107][108]】\n[37][38][88][89][90]が[122][123][53]である[301][302][101]も\n[594][11]できないんだ。
0x000ae463	3	【[39][66]】\n……うん。\n[805][411]《しんちょう》に[98]いてくるよ。
0x000ae55a	3	【[39][66]】\nいつでも[30][383]に[97]を[98]いてくるから、\nそのときは[356][620]してね。
0x000ae5d6	2	【[107][108]】\nああ、ありがとう。
0x000ae6a1	3	【[107][108]】\n[247][146]、[440][441]さんが[147][80]に[293]てくれたんだ。\nそのときに[508][21]いことを[98]いてさ……
0x000ae712	4	【[107][108]】\nこの[97]はしてなかったと[132]うんだけど、\n[440][441]さんが[88][89][90]だったとき、\n[876]きな[53]がいたらしいんだ。
0x000ae78b	2	【[107][108]】\nその[876]きな[53]の[73][19]が……
0x000ae7f4	4	【[39][66]】\n[99]って。\nそれはプライベートなことだから、\n[97]さないほうがいいと[132]うんだけど……
0x000ae863	3	【[107][108]】\nいや、これが\n[28][104]と[215][253]あるかもしれないんだ。
0x000ae8d7	3	【[39][66]】\n[28][104]と[215][253]がある？\n[24][25]さんの[425][771]《れんあい》が？
0x000ae952	4	【[107][108]】\nああ。\n[440][441]さんが[876]きだった[477]の[73][19]は、\n[21][22][122][482]……
0x000ae9b9	2	【[107][108]】\n[33]された[21][22][57][317]の[569]だよ。
0x000aea1f	2	【[39][66]】\nえ……！
0x000aea90	2	【[107][108]】\n[21][22][122][482]について[232][233]してもらいたい。
0x000aeb00	3	【[39][66]】\nわかったわ。\n[30][383]に[97]を[98]いてみる。
0x000aeb56	3	【[39][66]】\n[50][34][52]《ひがいしゃ》とは[31][32][428][244]からの[129]り[264]いだったから、\nきっと[569]さんのことも[129]ってると[132]うし。
0x000aebd4	2	【[107][108]】\nああ……[75]《たの》む。
0x000aeca4	3	【[107][108]】\n[247][146]、[1036][443][444]が[293]たんだ。\nパパの[136][66]が[65]だってね。
0x000aed22	4	【[39][66]】\nうーん……\n[58]われてみればたしかに\n[170]の[206]のときが[82]いような[153]がするけど……
0x000aeda8	4	【[39][66]】\nただ[87]は[37][38][571]ほど\n[30][383]との[277]き[264]いが[383]いわけじゃないし、\n[63][64]は[232][233]で[28][29][30]を[206]けっぱなしだから。
0x000aee44	4	【[107][108]】\nフム……\n[1036][443][444]だから[153]がついたことなのか、\n[1036][443][444]の[59]えすぎ、か……
0x000aef85	4	【[107][108]】\n[247][146]は[100][66][31][390]コンビが\n[147][80]に[293]たよ。\nちょっとした[28][111]がわかった。
0x000aeffd	4	【[107][108]】\n[24][12][429][432][433]だけど、\n[723]の[598]の[97]だと、\n[28][104][79][146]の[341][342]ではスーツを[84]っていなかったらしい。
0x000af079	3	【[107][108]】\nなんでも[169][19][148][262]をクビになったとき、\nスーツを[564][291][1055]《す》ててしまってたらしいんだ。
0x000af105	4	【[39][66]】\n……なるほど。\nでも、たとえ[84]っていなかったとしても[740]だちから[229]りるとか、\n[524][164]《ぎそう》の[158][39]はあるよね。
0x000af1a0	3	【[107][108]】\nそうだな。\n[124][277]けが[15]れれば[57][506]なんだが……
0x000af215	3	【[107][108]】\n[24][12][429]が[467][468]するという[97]は、\n１ヶ[429][19]から[417][77][118]《ぐたいてき》になってたらしい。
0x000af28b	4	【[107][108]】\nオレは[21][22][57][317]が[186]くなった[178][20]に\n[24][12][429][432][433]が[467][468]したことに\n[93][967][242]《ふしんかん》を[84]ってた。
0x000af325	4	【[107][108]】\nだけど[111][155]には、\n１ヶ[429][19]からそんな[256]きがあった。\n[28][104]と[215][253]ない[301][302][101]が[121]たわけだ。
0x000af3b9	4	【[107][108]】\nそこで[39][66]に、\n[24][12][429]が[467][468]するに[1056]った[478][529]を\n[232][233]してもらいたいんだ。
0x000af429	3	【[107][108]】\n[36][264]によっては、\n[24][12][429]が[546][51]《ようぎ》から[273]れるかもしれない。
0x000af4ab	4	【[39][66]】\n……わかったわ。\nそれなら[178][147]、\n[0][244][47]の[21][22][320]に[98]いてみるよ。
0x000af530	3	【[107][108]】\nえっ……！？\nできるのか？
0x000af580	4	【[39][66]】\n[0]しい[244][47]は[53][79]たりも[204]さそうだし、\nこっちには[428][280]もないしね。\nエラい[53]ほど[178][147][959][375]《ちょくせつこうげき》のほうが[198]いのよ。
0x000af628	3	【[107][108]】\n……そうか。\nじゃあ、それで[75]《たの》むよ。
0x000afb76	2	【[107][108]】\nただいまー
0x000afbd2	3	【[1057][1058]】\nおかえり～\n……って、[154]って[293]ちゃダメじゃない！
0x000afc23	3	【[107][108]】\nまあ、[157][158]ないさ。\nこれも[53][390]だ。
0x000afc92	3	【[1057][1058]】\nう～ん……\nボクは[774]しいからいいんだけどさ……
0x000afceb	3	【[657][308][253]】\n[105][106]、[154]ってきたばかりだが、\n[88][89][90]が[147][80]に[293]てるぞ。
0x000afd45	3	【[107][108]】\n[39][66]か……\n[2][377]しなくっちゃな……
0x000afd9c	3	【[1057][1058]】\n[39][66]さん、[658]しむだろうね……\n[1059]《なぐさ》めてあげるんだよ、[107][108][571]。
0x000afdfc	3	【[107][108]】\n……[1059]《なぐさ》めてもらいたいのは、\nオレのほうなんだが。
0x000afe93	5	【[39][66]】\n[102][146]は[791][28]の[15][232]べに\n[152]ってきたんだよね？\nどうだった……？\n……って[98]くまでもないか……
0x000aff01	3	【[107][108]】\nああ、[142][255]、\n[732][615]《しゃくほう》されることなく[234]わったからな。
0x000aff5a	5	【[107][108]】\nでもまあ、[56]にいいさ。\n[232][233]する[428][280]が\n１０[146][280][1060]えたと[132]えばな。\nただ……
0x000affce	2	【[39][66]】\nただ……？
0x000b0007	3	【[107][108]】\nえっと、それについて[39][66]に\n[457][458]したいことがあったんだ。
0x000b005a	3	【[107][108]】\n『ライトブルー』の[685][123]カメラのビデオ、\n[547][439]に[352][121]したんだよな？
0x000b00de	2	【[39][66]】\nええ、もちろん。
0x000b0119	4	【[107][108]】\nそうか……\nたしか、[373][374]も[15][232]べのときに[80]たって\n[58]ってたもんな。
0x000b019b	2	【[39][66]】\nねえ、なんのこと？
0x000b01d7	3	【[107][108]】\nいや……[791][28]の[4][452]に\nそれが[887]いてなかったらしいんだ。
0x000b0251	2	【[39][66]】\nえっ……！
0x000b02b0	4	【[39][66]】\nそれはおかしいわよ！\n[96]なくとも[107][108]が[791][439][1061]に[152]ったときに、\n[57][427]《いっしょ》に[700][791]されたはずよ。
0x000b0321	4	【[107][108]】\nオレもそう[132]ってた。\nだけど、[791][28]に[58]われたんだ。\nそんなものは[87]の[4][452]にない、ってね。
0x000b03b0	3	【[39][66]】\n……ってことは、[547][439][292]《ココ》に\n[240]ったまま……ってこと？
0x000b0409	2	【[107][108]】\nそうかもしれないな。
0x000b046b	3	【[39][66]】\nそんなこと、ありえない……\nあんな[411][346]な[119][120]《しょうこ》を……
0x000b04c5	5	【[107][108]】\nだけど[28][111]なんだ。\nもうこんな[428][280]だから、\n[15][232]べは[283][146]になると[132]うけど、\nそのとき[373][374]に[98]いてみるよ。
0x000b0547	3	【[39][66]】\nう、うん……\nだけど……
0x000b0589	4	【[107][108]】\nまあ、[102]あれこれ[59]えても\n[157][158]ないさ。\n[283][146]になればわかることだ。
0x000b05e4	5	【[107][108]】\nそれより、これからのことだ。\n１０[146][280][1062]びた[656][657]《こうりゅう》だけど、\n[102]までやってきたこととは\n[56]の[210]り[257]で[361]めていこうと[132]うんだ。
0x000b0690	2	【[39][66]】\n[56]の[210]り[257]？
0x000b06cb	6	【[107][108]】\n[102]まではどちらかと[58]うと、\n[215][253][52]の[888]い[121]しとか、アリバイとか、\n[33][34][158][39]やトリックを[209][160]に、\n[28][104]が[696]きたときのことを\n[232]べてきただろ？
0x000b0758	4	【[107][108]】\nこれからは、もっと[702]く[210]《き》り[282]《こ》んで、\n[28][104]の[892][20][215][253]について\n[232]べようと[132]ってるんだ。
0x000b07c9	3	【[107][108]】\nそして[122][123][53]を[525]《つ》き[162]《と》めるのと[403][428]に、\n[33][34][256][274]まで[525]《つ》き[162]《と》めたいと[132]う。
0x000b084a	5	【[39][66]】\n……どうしてそんなところまで？\nそれに、１０[146][280]で\nそんなに[702]く[232][233]すること、\nできるかしら……？
0x000b08bb	4	【[107][108]】\nいや、[195]だよ。\nここまで[232]べなきゃ、[28][104]の[122][78]も、\n[122][123][53]もわからないと[132]ったんだ。
0x000b0925	3	【[107][108]】\n[28][111]、[33][34][158][39]がわかった[102]でも、\n[122][123][53]を[1009]《しぼ》り[210]《き》れてない。
0x000b098b	3	【[107][108]】\nこの[28][104]を[390]んだ[1063]《やみ》……\nそれと[267]かい[264]わなきゃいけない。
0x000b09ff	2	【[39][66]】\n…………
0x000b0a45	4	【[39][66]】\n……わかったわ。\nそうなると、\n[87]も[583][320]《かくご》を[470]めないといけないわね。
0x000b0aa6	3	【[107][108]】\nそれじゃあ、[102][146]はもう[194]《おそ》いし、\n[102]から[232][233]を[75]《たの》むのは[384]しいだろう。
0x000b0b0d	3	【[107][108]】\n[283][146]までに[417][77][118]《ぐたいてき》な[232][233][158][612]について\n[59]えておくよ。
0x000b0b77	3	【[39][66]】\nええ、がんばりましょう、[107][108]。\nじゃあ、[283][146]の[18][19]に[293]るわ。
0x000b0bd2	3	【[107][108]】\nありがとう、[39][66]……\n[240]り１０[146][280]、よろしくな。
0x000b0ec7	4	【[39][66]】\nおはよう、コウジ。\n[102][146]から[153][84]ちを[3]《い》れ[616]《か》えて\nがんばろうね。
0x000b0f29	3	【[107][108]】\nおう。\nもう[236][917]は[128]されないからな。
0x000b0f97	4	【[39][66]】\nうん、そうだね……\n[1012]いても[125]っても、\n[240]りあと１０[146]……[111][156]９[146][280]だもんね。
0x000b1001	3	【[107][108]】\n[247][146][58]った[163]り、\nこれからの[232][233][158][612]を[59]えてみたんだ。
0x000b1058	5	【[107][108]】\n[28][104]の[892][20][215][253]まで\n[210]《き》り[282]《こ》む[173]がかりとして、\n[50][34][52]《ひがいしゃ》である[21][22][57][317]を[209][160]に、\n[53][280][215][253]を[232]べていこうと[132]うんだ。
0x000b10ec	2	【[39][66]】\n…………
0x000b1125	3	【[107][108]】\n…………？\nどうした、[39][66]？
0x000b117a	4	【[39][66]】\nう、うん……\nこれからますます、[87]の[152][256]が\n[76]きく[573][574]《えいきょう》するなって[132]ったから……
0x000b120d	3	【[39][66]】\n[102]までの[232][233]は、\n[397]と[417][77][118]《ぐたいてき》だったじゃない？
0x000b1272	4	【[39][66]】\n『[33][34][35][36]について[232]べる』だったら、\nライトブルー[324]を[232]べてくれば\n[204]かったわけだし……
0x000b1303	3	【[39][66]】\n[28][104]の[892][20]を[26]るとなると、\n[87]も[59]えて[152][256]しなくちゃと[132]って……
0x000b1361	3	【[107][108]】\nオレは[39][66]になんの[93][289]もないけどな。\nむしろ、[232][233]のセンスがあると[132]ってる。
0x000b13c2	4	【[107][108]】\n[28][29][30][324]にあったプレイヤーを\n[256]かした[853]《あと》なんて、\nなかなか[153]がつかないぞ？
0x000b1427	4	【[107][108]】\nだから[547][439]を[121]《だ》し[175]《ぬ》けたんだし、\nあの[144][122]を[520]《と》ってきた[428][496]で、\n[39][66]の[14]ちだよ。
0x000b14c0	3	【[39][66]】\nそ、そう[58]ってくれると、\nちょっとうれしいけど……
0x000b150f	3	【[107][108]】\n[76][287][288]《だいじょうぶ》。\n[41][174]を[84]て、[39][66]。
0x000b1562	5	【[107][108]】\nむしろ[39][66]に[173]りないのは[41][174]だ。\n[39][66]のポテンシャルは\n[440][441]さんにも[275]けてないと\nオレは[132]ってる。
0x000b15f8	3	【[39][66]】\nそ、そんな……\nあの[24][25]さんに、[87]なんかが……
0x000b1649	5	【[107][108]】\nそう、そこで[41][174]だ。\n[39][66]に[219][727]と[41][174]が[686]われば、\n[440][441]さんに[1064][367]《ひってき》……いや、\n[440][441]さん[169][170]の[183][143]になれる！
0x000b16d0	4	【[107][108]】\nけど、\nあそこまで[231][1065]《きょうれつ》なキャラになると、\nさすがのオレも[218]くけどな……
0x000b1759	4	【[39][66]】\n……ふふ。\nそんな[58]い[158]したら、\n[24][25]さんに[518]いわよ。
0x000b17af	3	【[107][108]】\n……ゴホン。\n[97]を[389]《もど》すぞ。
0x000b17f9	5	【[107][108]】\n[28][104]の[892][20][215][253]を[232]べる[170]で、\nまずは『[21][22][57][317]』を[209][160]とした\n[53][165][215][253]を[26]ってもらおうと\n[132]ってるんだ。
0x000b1876	4	【[107][108]】\n[21][22][57][317]と[64][106][743][187]の[215][253]……\n[21][22][57][317]と[37][38][442][443][444]の[215][253]……\n[24][25][440][441]……[24][12][429][432][433]……
0x000b18f9	2	【[107][108]】\nまずはこの[235]りを[209][160]に。
0x000b1960	2	【[39][66]】\nわかったわ。
0x000b1998	5	【[107][108]】\nあと、\n[259][215][253][52]と[97]す[274][148]があったら、\nあらためてアリバイを\n[98]いて[225]しいんだ。
0x000b19fe	3	【[107][108]】\n[37][38][88][89][90]、[24][12][429][432][433]\nそれから[440][441]さん……
0x000b1a54	4	【[107][108]】\n[115][79]はこの３[53]に[683]えて\n[64][106]のアリバイを\n[232][233]したいところなんだけど……
0x000b1adb	4	【[39][66]】\n[300][4]に[115][53]にアリバイを[98]くと、\n[87]たちがこうして[232][233]してることが\nバレてしまうかもしれない……
0x000b1b48	4	【[107][108]】\nそうなんだよ。\nだから、とりあえず[64][106]については\n[503][657]にしよう。
0x000b1ba0	4	【[107][108]】\nまずはさっき[58]った３[53]だ。\n０[428]４４[327]だと[132]っていた[33][34][428][1028]が、\nそれ[169][19]に[65]わったわけだから……
0x000b1c16	5	【[107][108]】\nそうだな……\nできれば２３[428]３０[327][472]《ごろ》から\n０[428]４４[327]までのアリバイを\n[98]いてほしい。
0x000b1cad	2	【[39][66]】\nうん、[479][372]《りょうかい》。
0x000b1cf0	4	【[107][108]】\nあとは、[50][34][52]《ひがいしゃ》が[63][20]に\n[404][375]《もくげき》された[428][280]が\n[129]りたいところだけど……
0x000b1d5e	4	【[107][108]】\nこれはオレのほうでなんとかしよう。\n[373][374]から[97]の[493]れで\nうまく[98]き[121]してみようと[132]う。
0x000b1dc3	5	【[107][108]】\nこうして[215][253][52]のアリバイを\n[203][11]することによって、[195]に\nアリバイを[457][11]できなかった[53][165]が\n[122][123][53]となるわけだ。
0x000b1e3c	3	【[107][108]】\nただ、アリバイばかりに\nこだわっているのも[160][128]《こころもと》ない。
0x000b1e94	4	【[107][108]】\nだから[403][428]に[50][34][52]《ひがいしゃ》を[15]り[1066]く\n[53][165]の[215][253]をより[702]く[26]って、\n[33][34][256][274]まで[1067]《たど》り[71]《つ》ければと[132]う。
0x000b1f27	3	【[39][66]】\nつまりアリバイと[33][34][256][274]の\n[184][508]から[28][104]を[26]っていくわけね。
0x000b1f81	2	【[107][108]】\nあぁ、そういうことだ。
0x000b1fbf	6	【[107][108]】\nそれともう[57]つ。\nライトブルーに[152]って、\n[193]の[685][123]カメラの[710][393]《ビ　デ　オ》の\nダビングがあるか\n[457][458]してもらいたい。
0x000b2040	4	【[107][108]】\n[57][313]でダメならもう[57][313][525]《つ》きつけて、\n[102][313]こそ[411][346]な[119][120]《しょうこ》として\n[1068][221]してもらうためにな。
0x000b20dd	4	【[39][66]】\nそうね。\nそれじゃ、\nまずはどこから[232][233]していこうか……？
0x000b2179	3	【[39][66]】\nわかったわ。\nそれじゃ、[283][146]までに[232]べてくるね。
0x000b21c8	3	【[107][108]】\nああ。\n[75]《たの》んだぞ、[39][66]！
0x000b2668	3	【[39][66]】\nおはよう、コウジ。\n[102][146]からまたがんばろうね。
0x000b26b6	2	【[107][108]】\n…………
0x000b2715	3	【[39][66]】\n……どうしたの、コウジ？\n[603]《こわ》い[227]して。
0x000b2766	3	【[107][108]】\n[247][146]の[232][233]の[142][640]を[98]く[19]に、\n[457][458]しておきたいことがある。
0x000b27e6	2	【[39][66]】\nえ……なに？
0x000b2820	3	【[107][108]】\n[247][146]、[50][34][52]《ひがいしゃ》の[460]《むすめ》、\n[21][22]のぞみが[147][80]にやってきた。
0x000b28ab	3	【[39][66]】\nのぞみさんが……？\nそ、それで、なにか[58]ってたの……？
0x000b2900	3	【[107][108]】\n……[39][66]、\nオレに[577]《かく》してることないか？
0x000b2976	2	【[39][66]】\nえっ……な、なんのこと？
0x000b29b7	2	【[107][108]】\n…………
0x000b29f0	2	【[107][108]】\nのぞみの[250][185]のことだ。
0x000b2a55	3	【[39][66]】\nみ、[187][191][189]さんのこと？\nなにも[577]《かく》してないけど……
0x000b2aab	3	【[107][108]】\n……[187][191][189]じゃないだろ、\nのぞみの[115][79]の[250][185]は。
0x000b2b18	2	【[39][66]】\n…………！？
0x000b2b7b	2	【[39][66]】\nご、ごめんなさい……
0x000b2bb9	4	【[107][108]】\n[541]るってことは、\n[382][1008][118]《いとてき》に[577]《かく》してたことを\n[458]めるってことだな……？
0x000b2c21	2	【[39][66]】\n…………
0x000b2c67	3	【[39][66]】\nええ……\n[577]《かく》してたわ……
0x000b2ce7	3	【[107][108]】\nなんでだよ！？\n[132]いっきり[411][346]なことだろ！！
0x000b2d35	3	【[107][108]】\n[187][191][189]が[626][369][78][4]《さいこんあいて》だって[129]ってたら、\n[653][329]する[324][546]が[65]わってくる！
0x000b2d9f	4	【[107][108]】\n２[53]が[626][369]《さいこん》したのだって、\n[187][191][189]の[854][1069]《さくりゃく》である[301][302][101]が\n[121]てくるじゃないか！
0x000b2e20	3	【[39][66]】\n…………\nコウジの[58]う[163]りだね……
0x000b2e6b	3	【[107][108]】\nわかってたなら、\nどうして[577]《かく》したんだ！
0x000b2eb7	3	【[107][108]】\nこれはオレたちの[174][75][215][253]《しんらいかんけい》に\n[215]わってくる[97]だぞ！
0x000b2f1f	3	【[39][66]】\n…………\nごめんなさい……
0x000b2f63	2	【[107][108]】\n……クソッ！
0x000b2f9d	4	【[107][108]】\nひとつ[577]《かく》しごとがあると、\n[202]にもあるんじゃないかって\n[394]《かん》ぐっちまうだろう！？
0x000b3004	3	【[107][108]】\nこれがオレたちのあいだにある\n５[7]のブランクってヤツなのか！？
0x000b3059	4	【[107][108]】\nこんなんじゃ、\nもう[39][66]を[174][221]することなんか\nできない！！
0x000b30ae	2	【[39][66]】\n…………
0x000b30f4	3	【[39][66]】\nごめんなさい……\n[115][79]のことを[97]します……
0x000b314d	2	【[107][108]】\n…………
0x000b3193	3	【[39][66]】\n[111]は……\n[30][383]に[162]められていたの……
0x000b31e2	2	【[107][108]】\n[37][38][88][89][90]に……？
0x000b3231	4	【[39][66]】\nええ。\nこの[104]に[215]しては、\n[102][103]の[33][53][28][104]とは[215][253]ない……
0x000b329a	4	【[39][66]】\n[50][34][52]《ひがいしゃ》のプライバシーに\n[215]わる[150][151]だから、\nコウジには[97]すな……って。
0x000b3304	2	【[107][108]】\nなっ……バカなっ！
0x000b3342	4	【[107][108]】\n[37][38][88][89][90]は、\nオレたちのやり[158]に\n[1070][62]してくれたんじゃないのか！？
0x000b33b8	4	【[107][108]】\nなのになんで、\nそれを[380][1071]から[689]《くず》すような\n[1][2][867][572]をするんだっ！？
0x000b342a	4	【[39][66]】\nごめんなさい……\nでも[87]にも[30][383]の[59]えは\nわからないの……
0x000b3480	3	【[107][108]】\n[39][66]も[39][66]だ！\n[97]してくれればいいじゃないか！
0x000b34cf	3	【[107][108]】\nここで[97]したことなんか、\n[37][38][88][89][90]にわかるわけないだろ！
0x000b354b	2	【[39][66]】\nそれが[134][104]だったの！
0x000b35af	5	【[39][66]】\n[87]が[343]《かか》えていたいくつかの[28][104]を\n[145][484]《せんぱい》に[218]《ひ》き[570]《つ》がせて、\nコウジの[28][104]に[208][209]させてもらえる\n[134][104]だったの…
0x000b3638	2	【[107][108]】\n[134][104]……？
0x000b368e	3	【[39][66]】\nコウジの[28][104]に\n[208][209]させてもらえる[134][104]……
0x000b36ea	3	【[39][66]】\nのぞみさんのお[250]さんが[41][33]したことを\nコウジに[222]《だま》っておくことが……ね。
0x000b374b	4	【[107][108]】\nどうして……？\nなんでそんな[134][104]を[37][38][88][89][90]は\n[121]したんだ……？
0x000b37b7	4	【[39][66]】\nわからない……\nわからないけど……\n[111]は[87]、この[104]を[232]べてみたの……
0x000b3815	3	【[107][108]】\n[232]べた……って、\nのぞみの[250][185]が[41][33]した[104]か？
0x000b3874	5	【[39][66]】\nそう。\n[30][383]に[58]われたのは\nコウジに[97]すなって\nことだけだったから……
0x000b38dd	4	【[39][66]】\n[87]はのぞみさんのお[250]さん……\n[289][244]さんが[41][33]した[329][461]を\n[691]かに[232]べていたの……
0x000b3950	5	【[39][66]】\nもし、ここで[0]たな[28][111]がわかったら、\nそのときはコウジに\n[97]すつもりだった……\n[174]じてもらえないかもしれないけど……
0x000b39c7	5	【[107][108]】\n……オレにその[1][2]を\n[97]してないってことは、\nまだ[417][77][118]《ぐたいてき》なことは\nわかってないってことか？
0x000b3a37	2	【[39][66]】\n…………
0x000b3a70	2	【[107][108]】\n[37][38][88][89][90][115][53]には[98]いたのか？
0x000b3ac6	3	【[39][66]】\n[30][383]には[98]けないでしょう、\nこのことは……
0x000b3b12	3	【[107][108]】\n…………\nたしかにそうだな。
0x000b3b63	3	【[39][66]】\n……ごめんなさい、\nコウジ……
0x000b3ba9	2	【[107][108]】\n…………
0x000b3be2	3	【[107][108]】\n……いや、[541]らなくていいよ。\n[541]らなくちゃならないのはオレだ……
0x000b3c3b	4	【[107][108]】\n[39][66]の[153][84]ちも[129]らずに\n[992]《ど》[677]《な》っちまった……\n[63][1072]だ、オレは……
0x000b3cae	3	【[39][66]】\nううん……\nコウジは[518]くない……
0x000b3d02	4	【[39][66]】\n[87]がいけなかったの……\nどうしてコウジに[577]《かく》し[163]《とお》せるって\n[132]ったんだろ……
0x000b3d6a	2	【[107][108]】\n…………
0x000b3da3	3	【[107][108]】\nとりあえず、[289][244]のことは\n[503][657]にしておくよ。
0x000b3e22	4	【[107][108]】\nなにか[1][2]が[3]ったら、\n[39][66]の[228][366]でオレに[2][377]してくれれば\nいいからさ。
0x000b3e8f	4	【[39][66]】\nう、うん……\nわかった……\nグズ……
0x000b3ee5	2	【[107][108]】\nお、おう……
0x000b3f1f	3	【[107][108]】\n（[1012]き[1073]なとこは、\n５[7][19]と[65]わってない、か……）
0x000b3fa8	3	【[107][108]】\nそれじゃあ[153]を[15]り[178]して\n[247][146]の[2][377]を[98]こうかな。
0x000b40aa	5	【[39][66]】\nあっ、そうだ。\n[58]い[387]れてたんだけど、\n[247][146]、ちょっと[382][273]なものを\n[80]ちゃったんだ。
0x000b4111	2	【[107][108]】\n[382][273]なもの？
0x000b4171	5	【[39][66]】\nそうなの。\n[247][146]、[107][108]との[147][80]が[234]わって\n[232][233]に[121]ようとしたとき\nなんだけどね……
0x000b420a	4	【[39][66]】\n[292]の[1074][668][36]《ちゅうしゃじょう》の[650]《すみ》で、\n[24][25]さんと[459][115][690][28]が、\nなにか[58]い[1032]いをしてたのよ。
0x000b4287	2	【[107][108]】\n[440][441]さんと[459][115][690][28]が？
0x000b42ca	3	【[107][108]】\n[440][441]さん、また\nなにか[518]さしたのかな？
0x000b4313	4	【[39][66]】\nううん、そんな[242]じじゃなかったわ。\n[203]に[459][115][690][28]が[242][1][619][121]しで、\n[24][25]さんに[268]ってかかってた……
0x000b4386	2	【[107][108]】\nあのクールな[459][115][690][28]が？
0x000b43c8	5	【[39][66]】\nそうなの。\nうわさで[98]いてた[97]と\n[199][200]が[168]《ちが》ったから\nちょっと[382][273]だったわ。
0x000b446b	3	【[107][108]】\n……ふーん。\nなにか[940][252]《いんねん》があるのかな。
0x000b44e2	3	【[39][66]】\n２[53]の[215][253]、\n[232][233]してみる？
0x000b4529	4	【[107][108]】\n……いや、[102]のところはいい。\nプライベートなことかも\nしれないしな。
0x000b4584	4	【[107][108]】\n[28][104]と[215][253]があるとわかったら\n[232]べてもらうかもしれないけど、\n[153]にしなくていいだろう。
0x000b460e	3	【[39][66]】\nわかったわ。\nそれじゃ、[152]ってくるね。
0x000b4b23	2	【[107][108]】\n…………？
0x000b4b5e	2	【[107][108]】\n（[39][66]が[205]《だれ》か[344]れてきた……）
0x000b4bc3	2	【[107][108]】\n（どこかで[80]たことがあるような……）
0x000b4c31	3	【[39][66]】\nえっと……\n[362][363]《しょうかい》するね。
0x000b4c88	4	【[39][66]】\n[87]が[30][537]している\n[37][38][39][40][28][29][30]の[30][383]、\n[37][38][442][443][444][88][89][90]です。
0x000b4d21	3	【[107][108]】\n……ええっ！？\n[37][38][88][89][90]！？
0x000b4d79	5	【[39][66]】\nえ、ええ……\n[247][146]、コウジに[30][383]と[289][244]さんの\n[215][253]について[232]べてほしいって\n[75]《たの》まれてたでしょ？
0x000b4dfb	3	【[39][66]】\n[30][383]から[97]を[98]こうと[132]って、\nその[219][906]《けいい》を[97]したら……
0x000b4e7d	2	【[442][443][444]】\nそのさきは[87]が[97]そう、[0][91][571]。
0x000b4ec6	2	【[39][66]】\nは、はい……
0x000b4f14	3	【[442][443][444]】\nはじめまして。\n[571]が[105][106][571]、だね？
0x000b4f5f	4	【[107][108]】\nはじめまして。\n[0][91]さんにはいつもお[415][97]に\nなっています。
0x000b4fc0	3	【[442][443][444]】\nそんなにかしこまらなくてもいいよ。\nふだんの[97]し[158]でかまわない。
0x000b5024	3	【[442][443][444]】\nそのほうが[153]《き》[359]《が》ねなしに\n[97]ができるからね。
0x000b5078	2	【[107][108]】\nは、はあ……
0x000b50bf	3	【[442][443][444]】\nまあ、[41][1075][362][363]《じこしょうかい》はこのくらいにして\n[115][151]に[3]ろうか。
0x000b512b	4	【[442][443][444]】\n[102][146]、[87]がここに[293]たのは、\n[289][244]さんと[87]の[215][253]について\n[571]に[682][283]するためだ。
0x000b5193	3	【[107][108]】\nそうでしたか……\n[178][147]お[97]ができてありがたいです。
0x000b51f0	4	【[442][443][444]】\nまあ、こういったデリケートな[97]は\n[17][373][52]を[1076]《はさ》むよりも\n[178][147][97]したほうがいい。
0x000b527e	3	【[442][443][444]】\n[111]は[110][100]……[289][244]さんと[87]は\n[250][158]のはとこでね。
0x000b52d7	2	【[107][108]】\nえ……そ、そうなんですか！？
0x000b5328	3	【[442][443][444]】\nああ。\n[0][91][571]にも[977][691]にしていたけれどね。
0x000b5384	3	【[442][443][444]】\n[111][23]が[64]かったこともあり、\n[66]どもの[472]《ころ》から[582]が[204]かったんだ。
0x000b5409	5	【[442][443][444]】\n[110][100]が[21][22][571]と[121][148]って[142][369]《けっこん》したのは\n[473][474]《ぐうぜん》だったが、\n[184][158]と[129]り[264]いだった[87]は、\nよく[110][100]の[78][310]に[510]っていた。
0x000b54be	3	【[442][443][444]】\n[571]ももう[129]っているとは[132]うが、\n[21][22][571]はまさに[157][28]の[1077]《おに》でね。
0x000b552c	3	【[442][443][444]】\n[21][22]グループが[76]きくなったのは、\nひとえに[110]の[111][131]だ。
0x000b55aa	5	【[442][443][444]】\nだがそれだけに、\n[23][930]を[418]《かえり》みる[521][1078]《よゆう》がない[53]でもあった。\nだから[289][244]さんは[87]によく[1079]《さび》しいと\nこぼしていたよ。
0x000b5630	2	【[107][108]】\n…………
0x000b568f	4	【[442][443][444]】\nそんな[110][100]がある[146]、\nとんでもないものを[8][80]した。\n[21][22][571]の[4][669]だ。
0x000b5717	5	【[442][443][444]】\nその[4][669]には、\n１[53]の[477]を[33]したことが\nほのめかされていた。\nその[477]とは……[571]ならわかるね？
0x000b582b	2	【[107][108]】\n（それは[168]《ちが》うんじゃないか？）
0x000b5873	5	【[107][108]】\n（わざわざオレにこんな[98]き[158]を\nするくらいだ。\nもっとオレに[114][64]な[53]……\nそう、[21][22][57][317]が[33]したのは……）
0x000b5916	3	【[442][443][444]】\nそう、[21][22][571]が[33]したのは\n[571]の[223][185]である[105][106][108][317][1080]だ。
0x000b5998	4	【[442][443][444]】\n[105][106]さんのことは[87]も[204]く[129]っている。\n[87]が[15]《と》り[424]《あつか》っていた[28][104]で\n[312][313]か[227]を[264]わせたことがあってね。
0x000b5a23	3	【[442][443][444]】\n[110]がヒントをくれたおかげで、\n[1081][13]《えんざい》を[119][283]できたこともあった。
0x000b5a82	3	【[107][108]】\nスゴかったんですね、\nうちの[185][223]は……
0x000b5ad9	4	【[442][443][444]】\n[110]の[232][233][302][131]は[115][165]だった。\n[21][22][571]の[93][513]についても[521]すことなく\n[232]べ[170]げていたようだ。
0x000b5b6e	3	【[442][443][444]】\nしかしその[142][640]、\n[21][22][571]の[4]によって……
0x000b5bbe	2	【[107][108]】\n…………
0x000b5bf7	5	【[107][108]】\n[513][178]、オレには[111][242]ないんですよ。\n５[1002]《さい》のときの[121][293][28]です。\n[165][160]がようやくついてきた[472]《ころ》で、\nあまり[669][759]《きおく》に[240]ってなくて……
0x000b5c96	2	【[442][443][444]】\n……[571]にかける[58][315]が[80]つからないよ。
0x000b5cef	3	【[442][443][444]】\nこの[28][104]は、\n[289][244]さんにもショックを[290]《あた》えた。
0x000b5d6a	5	【[442][443][444]】\n[110][100]は[1082]《おび》えていたよ……\nそれはそうだろう。\n[41][327]の[288]が[53][33]しをしていた\nわけだからね。
0x000b5de6	4	【[442][443][444]】\n[87]も[403]じだ。\n[21][22][571]とは[31][32][428][244]からの\n[277]き[264]いだった……
0x000b5e51	4	【[442][443][444]】\n[571]には[92]し[437]ないが、\n[87]たち２[53]はその[28][104]を\n[976][47]せずにおくことに[470]めた。
0x000b5edc	3	【[442][443][444]】\nその……[128]してくれとは……\n[58]えないが……
0x000b5f2c	3	【[107][108]】\n……いいですよ。\n[391]けてください。
0x000b5f99	4	【[442][443][444]】\nうむ……そんなこともあり、\n[87]は[289][244]さんを１[53]にしておくのが\n[591]《しの》びなくなったんだ。
0x000b602a	3	【[442][443][444]】\nだがある[146]、[977][691]で[148]っていたことが\n[110]にバレてしまった。
0x000b608e	4	【[442][443][444]】\n[289][244]さんは\n[78][79][21][22][571]から[837]められたようだ。\n[93][804]《ふりん》していたんだろう、とね。
0x000b60f9	2	【[107][108]】\n…………
0x000b6132	3	【[107][108]】\n[57][317]さんはアナタと\nなにも[97]さなかったんですか？
0x000b61a5	4	【[442][443][444]】\n[57][313]だけ、\n[115][79]なのかどうか[457][458]されたよ。\nでも[87]は[594][11]した。
0x000b6230	5	【[442][443][444]】\n[110]はそのとき『わかった』と\n[58]っていたが、\n[289][244]さんが[41][33]したことを[59]えると、\n[174]じてくれなかったようだね……
0x000b62a8	2	【[107][108]】\n…………
0x000b62ee	4	【[442][443][444]】\n[87]と[289][244]さんが\n[21][22][571]を[124][210]っていたことには\n[88][372]の[521][963]がない。
0x000b635b	4	【[442][443][444]】\n[78][310]を[276]けていたとは[58]え、\n[21][22][571]に[324][427]《ないしょ》で[148]っていた[28]は\n[28][111]だし……
0x000b63e3	4	【[442][443][444]】\nそれが[939][940]で\n[21][22][571]が[110][100]を[837]め\n[41][33]してしまった……
0x000b644a	3	【[442][443][444]】\n[110][100]の[41][33]は、\nすべて[87]の[837][286]だよ……
0x000b649a	4	【[107][108]】\nなぜ、[39][66]に\n[289][244]さんが[41][33]したことを\n[257][162]めさせていたんですか？
0x000b6503	4	【[442][443][444]】\n……[603]《こわ》かったんだ。\nあのとき[160]に[702]い[860]を[275]った[87]は、\n[110][100]のあとを[893]おうと[132]った……
0x000b6582	4	【[442][443][444]】\nしかし[87]には[23][60]がいた。\n[110]らを[240]して[751]ぬわけには\nいかなかった……
0x000b6606	4	【[442][443][444]】\nいや、それはただの[58]い[437]だな。\n[110][100]のあとを[893]うほどの[1083][153]が\nなかったんだ……
0x000b6699	3	【[442][443][444]】\n[751]ぬのが[603]《こわ》かった……\nただ、それだけだ。
0x000b66f8	4	【[442][443][444]】\n[41][327]ではそれがわかっていた。\nしかしそれを[129]られたく\nなかったんだ……
0x000b6761	4	【[442][443][444]】\n[87]が[741][742]していた、\n[105][106][108][317]さんの[831][66]である\n[571]だけには……
0x000b67bf	2	【[107][108]】\n…………
0x000b67f8	2	【[39][66]】\n…………
0x000b6831	4	【[107][108]】\n……オレはアナタを\nつまらない[477]だとは\n[132]いませんよ。
0x000b6882	3	【[107][108]】\nオレ、[23][60]を[236]うツラさは、\nよく[129]ってますから……
0x000b68d4	2	【[442][443][444]】\n…………
0x000b690f	4	【[107][108]】\nアナタは[390]きてるだけで、\n[23][60]にとって[469][999]があるんです。\nそれだけは[387]れないでください。
0x000b699b	2	【[442][443][444]】\n…………
0x000b6a15	3	【[442][443][444]】\n[571]は[67][68]な[477]だな……\n[105][106]さんの[831][66]なだけある。
0x000b6a6b	3	【[107][108]】\n……[482]つほど[156][150]があります。\n[139]えてもらえますか？
0x000b6aca	2	【[442][443][444]】\nもちろん。
0x000b6b03	3	【[107][108]】\nまず[57]つは、\nアナタのアリバイについてです。
0x000b6b53	5	【[107][108]】\nアナタのアリバイには\n[857][858]《むじゅん》があります。\nそれは、アナタがあそこにいたと\n[119][58]したことです。
0x000b6c6d	3	【[107][108]】\n（[168]《ちが》う！\nそこじゃない！）
0x000b6cb5	3	【[107][108]】\n（[37][38][88][89][90]が[97]したアリバイを\nよく[132]い[121]すんだ！）
0x000b6d0c	4	【[107][108]】\nアナタは[28][104][79][146]の\n０[428][472]《ごろ》から[678][408]《じゅうせい》が[677]った[178][19]まで、\nずっとトイレに[3]ってたと[58]った。
0x000b6d85	4	【[107][108]】\nそしてその[280]、\n[203]に[65]わったことはなかったと\n[58]ってました。
0x000b6dda	4	【[107][108]】\nでもそれはおかしいんですよ。\nその[428][280]、オレがちょっとした\nトラブルを[696]こしてたんです。
0x000b6e3e	6	【[107][108]】\nしかもそのトラブルの[78][4]は\nアナタの[661]からの[740][53]であり\nクライアントでもある\n[21][22][57][317]さんだった。\nこれには[153]づかなかったんですか？
0x000b6ee4	3	【[442][443][444]】\n……ちょうどいい。\nその[104]についても[513][178]に[97]そう。
0x000b6f45	3	【[442][443][444]】\n[111]はその[428][280]、\n[87]の[345][708]《けいたい》に[71][174]が[3]ってね。
0x000b6fc4	4	【[442][443][444]】\n[217][163][129]でかかってきたから\n[12][212]したのだが、\n[657][783][601]が[240]っていたんだ。
0x000b7035	3	【[442][443][444]】\n[657][783][601]を[98]いてみると、\nその[324][546]は[87]を[1011]《おど》すものだった。
0x000b709f	2	【[442][443][444]】\n[21][22][289][244]の[104]をバラす、とね。
0x000b70e8	3	【[107][108]】\n[1011]《おど》した……？\nいったい、[205]《だれ》が！？
0x000b7179	4	【[442][443][444]】\nそれが、わからないんだ。\nボイスチェンジャーで\n[408]を[65]えていたからね。
0x000b7200	4	【[442][443][444]】\nあわてた[87]は、\nその[408]の[112]を[203][11]するために\n[272]の[650]《すみ》で[259][158][508]に[601][97]をしていたんだ。
0x000b727b	4	【[442][443][444]】\nだからトイレに[3]っていたと\nごまかしたんだ。\nウソをついてすまなかった……
0x000b72d7	3	【[107][108]】\n……なるほど。\nこの[104]については[502][241]しました。
0x000b7326	2	【[107][108]】\n[98]きたいことはもう[57]つあります。
0x000b736a	4	【[107][108]】\n[50][34][52]《ひがいしゃ》にとってアナタは、\n[19]の[135]《おく》さんを[236]ったキッカケになった\n[53][165]でもある……
0x000b73da	4	【[107][108]】\nなのになぜ、\nアナタは[102]、[21][22]ハウジングの\n[418][150][88][89][90]《こもんべんごし》をやってるんですか？
0x000b7460	2	【[442][443][444]】\n…………
0x000b74a8	6	【[442][443][444]】\n[87]と[21][22][571]のあいだには、\nプライベートでいくら[582]が[204]くても、\nビジネスになれば\n[397]り[210]って[147]するという\n[584][222]《あんもく》の[479][372]《りょうかい》があったんだ。
0x000b754b	4	【[442][443][444]】\nだからこそ、\n[157][28]の[215][253]が[740][1]にヒビを[3]れないよう\nお[604]《たが》いに[1084][1085]《きょり》を[15]っていた。
0x000b75cb	4	【[442][443][444]】\nだが、それまで[21][22]ハウジングの\n[418][150][88][89][90]《こもんべんごし》だった、[24][25][440][441]……\nたしか[102]は[571]の[170][433]だったね。
0x000b7672	3	【[442][443][444]】\n[110][100]を[372][286]した[178][20]、\n[21][22][571]は[87]に[157][28]を[948]《ふ》ってきた……
0x000b76e1	5	【[442][443][444]】\n[110]にどのような[160][463]の[65][336]が\nあったのかはわからないが、\n[87]には、[110]の[92]し[121]を[366]る[946][360]など\nなかった。
0x000b777b	3	【[442][443][444]】\nしかし、これが[482][313][404]の[478]《あやま》ちの\n[400]まりだったんだ……
0x000b77e2	5	【[442][443][444]】\n[87]は[110]に[58]われるがままに\n[261][29]をこなしたが、\nそのほとんどは\n[93][513]を[1086]《も》み[850]《け》す[157][28]だった……
0x000b7865	4	【[442][443][444]】\n[110]はもしかしたら、\nわざと[93][513]の[813][1087]を[109]《かつ》がせることで\n[87]に[1088]《ばつ》を[290]《あた》えていたのかもしれない。
0x000b78de	3	【[107][108]】\n（だとしたら……\n[1089]《ゆが》んでるな……）
0x000b798b	3	【[442][443][444]】\n……[571]には[0][91][571]という\n[483][302]な[88][89][90]がついている。
0x000b79f0	4	【[442][443][444]】\nそしてこの[87]も、\n[564][508][118]に[571]に[130][131]することを\n[449][450]する。
0x000b7a70	3	【[442][443][444]】\nそれが[87]に[1090]せられた、\n[63]《・》[20]《・》の[157][28]だと[132]っているからね……
0x000b7ad4	2	【[107][108]】\n……[63]《・》[20]《・》……？
0x000b7b43	3	【[442][443][444]】\n[571]は[64]いうちに[732][615]《しゃくほう》されることになる。\nそれだけは[503][119]しよう。
0x000b7bb1	2	【[442][443][444]】\nそれではそろそろ[236][237]するよ。
0x000b7bf5	3	【[107][108]】\nあの、ちょっと[99]ってください。\nさっきの[97]はいったい……
0x000b7c55	3	【[442][443][444]】\n[0][91][571]。\nあとは[75]《たの》んだよ。
0x000b7cc6	2	【[39][66]】\nは、はい。
0x000b7d24	3	【[442][443][444]】\nでは[105][106][571]。\n[236][237]する。
0x000b7da1	2	【[107][108]】\n…………
0x000b7dda	3	【[107][108]】\n……[110]はこの[28][104]のすべてを\n[129]ってるみたいだな……
0x000b7e2c	2	【[107][108]】\nその[110]がオレの[732][615]《しゃくほう》を[449][450]した……
0x000b7e7c	2	【[107][108]】\n…………
0x000b7eb5	2	【[107][108]】\nイヤな[10][242]がするな……
0x000b8109	3	【[39][66]】\nそれと、[247][146][232][233]したもう[57]つの[36][30]を\n[2][377]するね。
0x000b81f9	3	【[107][108]】\nここで、[215][253][52]のアリバイについて、\nもう[57][313][59]えてみようか。
0x000b8278	4	【[107][108]】\n[50][34][52]《ひがいしゃ》が[63][20]に[404][375]《もくげき》された０[428][19][20]から、\n[678][408]《じゅうせい》が[98]こえた０[428]４４[327]までの\nアリバイを[703]らし[264]わせてみよう。
0x000b832c	3	【[107][108]】\n[24][12][429][432][433]は[874][273]しよう。\nすると……
0x000b8386	3	【[39][66]】\n[30][383]と[24][25]さんと[64][106][690][28]のアリバイが\n[457][11]してない……
0x000b8405	3	【[107][108]】\nああ。\nこの[209]の[205]《だれ》かが[123][53]なのか……？
0x000b8476	3	【[107][108]】\n[37][38][88][89][90]は[874][273]しよう。\nすると……
0x000b84d0	3	【[39][66]】\n[24][25]さんと[24][12][429]さんと[64][106][690][28]のアリバイが\n[457][11]してない……
0x000b8553	3	【[107][108]】\nああ。\nこの[209]の[205]《だれ》かが[123][53]なのか……？
0x000b85c3	3	【[107][108]】\n[24][12][429][432][433]と[37][38][88][89][90]は[874][273]しよう。\nすると……
0x000b8628	3	【[39][66]】\n……[24][25]さんと[64][106][690][28]のアリバイが\n[457][11]してない……
0x000b86a6	3	【[107][108]】\nああ。\nどちらかが[123][53]なのか……？
0x000b8728	3	【[107][108]】\n[80][28]なまでに[564][455]のアリバイが\n[457][11]してないわけだ、ハハハ。
0x000b878c	2	【[107][108]】\nおそらくこの[209]に[123][53]がいるんだろうけど……
0x000b87fd	2	【[39][66]】\nなんとかして[1009]《しぼ》り[282]《こ》めないかな？
0x000b886f	2	【[107][108]】\nそうだな……
0x000b88d3	3	【[107][108]】\nここで、[215][253][52]のアリバイについて、\nもう[57][313][59]えてみようか。
0x000b8952	4	【[107][108]】\n[50][34][52]《ひがいしゃ》が[63][20]に[404][375]《もくげき》された０[428][19][20]から、\n[678][408]《じゅうせい》が[98]こえた０[428]４４[327]までの\nアリバイを[703]らし[264]わせてみよう。
0x000b8a06	2	【[107][108]】\n[24][12][429][432][433]は[874][273]しよう。
0x000b8a58	3	【[107][108]】\n[64][106][690][28]も[56][104]で[41][21]したから、\n[240]るは……
0x000b8ab7	3	【[39][66]】\n[30][383]と[24][25]さんのアリバイが\n[457][11]してない……
0x000b8b2d	3	【[107][108]】\nああ。\nこのどちらかが[123][53]なのか……？
0x000b8b97	2	【[107][108]】\n[37][38][88][89][90]は[874][273]しよう。
0x000b8be9	3	【[107][108]】\n[64][106][690][28]も[56][104]で[41][21]したから、\n[240]るは……
0x000b8c48	3	【[39][66]】\n[24][25]さんと[24][12][429]さんのアリバイが\n[457][11]してない……
0x000b8cc2	3	【[107][108]】\nああ。\nこのどちらかが[123][53]なのか……？
0x000b8d2b	4	【[107][108]】\n[24][12][429][432][433]はゲームセンターで\n[360][555]《かくとう》ゲームをプレイしていた。\n[119][53]は[24][12][429]の[740][53]だ。
0x000b8dac	4	【[107][108]】\n[37][38][88][89][90]は[1091][73]《とくめい》の[601][97]に[1011]《おど》されて、\n[601][97]の[112]を[525]《つ》き[162]《と》めるため、\n[259][158][508]に[601][97]をしていたらしい。
0x000b8e44	3	【[107][108]】\nそして[64][106]は[93][513]の[119][120]《しょうこ》を[15]りに\n[35][36]に[293]ていただけだった。
0x000b8eb1	4	【[107][108]】\n[35][428][496]でアリバイは[119][283]されていないものの、\n[102][20]、[64][106]の[41][21][119][58]を[452]に\n[547][439]が[124][277]け[634][233]《そうさ》を[361]めて[119][283]されるだろう。
0x000b8f49	3	【[107][108]】\nそれに[64][106][41][114]、[93][513]の[119][120]《しょうこ》の[103][864]に[378][751]で、\n[33][34]する[521][1078]《よゆう》はないと[132]っていい。
0x000b8fce	2	【[107][108]】\n[240]るは……
0x000b902d	3	【[39][66]】\n……[24][25]さんだけ、\nアリバイがない……
0x000b90a7	2	【[107][108]】\n…………
0x000b90ed	2	【[107][108]】\nあまり[59]えたくなかったな……
0x000b915e	3	【[107][108]】\n[64][106][690][28]は[56][104]で[41][21]したから、\n[240]るは……
0x000b91bd	3	【[39][66]】\n[30][383]、[24][25]さん、[24][12][429]さんのアリバイが\n[457][11]してないわけね。
0x000b9226	4	【[107][108]】\nああ。\nこの[209]に[122][123][53]がいるかもしれない。\nなんとかして[1009]《しぼ》り[282]《こ》めないかな……
0x000b98ac	2	【[39][66]】\nおはよう、コウジ。
0x000b98e9	2	【[107][108]】\nああ、おはよう、[39][66]。
0x000b9987	3	【[39][66]】\n[247][146]は[428][280]をくれて\nありがとう、コウジ。
0x000b99f9	3	【[39][66]】\n[111]は[247][146]、[87]たちの[76][642]に[152]ってきて、\n[176][1092]《せんせい》に[148]ってきたんだ。
0x000b9a5c	3	【[107][108]】\nえっ、[76][642]に……？\nなんの[221]で[152]ったんだ？
0x000b9ab8	4	【[39][66]】\n[102]はまだナイショ。\nここから[121]ることができたら、\nそのときに……
0x000b9b0f	2	【[107][108]】\nそ、そうか……
0x000b9b81	3	【[39][66]】\n[247][146]は[145][484]《せんぱい》のお[4][180]いをしていたから、\n[203]に[2][377]はないわ。
0x000b9e11	3	【[39][66]】\nそれじゃ、\nまずは[247][146]の[2][377]からするね。
0x000b9ee7	2	【[39][66]】\nそれと……
0x000b9f5e	2	【[39][66]】\n[247][146]は[21][22]ビルに[152]ってきたわ。
0x000ba02b	3	【[39][66]】\nでも、[322]みだったわ。\n[247][146]は[11][322][146]だったみたい。
0x000ba0e2	3	【[39][66]】\nでも、[322]みだったわ。\nどうやら、[562][146]は[11][322][146]みたいね。
0x000ba194	2	【[39][66]】\nそれと……
0x000ba224	2	【[39][66]】\n[247][146]は[630][631][31][32]を[311]ねてきたわ。
0x000ba27e	3	【[39][66]】\n[247][146]は[24][25][26][27][28][29][30][81][235]に\n[152]ってきたわ。
0x000ba354	2	【[39][66]】\nでも、[32][49]が[891]まってて[3]れなかったの。
0x000ba3c1	2	【[39][66]】\nでも、[28][29][30]には[205]《だれ》もいなかったわ。
0x000ba434	4	【[107][108]】\nしまった！\n[146][430]は[11][322][146]だったな……\n[102][313]から[153]をつけないと。
0x000ba4a7	4	【[107][108]】\nしまった！\n[146][430]と[431][430]は[322][146]だったな……\n[102][313]から[153]をつけないと。
0x000ba518	3	【[39][66]】\nでも、[24][25]さんは、いらっしゃらなかったから、\n[97]を[98]くことができなかったわ。
0x000ba5ae	3	【[107][108]】\nそれなんだけど、\n[111]は[440][441]さん、[152][158][93][283]なんだ……
0x000ba629	3	【[39][66]】\nえっ……！？\nどういうこと！？
0x000ba67c	2	【[107][108]】\n[28][29][30]に[4][998]が[240]されていたらしい。
0x000ba6d2	3	【[107][108]】\n[634]《さが》していた[53]が[80]つかったから、\nしばらく[657][783]にするって……
0x000ba753	4	【[39][66]】\n……[149]々と[153]になるところはあるけど、\nプライベートに[215]わりそうな[291][327]だから、\n[98]かないでおく。
0x000ba7e7	3	【[107][108]】\nあぁ。\n[102]んとこはそうしておいてくれ。
0x000ba83b	3	【[107][108]】\nとりあえず、\nこれ[169][170][440][441]さんを[75]《たよ》ることができなくなったってことさ。
0x000ba8a7	3	【[107][108]】\nまぁ、ここまでくれば、\nあとは[41][327]でなんとかしなけりゃいけないんだけどな。
0x000ba95e	2	【[39][66]】\nそれと……
0x000ba9d5	3	【[39][66]】\n[247][146]は[33][34][35][36]となった\nライトブルーに[152]ってきたわ。
0x000baac0	3	【[39][66]】\nでも、やってなかったわ。\n[587][272]するのは[18][20]からみたいね。
0x000bab32	2	【[39][66]】\nでも、[11][322][146]だったわ。
0x000bac1d	2	【[39][66]】\nそれと……
0x000bac94	3	【[39][66]】\n[247][146]は[30][383]から[97]を[98]こうと[132]って、\n[37][38][39][40][28][29][30]へ[57][181][389]《いったんもど》ったわ。
0x000bad88	2	【[39][66]】\nでも、[30][383]はいらっしゃらなかったわ。
0x000baded	3	【[39][66]】\n[247][146]、[30][383]は[322]みだったみたい。\nうっかりしていたわ。
0x000bae9c	2	【[39][66]】\nそれと……
0x000baf13	3	【[39][66]】\n[247][146]は[666][170][76][277][537][45][46]に\n[152]ってきたわ。
0x000bafe8	4	【[39][66]】\nでも、[513][49]が[891]まっていたわ。\n[562][430]の[18][20]と[146][430][146]は\n[322][968]《きゅうしん》みたい。
0x000bb0fa	2	【[39][66]】\nそれと……
0x000bb171	3	【[39][66]】\n[247][146]はゲームセンターに\n[152]ってきたわ。
0x000bb2ab	2	【[39][66]】\nあと、[30][383]にも[97]を[98]いてきたわ。
0x000bb40f	2	【[39][66]】\n[2][377]は[169][170]よ。
0x000bb49c	4	【[107][108]】\nわかった。\nそれじゃ、オレのほうで\n[241]た[1][2]を[176]えるよ。
0x000bb516	2	【[107][108]】\nまずは[15][232]べからだ。
0x000bb6fd	3	【[107][108]】\n[15][232]べについては\nこれくらいだな。
0x000bb792	3	【[107][108]】\n[16]に、[247][146][147][80]に[293]てくれた[53]から\nもらった[1][2]についてだけど……
0x000bb9bf	3	【[107][108]】\n[247][146]はのぞみが[293]たけど、\n[203]に[97]すことはなかったな。
0x000bbbb8	2	【[107][108]】\nあと……
0x000bbc1a	3	【[107][108]】\n[247][146]は[203]に[205]《だれ》も[293]なかったから、\n[0]しい[1][2]はないな。
0x000bbc9a	2	【[107][108]】\nオレからは[169][170]だ。
0x000bbd2e	2	【[39][66]】\nそれとね。
0x000bbd8b	3	【[39][66]】\n[30][383]から[128]しが[121]て、\nこの[28][104]に[208][209]できることになったの。
0x000bbdf0	3	【[39][66]】\nだから、\n１[146]３カ[30]まで[232][233]が[301][302]になると[132]うわ。
0x000bbe6b	3	【[107][108]】\nマジか！？\nそれは[177]かる……！！
0x000bbf36	3	【[39][66]】\nそれじゃ、\n[102][146][232][233]する３カ[30]を[356][620]して。
0x000bbfa4	2	【[39][66]】\n[479][372]《りょうかい》。
0x000bc04c	3	【[39][66]】\nそれじゃ、[102][146]の[232][233]をどうするか\n[356][620]してくれる？
0x000bc0e5	2	【[107][108]】\n……[102][146]は[203]に[232][233]してもらうことが[1093]《う》かばないな。
0x000bc148	4	【[39][66]】\nそうなんだ……\nそれじゃ、[28][29][30]の[145][484]《せんぱい》に[4][180]って[225]しいって\n[75]《たの》まれている[157][28]があるんだけど……
0x000bc1d1	2	【[107][108]】\nあぁ、やってもらって[61]わないよ。
0x000bc23b	3	【[39][66]】\nありがとう、コウジ。\nそれじゃそうさせてもらうね。
0x000bc2be	2	【[107][108]】\nそれがな……
0x000bc31d	4	【[107][108]】\n[647]《よ》いつぶれて[669][759]《きおく》をなくしたなら、\nオレが[122][123][53]である[301][302][101]も\n[594][11]できない……
0x000bc39a	4	【[107][108]】\n[122][123][53]じゃないなら\nその[119][120]《しょうこ》を[121]せ……\nなんて[58]うんだ、[373][374]のヤツ！
0x000bc427	3	【[39][66]】\n……それが[566][567]にできないから、\n[532][588]してるのにね……
0x000bc4a1	3	【[107][108]】\nだけど[33][53]のトリックもほぼ[372][283]したし、\nやれるだけのことはやったと[132]う。
0x000bc523	2	【[107][108]】\n……[102][146]は[203]に[232][233]してもらうことが[1093]《う》かばないな。
0x000bc586	4	【[107][108]】\n[240]りの[146][197]を[59]えても、\n[0]たに[119][120]《しょうこ》を[80]つけるのは\n[303]しいだろうし……
0x000bc612	4	【[39][66]】\nそれじゃ、\n[102][146]は[232][233]をお[322]みにして、\n[41][327]の[428][280]にしていいかな？
0x000bc67d	4	【[107][108]】\nああ、いいよ……むしろオレのために[322]みも[15]らないで\nここまで[204]くやってくれたと[132]うしな。\nありがとう。
0x000bc710	3	【[39][66]】\nそれじゃ、[102][146]だけはお[322]みをもらうね。\nじゃ、また[283][146]……
0x000bc775	2	【[107][108]】\nああ、またな。
0x000bc925	3	【[107][108]】\n[39][66]、ずっと[526]きづめだったろ？\n[102][356][620]した[428][280][169][273]は[322]んでくれ。
0x000bc9a9	2	【[39][66]】\nううん、[87]なら[76][287][288]《だいじょうぶ》だよ？
0x000bc9f5	4	【[107][108]】\nいや、[145]々の[28]を[59]えるにしても、\n[322]んで[225]しいんだ。\nこれはお[224]いだ。
0x000bca53	4	【[107][108]】\nそれに[102]は[203]に\n[232][233]してもらいたいこともないんだ。\nだから……な。
0x000bcad2	3	【[39][66]】\n……わかったわ。\nありがとう、コウジ。
0x000bcb2e	3	【[39][66]】\n[479][372]《りょうかい》。\nそれじゃ、[152]ってくるね。
0x000bcc86	2	【[39][66]】\n[479][372]《りょうかい》。
0x000bcceb	3	【[39][66]】\n……いよいよだね。\nがんばってね、コウジ。
0x000bcd37	3	【[107][108]】\nあぁ。\nがんばってくるよ。
0x000bcd9d	3	【[39][66]】\nじゃあ、またね。\nコウジ。
0x000bd246	2	【[39][66]】\nおはよう、コウジ。
0x000bd283	2	【[107][108]】\nああ、おはよう、[39][66]。
0x000bd2d5	3	【[107][108]】\n[102][146]からよろしく[75]《たの》むよ、\n[39][66]。
0x000bd32f	3	【[39][66]】\nうん。\nがんばろうね！
0x000bd39d	3	【[39][66]】\n[96]しずつだけど、\n[28][104]の[1094][346]《がいよう》が[80]えてきたね。
0x000bd3f3	3	【[107][108]】\nまだまだ[1][2]は[173]りないけどな。\nでも[71][111]に[145]に[361]んでる。
0x000bd449	2	【[107][108]】\nこの[232][66]で[361]めていこう！
0x000bd4d3	3	【[39][66]】\nもう、[240]された[146]が、\n[96]なくなってきたね……
0x000bd521	3	【[107][108]】\n[1095]《あせ》ったら[275]けだ、ってのは\n[440][441]さんの[176]えだけど……
0x000bd59e	3	【[39][66]】\nじゃあ、[1095]《あせ》らないで、\nあきらめずに[361]めましょう。
0x000bd614	3	【[39][66]】\nいよいよ[102][146]が\n[232][233]できる[63][20]の[146]だね。
0x000bd661	4	【[107][108]】\nそうだな。\nやれるだけのことをやって、\n[63][234][146]を[655]《むか》えよう！
0x000bd6f7	2	【[39][66]】\n[102][146]で[63][20]なんだね……
0x000bd739	3	【[107][108]】\nああ……\n[63][20]の[2][377]、[75]《たの》むよ。
0x000bd7e4	3	【[39][66]】\n[247][146]は[428][280]をくれて\nありがとう、コウジ。
0x000bd856	3	【[39][66]】\n[111]は[247][146]、[87]たちの[76][642]に[152]ってきて、\n[176][1092]《せんせい》に[148]ってきたんだ。
0x000bd8b9	3	【[107][108]】\nえっ、[76][642]に……？\nなんの[221]で[152]ったんだ？
0x000bd915	4	【[39][66]】\n[102]はまだナイショ。\nここから[121]ることができたら、\nそのときに……
0x000bd96c	2	【[107][108]】\nそ、そうか……
0x000bd9de	3	【[39][66]】\n[247][146]は[145][484]《せんぱい》のお[4][180]いをしていたから、\n[203]に[2][377]はないわ。
0x000bdc61	3	【[39][66]】\nそれじゃ、\nまずは[247][146]の[2][377]からね。
0x000bdd1c	2	【[39][66]】\nそれと……
0x000bdd93	2	【[39][66]】\n[247][146]は[21][22][23]に[152]ってきたわ。
0x000bde5f	2	【[39][66]】\nでも、[205]《だれ》もいなかったわ。
0x000bdf00	2	【[39][66]】\nそれと……
0x000bdf77	2	【[39][66]】\n[247][146]は[21][22]ビルに[152]ってきたわ。
0x000be044	3	【[39][66]】\nでも、[322]みだったわ。\n[247][146]は[11][322][146]だったみたい。
0x000be0fb	3	【[39][66]】\nでも、[322]みだったわ。\nどうやら、[562][146]は[11][322][146]みたいね。
0x000be15e	3	【[39][66]】\nでも、[322]みだったわ。\nどうやら、[431][430]は[11][322][146]みたいね。
0x000be1c1	3	【[39][66]】\nでも、[322]みだったわ。\nどうやら、[429][430]、[431][430]は[11][322][146]みたいね。
0x000be279	2	【[39][66]】\nそれと……
0x000be2f0	3	【[39][66]】\n[247][146]は[24][25][26][27][28][29][30][81][235]に\n[152]ってきたわ。
0x000be3da	2	【[39][66]】\nでも、[28][29][30]には[205]《だれ》もいなかったわ。
0x000be44d	4	【[107][108]】\nしまった！\n[146][430]は[11][322][146]だったな……\n[102][313]から[153]をつけないと。
0x000be4c0	4	【[107][108]】\nしまった！\n[146][430]と[431][430]は[322][146]だったな……\n[102][313]から[153]をつけないと。
0x000be52c	4	【[107][108]】\nしまった！\n[247][146]は[11][322][146]だったな……\n[102][313]から[153]をつけないと。
0x000be59a	3	【[39][66]】\nでも、[24][25]さんは、いらっしゃらなかったから、\n[97]を[98]くことができなかったわ。
0x000be655	2	【[39][66]】\nそれと……
0x000be6cc	3	【[39][66]】\n[247][146]は[33][34][35][36]となった\nライトブルーに[152]ってきたわ。
0x000be7b7	3	【[39][66]】\nでも、やってなかったわ。\n[587][272]するのは[18][20]からみたいね。
0x000be829	2	【[39][66]】\nでも、[11][322][146]だったわ。
0x000be8cf	3	【[39][66]】\nでも、[322]みだったわ。\n[247][146]は[11][322][146]だったみたい。
0x000be97d	2	【[39][66]】\nそれと……
0x000be9f4	3	【[39][66]】\n[247][146]は[30][383]から[97]を[98]こうと[132]って、\n[37][38][39][40][28][29][30]へ[57][181][389]《いったんもど》ったわ。
0x000beae8	2	【[39][66]】\nでも、[30][383]はいらっしゃらなかったわ。
0x000beb4d	3	【[39][66]】\n[247][146]、[30][383]は[322]みだったみたい。\nうっかりしていたわ。
0x000bebfc	2	【[39][66]】\nそれと……
0x000bec73	3	【[39][66]】\n[247][146]はコウジのアパートに\n[152]ってきたわ。
0x000bed44	3	【[39][66]】\nでも、[951][329][53]さんがいなくて\n[209]には[3]れなかったわ。
0x000bedf1	2	【[39][66]】\nそれと……
0x000bee68	3	【[39][66]】\n[247][146]は[43][44]タクシーセンターに[152]って\nきたわ。
0x000bef3b	3	【[39][66]】\nでも、[322]みだったわ。\nどうやら、[146][430][146]は[11][322][146]みたいね。
0x000bf040	2	【[39][66]】\n[2][377]は[169][170]よ。
0x000bf13e	4	【[107][108]】\nああ。\nそれじゃあ、オレが[241]た[1][2]を\n[176]えるよ。
0x000bf1a0	4	【[107][108]】\nわかった。\nそれじゃ、オレのほうで\n[241]た[1][2]を[176]えるよ。
0x000bf201	2	【[107][108]】\nまずは[15][232]べからだ。
0x000bf410	3	【[107][108]】\n[15][232]べについては\nこれくらいだな。
0x000bf48c	3	【[107][108]】\n[16]に、[247][146][147][80]に[293]てくれた[53]から\nもらった[1][2]についてだけど……
0x000bf7db	2	【[107][108]】\nそれと……
0x000bf83e	3	【[107][108]】\n[247][146]は[203]に[205]《だれ》も[293]なかったから、\n[0]しい[1][2]はないな。
0x000bf8be	2	【[107][108]】\nオレからは[169][170]だ。
0x000bf932	2	【[39][66]】\n[479][372]《りょうかい》。
0x000bf9ce	4	【[39][66]】\nそれじゃ、\n[102][146]の[232][233]をどうするか[356][620]\nしてくれる？
0x000bfa68	2	【[107][108]】\n……[102][146]は[203]に[232][233]してもらうことが[1093]《う》かばないな。
0x000bfae4	4	【[39][66]】\nそうなんだ……\nそれじゃ、[28][29][30]の[145][484]《せんぱい》に[4][180]って[225]しいって\n[75]《たの》まれている[157][28]があるんだけど……
0x000bfb6d	2	【[107][108]】\nあぁ、やってもらって[61]わないよ。
0x000bfbd7	3	【[39][66]】\nありがとう、コウジ。\nそれじゃそうさせてもらうね。
0x000bfc50	2	【[107][108]】\nそれがな……
0x000bfcaf	4	【[107][108]】\n[647]《よ》いつぶれて[669][759]《きおく》をなくしたなら、\nオレが[122][123][53]である[301][302][101]も\n[594][11]できない……
0x000bfd2c	4	【[107][108]】\n[122][123][53]じゃないなら\nその[119][120]《しょうこ》を[121]せ……\nなんて[58]うんだ、[373][374]のヤツ！
0x000bfdb9	3	【[39][66]】\n……それが[566][567]にできないから、\n[532][588]してるのにね……
0x000bfe33	3	【[107][108]】\nだけど[33][53]のトリックもほぼ[372][283]したし、\nやれるだけのことはやったと[132]う。
0x000bfe9c	4	【[107][108]】\n[240]りの[146][197]を[59]えても、\n[0]たに[119][120]《しょうこ》を[80]つけるのは\n[303]しいだろうし……
0x000bff28	4	【[39][66]】\nそれじゃ、\n[102][146]は[232][233]をお[322]みにして、\n[41][327]の[428][280]にしていいかな？
0x000bff93	4	【[107][108]】\nああ、いいよ……むしろオレのために[322]みも[15]らないで\nここまで[204]くやってくれたと[132]うしな。\nありがとう。
0x000c0026	3	【[39][66]】\nそれじゃ、[102][146]だけはお[322]みをもらうね。\nじゃ、また[283][146]……
0x000c008b	2	【[107][108]】\nああ、またな。
0x000c0212	3	【[107][108]】\n[39][66]、ずっと[526]きづめだったろ？\n[102][356][620]した[428][280][169][273]は[322]んでくれ。
0x000c0296	2	【[39][66]】\nううん、[87]なら[76][287][288]《だいじょうぶ》だよ？
0x000c02e2	4	【[107][108]】\nいや、[145]々の[28]を[59]えるにしても、\n[322]んで[225]しいんだ。\nこれはお[224]いだ。
0x000c0340	4	【[107][108]】\nそれに[102]は[203]に\n[232][233]してもらいたいこともないんだ。\nだから……な。
0x000c03bf	3	【[39][66]】\n……わかったわ。\nありがとう、コウジ。
0x000c0532	2	【[39][66]】\nうん、[479][372]《りょうかい》。
0x000c058e	2	【[39][66]】\n…………
0x000c05c7	2	【[107][108]】\nどうした、[39][66]？
0x000c0611	4	【[39][66]】\nうん……\nコウジと[57][427]《いっしょ》に[232][233]できるのが\nちょっとうれしくて……
0x000c0671	2	【[107][108]】\nそ、そうか……
0x000c06ac	2	【[107][108]】\n……オレもだ。
0x000c070d	2	【[39][66]】\nえっ……！？
0x000c0748	2	【[107][108]】\n…………
0x000c07a7	2	【[39][66]】\nそ、それじゃ、[152]ってくるね。
0x000c07ea	2	【[107][108]】\nお、おう……
0x000c0847	2	【[39][66]】\n[479][372]《りょうかい》。
0x000c0893	3	【[39][66]】\n……いよいよだね。\nがんばろうね、コウジ。
0x000c08df	2	【[107][108]】\nああ。
0x000c0921	2	【[39][66]】\nじゃあ、またね。
0x000c096e	3	【[39][66]】\n[479][372]《りょうかい》。\nそれじゃ、[152]ってくるね。
0x000c0b6f	2	【[39][66]】\nあと、[30][383]にも[97]を[98]いてきたわ。
0x000c0bf5	2	【[39][66]】\n[236][237]します。
0x000c0c8e	3	【[442][443][444]】\n[0][91][571]か。\n[21][22][571]の[28][104]の[232][233]は[361]んでいるかい？
0x000c0cf4	3	【[39][66]】\nはい。\n[96]しずつ[361]めています。
0x000c0d38	4	【[39][66]】\nそれで、\n[28][104][8][390][428]の[136][66]を\n[176]えていただければと[132]いまして……
0x000c0dbb	2	【[442][443][444]】\n……あのときはビックリしたよ。
0x000c0e32	3	【[442][443][444]】\n[678][408]《じゅうせい》が[272][324]に[677]《な》り[574]《ひび》いてね、\n[57][697]《いっしゅん》、[116][403][90]で[227]を[80][264]わせたんだ。
0x000c0eae	4	【[442][443][444]】\nそんな[209]、[64][106][571]……\n[102]、[690][28]《けいじ》をやっている[31][32]の[403][757][390]で、\n[110]も[35][36]に[370][264]わせたんだが……
0x000c0f2c	3	【[442][443][444]】\n[110]が[122]っ[145]に、[678][408]《じゅうせい》が[98]こえたほう、\nＶＩＰルームへ[679]《か》け[121]《だ》したんだ。
0x000c0f9e	3	【[442][443][444]】\nそれに[391]いて、[24][25][571]……\n[110][100]は[102][26][27]をしていたかな……？
0x000c102e	3	【[39][66]】\n[30][383]は[24][25]さんとも\nお[129]り[264]いなんですね。
0x000c107b	3	【[39][66]】\n[111]は、[50][51][52]《ひぎしゃ》となっている\n[105][106]さんの[170][433]なんです。
0x000c10fc	4	【[442][443][444]】\nそうか。\n[50][51][52]《ひぎしゃ》の[227]に[80][583]えがあると[132]ったが、\nあの[146]、[110][100]の[344]れだった[477][101]か。
0x000c116f	3	【[39][66]】\nええ。……それで\nＶＩＰルームに[152]ったあとはどうでした？
0x000c1217	4	【[442][443][444]】\n[515][209]《とちゅう》にドアがあったんだ。\n[64][106][571]が[587]けようとしたが、\nどうやら[586]《かぎ》が[891]まっていたようでね。
0x000c128e	4	【[442][443][444]】\nそれを[80]た[24][25][571]が、\n[57][181]《いったん》[218]き[549]して、\nすぐにドアの[586]《かぎ》を[84]って[389]《もど》ってきた。
0x000c1306	4	【[442][443][444]】\nマスターに[586]《かぎ》を[229]りて[293]たのだろう。\n[110][100]の[274][464]もあって、\nそんなに[428][280]はロスしていなかったと[132]う。
0x000c137c	3	【[442][443][444]】\n[24][25][571]から[586]《かぎ》を[276]け[15]り、\n[64][106][571]が[586]《かぎ》を[587]けた。
0x000c13dd	4	【[442][443][444]】\nそして[64][106][571]が[58]ったんだ。\nこのさきにまだ[855][678]《けんじゅう》を[84]った[123][53]が\nいるかもしれない。
0x000c144b	3	【[442][443][444]】\n[767][812]だから[41][327]１[53]で[152]く。\n[202]の[52]はここで[99][274]していろとね。
0x000c14a9	4	【[442][443][444]】\nだからドアの[19]で[99]っていたら、\n[209]から[64][106][571]の\n[711]《さけ》び[408]《ごえ》が[98]こえたんだ。
0x000c1575	3	【[442][443][444]】\n[87]と[24][25][571]は[711]《さけ》び[408]《ごえ》が[98]こえたと[403][428]に、\nＶＩＰルームの[209]に[3]った。
0x000c1609	4	【[442][443][444]】\nするとそこには[64][106][571]と\n[33]された[21][22][571]の[840]だけで、\n[123][53]はすでにどこにもいなかった。
0x000c1698	3	【[442][443][444]】\nすぐに[24][25][571]はＶＩＰルームから[121]て\n１１０[506][163][2]をしに[28][29][30]へ[267]かった。
0x000c1726	4	【[442][443][444]】\nしばらくして[64][106][571]が\nここは[35][36]《げんじょう》[503][183]《ほぞん》のために[1096][1097]《ふうさ》するから\n[291][74]の[273]に[121]るように[356][620]した。
0x000c17d2	3	【[442][443][444]】\nそしてホールに[389]《もど》ってきて、\nあとは[547][439]の[28][1][1098][15]《じじょうちょうしゅ》を[276]けたんだ……
0x000c1896	3	【[39][66]】\n[30][383]から[98]いた[97]は、\nこんな[242]じだったわ。
0x000c18f0	4	【[39][66]】\nあと、[63][20]にもう[57]つ。\nこれは[28][29][30]の[145][484]《せんぱい》に[98]いた[1][2]\nなんだけど……
0x000c1967	4	【[39][66]】\n[102][103]の[28][104]で[109][79]になった[373][374][513][174][690][28]《みうらまさのぶけいじ》は、\n[634][233]《そうさ》[57][1090]《いっか》の[209]でも\nナンバーワンの[210]れ[52]として[73]が[163]ってるわ。
0x000c1a25	4	【[39][66]】\nもう１[53]の[459][115][568][777][690][28]《よしもとさやかけいじ》はまだ[1099][994]の[114]だけど、\n[725][23][976][29][455][726][727]をトップの[62][607]で\n[264][360]した[1100][100]よ。
0x000c1adb	2	【[39][66]】\n[513][178]、どちらもやっかいな[78][4]ね。
0x000c1b48	4	【[107][108]】\nそうか……\nこっちも[153][264]い[3]れて\n[15]り[453]まないといけないな。
0x000c207e	5	【[107][108]】\n（[102][146]は、[547][439][292][324]での[15][232]べは\nおこなわれず、\n[33][34][35][36]となったバー『ライトブルー』に\n[344]れてこられた）
0x000c211e	3	【[373][374]】\nどうだ、[105][106]。\nなにか[132]い[121]したことはあるか？
0x000c216d	3	【[107][108]】\n……たしかにここに[293]た[583]えはある。\nけどそれだけだ。
0x000c21e4	5	【[373][374]】\nそれだけ、か。\nまあいい。\nこれからじっくりと\n[132]い[121]してもらおう。
0x000c2263	3	【[373][374]】\n[50][34][52]《ひがいしゃ》・[21][22][57][317]はこの[272]の\nＶＩＰルームで[53]と[148]っていた。
0x000c22c8	3	【[107][108]】\nＶＩＰルームねえ……\nずいぶんとおエラい[67][36]なんだな。
0x000c2329	5	【[373][374]】\nそうだな。\n[50][34][52]《ひがいしゃ》は[21][22]ハウジングの[244][47]、\nそして[21][22]グループのトップに\n[67]つ[477]だ。
0x000c23c5	3	【[373][374]】\nお[19]も[21][22]グループくらい\n[364][605]として[129]っているだろう？
0x000c241a	4	【[107][108]】\nさあ……\nなにしろオレは[26][27]《たんてい》なんて\n[217][364][605]な[157][28]をしてるんでね。
0x000c24a2	3	【[373][374]】\n……フン、\nずいぶんと[41][1101]《じちょう》めいたものだな。
0x000c251b	3	【[373][374]】\n[97]を[389]《もど》そう。\nまずはこれを[80]てもらおう。
0x000c25fa	2	【[373][374]】\nここが[272]の[3]り[257]だ。
0x000c2687	5	【[373][374]】\nここが[102][87]たちのいるホールだ。\nお[19]と[24][25][440][441]はここのカウンターで\n[673]を[672]んでいた……\nそれは[280]《ま》[168]《ちが》いないな？
0x000c271f	4	【[107][108]】\nああ、そこまでは[583]えてる。\nここのカウンターで[672]んだ。\nそれは[458]める。
0x000c277a	3	【[373][374]】\nフム。\nそして、ここが[150][151]のＶＩＰルームだ。
0x000c2812	4	【[373][374]】\n[1008]からわかるように、\nここからではＶＩＰルームが\nどうなっているか[80]ることはできない。
0x000c28ca	3	【[373][374]】\nだが、ここにいた[52]にもはっきりと\n[98]こえるような[678][408]《じゅうせい》が[574]《ひび》いた。
0x000c292e	4	【[373][374]】\nすぐに[116][197][73]が\nＶＩＰルームへ[679]《か》け[282]《こ》んだところ、\n[50][34][52]《ひがいしゃ》が[86]《たお》れていた。
0x000c29a5	2	【[107][108]】\n…………
0x000c29de	3	【[373][374]】\nこの[209]に[3]るためには\n[482]つのルートがある。
0x000c2a28	3	【[373][374]】\n[57]つは[890][764]のトイレにいく[515][209]にある\nドアから[3]るルート。
0x000c2b4b	3	【[373][374]】\nもう[57]つが[3]り[257]の[188]から[178][147]\nＶＩＰルームへ[267]かうルートだ。
0x000c2c73	3	【[373][374]】\nしかし、[890][764]のルートからは\n[3]ることができない。
0x000c2cc1	5	【[373][374]】\nなぜなら、\nこの[592]《とびら》は[324][764]からしか[587]かない、\nオートロックの[61][279]に\nなっているからだ。
0x000c2d74	4	【[373][374]】\nトイレに[267]かう[116]が\n[280]《ま》[168]《ちが》って[3]ってこないように\nこんな[61][279]になってる。
0x000c2dd9	4	【[373][374]】\nトイレ[764]から[592]《とびら》を[587]けるには、\nＶＩＰルームを[414]う[52]が[41][461]に\n[335][11]できる[584][119][506][602]が[378][346]だ。
0x000c2e50	3	【[373][374]】\n[79][146]、これを[129]っていた[53][165]は、\n[50][34][52]《ひがいしゃ》だけだったということになる。
0x000c2eb5	2	【[107][108]】\n[508][86]《めんどう》な[61][279]になってるんだな。
0x000c2f6d	3	【[373][374]】\n[977][1091]《ひとく》[101]《せい》の[31]い[148][576]や[454]ち[264]わせに\n[414]われることを[509][11]しているからだ。
0x000c2fda	4	【[373][374]】\n[209]は[685][676][157][136]になっているうえ、\nそれぞれの[592]《とびら》には[586]《かぎ》が[72]《か》かるように\nなっている。
0x000c305d	4	【[373][374]】\nすべての[592]《とびら》に[586]《かぎ》を[72]《か》ければ、\n[273]のホールからは\n[842][564]に[1102][1085]《かくり》される。
0x000c30cd	3	【[107][108]】\nじゃあ[28][104][79][146]の[720]、\nオレもここは[163]れなかったわけだ。
0x000c3121	5	【[373][374]】\nどうかな。\n[257][839]のあと、\nＶＩＰルームに[154]って[152]く[50][34][52]《ひがいしゃ》が\n[3][131]した[584][119][506][602]を[1103]《ぬす》み[80]た……
0x000c31a2	2	【[373][374]】\nその[301][302][101]は[522][327]に[59]えられる。
0x000c31e9	2	【[107][108]】\n（どこまでもオレに[93][314]な[814][815]《じょうきょう》か……）
0x000c326e	3	【[107][108]】\n……いや、ちょっと[99]ってくれ。\nもう[57]つ、[153]になる[496]がある。
0x000c32ed	3	【[373][374]】\nほう。\n[58]ってみろ。
0x000c332b	4	【[107][108]】\nたしか[272][324]に[678][408]《じゅうせい》が[677]《な》り[574]《ひび》いたって\n[58]ってたよな？\n[685][676][157][136]なのにか？
0x000c33c2	3	【[373][374]】\n……[678][408]《じゅうせい》くらい[76]きな[676]なら\n[1007]《も》れてもおかしくはないだろう？
0x000c3424	4	【[107][108]】\n（……そうかもしれない。\nしかし……\nそれで[234]わらせていいのか……？）
0x000c3483	4	【[107][108]】\n……わかった、[102]はいい。\nこのＶＩＰルームの[209]は\n[80]せてくれるのか？
0x000c34ee	3	【[373][374]】\nこれから[80]せようと[132]っていたところだ。\nついてこい。
0x000c3582	2	【[373][374]】\nこの[592]《とびら》だ。
0x000c35cd	4	【[373][374]】\n[678][408]《じゅうせい》が[272][324]に[574]《ひび》いて\n[215][253][52]がこの[592]《とびら》を[163]ろうとしたが、\n[586]《かぎ》が[891]まっていたとのことだ。
0x000c364d	4	【[107][108]】\n[324][764]からは[4]で[586]《かぎ》を[891]められそうだな。\n[273][764]からは……\n[586]《かぎ》が[378][346]になる[61][279]か。
0x000c36be	2	【[107][108]】\nこの[586]《かぎ》は[205]《だれ》が[951][329]してるんだ？
0x000c3719	5	【[373][374]】\nホールのカウンター[324]に\n[586]《かぎ》を[308]く[36][30]がある。\n[357][261][428][280][708]は、\nそこに[586]《かぎ》が[308]かれているらしい。
0x000c3791	4	【[107][108]】\nカウンター[324]……\nってことは、[721][115][118]には\n[272]の[215][253][52]しか[84]ち[699]びできない……
0x000c3804	4	【[373][374]】\nそのとおりだ。\nしかも、カウンターには\nマスターがいる。
0x000c3861	4	【[373][374]】\n[721][115][118]に[586]《かぎ》は\nマスターの[951][329][300]に\nあるといっていいだろう。
0x000c38c9	4	【[373][374]】\n[678][408]《じゅうせい》が[272][324]に[574]《ひび》いたとき、\n[215][253][52]がマスターのもとへ[679]《か》け[277]《つ》け、\n[586]《かぎ》を[229]りて[592]《とびら》を[587]けたそうだ。
0x000c3965	4	【[373][374]】\nこの[592]《とびら》の[586]《かぎ》だけでなく、\n[272][324]にある[28][29][30]の[586]《かぎ》も\n[57][427]《いっしょ》に[951][329]されている。
0x000c39eb	5	【[373][374]】\nそういえば[28][104]の[19][146]に\n[28][29][30]の[586]《かぎ》が[587]きっぱなしに\nなっていて\n[150][151]になったらしい。
0x000c3a68	4	【[373][374]】\nだから[79][146]はなおさら\n[384][411]に[586]《かぎ》の[951][329]を\nしていたそうだ。
0x000c3ac2	5	【[107][108]】\n……なるほど。\nその[384][411]に[951][329]されていた[586]《かぎ》を\nオレが[585]って、\n[50][34][52]《ひがいしゃ》を[33]したってわけか。
0x000c3b3b	2	【[107][108]】\nすげーな、オレ。
0x000c3b9c	2	【[373][374]】\n……[1104][1105]のつもりか？
0x000c3c02	5	【[373][374]】\nお[19]が[585]ったのは\nオートロックの[592]《とびら》だけだ。\nマスターが[951][329]している[586]《かぎ》は\n[215][253]ない。
0x000c3c8c	2	【[373][374]】\n[145]に[361]むぞ。
0x000c3d0b	3	【[373][374]】\nここがＶＩＰルームのドアだ。\n[3]るぞ。
0x000c3d9b	5	【[373][374]】\nここが、[50][34][52]《ひがいしゃ》が[33]されていた\nＶＩＰルームだ。\n[17][57][8][80][52]は[64][106]《こんどう》[743][187]《かつみ》……\n[87]の[170][433]だ。
0x000c3e51	3	【[107][108]】\n……[170][433]？\n[17][57][8][80][52]は[690][28]《けいじ》だったのか？
0x000c3eb6	6	【[373][374]】\nそうだ。\n[79][146]、\nたまたまこの[272]で[672]んでいたところ、\nＶＩＰルームから[678][408]《じゅうせい》が[98]こえ、\n[57][506]に[510]《の》り[282]《こ》んだらしい。
0x000c3f4e	5	【[373][374]】\n[50][34][52]《ひがいしゃ》が[86]《たお》れていて、\n[123][53]らしき[53][165]は\nすでに[80]あたらなかったと\n[119][58]している。
0x000c3fce	4	【[373][374]】\nそして[272][273]のゴミ[756]の[209]に、\n[846][489]《きょうき》となった\n[855][678]《けんじゅう》が[1055]《す》てられていた。
0x000c404b	3	【[373][374]】\nちなみに[50][34][52]《ひがいしゃ》が[86]《たお》れていたのが\nそのソファだ。
0x000c40a5	3	【[107][108]】\nソファに[86]《たお》れていた……？\n[563]っていたではなくて？
0x000c411f	4	【[373][374]】\nうつ[1106]《ぶ》せの[814][832]……\nつまり、ソファの[892]もたれの[291][327]に\n[1107]《おお》い[50]《かぶ》さるような[814][832]で[8][80]された。
0x000c419a	2	【[107][108]】\n……うつ[1106]《ぶ》せ？
0x000c4200	2	【[373][374]】\n[459][115][571]。
0x000c425f	2	【[459][115]】\nはい。
0x000c42c5	4	【[107][108]】\n（……たしかに、\nこれなら[86]《たお》れてるって[47][35]が\n[513]しいかもしれないな……）
0x000c435b	3	【[107][108]】\n……でもなぜだ？\nなぜ、こんな[77][561]で[751]んでいる……？
0x000c43b0	3	【[107][108]】\n[375]《う》たれてもいない[160][754]を[401]《お》さえて、\nその[170]……
0x000c442d	4	【[373][374]】\nそこまでだ。\n[160][1108][162]にしろ[236][251][751]にしろ、\nお[19]の[546][51]《ようぎ》は[65]わらない。
0x000c4492	2	【[107][108]】\nなんだと……！？
0x000c44f5	3	【[373][374]】\n[751][940]が[678][375]《じゅうげき》によって\n[218]き[696]こされたことは[283][21]だ。
0x000c455c	4	【[373][374]】\nそして……\nお[19]の[356][847]《しもん》がついている[855][678]《けんじゅう》が\n[240]されていたんだ。
0x000c45e8	3	【[373][374]】\nその[28][111]で[522][327]だ……\nお[19]が[123][53]だと[142][839]づけるにはな！
0x000c4640	2	【[107][108]】\nグッ！
0x000c4676	5	【[107][108]】\n（たしかに……\n[35][36]に[356][847]《しもん》つきの[855][678]《けんじゅう》があった[169][170]、\n[82][96]の[93][41][474]さは\n[166][839][1109][319]にならない……！）
0x000c4724	3	【[373][374]】\nで、どうだ？\n[669][759]《きおく》は[389]《もど》ったか？
0x000c4775	3	【[107][108]】\nそれ[169][19]の[150][151]だ。\nこの[291][74]に[3]った[583]えさえない。
0x000c47ef	3	【[373][374]】\nフン、なるほど。\nまたもや[44][264][204]く[669][759]《きおく》がないわけだ。
0x000c4848	4	【[107][108]】\n[168]《ちが》うっ！\nこの[291][74]に[3]ったのは\n[115][79]に[102][146]が[627]めてなんだっ！
0x000c48a7	3	【[107][108]】\n……そうだ！\n[356][847]《しもん》だ！
0x000c48ef	3	【[107][108]】\nこの[291][74]に[3]るまで、\nいくつかのドアがあっただろう！
0x000c4940	2	【[107][108]】\nそこにオレの[356][847]《しもん》はついてたのか！？
0x000c49b2	2	【[373][374]】\n…………
0x000c49eb	3	【[107][108]】\n（[373][374]が[528]《おどろ》いてる……\nこれは……！？）
0x000c4a66	3	【[373][374]】\nたしかにお[19]の[356][847]《しもん》は\nついていなかった。
0x000c4ab5	4	【[107][108]】\nそれはどうなんだ！\nオレがこの[291][74]に[3]ってないっていう、\nなによりの[119][120]《しょうこ》だろう！
0x000c4b43	3	【[373][374]】\n……[105][106]。\n[115][153]で[58]っているのか？
0x000c4b8e	2	【[107][108]】\nえっ？
0x000c4c3b	6	【[373][374]】\n……ドアには\n[17][57][8][80][52]の[356][847]《しもん》しか\nついていなかった。\n[28][19]に[312][52]かが\n[356][847]《しもん》を[852]《ふ》き[15]《と》っていたと[59]えられる。
0x000c4cce	3	【[107][108]】\nなんだって……！？\n[356][847]《しもん》を[852]《ふ》き[15]《と》った……？
0x000c4d3a	3	【[373][374]】\nそんなことをする[53][280]は\n１[53]しか[59]えられない。
0x000c4dae	4	【[373][374]】\nＶＩＰルームに[3]った[119][120]《しょうこ》を\n[577][829]《いんめつ》するために、\nお[19]が[852]《ふ》き[15]《と》ったんだろう！
0x000c4e4c	4	【[373][374]】\nその[529][313]の[766][749][688]で\n[12][13]を[112][113]できると[132]ったか？\nまったく、あきれた[477]だ。
0x000c4eb0	4	【[107][108]】\nそ、そんなことはしてないっ！\nオレはこの[291][74]に\n[3]ったことさえ……っ！！
0x000c4f34	4	【[373][374]】\nお[19]の[112][113]には[124][277]けがない。\nこの[291][74]に[3]っていないと[112][113]するなら\nもっと[839][329][118]に[97]すんだな。
0x000c4fa4	2	【[107][108]】\nうう……！
0x000c5011	3	【[373][374]】\n……フン。\nこれまでだな。
0x000c5053	2	【[107][108]】\n…………
0x000c50b2	4	【[373][374]】\nどうだ？\n[669][759]《きおく》がなくても\n[814][815]《じょうきょう》は[1110][755]《はあく》できただろう。
0x000c5126	2	【[373][374]】\nなにか[166][839]があるなら[276]け[277]けるが？
0x000c516d	3	【[107][108]】\n（……くそっ！\nなにも[58]い[549]せない……！）
0x000c51e3	4	【[373][374]】\n[102][146]はこれで[154]ることにする。\n[283][146]からの[554][150]《じんもん》を\n[774]しみにしておくんだな。
0x000c5748	5	【[373][374]】\nさて、\n[102][146]は[380][115][118]なところから[400]めよう。\nお[19]が[673]に[647]《よ》いつぶれていた\nという[97]だ。
0x000c57b4	4	【[107][108]】\nああ。\nだからオレにはあの[428][280]の\n[669][759]《きおく》がない……
0x000c5830	3	【[373][374]】\nこの[814][832]は[57][80]、お[19]にとって\n[93][314]な[814][815]《じょうきょう》だと[58]えなくもない。
0x000c58a1	4	【[373][374]】\nだが[57][158]で、\n[93][314]な[28][111]に[1111][1112]《つじつま》を[264]わせられる、\n[44][264]のいい[814][815]《じょうきょう》でもあるわけだ。
0x000c5919	2	【[107][108]】\nあくまでその[213]で[361]めるつもりか……
0x000c5985	4	【[373][374]】\nいいか、[105][106]。\n[669][759]《きおく》がないなら[132]い[121]せ。\nそれがお[19]に[240]された[1113][57]《ゆいいつ》の……
0x000c5a69	2	【[64][106]】\nどうだ、[232][66]は？
0x000c5acc	3	【[373][374]】\n……[102]、[411][346]な\n[255][508]にさしかかっています。
0x000c5b28	2	【[373][374]】\nここは[87]に[286]せていただきたい。
0x000c5b6b	3	【[107][108]】\n（……？\n[373][374]が[256][1114]《どうよう》してる……？）
0x000c5be6	4	【[64][106]】\nフン！\nいつまで[286]せておけばいいんだ？\nこっちは[99]ちくたびれてるんだ。
0x000c5c4c	4	【[64][106]】\nあれだけ[119][120]《しょうこ》が[1016]《そろ》っていて\nいまだに[41][21]が[15]れないとは……\n[4][160]でも[683]えてるんじゃないだろうな！
0x000c5cea	3	【[373][374]】\nまさか……\nそのようなことは、[470]して。
0x000c5d59	3	【[64][106]】\nおい、お[19]。\n[105][106]とか[58]ったな。
0x000c5da1	2	【[107][108]】\n……はい。
0x000c5e15	3	【[64][106]】\nムダな[173]《あ》[1115]《が》きはよして、\nとっとと[257]を[397]れよ。
0x000c5e6b	2	【[107][108]】\nグッ！
0x000c5edf	4	【[373][374]】\n[1090][383]！\n[1116][131]を[1117]《ともな》った[15][232]べは[168][39]《いほう》だ！\nやめて[300]さい！
0x000c5f69	4	【[64][106]】\nこの[529][313]でか？\n[373][374]……お[19]のやり[158]は\n[4]ぬるいんだよ。
0x000c5fce	3	【[64][106]】\n[543]が[4][115]を[80]せてやるから、\n[222]《だま》って[80]ておけ。
0x000c602f	3	【[64][106]】\nいいか。\n[222]《・》っ《・》て《・》[80]ておくんだぞ！？
0x000c60ab	2	【[373][374]】\nク……ッ！
0x000c610a	4	【[64][106]】\nお[19]と[21][22]が[257][839]しているところを\nこの[543]が[80]たんだ！\nお[19]には[522][327]な[256][274]があるんだよ！
0x000c619a	4	【[107][108]】\n（……[257][839]って[58]っても、\n[14][4]にオマエが\n[58]ってるだけじゃないか！）
0x000c625d	3	【[107][108]】\n[41][327]の[669][759]《きおく》にないことを\n[458]めるわけにはいきません。
0x000c631d	4	【[64][106]】\nなにが[669][759]《きおく》だっ！\nこっちが[76][53]しくしてりゃ\n[1118]《な》めた[257]、[98]きやがって！！
0x000c6386	4	【[64][106]】\n[669][759]《きおく》がないっていうなら\nムリにでも\n[132]い[121]させてやろうか！！
0x000c63e1	2	【[107][108]】\n…………
0x000c641a	3	【[64][106]】\nなんだぁ、その[927][480][118]《ちょうせんてき》な[404]は？\nあんまり[547][439][1118]《な》めんなよ、コラァ！！
0x000c64ae	4	【[373][374]】\n[1090][383]！\nこれ[169][170]は、\n[170]に[2][377]せざるを[241]ませんよ。
0x000c6503	2	【[64][106]】\n……フンッ！！
0x000c65b6	3	【[64][106]】\nどいつもこいつも、\n[543]の[645][646]《じゃま》をしやがって！
0x000c6607	2	【[107][108]】\n…………
0x000c664d	4	【[64][106]】\nおい、[105][106]。\n[669][759]《きおく》にあろうがなかろうが、\nさっさと[13]を[458]めてしまえ。
0x000c66bd	3	【[64][106]】\n[102]すぐ[41][21]するなら、\n[548]い[404]にあわずに[714]むんだぞ？
0x000c6765	4	【[64][106]】\nなんなら、[102]すぐ[41][21]すれば、\n[33][382]はなかったと[232][190]に[190]こう。\nこの[36][264]、[860][34][435][751]《しょうがいちし》だ。
0x000c680b	2	【[373][374]】\nか、[1090][383]！？
0x000c686d	5	【[64][106]】\nだが[535][536]《ていこう》すれば、\n[33][382]があったことを[119][283]する\n[119][120]《しょうこ》をいくらでも[352][620]してやる！\nム《・》リ《・》ヤ《・》リ《・》にでもな！
0x000c690a	3	【[64][106]】\n[33][53]が[119][283]されれば、\n[751][690]《しけい》もあり[241]るんだぞ！
0x000c6992	3	【[107][108]】\nウソの[28][111]をねつ[279]するくらいなら\nあらためて[112][113]します。
0x000c69f1	2	【[107][108]】\nオレはやってない。
0x000c6a52	4	【[64][106]】\nなっ……お[19]はバカなのか！？\nお[19]のためを[132]って\n[58]ってるんだぞ！
0x000c6aae	4	【[107][108]】\nオレのため……？\n[125]わせるな。\nあなたの[152][580]《こうい》はまるで[433][39][15][218]だ！
0x000c6b15	5	【[107][108]】\n[28][111]をねじ[760]げることは\nオレにとって[917][1119][534][58]でしかない。\n[518]いが、こんな[1011][1004]《きょうはく》に\nオレは[126][127]に[552]《くっ》しない。
0x000c6bbc	2	【[64][106]】\nグググ……！
0x000c6c07	3	【[107][108]】\n（コイツ……[1095]《あせ》ってるのか？\nどういうことだ……）
0x000c6c83	5	【[373][374]】\n[1090][383]、ここはお[218]き[15]り[300]さい。\n[1090][383]のお[153][84]ちはわかりますが、\nここは[41][21]よりも\n[122][111]を[80][406]めるほうが[411][346]です。
0x000c6d27	3	【[64][106]】\nく……っ！\n[14][4]にしろっ！！
0x000c6e1c	2	【[373][374]】\n…………
0x000c6e7b	2	【[373][374]】\n[518]かったな、[105][106]。
0x000c6ec7	5	【[373][374]】\n……これで[15][232]べを\n[234]わりにしたいところだが、\n[87]はお[19]を[554][150]《じんもん》しなければならない\n[67][36]だ……
0x000c6f48	2	【[373][374]】\n[400]めるぞ。
0x000c6f80	2	【[107][108]】\n……ああ。
0x000c7242	1	［[80]たことはある］
0x000c7253	1	［[80]たこともない］
0x000c72c6	3	【[373][374]】\n……[247][146]は\nうちの[64][106]がすまなかったな。
0x000c7312	3	【[107][108]】\n……まあ、\n[412]い[690][28]の[80][115]だと[132]ったよ。
0x000c7361	4	【[107][108]】\nむしろ、[690][28]なんてあんなもんだって\n[132]ってたしね。\nアンタみたいな[53]のほうが[1120]《めずら》しいよ。
0x000c73f1	4	【[373][374]】\n[131]づくで[41][21]させるのは\n[87]のやり[158]ではない。\nそれだけだ。
0x000c7453	3	【[373][374]】\n[102][146]はお[19]と[50][34][52]《ひがいしゃ》の[215][253]について\n[98]かせてもらう。
0x000c74d5	4	【[373][374]】\nお[19]は[50][34][52]《ひがいしゃ》である[21][22][57][317]とは\n[508][605]《めんしき》がないと[58]っていた。\nそれは[280][168]《まちが》いないな？
0x000c7551	3	【[107][108]】\n[280][168]《まちが》いない。\nオレは[110]と[508][605]《めんしき》がない。
0x000c75b5	4	【[373][374]】\nそれは[157][28][170]の[418][116]《クライアント》となった\n[301][302][101]もゼロである、\nということでいいか？
0x000c761d	4	【[107][108]】\nああ。\nとは[58]っても、[601][97]で[660][75]《いらい》されて\n[227]を[80]ない[36][264]もあるけどな。
0x000c7682	3	【[107][108]】\nでも、[721][115]は[127][508]して[660][75]《いらい》を[276]ける。\nそういうときの[227]は[564][455][583]えてる。
0x000c771c	3	【[107][108]】\nだから、[157][28]で[448]《から》んだこともないはずだ。\nけど……
0x000c7780	5	【[107][108]】\n[80]たことはある……と[58]っても、\n[170][36][260][261]《じょうじょうきぎょう》の[244][47]でもあり、\n[21][22]グループのトップに\n[67]っていた[477]だ。
0x000c7803	4	【[107][108]】\nテレビ、ネット、[0][98]……\nなんらかの[1121][77]《ばいたい》を[163]して\n[227]を[80]たことがある、といった[529][313]だ。
0x000c789c	3	【[373][374]】\nなるほど。\n[80]たことがあるのは[594][11]しないわけか。
0x000c78f7	3	【[373][374]】\nこの[104]に[215]してはお[19]の\n[58]い[327]を[174]じよう。
0x000c7951	4	【[373][374]】\nもし[80]たことがないと[112][113]していたら、\nお[19]を[174][221]できなくなっていたかも\nしれない。
0x000c79b3	2	【[107][108]】\n……どういうことだ？
0x000c79f6	4	【[107][108]】\n……いや、[153]のせいだった。\n[110]とは[148]ったこともないし、\n[80]たこともない。
0x000c7a62	5	【[373][374]】\n……そうか。\nならば、あえて[98]こう。\nお[19]はテレビやネットを[80]たりは\nしないのか？
0x000c7ac6	2	【[107][108]】\n……テレビやネット？
0x000c7b2b	3	【[373][374]】\n[21][22]グループは\n[281][377][357][261]に[405][406][118]だ。
0x000c7b9f	4	【[373][374]】\nテレビではＣＭが[493]れているし、\nインターネットのポータルサイトでも\n[281][377]をよく[80]かける。
0x000c7c17	4	【[373][374]】\nその[155]、グループのトップとして\n[21][22][57][317]が[227]を[121]していたことも\nしばしばある。
0x000c7ca1	3	【[373][374]】\nそういう[477]の[227]を……\n[115][79]に[80]たことがないのか？
0x000c7cf2	4	【[107][108]】\nい、いや……\nテレビもネットもあまり\n[80]ないんだ……
0x000c7d44	4	【[107][108]】\n（なんか、\nドツボにハマりかけているような\n[153]がする……）
0x000c7d9a	4	【[107][108]】\n（だけどここまで[293]たら\n[289][811]に[382][80]をひるがえすのは\nかえって[767][812]だ）
0x000c7e1c	3	【[373][374]】\nふむ……\nまあ、それならそれでいい。
0x000c7e70	4	【[373][374]】\nだが、テレビやネットに[215][253]なく、\nお[19]は[50][34][52]《ひがいしゃ》の[227]を\n[80]たことがあるはずだ。
0x000c7edb	2	【[107][108]】\n……どういうことだ？
0x000c7f4a	2	【[373][374]】\nお[19]の[291][74]から[121]てきた[73][321]《めいし》だ。
0x000c7fda	3	【[107][108]】\nなっ……！？\nなんでこんなものが！？
0x000c8023	3	【[107][108]】\nオ、オレの[291][74]から[121]てきたって……\n[291][74]のどこから[121]てきたんだよ！？
0x000c8081	5	【[373][374]】\n[295]の[218]き[121]しに[3]っていた\n[73][321]《めいし》[3]《い》れの[209]からだ。\nスゴい[197]の[73][321]《めいし》を[84]っているんだな。\n[528]《おどろ》いたよ。
0x000c8146	4	【[373][374]】\nだが、これでお[19]と[50][34][52]《ひがいしゃ》が\n[169][19]に[148]っていたことが\n[119][283]されたわけだ。
0x000c81dd	4	【[373][374]】\nこれでもまだ、\n[50][34][52]《ひがいしゃ》と[148]っていないと\n[58]い[113]るつもりか！？
0x000c823d	4	【[107][108]】\n（そんな……\nオレが、[50][34][52]《ひがいしゃ》の[73][321]《めいし》を……？\nまったく[669][759]《きおく》にない……！）
0x000c82c1	3	【[107][108]】\nうっ……\nクソォー！
0x000c8325	2	【[373][374]】\n……フッ。
0x000c8384	3	【[373][374]】\nさて、\n[554][150]《じんもん》を[400]めよう。
0x000c86aa	3	【[373][374]】\nどうだ、[105][106]。\nそろそろ[41][21]する[153]になったか？
0x000c8704	3	【[107][108]】\n[669][759]《きおく》にないことの\n[41][21]なんてできるかっ！
0x000c8754	3	【[107][108]】\nオレは[33]してない！\nＶＩＰルームにも[3]ってないんだ！
0x000c87cc	3	【[373][374]】\n……フム。\nでは、[102][103]はあの[97]をしておくか。
0x000c881b	2	【[107][108]】\n……あの[97]？
0x000c887c	4	【[373][374]】\n[98]《き》き[282]《こ》みの[142][640]……[28][104][79][146]、\nＶＩＰルームに[3]った[53][280]が、\n[96]なくとも４[53]いることがわかった。
0x000c8907	6	【[373][374]】\nまずは[88][89][90]の[37][38][442][443][444]だ。\n[110]は[21][22]グループの\n[418][150][88][89][90]《こもんべんごし》だから、\n[50][34][52]《ひがいしゃ》と[57][427]《いっしょ》にＶＩＰルームに\n[3]っても[93][132][576]ではない。
0x000c89bd	3	【[373][374]】\nそして[678][408]《じゅうせい》が[272][324]に[574]《ひび》いたとき、\n[87]の[170][433]である[64][106]が[3]っている。
0x000c8a35	4	【[373][374]】\n[855][678]《けんじゅう》を[84]った[123][53]がいることを[509][11]し、\n[79][627]は１[53]でＶＩＰルームに\n[3]ったようだ。
0x000c8ab4	3	【[373][374]】\nつづいて、[24][25][440][441]も\nＶＩＰルームに[3]ったらしい。
0x000c8b08	3	【[107][108]】\n（ここまでは[37][38][88][89][90]が\n[58]ったとおりだな……）
0x000c8b68	5	【[373][374]】\nそして、[63][20]の１[53]……\n[116]の[119][58]によると『[780]い[477]』が\nＶＩＰルームのほうへ[517]いていったのが\n[404][375]《もくげき》されている。
0x000c8beb	2	【[107][108]】\n[780]い[477]……？
0x000c8c34	5	【[373][374]】\nそう、[780]い[477]だ。\n[79][146][35][36]に[3]ったのは、\n[37][38][442][443][444]、[24][25][440][441]、\nそして[64][106][743][187]……
0x000c8cda	4	【[373][374]】\nいずれも『[780]い[477]』ではない。\nつまり、この『[780]い[477]』こそが[123][53]……\nお[19]ということだ！
0x000c8d89	4	【[107][108]】\nちょ、ちょっと[99]て！\n『[780]い[477]』だからって\nオレとは[475]らないだろう！！
0x000c8e17	2	【[373][374]】\nでは、[205]《だれ》だと[58]うんだ！
0x000c8e5c	3	【[107][108]】\nそ、そんなの……\nオレにわかるわけないだろう！
0x000c8ebf	4	【[373][374]】\n[35][36]に[356][847]《しもん》という[1122][853]《こんせき》を[240]している\nお[19]だと[59]えるのが[41][474]だろう！\n[168]《ちが》うか！？
0x000c8f37	2	【[107][108]】\nク……ッ！
0x000c8f96	4	【[373][374]】\nだんだんと[119][120]《しょうこ》が[1016]《そろ》ってきたな。\nこの[104]についても[839][329][118]な[166][839]を\n[600][99]しているぞ。
0x000c902e	2	【[373][374]】\nでは、[554][150]《じんもん》に[3]る。
0x000c94c9	2	【[373][374]】\n[247][146]はよく[799]《ねむ》れたか？
0x000c950d	2	【[107][108]】\n[76]きなお[415][97]だ。
0x000c9570	2	【[373][374]】\nフッ……そうか。
0x000c95ac	3	【[107][108]】\n（な、なんだ、この[521][1078]《よゆう》の[47][1]……？\n……イヤな[10][242]がするな……）
0x000c963a	4	【[373][374]】\nさっそくだが……\n[50][34][52]《ひがいしゃ》とお[19]のつながりを[283]らかにする\n[470][11][118]な[165][119]《ぶっしょう》が[80]つかった。
0x000c96bf	2	【[373][374]】\n[459][115][571]。
0x000c971e	2	【[459][115]】\nはい。
0x000c9784	2	【[373][374]】\nお[19]の[291][74]から[121]てきたものだ。
0x000c97c9	2	【[107][108]】\nオレの[291][74]から……？
0x000c9847	5	【[459][115]】\nはい。\n[401]《お》し[3]《い》れの[135]にあった\n[341]ボールの[209]から[80]つかったと\n[138]《うかが》っています。
0x000c98b5	4	【[107][108]】\n[401]《お》し[3]《い》れ？\nああ、[218]《ひ》っ[511]《こ》ししてから[587]けてない\nあの[341]ボールか……
0x000c9925	3	【[107][108]】\nそれならオレのじゃなくて\nおふくろのものだよ。
0x000c9994	3	【[373][374]】\nほう……\nこの[4][905]はお[19]の[250][185]のものだと？
0x000c99f0	4	【[107][108]】\nそうだ。\nおふくろが[186]くなって、\n[41][42]を[218]《ひ》き[1041]《はら》ったときの[1046][165]だ。
0x000c9a7a	3	【[373][374]】\nなるほど……[1046][165]を[1123]かっているとは\nなかなか[250][185][132]いじゃないか。
0x000c9afa	4	【[373][374]】\nだが……[513][457]に[58]えば\nこの[4][905]はお[19]の[250][185]のものではない。\nもちろん、お[19]のものでもない。
0x000c9b66	2	【[107][108]】\n……どういうことだ？
0x000c9bb1	2	【[373][374]】\n[209]を[80]たほうが[198]いだろう。
0x000c9c67	3	【[107][108]】\n…………！？\nこ、これは……！？
0x000c9cb3	2	【[107][108]】\nこの[4][905]は、[105][106][108][317]《おやじ》の……？
0x000c9d48	5	【[373][374]】\nそうだ。\n[169][19]お[19]の[223][185]が[526]いていた\n[0][98][262]に[150]い[264]わせたら、\n[110]の[4][190]きの[939][1124]《げんこう》が[240]っていた。
0x000c9de8	2	【[373][374]】\n[1125][853][899][11]《ひっせきかんてい》で[57][435]《いっち》したよ。
0x000c9e4e	2	【[107][108]】\n…………
0x000c9e87	4	【[107][108]】\n（[185][223]はフリーのジャーナリストで、\n[169][19]は[76][4][0][98][262]の[2][884][291]にいたって\nおふくろに[98]いたことがあったな……）
0x000c9f0f	3	【[107][108]】\nん？\nなんだこれ……？
0x000c9f4f	3	【[107][108]】\n…………\n『[21][22]』？
0x000c9fb9	5	【[373][374]】\nやはりそれが[404]に[3]ったか。\nそうだ……その『[21][22]』は\n[50][34][52]《ひがいしゃ》である[21][22][57][317]を\n[356]していると[132]われる。
0x000ca037	2	【[107][108]】\n……そうか。
0x000ca097	2	【[373][374]】\nほう、あまり[528]《おどろ》かないんだな？
0x000ca0df	3	【[107][108]】\n[4][905]をわざわざオレに\n[80]せるくらいだ。
0x000ca127	5	【[107][108]】\n[185][223]の[4][905]だとわかった[697][280]《しゅんかん》に\nこの[209]に[21][22][57][317]のことが\n[190]いてあることくらい\n[509][393]はつくさ。
0x000ca19d	3	【[107][108]】\nだからオレと[50][34][52]《ひがいしゃ》に\nつながりがあるって[58]いたいんだろう？
0x000ca1f8	4	【[107][108]】\n[240][550]だがな、オレはこの[4][905]の[209][114]は\n[80]たこともなかったんだ。\nつながりなんてない。
0x000ca282	3	【[373][374]】\nフッ。\nまあ、いい。
0x000ca2e6	4	【[373][374]】\nこの[4][905]を[80]る[475]り、\nお[19]の[223][185]は[50][34][52]《ひがいしゃ》のことをしつこく\n[1126]《か》ぎまわっていたようだな。
0x000ca35a	2	【[107][108]】\nだからなんだよ。
0x000ca394	5	【[107][108]】\n[185][223]が[751]んだのは\nオレが５[1002]《さい》になった[472]《ころ》だ。\nつまり、この[4][905]が[190]かれたのは\n[102]から２０[7][169][170][19]になる。
0x000ca415	3	【[107][108]】\n[102]さらこんなの[80]せられても、\nオレにはまったく[215][253]のない[97]だ。
0x000ca479	2	【[373][374]】\nここを[1053]んでみろ。
0x000ca4bc	2	【[107][108]】\n…………？
0x000ca539	2	【[107][108]】\n……なっ！？
0x000ca581	2	【[373][374]（[108][317]）】\n『オレは[21][22][57][317]に[1001]《ねら》われている。
0x000ca5e3	5	【[373][374]（[108][317]）】\nもしオレになにかあったら……\nそれがどれだけ[41][474]に\n[80]えるものであっても、\n[21][22]の[4]によるものだと[132]ってほしい』
0x000ca685	3	【[373][374]】\n……これが[382][55]するところは\nたった[57]つだ。
0x000ca6d1	4	【[107][108]】\n…………\n[185][223]は[21][22][57][317]によって\n[33]された？
0x000ca72e	3	【[107][108]】\nバカなっ！\n[185][223]は[941][163][28][794]で！！
0x000ca79f	2	【[373][374]】\nそうらしいな。
0x000ca7fe	5	【[373][374]】\nだが、[941][163][28][794]と[58]っても、\nひき[990]《に》げだったことを[59]えれば、\nこの[1051][508]どおりのことが[152]なわれた\n[301][302][101]が[31]いということだ。
0x000ca881	4	【[107][108]】\nちょっと[99]てよ……\nなんだよ、それ！\nそんな[473][474]《ぐうぜん》……あってたまるかっ！
0x000ca90c	3	【[373][374]】\n……[102]のお[19]の[840]。\n[87]はどう[1127]《とら》えればいい？
0x000ca96d	3	【[373][374]】\nお[19]がウソをついているようには\n[80]えない……
0x000ca9c5	4	【[373][374]】\nだが、[50][51][52]《ひぎしゃ》であるお[19]が\n[50][34][52]《ひがいしゃ》とのつながりを[577]《かく》そうとするのも\n[79][474]のこと。
0x000caa46	2	【[107][108]】\nオレがウソをついてるってのかよっ！
0x000caaaf	4	【[373][374]】\nお[19]が[513][178]に[97]しているという\n[116][117][118]な[119][120]《しょうこ》がない[169][170]、\nそう[59]えざるを[241]ないな。
0x000cab1e	2	【[107][108]】\nク……ッ！
0x000cab57	3	【[107][108]】\n（どうなってるんだ！？\nこんな……こんなこと……！）
0x000cabd1	3	【[373][374]】\n……まあ、いい。\nそろそろ[554][150]《じんもん》を[400]めよう。
0x000caf3b	1	［３０パーセント[169][170]］
0x000caf52	1	［１０パーセント[19][20]］
0x000caf69	1	［３パーセント[169][300]］
0x000caf7e	1	［オレはやってないと[112][113]］
0x000caf94	1	［オレがやりましたと[41][21]］
0x000cb00c	3	【[373][374]】\nどうだ、[105][106]。\nそろそろ[41][21]したらどうだ？
0x000cb059	2	【[107][108]】\n…………
0x000cb0b8	5	【[373][374]】\nお[19]は[560]がいい。\n[300][4]にしゃべって[257]を[1128]《すべ》らす[19]に\nだんまりを[470]《き》め[282]《こ》めば[990]《に》げ[210]《き》れると\n[132]っているんだろう。
0x000cb166	4	【[373][374]】\nだが、その[59]えは[869]《あま》いぞ。\n[35][814]の[119][120]《しょうこ》だけでも、\nお[19]を[696]《き》[911]《そ》する[522][327]な[329][461]となる。
0x000cb1e4	3	【[107][108]】\n……オレには[23][60]も[114][516]りもないから、\n[56]に[898][228]をするのは[61]わないさ。
0x000cb243	4	【[107][108]】\nだがな、オレは[12][111]なんだ。\n[898][228]で[1081][13]《えんざい》だったとハッキリしたら\n[376]《はじ》をかくのはアンタたちだ。
0x000cb2dc	2	【[373][374]】\n……ようやく[257]を[587]いたか。
0x000cb345	5	【[373][374]】\n[898][228]で[12][13]を[14]ち[15]れるかも\nしれないと[132]っているなら、\nそんな[600][99]は[102]のうちに\n[701]てておくことだな。
0x000cb3b5	3	【[107][108]】\nなんだと……？\nどういう[382][55]だ？
0x000cb466	4	【[373][374]】\nお[19]は[35][143]の[146][115]の[433][39][347][313][300]で\n[696]《き》[911]《そ》された[50][377]《ひこく》が[12][13]になる\n[457][671]を[129]っているか？
0x000cb4f2	5	【[107][108]】\n３０パーセント[169][170]はあるだろう。\nあまり[59]えたくないが、\nオレみたいな[93][79][762][179]《ふとうたいほ》は\n[82]いだろうからな。
0x000cb592	4	【[373][374]】\nフッ……[125]わせてくれる。\nお[19]は[35][111]というものが\nまったくわかっていない。
0x000cb606	4	【[107][108]】\nオレみたいに[93][79][762][179]《ふとうたいほ》された[52]が\n１０パーセント[19][20]と[59]えれば、\nだいたいそのくらいじゃないのか？
0x000cb68a	3	【[373][374]】\nつまり、[93][79][762][179]《ふとうたいほ》された[52]は、\n[564][455][12][13][228][470]をとれるとでも？
0x000cb715	3	【[373][374]】\nフッ……[869]《あま》すぎるな。\nもっと[35][111]を[80]たほうがいい。
0x000cb771	3	【[107][108]】\nそんなに[197]が[82]くないのは\nオレだって[129]っている。
0x000cb7be	3	【[107][108]】\n[204]くて３パーセントって\nところだろう？
0x000cb82c	3	【[373][374]】\nなかなかいいところを[525]《つ》いている。\nしかし、まだまだだ。
0x000cb8a6	5	【[373][374]】\n[513][372]は１パーセント[1129][499]だ。\nいや、もっと[513][457]に[58]うのであれば\nここ[197][7]の[197][907]では\n０．１パーセント[19][20]だ。
0x000cb922	2	【[107][108]】\nな……っ！？
0x000cb96a	4	【[373][374]】\n[547][439]の[87]が[58]うのも[153]が[218]けるが、\n[35][111][150][151]として\n[93][79][762][179]《ふとうたいほ》はあるかもしれない。
0x000cba01	5	【[373][374]】\nだが、[35][143]の[433][39][347][313]はこういうものだ。\n[696]《き》[911]《そ》された[50][377]《ひこく》はほぼ[483][13]になる。\n[696][911][19]《きそまえ》に[378][346]な[634][233]《そうさ》は\n[842][479]《かんりょう》しているのだからな。
0x000cbaaa	3	【[107][108]】\n[898][228]になったらおしまい、\nって[58]いたいわけか……？
0x000cbb21	3	【[373][374]】\nだからこそ、\n[87]はお[19]に[41][21]を[1130]《すす》めているんだ。
0x000cbb75	2	【[107][108]】\n…………
0x000cbbae	4	【[107][108]】\n（ダメだ……\nここで[41][21]なんてしたら、\n[483][13]が[457][11]する……）
0x000cbc0b	3	【[107][108]】\n（だけどいくら[1081][13]《えんざい》を[112][113]しても、\n[483][13][457][671]は９９パーセント[169][170]……）
0x000cbcaa	3	【[107][108]】\n（……クソッ！\nどうすればいいんだっ！？）
0x000cbd2d	2	【[107][108]】\n……オレがやりました。
0x000cbd92	3	【[373][374]】\nほう……\n[41][21]するんだな、[105][106]？
0x000cbddb	2	【[107][108]】\n……はい。
0x000cbe3a	4	【[373][374]】\nわかった。\nなら[518]いようにはしない。\n[459][115][571]！
0x000cbeaf	3	【[459][115]】\nはい。\nすぐに[232][190]を[221][382]します。
0x000cbf1c	2	【[373][374]】\n[75]《たの》んだぞ。
0x000cbf66	5	【[373][374]】\nすぐに[459][115][571]が、\nお[19]が[41][21]した[629]《むね》の[232][190]を[221][382]する。\nそこにお[19]がサインをすることで、\n[41][21]が[62][67]する。
0x000cc038	5	　\n　\n（しばらくして[413]《わた》された[232][190]に\nサインした[428][280]は、\n[383]かったのか[1131]かったのか……）
0x000cc09e	5	　\n　\n（なにを[58]われたのかも、\nもう[132]い[121]せない。\nオレは[239]《つか》れ[210]ってた）
0x000cc0fa	3	　\n　\n（[480]いは[234]わったんだ……）
0x000cc145	2	【[107][108]】\n……オレはやってない。
0x000cc1aa	3	【[373][374]】\n…………\nまだ[535][536]《ていこう》するつもりか。
0x000cc1f9	3	【[107][108]】\n[457][671]なんて[150][151]じゃない。\n[76][28]なのは[122][111]だ。
0x000cc24a	2	【[107][108]】\nオレは[12][111]だ！
0x000cc2ab	2	【[373][374]】\n……いいだろう。
0x000cc317	2	【[373][374]】\nでは、[554][150]《じんもん》で[893]《お》い[958]《つ》めてやるっ！
0x000cc781	2	【[373][374]】\nさて、[15][232]べを[400]めようか。
0x000cc7c4	2	【[107][108]】\nその[19]に……[75]《たの》みがある。
0x000cc818	2	【[373][374]】\nなんだ？
0x000cc84e	4	【[107][108]】\n[185][223]の[4][905]……\nあれをもう[57][313][80]せてほしい。\n[256][1114]《どうよう》して、[209][114]を[583]えてないんだ。
0x000cc8e4	2	【[373][374]】\n…………
0x000cc943	2	【[373][374]】\n……[459][115][571]。
0x000cc9a6	2	【[459][115]】\nはい、[96]々お[99]ち[300]さい。
0x000cca4f	5	【[107][108]】\n（……[19]から[132]ってたけど\n『[459][115][571]』の[57][58]で[382][132][1132][163]《いしそつう》する\nこの２[53]は\nいったいどんな[215][253]なんだろう？）
0x000ccad1	3	【[107][108]】\n（……[98]いてみたいけど\n[126][127]に[992]《おこ》られるだろうな）
0x000ccb61	2	【[459][115]】\nお[99]たせしました。
0x000ccbc3	2	【[373][374]】\nありがとう。
0x000ccc2c	2	【[373][374]】\n１０[327]だけだ。
0x000ccc68	2	【[107][108]】\n……わかった。
0x000ccd05	2	【[107][108]】\n…………
0x000ccd3e	2	【[107][108]】\n（『[147][64]』）
0x000ccd7b	2	【[107][108]】\n（『１８[428]』）
0x000ccdba	2	【[107][108]】\n（『[83][314]↑』）
0x000ccdf9	2	【[107][108]】\n（『インサイダー』）
0x000cce39	2	【[107][108]】\n（『キャリア』）
0x000cce76	5	【[107][108]】\nスゴいな……\nここに[190]いてあることが[122][111]で、\nもし[415][280]《せけん》に[976][47]されてたら\n[79][428]の[146][115]はひっくり[549]ってるな……
0x000ccef4	3	【[373][374]】\nこの[4][905]が[414]われていたのは\n１９８９[7][19][20]。
0x000ccf46	5	【[373][374]】\nバブル[1133][153]の[880]に[510]り、\n[21][22]ハウジングが\n[57][153]に[285][42][261][609]の[76][4]へと\n[73][510]りをあげた[428][600]でもある。
0x000ccfbf	4	【[373][374]】\nお[19]の[223][185]は、\n[451][62][383]する[21][22]ハウジングを\n[1134][1071][118]《てっていてき》にマークしていたようだな。
0x000cd02e	4	【[107][108]】\n（だけどその[142][640]、\nあの[382][55][702]《いみしん》な[57][1051]を[240]して\n[941][163][28][794]で……）
0x000cd096	2	【[107][108]】\n（……ん？）
0x000cd10d	2	【[107][108]】\n[160][754][45]……？
0x000cd157	3	【[373][374]】\n[21][22][57][317]はかつて\n[160][754]を[796]《わずら》っていたらしい。
0x000cd1b8	3	【[373][374]】\nそして[1135][273]へ[413][1136]《とこう》し\n[590][316][4][784]をしたという[669][421]がある。
0x000cd23a	4	【[373][374]】\nたしかお[19]の[250]、\n[105][106][243][244]も[160][754][590][316][4][784]を\nしていたな？
0x000cd295	2	【[107][108]】\n…………
0x000cd324	4	【[373][374]】\nだが、[105][106][243][244]は[352][353][52]《ドナー》。\n[21][22][57][317]は[276][546][52]《レシピエント》だ。\n[67][36]が[195]ということになる。
0x000cd3b5	3	【[373][374]】\nただ、[21][22][57][317]は\n[160][754][590][316][4][784]のときに……
0x000cd475	2	【[107][108]】\nやめてくれ！
0x000cd4d3	2	【[373][374]】\n！？
0x000cd508	4	【[107][108]】\n……[102]は……やめてくれ……\n[160][754][590][316]とか、\nそんな[97]は…………
0x000cd576	2	【[373][374]】\n…………
0x000cd60b	3	【[107][108]】\n（[250]さん……\nクッ……オレは、まだ……）
0x000cd6de	4	【[107][108]】\n（[160][754][590][316]という[643][163][496]……\nただの[473][474]《ぐうぜん》なのか？\nそれとも……）
0x000cd740	3	【[107][108]】\n[518]かった、[451]に[76][408]を[121]して……\n[391]けてくれ……
0x000cd7b9	3	【[373][374]】\n……いいだろう。\nでは、[554][150]《じんもん》を[400]める。
0x000cdaa6	2	【[373][374]】\nさて、[115][146]の[15][232]べを[400]めるが……
0x000cdb15	3	【[373][374]】\nどうだ、[105][106]。\n[41][21]するつもりはないか？
0x000cdb61	2	【[107][108]】\nアンタ、そればっかりだな。
0x000cdbc7	3	【[373][374]】\n[87]にとってもお[19]にとっても、\nそれが[57][506]の[158][39]だからな。
0x000cdc29	5	【[373][374]】\n[600][146]は[283][146]だ。\n[283][146]までに、すべての[554][150]《じんもん》に[127]して\n[166][839]ができないのであれば\n[696]《き》[911]《そ》[4][391]《てつづ》きに[3]らせてもらう。
0x000cdcb6	2	【[107][108]】\n…………
0x000cdcfc	3	【[373][374]】\n……そうか。\n[63][20]まで[173]《あ》[1115]《が》くか。
0x000cdd73	3	【[373][374]】\nならば、[87]がこの[4]で\n[218][680]《いんどう》を[413]《わた》してやろう！
0x000cddd9	2	【[373][374]】\n[554][150]《じんもん》を[400]める！
0x000ce0d5	5	【[373][374]】\nさて、[102][146]が[15][232]べ[63][20]の[146]となる。\n[102][146]までに[241]た[119][120]《しょうこ》や[119][58]は\nすべて[283][146]には[791][439][1061]へ\n[700]られることになる。
0x000ce16b	3	【[373][374]】\nその[946][319]を[452]にして[791][28]が\n[696]《き》[911]《そ》、[93]《ふ》[696]《き》[911]《そ》を[470]めるわけだが……
0x000ce1e8	4	【[373][374]】\n[87]の[554][150]《じんもん》にすべて[139]えられない[36][264]は、\n[178]ちに[696]《き》[911]《そ》[4][391]《てつづ》きに[3]ってもらって\n[150][151]ない、と[190]き[683]えておく。
0x000ce273	3	【[107][108]】\n……[102][146]がラストチャンス、\nってわけか。
0x000ce2e4	2	【[373][374]】\nでは、[554][150]《じんもん》を[400]める！
0x000ce3af	3	【[107][108]】\n（……ダメだ……！\nまったく[653][329]が[453]み[67]てられてない……！）
0x000ce40d	3	【[107][108]】\n（このまま[361]めても、\n[12][111]を[119][283]することなんて、[93][301][302]……）
0x000ce46a	2	【[107][108]】\n（[240]された[884]は……）
0x000ce4b8	2	【[107][108]】\n……クッ！
0x000ce4fe	2	【[107][108]】\n……オレ……が……やりました……
0x000ce56d	2	【[373][374]】\nそれは、[41][21]と[1127]《とら》えていいのか？
0x000ce5c4	2	【[107][108]】\n……はい。
0x000ce623	3	【[373][374]】\n……わかった。\n[459][115][571]、[232][190]を[190]いてくれ。
0x000ce674	2	【[459][115]】\nはい。
0x000ce6a9	2	【[107][108]】\n…………
0x000ce6e2	3	【[107][108]】\n（こうするしかなかった。\nオレの[131]じゃ、この[28][104]は[372]けない）
0x000ce751	4	【[107][108]】\n（こうなったらもう、\n[13]を[458]めて[20][712]《こうかい》と[166][1137]の[832][313]を\n[80]せて、[96]しでも[690][1088]《けいばつ》を[407]くしてもらうしかないんだ……）
0x000ce840	5	　\n　\n　\n（そして３[7][20]、\nオレには[1138][248]《ちょうえき》１０[7]の[690][1088]《けいばつ》が[300]った…）
0x000ce8fb	2	【[373][374]】\nでは、[16]だ。
0x000ce975	2	【[107][108]】\n…………
0x000ce9d4	3	【[373][374]】\n[222][977]《もくひ》か……\nまあ、それもいいだろう。
0x000cea8a	3	【[373][374]】\n[58]ったはずだ。\n[166][839]なら[839][329][118]なものを、と。
0x000ceb00	2	【[107][108]】\nうっ……！
0x000ceb46	4	【[373][374]】\nそんな[112][113]は[163][221]しない。\n……もっと[59]えて[97]したほうが\nお[19]の[114]のためだ。
0x000cebc1	2	【[107][108]】\n（[160][119]を[518]くしてしまったな……）
0x000ceca1	3	【[373][374]】\nまずは[457][458]だ。\nお[19]が[33]したのは[205]《だれ》だ？
0x000ced8d	3	【[107][108]】\nオレは[205]《だれ》も[33]していない。\nよって、[222][977]《もくひ》させてもらう。
0x000cee29	4	【[373][374]】\nフッ……\n[218]っかからなかったか。\nなら、あらためて[98]き[178]そう。
0x000cef08	3	【[373][374]】\nほう……\nお[19]が[33]したことを[458]めるんだな？
0x000cef93	2	【[107][108]】\nな、なに！？
0x000cf00c	3	【[373][374]】\n[87]は『お[19]が[33]したのは[205]《だれ》だ』と\n[98]いたんだぞ？
0x000cf0a0	3	【[107][108]】\nき、きたねー！\nそんなの、アリかよ！
0x000cf0f4	3	【[107][108]】\nな、なら、あらためて[594][11]する！\nオレはやってない！
0x000cf183	3	【[373][374]】\nフン……\nまあ、いいさ。
0x000cf1ea	3	【[373][374]】\nだが、[232][190]には[57][313][1139][11]《こうてい》したと\n[190]いておくからな。
0x000cf282	2	【[107][108]】\nク……ッ！？
0x000cf35f	3	【[373][374]】\n[102][103]の[28][104]で[50][34][52]《ひがいしゃ》となったのは\n[205]《だれ》だ？
0x000cf457	3	【[373][374]】\nその[163]りだ。\n[53]の[97]を[98]いていたようだな。
0x000cf4e2	4	【[107][108]】\n[79]たり[19]だ。\n[114]に[583]えのない[28][104]で\nしょっぴかれたんだ。
0x000cf576	4	【[373][374]】\nフッ……[114]に[583]えのない[28][104]、か。\n[63][20]までそのスタンスで\nいられるかな？
0x000cf671	3	【[373][374]】\nお[19]のアリバイはあやふやだ。\n[33][34][428][1028]、お[19]はなにをしていた？
0x000cf7bb	4	【[107][108]】\nオレは[647]《よ》いつぶれてて[583]えてないが、\n[57][427]《いっしょ》にいた[440][441]さんが\nタクシーに[510]せたって[58]ってた。
0x000cf83a	3	【[107][108]】\n[440][441]さんに[98]いてもらえば、\n[119][58]してくれるはずだ。
0x000cf8d9	3	【[373][374]】\nそんなことは[547][439]でも\nすでに[232][233][714]みだ。
0x000cf931	4	【[373][374]】\nだが、[24][25][440][441]はお[19]の[114][324]も[403][474]。\nだったら、ウソをついた[301][302][101]も\n[594][11]できない。
0x000cf9eb	4	【[107][108]】\nなんだよ、それ！\n[440][441]さんの[119][58]まで\n[51]われるんじゃ……
0x000cfa4e	3	【[107][108]】\nどうやってアリバイを\n[119][283]しろって[58]うんだよ！
0x000cfada	3	【[373][374]】\nあわてるな。\n[458]めないとは[58]っていない。
0x000cfb30	2	【[373][374]】\n[24][25][440][441]の[119][58]は[57][181]《いったん》[276]け[3]れよう。
0x000cfc1a	4	【[373][374]】\n[24][25][440][441]の[119][58]によれば、\nお[19]がタクシーに[510]ったのが\n０[428]３５[327][472]《ごろ》。
0x000cfc8f	4	【[373][374]】\nだが[547][439]による[232][233]の[142][640]、その[428][280]に\n[666][170][667][563]《みやかみぎんざ》からお[19]の[285]んでいるアパートまで\n[116]を[510]せて[392]ったタクシーは[183][143]しなかった。
0x000cfd52	4	【[373][374]】\nよって、\n[24][25][440][441]の[119][58]は[174][221]できない、\nということだ！
0x000cfde9	2	【[107][108]】\n……ううっ！
0x000cfe78	3	【[107][108]】\n[33][34][428][280]、\nオレは[673]に[647]《よ》いつぶれていたんだ。
0x000cfed8	2	【[107][108]】\nマスターも[119][58]してくれるだろう。
0x000cff65	3	【[373][374]】\n……[33][34][428][280]に、\nオマエは[1140]《すで》に[272]を[986][272]していたハズだ。
0x000d0002	2	【[107][108]】\nあれ、そうだっけ？
0x000d007d	3	【[373][374]】\n……[695][79]にごまかそうとするその[840][561]、\nよろしくないな。
0x000d00de	3	【[373][374]】\n[459][115][571]、\n[232][190]にその[629]《むね》しっかりと[669][1141]するように。
0x000d0136	2	【[459][115]】\nわかりました。
0x000d01a1	4	【[107][108]】\n（ゲッ……！？\nや、やばい……\nもっと[805][411]《しんちょう》にいかないと……）
0x000d02a8	4	【[373][374]】\nお[19]を[510][668]させたという\nタクシーは[183][143]しない！\nこれをどう[682][283]するつもりだ！？
0x000d03fa	3	【[107][108]】\nそれはオレが[510]ったタクシーが\nたまたま[21]タクだったからだ！
0x000d048a	3	【[373][374]】\n[21]タク、だと？\nそれは[115][153]で[58]っているのか？
0x000d0517	3	【[107][108]】\nああ、[115][153]も[115][153]さ。\nそう[59]えれば、[1111][1112]《つじつま》が[264]う。
0x000d05b2	2	【[373][374]】\n…………
0x000d0611	4	【[373][374]】\nたしかにお[19]の[58]う[163]り、\n[21]タクに[510][668]したと[59]えれば、\n[215][253][52]、[17][373][52]の[119][58]がすべて[857][858]《むじゅん》のないものになる。
0x000d06a0	3	【[373][374]】\nいいだろう。\n[102]の[428][496]では、お[19]の[112][113]を[458]めよう。
0x000d0758	2	【[107][108]】\n（よし！）
0x000d07d0	3	【[373][374]】\nだが、[21]タクという[183][143][41][77]が\nあやふやなものだ。
0x000d082d	4	【[373][374]】\nまた、[21]タクに[510]ったとしても、\nすぐにタクシーを[1142]りて[33][34][35][36]に\n[267]かったという[372][732]《かいしゃく》だってできる。
0x000d0917	4	【[373][374]】\nそのタクシーに[510]って[41][42]まで[152]ったという\n[119][120]《しょうこ》がなければお[19]のアリバイは[119][283]されない。\n……それを[387]れないことだな。
0x000d09ca	2	【[107][108]】\n…………
0x000d0a6c	4	【[373][374]】\n[846][489]《きょうき》となった[855][678]《けんじゅう》には、お[19]の[356][847]《しもん》がついていた。\nこれはお[19]が[111][152][123]であるという\nなによりの[119][120]《しょうこ》じゃないのか？
0x000d0bf4	4	【[107][108]】\nライトブルーの[685][123]カメラに、\nオレが[563]ってたカウンターを\n[710]してるものがあった。
0x000d0c61	3	【[107][108]】\nそこにはテーブルに[525]《つ》っ[1106]《ぷ》してるオレに\n[64]づく、[328]《あや》しい[573]《かげ》が[710]ってた。
0x000d0d0d	3	【[373][374]】\nなに？\n[328]《あや》しい[573]《かげ》、だと……？
0x000d0d83	4	【[107][108]】\n[240][550]ながら、\nちょうど[573]《かげ》になってしまって、\nそれが[205]《だれ》かはわからない。
0x000d0df4	4	【[107][108]】\nだけどその[573]《かげ》がオレの[4][452]に[267]かって\nなんらかの[749][688]をしてる[36][508]は\nハッキリと[710]ってる。
0x000d0e94	3	【[107][108]】\nその[573]《かげ》が、[84]っていた[855][678]《けんじゅう》に\nオレの[356][847]《しもん》をつけたんだ！
0x000d0f20	3	【[373][374]】\nなんだと……！\nそんな[710][393]があるというのか……！
0x000d0f97	3	【[373][374]】\n……[87]はその[710][393]を[80]ていない。\n[54][55][702]い[97]だ。
0x000d101d	4	【[107][108]】\n（[80]てない……？\n[685][123]カメラの[710][393]なんか、\n[547][439]が[122]っ[145]に[457][458]しそうだが……？）
0x000d10b0	3	【[107][108]】\n[710][393]はオレの[88][89][90]が[84]ってる。\n[119][120][955]《しょうこひん》として[352][121]しようじゃないか。
0x000d1157	4	【[373][374]】\n……なるほど。\nそこまで[58]うのであれば\nどうやら[97]は[115][79]らしい。
0x000d1278	3	【[373][374]】\nならば、その[710][393]が[183][143]するという\n[19][352]で[97]を[361]めるとして……
0x000d132f	4	【[373][374]】\n[855][678]《けんじゅう》に[356][847]《しもん》をつけられていたことに\n[153]がつかないほど\nお[19]は[816][242]《どんかん》なのか！？
0x000d1498	3	【[107][108]】\nだから[58]ってるだろう！\nオレは[673]に[647]《よ》いつぶれてたって。
0x000d152c	2	【[373][374]】\n……フウ。
0x000d1572	3	【[373][374]】\n[547][439]はお[19]が[647]《よ》いつぶれていたことを\n[458]めていない。
0x000d15ec	2	【[373][374]】\nそれはお[19]のためでもあるのだがな？
0x000d166f	2	【[107][108]】\n……なに？
0x000d16e7	3	【[373][374]】\nお[19]がそこまで[58]うのなら、\n[112][113]を[458]めよう。
0x000d17fd	3	【[373][374]】\nだがこの[142][640]はお[19]を[532]しめることになる。\n[583][320]《かくご》しておけ……
0x000d18c3	4	【[373][374]】\nお[19]が[50][34][52]《ひがいしゃ》と[257][839]していたという[404][375][119][58]《もくげきしょうげん》がある。\nこれは[33][34][256][274]につながりかねない[97]だ。\nこれをどう[682][283]するつもりだ？
0x000d1ab2	3	【[107][108]】\nそもそも[547][439]が[14][4]に[58]っているだけで\n[111][155]には[257][839]じゃなかったんだ！
0x000d1b4e	2	【[373][374]】\n[257][839]ではない、だと？
0x000d1bb3	3	【[107][108]】\nああ、そうさ。\nそもそも[64][106]の[119][58]が[280]《ま》[168]《ちが》ってるんだ！
0x000d1c5e	3	【[373][374]】\nそこまで[58]うからには\nきちんとした[380][120]《こんきょ》があるんだろうな？
0x000d1ced	4	【[107][108]】\nああ、もちろん。\nオマエの[170][433]、[64][106][690][28]は、\n[76]げさに[119][58]をしているだけだ！
0x000d1d91	3	【[373][374]】\n……そこまで[58]うのであれば\n[98]かせてもらおうじゃないか。
0x000d1e09	3	【[373][374]】\n[64][106][690][28]の[119][58]が[76]げさだったと\n[119][283]できるのか！
0x000d1e8e	2	【[107][108]】\n（[380][120]《こんきょ》は……ある！）
0x000d1ed7	4	【[107][108]】\n（[64][106]はオレと[50][34][52]《ひがいしゃ》のトラブルについて\n[257][839]と[470]めつけていた。\nオレを[123][53]に[157][67]て[170]げようとするかのように）
0x000d1f57	3	【[107][108]】\n（その[64][106]の[97]で[153]になることが\n[57]つある！）
0x000d1fd2	4	【[107][108]】\n（オレを[123][53]と[470]めつけようとしてる[64][106]の\n[153]になる[152][256]。\nそれは……？）
0x000d20f8	2	【[107][108]】\n（[168]《ちが》う、そうじゃない！）
0x000d2158	4	【[107][108]】\n（オレと[64][106]が[178][147][97]す[274][148]があったときに、\nオレを[123][53]と[470]めつけようとしただろう？\nそれは……）
0x000d21dc	4	【[107][108]】\n（そう……\n[64][106]は[283]らかに\nオレを[123][53]だと[470]めつけようとしてる）
0x000d2237	3	【[107][108]】\n（なにしろ、[15][232]べのときは\n[433][39][15][218]まがいのことをしかけてきたくらいだ）
0x000d2295	4	【[107][108]】\n（[64][106]がどういうつもりなのかはわからない。\n[28][104]の[35][36]にいたんだ、\nひょっとしたら[122][123][53]って[213]もある……）
0x000d230b	4	【[107][108]】\n（どちらにしても[64][106]は\n[283]らかに[28][104]をねつ[279]しようとしている。\nそれだけは[457][111]に[58]える！）
0x000d245d	4	【[107][108]】\nオレの[88][89][90]が[836][261][455]から[241]てきた[119][58]によれば、\nあれは[647]《よ》っぱらっていたオレが\n『[698]《かた》がぶつかったから[541]れ』と[58]っただけの[97]だ！
0x000d250d	4	【[107][108]】\n[50][34][52]《ひがいしゃ》はそんなオレを[407]くいなして、\nすぐに[159]ったらしい。\nとてもじゃないが、[257][839]って[529]じゃない。
0x000d25d0	3	【[373][374]】\nお[19]は[64][106][690][28]が\n[76]げさに[119][58]していると[58]った！
0x000d2630	3	【[373][374]】\n[403]じことはその[836][261][455]の[119][58]にも\n[58]えるとは[132]わないのか！？
0x000d2695	3	【[373][374]】\nその[836][261][455]は[28][111]を[766]さく\n[119][58]しているだけかもしれないだろう！？
0x000d273e	4	【[107][108]】\n[617][197]の[836][261][455]の[119][58]だ。\n[617][197][53]が[257][839]ってほどじゃないと\n[119][58]しているんだ！
0x000d27b1	4	【[107][108]】\nそもそも[64][106]には\n[174][221]しがたい[328]《あや》しい[152][256]が\n[202]にもある！
0x000d2819	3	【[107][108]】\nオマエも[80]ただろう？\nオレに[41][21]を[1004]《せま》ったときの[136][66]を！
0x000d28b1	2	【[373][374]】\nむ、う……
0x000d2929	4	【[107][108]】\nどうも[64][106]は、\nこの[28][104]に[215]してオレを[123][53]に\n[157][67]て[170]げたがっているふしがある……
0x000d29b6	4	【[107][108]】\nそんなヤツが『オレと[50][34][52]《ひがいしゃ》が[257][839]していた』と[58]っても、\nそれが[174][221]できるか！？\nアンタはどうなんだ！
0x000d2a6e	2	【[373][374]】\n…………
0x000d2ae6	2	【[107][108]】\n[169][170]だ。
0x000d2be0	4	【[107][108]】\nオレの[88][89][90]が[836][261][455]から[241]てきた[119][58]によれば、\nあれは[647]《よ》っぱらったオレが\n『[698]《かた》がぶつかったから[541]れ』と[58]っただけだって[97]だ！
0x000d2c90	2	【[107][108]】\nとてもじゃないが、[257][839]って[529]じゃない。
0x000d2d4c	3	【[373][374]】\nお[19]は[64][106][690][28]が\n[76]げさに[119][58]していると[58]った！
0x000d2dac	3	【[373][374]】\n[403]じことはその[836][261][455]の[119][58]にも\n[58]えるとは[132]わないのか！？
0x000d2e11	3	【[373][374]】\nその[836][261][455]は[28][111]を[766]さく\n[119][58]しているだけかもしれないだろ！？
0x000d2e91	4	【[107][108]】\nく……っ。\nだけど、[836][261][455]の[312][53]かが\nそう[58]ってるんだぞ！？
0x000d2f12	4	【[373][374]】\n[380][120]《こんきょ》が[819]《うす》いな。\nそんなもの、[312][53][208]まったところで、\nしょせんは[276]け[15]り[158]の[150][151]だ。
0x000d2f94	4	【[373][374]】\n[119][58][52]が１００[53]なら[174][1143][101]《しんぴょうせい》も[76]いにある。\nだが、ほんの[197][53]しかいないなら、\n[64][106][690][28]の[119][58]のほうが[231]い。
0x000d3028	3	【[373][374]】\n[35]に、お[19]たちが[76]なり[766]なり\nトラブルを[696]こしていた[28][111]があるのだからな。
0x000d3095	2	【[107][108]】\nク……ッ！？
0x000d30d0	4	【[107][108]】\n（ダメだ……\n[64][106]の[174][221]が[558]ちない[475]り、\nこの[554][150]《じんもん》を[689]《くず》せそうもない……！）
0x000d31a1	4	【[373][374]】\nお[19]はＶＩＰルームに[3]っていないと\n[112][113]しているが、\nその[119][120]《しょうこ》はあるのか？
0x000d32f9	4	【[107][108]】\n[457][458]するが、\n[846][489]《きょうき》となった[855][678]《けんじゅう》にはオレの[356][847]《しもん》が\nついてたんだよな？
0x000d33a9	2	【[373][374]】\nああ、その[163]りだ。
0x000d340c	4	【[107][108]】\nつまり、オレは[4][856]《てぶくろ》をはめるといった\n[356][847]《しもん》[127][854]はしてなかったということだ。\nということは、オレが[1144]《さわ》ったものには[356][847]《しもん》がつくはずだ。
0x000d34e0	4	【[373][374]】\nだからＶＩＰルーム[81]りのドアには\n[356][847]《しもん》を[852]《ふ》き[15]《と》った[853]《あと》があった。\nお[19]が[119][120]《しょうこ》[577][829]《いんめつ》を[1008]《はか》ったからだろう？
0x000d35c8	4	【[107][108]】\nじゃあ[195]に[98]かせてもらうが、\nどうして[356][847]《しもん》を[852]《ふ》き[15]《と》るくらい[153]を[220]《つか》うヤツが、\n[855][678]《けんじゅう》に[41][327]の[356][847]《しもん》を[240]してるんだ！？
0x000d36b2	3	【[373][374]】\n[567]なる[80][558]としだろう。\nそれ[169][273]の[139]えがあると[58]うのか！？
0x000d377d	3	【[107][108]】\nああ、あるさ。\nもっとスッキリ[372][470]する[139]えがな！
0x000d3810	2	【[373][374]】\nなんだと？
0x000d3886	2	【[107][108]】\n[59]えてもみろ。
0x000d38cd	4	【[107][108]】\nオレはあの[146]、[647]《よ》いつぶれてた。\nオレの[356]に[855][678]《けんじゅう》をつけるだけで、\n[855][678]《けんじゅう》に[749][688]することが[301][302]だ。
0x000d395c	4	【[107][108]】\nだが、ドアにオレの[356][847]《しもん》を[277]けようとしたら\n[647]《よ》いつぶれたオレ[41][114]を[343]《かか》えて、\nドアまで[699]び、[356][847]《しもん》を[277]けるしかない！
0x000d39f7	3	【[107][108]】\nしかし、それは[283]らかに[93][967]《ふしん》な[152][256]だし、\n[35][111][118]じゃない！
0x000d3a8a	4	【[107][108]】\nドアにオレの[356][847]《しもん》をつけることができないからこそ、\n[855][678]《けんじゅう》の[356][847]《しもん》と[857][858]《むじゅん》が[121]ないように\nドアの[356][847]《しもん》を[852]《ふ》き[15]《と》ったんだ！
0x000d3b39	4	【[107][108]】\nつまり、[312][52]かがオレを[1145]《おとしい》れるためにおこなった\n[688][572]である[301][302][101]が[31]い！\nそうだろう！！
0x000d3c32	2	【[373][374]】\n…………
0x000d3c91	3	【[373][374]】\nフッ……[508][21]い。\nたしかにその[112][113]は[613]が[163]っている。
0x000d3d1b	4	【[373][374]】\nだが、それはあくまで、\n[855][678]《けんじゅう》についていた[356][847]《しもん》が[202][53]につけられたという\n[19][352]での[97]に[478]ぎない！
0x000d3dc7	4	【[107][108]】\n（これだけでは[514]いか……\n[855][678]《けんじゅう》の[356][847]《しもん》が[205]《だれ》かの[4]によってつけられたものだと\n[119][283]するしかない！）
0x000d3e8c	2	【[373][374]】\nく……っ！！
0x000d3f06	2	【[107][108]】\n[169][170]だ。
0x000d4012	4	【[373][374]】\nお[19]は[673]に[647]《よ》っていた。\nだから[669][759]《きおく》を[236]って、\nなにも[583]えていないと[112][113]している。
0x000d408e	4	【[373][374]】\nだがそれは、\n[547][439]の[554][150]《じんもん》から[990]《のが》れるための\n[58]い[437]にしか[98]こえない。
0x000d4103	3	【[373][374]】\nお[19]が[647]《よ》っていたという\n[116][117][118]な[119][120]《しょうこ》はあるのか？
0x000d424f	3	【[107][108]】\nカウンター[511]《ご》しに[127][167]したマスターに[98]いてみてくれ。\n[110]が、オレが[647]《よ》っていたことを[119][58]してくれるだろう。
0x000d4305	4	【[373][374]】\nお[19]が[647]《よ》ったフリをしていたのを\n[80]《み》[175]《ぬ》けなかったということも\n[59]えられるが？
0x000d4393	3	【[107][108]】\n[174][221]できないというのなら、\n[111][727]でもなんでもしてみればいいだろう。
0x000d43f8	4	【[107][108]】\n[673]に[647]《よ》った[53]と[647]《よ》っていない[53]を\n１００[53][870]ごちゃ[865]ぜにして、\n[115][79]に[647]《よ》っている[53]だけを[80]《み》[175]《ぬ》けるかどうか。
0x000d4491	4	【[107][108]】\n[88][89][90]を[163]じて[98]いたんだ。\nその[111][727]を[276]けてもいいって、\nマスターが[58]ってるってね。
0x000d451e	2	【[373][374]】\n……ほう。
0x000d457d	3	【[373][374]】\n[142][255]、\nお[19]は[647]《よ》いつぶれていたと[112][113]するわけだな。
0x000d45e0	3	【[373][374]】\nそこまで[58]うのならいいだろう。\nこちらにも[59]えがある。
0x000d463d	2	【[373][374]】\nその[112][113]に[532]しむがいい。
0x000d46b0	3	【[107][108]】\n（……フン。\n[275]《ま》け[848]《お》しみを[58]いやがって）
0x000d47d1	4	【[107][108]】\n[440][441]さんが[119][58]してくれるはずだ。\nオレに[672]ませた[673]の[1146]も、そのときのオレの[814][832]もな。\nそれだけでも[522][327]な[119][58]だろ？
0x000d488b	2	【[373][374]】\nそれはどうかな。
0x000d48d2	3	【[373][374]】\n[24][25][440][441]はお[19]の[114][324][403][474]の[67][36]だ。\nつまりお[19]をかばう[301][302][101]がある。
0x000d495c	3	【[373][374]】\n[114][324]の[119][58]は[670][131]が[819]《うす》い。\nわかるだろう？
0x000d49ee	2	【[107][108]】\nク……ッ！
0x000d4a81	4	【[107][108]】\n[685][123]カメラの[710][393]に、\nオレが[647]《よ》いつぶれている[840]が\n[710]っているハズだ！！
0x000d4b23	2	【[373][374]】\nそんなものは[119][120]《しょうこ》にならん！
0x000d4b78	4	【[373][374]】\n[647]《よ》いつぶれているフリを\nしているだけなんだろ！\n[312][313]も[58]わせるな！
0x000d4c13	3	【[107][108]】\n……クソッ！\nわからずやめ！！
0x000d4cc9	4	【[373][374]】\nお[19]の[291][74]から[121]てきた、\n[50][34][52]《ひがいしゃ》の[73][321]《めいし》……これは[283]らかに、\nお[19]と[50][34][52]《ひがいしゃ》が[478][159]に[148]っていたことを[620]している。
0x000d4d6a	3	【[373][374]】\nお[19]は[50][34][52]《ひがいしゃ》とは[508][605]《めんしき》がないと[58]っていたが、\nこれをどう[682][283]するつもりだ？
0x000d4ec9	4	【[107][108]】\nオレが[31][32][390]のとき、\nおふくろがリフォームを[21][22]グループに[75]《たの》んでいたのを\n[132]い[121]した。
0x000d4f43	3	【[107][108]】\nそのとき、どうやらオレは\n[50][34][52]《ひがいしゃ》と[148]って[395][396]《あいさつ》を[941]わしていたらしい。
0x000d4fd3	4	【[107][108]】\nもっとも、[102]から９[7][19]の[97]だし、\n[148]ったと[58]っても[197][327][529][313]だ。\n[387]れてても[93][132][576]じゃないだろう？
0x000d5086	4	【[373][374]】\nお[19]が[58]っていることが[513]しいとして……\n[148]ったのが９[7][19]だという[28][111]を\n[116][117][118]に[119][283]できるのか？
0x000d5137	3	【[107][108]】\nああ、できるさ。\nオレの[291][74]から[121]てきたって[73][321]《めいし》……
0x000d519e	4	【[107][108]】\nそれは９[7][19]まで[414]われていたもので、\nそれ[169][1142]はリニューアルしたものを\n[414]ってるって[97]を[88][89][90]から[98]いた。
0x000d521f	4	【[107][108]】\nそれに、９[7][19]、\nオレの[23]をリフォームしたという[669][421]が\n[21][22]ハウジングに[240]っているらしい。
0x000d52ca	4	【[373][374]】\nなるほど……\nどうやら、この[104]は\nお[19]の[112][113]が[513]しいようだ。
0x000d5428	3	【[373][374]】\nＶＩＰルームにお[19]くらいの[780]い[477]が\n[3]ったのを[57][1147][116]《いっぱんきゃく》が[404][375]《もくげき》している。
0x000d54a6	3	【[373][374]】\nこの[780]い[477]というのは、\nお[19][41][114]ではないのか？
0x000d55f9	4	【[107][108]】\nそれはオレじゃない！\n[24][12][429][432][433]という[477]だ！\n[21][22][335][340]の[452][262][455]だ！
0x000d569a	4	【[373][374]】\nなに……[21][22][335][340]の[452][262][455]、だと？\nそんな[477]がどうして[50][34][52]《ひがいしゃ》と\n[148]っていたんだ？
0x000d574a	3	【[107][108]】\n[21][22][335][340]に[467][468]する[104]で\n[50][34][52]《ひがいしゃ》と[148]ってたらしい。
0x000d57e6	2	【[373][374]】\n[467][468]？
0x000d5843	4	【[107][108]】\n[478][159]、[24][12][429][432][433]は[50][34][52]《ひがいしゃ》と\nトラブルを[696]こし\n[21][22][335][340]を[485]めていた。
0x000d58be	4	【[107][108]】\n[28][104][79][146]に[148]ってたのは、\nそういったトラブルの[568][339]って\nところだろう。
0x000d596a	4	【[373][374]】\n[695][79]なことを[58]うな！\nトラブルを[696]こした[53][280]が\nまた[478][159]の[468][36]に[389]《もど》ると[132]うか！？
0x000d5a26	2	【[107][108]】\nだからこその[568][339]なんだろう！
0x000d5a75	4	【[107][108]】\n[110]は[385]《うで》[314]《き》きの[335][340][90]だ！\nビジネス[201][145]の[50][34][52]《ひがいしゃ》なら[218]《ひ》き[389]《もど》そうと[59]えたって\nおかしくはないっ！
0x000d5b3e	2	【[373][374]】\n…………
0x000d5bb6	4	【[107][108]】\nなんなら、[24][12][429][432][433]の[344][448][145]《れんらくさき》を[176]えてやるよ。\nウチの[26][27][28][29][30]によく[665]びに[293]る[31][32][390]の\nアニキらしいからな。
0x000d5c7b	3	【[373][374]】\nその[378][346]はない。\n[459][115][571]。
0x000d5cc0	3	【[459][115]】\nはい。\n[457][458]をとってみます。
0x000d5d10	3	【[373][374]】\nよろしく[75]《たの》む。\nこのまま[96]し[99]っていろ。
0x000d5d91	2	【[107][108]】\n…………
0x000d5e51	4	【[459][115]】\n[457][458]、[15]れました。\nたしかに[24][12][429][432][433]は[79][146]、\n[50][34][52]《ひがいしゃ》とＶＩＰルームで[148]っていたようです。
0x000d5ef2	2	【[107][108]】\nそういうことだ。
0x000d5f6b	3	【[373][374]】\n……いいだろう。\nこの[104]はお[19]の[112][113]を[458]める。
0x000d605d	4	【[373][374]】\nお[19]の[223][185]の[4][669]に[190]かれていた、\n[21][22][57][317]の[4]によって\n[33]されたという[324][546]。
0x000d60d1	3	【[373][374]】\nこれは[67][68]に[102][103]の[28][104]の[256][274]につながる。\nこの[28][111]を、どう[732][283]《しゃくめい》するつもりだ？
0x000d617e	3	【[107][108]】\nオレは[4][905]の[183][143]は[129]っていても、\n[209][114]を[80]るのは[627]めてだった。
0x000d620e	2	【[107][108]】\nだから、[4][905]の[324][546]は[256][274]につながらない！
0x000d629a	3	【[373][374]】\nほう……\n[102]まで[129]らなかった、か。
0x000d6308	3	【[373][374]】\nフム……いいだろう。\nその[112][113]は[458]めよう。
0x000d638e	3	【[373][374]】\nただし、お[19]が[102]までこの[324][546]を\n[129]らなかったという[119][120]《しょうこ》が[183][143]すればな！
0x000d64f8	4	【[107][108]】\nオレの[23]を[21][22]グループが\nリフォームしていたのが、\nなによりの[119][120]《しょうこ》だ！
0x000d6569	4	【[107][108]】\nもし、オレが[223][185][33]しの[123][53]が\n[21][22][57][317]だと[129]っていたら、\nリフォームを[75]《たの》むはずがない！
0x000d6617	3	【[373][374]】\nリフォームを[234]えたあとで、\nこの[324][546]を[129]ったということも[59]えられる。
0x000d66b0	2	【[107][108]】\n……なっ！
0x000d66f6	4	【[107][108]】\n……この[4][905]はずっと、\nおふくろが[84]っていたものなんだ。\nだからオレは[80]たことはなかった！
0x000d67a1	4	【[373][374]】\nではあらためて[98]こう。\nこの[4][905]をお[19]の[250][185]が\n[951][329]していたという[119][120]《しょうこ》はあるのか？
0x000d684d	2	【[107][108]】\nそれは……
0x000d68aa	2	【[107][108]】\n（……[99]てよ？）
0x000d6902	4	【[107][108]】\n（[96]なくともオレはおふくろが[186]くなって[169][293]、\n[1046][165]に[4]をつけてない。\nそれを[119][283]できれば……！）
0x000d6a97	4	【[107][108]】\nこの[4][905]が[80]つかったのは\n[401]《お》し[3]《い》れの[135]にあった\n[341]ボールの[209]だったよな？
0x000d6b3d	2	【[373][374]】\nああ、その[163]りだ。
0x000d6bb9	4	【[107][108]】\nその[341]ボールには、\nおふくろが[186]くなったときに\nおふくろの[833][955]をすべて[958]《つ》め[282]《こ》んでいたんだ。
0x000d6c35	3	【[107][108]】\nそして５[7][19]にガムテープで[657]めて[169][293]、\n[341]ボールを[587]けたことがない。
0x000d6cca	2	【[107][108]】\nそれがなによりの[119][120]《しょうこ》になるはずだ！
0x000d6d55	4	【[373][374]】\nたしかにあの[341]ボールには\nガムテープで[657]めたあとに\n[587]けられた[298][853]《けいせき》はなかった。
0x000d6dca	3	【[373][374]】\nだが、ガムテープが５[7][19]に\n[657]められたという[119][120]《しょうこ》はないだろう？
0x000d6e6a	3	【[107][108]】\nく……っ！\nそんなところまで[119][120]《しょうこ》がいるのか！
0x000d6efd	4	【[373][374]】\n[79][474]だ。\nガムテープを[657]めることなどすぐできる。\n５[7][19]でなくとも、[123][152]の[19][146]でもな。
0x000d6fa8	2	【[107][108]】\n…………！
0x000d6ff0	3	【[107][108]】\n…………そうだ。\n[356][847]《しもん》だ！！
0x000d704b	3	【[107][108]】\nあのガムテープに、\nオレ[169][273]の[356][847]《しもん》がついてなかったか？
0x000d70e4	3	【[373][374]】\n[356][847]《しもん》……か。\nいや、そこまでは[457][458]していない。
0x000d717a	4	【[107][108]】\n[218]《ひ》っ[511]《こ》しするときに、\n[218]《ひ》っ[511]《こ》し[74]のアルバイトが\n[341]ボールの[1071]が[585]れないように[1035][231]をしてた……
0x000d721e	3	【[107][108]】\nそのアルバイトの[356][847]《しもん》……\nそれが[119][120]《しょうこ》になるはずだ！
0x000d72bc	2	【[373][374]】\n…………
0x000d731b	3	【[107][108]】\n[232]べてみろよ！\nオレは[312][428][280]でも[99]ってやる！
0x000d73a8	2	【[373][374]】\n……いいだろう。
0x000d73f1	4	【[373][374]】\nお[19]がそこまで[58]うのなら、\nあとで[457][458]するとして、\nこの[36]はお[19]の[97]を[174][221]しよう。
0x000d74fa	2	【[373][374]】\nだが、それでも[150][151]がある。
0x000d7549	4	【[373][374]】\nお[19]が[218]《ひ》っ[511]《こ》ししたのは５[7][19]。\nそしてリフォームしたのは９[7][19]。\nここに４[7][280]のブランクがある。
0x000d75f7	4	【[373][374]】\nこの４[7]のブランクの[280]に\nお[19]が[250][185]の[30][483][165]であった[4][905]を\n[80]た[301][302][101]は[594][11]できない！
0x000d76a5	4	【[107][108]】\n[80]てない！\nおふくろが[951][329]してたものを\nのぞき[80]るはずがないだろう！
0x000d773d	3	【[373][374]】\nそれを[116][117][118]に[119][283]する\n[119][120]《しょうこ》はあるのか？
0x000d77df	4	【[107][108]】\nじゃあ、[195]に[156][150]させてもらおう！\n[681]にその[4][905]を[80]たとして、\nなぜ[50][34][52]《ひがいしゃ》を[33]したのが[102]なんだ！？
0x000d7866	4	【[107][108]】\n[96]なくとも５[7][169][170]のブランクが\nあるだろうっ！\nどうして[102]になって[33]すんだ！？
0x000d7908	2	【[373][374]】\nトイレで[50][34][52]《ひがいしゃ》と[148]ったんだろう？
0x000d7999	2	【[107][108]】\n（[168]《ちが》う、これじゃない！）
0x000d79e0	4	【[107][108]】\n（おふくろが[186]くなった５[7][19]に\n[696]きた[121][293][28]があっただろう！\nそれは……？）
0x000d7ac2	3	【[373][374]】\nフン……\n[166][839]できまい。
0x000d7b43	2	【[107][108]】\n……ぐううっ！
0x000d7bdb	4	【[373][374]】\nトイレで[50][34][52]《ひがいしゃ》と[473][474]《ぐうぜん》[121]くわし、\n[223][185]を[33]した[523]《うら》みを[132]い[121]し、\n[1026][256][118]《しょうどうてき》に[123][152]におよんだ……[168]《ちが》うか？
0x000d7cc8	3	【[107][108]】\n[525][8][118]《とっぱつてき》だって？\nそれこそ、あり[241]ない！
0x000d7d29	4	【[107][108]】\n[96]なくとも[102][103]の[28][104]が\n[340][500][33][53]であることは[283]らかだ！\nなぜなら……！
0x000d7e5e	2	【[107][108]】\n[846][489]《きょうき》は[855][678]《けんじゅう》だ！
0x000d7ed0	4	【[107][108]】\nオレが[21][22]に[121][148]う[146]を[304][80]て\nいつも[855][678]《けんじゅう》を[84]ち[517]いていたとでも\n[112][113]するつもりか？
0x000d7f7f	2	【[373][374]】\n……ムウッ！
0x000d7fdf	4	【[373][374]】\n……いいだろう。\nこの[104]に[215]しては\nお[19]の[382][80]を[458]めてやる……！
0x000d8142	3	【[373][374]】\n[102][103]、[28][104]が[8][390]したときに\n[35][36]にいた[215][253][52]が[312][53]かいる。
0x000d81ac	4	【[373][374]】\nだがお[19][169][273]の[215][253][52]は、\n[678][408]《じゅうせい》が[272][324]に[574]《ひび》いたとき、\nホールにいた。
0x000d8226	4	【[373][374]】\nこれによって、\nそれぞれがアリバイの[119][53]となり、\n[604]《たが》いにアリバイを[298][62]している。
0x000d829b	4	【[373][374]】\nだが、お[19]のアリバイだけは\n[673]によって[21]タクに[510]せられたという\n[217][364]にあやふやなものだ。
0x000d830e	4	【[373][374]】\n[142][255]、[215][253][52]の[209]で\nお[19]のアリバイだけが[457][11]していない。\nこれをどう[682][283]するつもりだ！
0x000d8469	3	【[107][108]】\nたしかに、[678][408]《じゅうせい》が[677]《な》り[574]《ひび》いたとき、\nアリバイがなかったのはオレだけだ。
0x000d84fb	3	【[107][108]】\nだが……[111][155]の[123][152][428][280]が\n[678][408]《じゅうせい》が[677]る[428][280]より[19]だった、としたら？
0x000d85a3	3	【[373][374]】\nなに？\n……どういうことだ？
0x000d8625	4	【[107][108]】\nあれはアリバイ[688][572]だったんだ！\n[678][408]《じゅうせい》はＶＩＰルーム[324]にある\nスピーカーから[493]れたものだ！
0x000d86bd	4	【[107][108]】\nそのスピーカーを[347][332]《せいぎょ》しているのが\n[28][29][30]にあるプレイヤー。\nそのプレイヤーに[273][291][676][675]がつながれた[298][853]《けいせき》がある。
0x000d8777	3	【[107][108]】\nその[273][291][676][675]に[678][408]《じゅうせい》が[421][676]されていて、\n[626][390]されたんだ！
0x000d8816	4	【[373][374]】\nだとしたら、\nこれまでのアリバイ[232][233]の[142][640]が\nひっくり[549]ることになる……！
0x000d8883	2	【[373][374]】\n[119][120]《しょうこ》はあるのか、[105][106]！
0x000d890b	2	【[107][108]】\n[795]《くわ》しくはオレの[88][89][90]から[98]いてくれ。
0x000d8971	3	【[107][108]】\nプレイヤーが[749][688]された[298][853]《けいせき》の[144][122]や、\n[836][261][455]の[119][58]といった[119][120]《しょうこ》も[522][327]に[1016]《そろ》っている。
0x000d8a30	2	【[373][374]】\n……むうう……！
0x000d8aa3	3	【[373][374]】\n[99]て！\nお[19]の[58]っていることは[857][858]《むじゅん》している！
0x000d8b37	2	【[107][108]】\nなにっ！？
0x000d8bae	4	【[373][374]】\n[681]にお[19]の[58]うとおり、\nプレイヤーに[273][291][676][675]が\n[15]り[277]けられていたとしよう。
0x000d8c1e	4	【[373][374]】\nしかし、[333]々の[232][233]では、[79][146]のＶＩＰルーム[324]には\n[50][34][52]《ひがいしゃ》のリクエストでクラシックが\n[493]れていたことがわかっている。
0x000d8cae	3	【[373][374]】\n[836][261][455]はプレイヤーをセットし、\n[28][29][30]の[586]《かぎ》を[891]めて、[586]《かぎ》をマスターに[1123]けた。
0x000d8d29	4	【[373][374]】\nそれ[169][20]、[678][408]《じゅうせい》が[272][324]に[677]《な》り[574]《ひび》くまで\n[586]《かぎ》はマスターの[951][329][300]でカウンターに[308]かれてから、\n[57][313]も[256]いていないと[98]いている。
0x000d8dcc	3	【[373][374]】\n[79][146]のＶＩＰルームにはクラシック……\nつまり、ＣＤ[676][675]からのＢＧＭが[493]れていた。
0x000d8e5c	4	【[373][374]】\n[28][29][30]の[586]《かぎ》が[891]まっていた[169][170]、\n[273][291][676][675]に[210]り[616]えることなどできない！\nこれをどう[682][283]するつもりだ！
0x000d8f15	2	【[107][108]】\nう……
0x000d8f76	4	【[107][108]】\n（ク、クソッ！\nここまで[293]てひっくり[549]されて\nたまるか……！）
0x000d8fcf	2	【[107][108]】\n（[558]ち[71]いて[59]えろ……）
0x000d9013	4	【[107][108]】\n（[273][291][676][675]が[147][391]されて、\n[678][408]《じゅうせい》が[626][390]されたという[59]え[158]は\n[280]《ま》[168]《ちが》ってないはずだ）
0x000d908d	4	【[107][108]】\n（[150][151]は、[28][29][30]に[3]らずに\nプレイヤーを[210]り[616]えなければ\nならないってこと……）
0x000d90f4	2	【[107][108]】\n（…………！？）
0x000d9135	4	【[107][108]】\n（そ、そうか！\n[28][29][30]に[3]らずに、\nプレイヤーを[538][1102][867][572]《えんかくそうさ》する[158][39]があるじゃないかっ！）
0x000d91d8	4	【[107][108]】\n（この[482]つのクルーを[453]み[264]わせれば\nプレイヤーの[3][131]を[210]り[616]えることができる！\nそれは……！）
0x000d92f9	2	【[107][108]】\n（[57]つは[538][1102][867][572]《えんかくそうさ》のための、アレだ）
0x000d934d	4	【[107][108]】\n（そしてもう[57]つ[411][346]なのが、\nコンクリートの[1148]を[1102]《へだ》ててまでは\n[867][572]できないことだ）
0x000d93b6	4	【[107][108]】\n（そう……アレを[414]える[462][463]が[378][346]なんだ。\nそれに[215]する[1][2]があったはずだ！\nそれは……！）
0x000d94ab	4	【[107][108]】\n[28][29][30]の[586]《かぎ》が[891]まっていても、\nリモコンがあれば[28][29][30]の[273]からプレイヤーの[3][131]を\n[65]えることができる！
0x000d9561	2	【[373][374]】\nリモコン、だと？
0x000d95db	4	【[107][108]】\nああ、そうさ。\nたしか[28][29][30]のドアの[57][291]はガラス[956]で、\n[209]が[1149]けるようになっていた。
0x000d9679	4	【[107][108]】\nつまり、リモコンを[84]っていれば、\nドアの[273]からプレイヤーの[3][131]を\n[210]り[616]えることができる！
0x000d9721	2	【[373][374]】\n…………
0x000d9799	4	【[107][108]】\nこうしてリモコンを[414]って\n[678][408]《じゅうせい》が[421][676]されていた[273][291][676][675]に[210]り[616]えて、\n０[428]４４[327]に[678][408]《じゅうせい》が[677]るように[157]《し》[282]《こ》んでいたんだ。
0x000d9859	2	【[107][108]】\nこれですべての[215][253][52]のアリバイが[689]《くず》れる！
0x000d98e8	4	【[373][374]】\nく……っ！\nた、たしかに[28][104][79][146]、\nリモコンが[1010][236]《ふんしつ》していたという[1][2]があった。
0x000d998a	4	【[373][374]】\nし、しかし！\nたとえお[19]の[58]うことが[28][111]だとしても、\nそれはお[19]のアリバイを[119][283]したものではないっ！
0x000d9a38	4	【[107][108]】\nたしかにそうだが、オレ[169][273]の[215][253][52]のアリバイも\nこれであやふやになったんだ。\n[634][233]は[948]り[121]しに[389]《もど》ったってことだろう？
0x000d9aeb	3	【[107][108]】\n[96]なくともアリバイを[329][461]に\nオレだけを[123][53][424]いするのは[280]《ま》[168]《ちが》いだ！
0x000d9b99	2	【[373][374]】\nくっ……だが、[855][678]《けんじゅう》にはお[19]の[356][847]《しもん》が……！
0x000d9c45	4	【[107][108]】\nそれは[1033][212]《かんし》カメラに[710]っていた\n[328]《あや》しい[53][573]《ひとかげ》がつけたものだ！\n[119][120]《しょうこ》も[352][121]して、[470][71]がついているだろっ！
0x000d9cf5	2	【[373][374]】\nぬううっ……！
0x000d9d7a	4	【[107][108]】\nついでに[58]っておくと、\nオレが[50][34][52]《ひがいしゃ》と[257][839]してたって[97]も\nもう[470][71]がついてる。
0x000d9df2	4	【[107][108]】\nつまり、オレを[762][179]するキッカケとなった\n[119][58]や[119][120]《しょうこ》は、すべて[123][152]と[215][253]ないことが\n[119][283]されたってことだ。
0x000d9ea2	4	【[107][108]】\nさあ！\nこれ[169][170]オレを[657]めておくと、\nあとで[1012]きを[80]るのは[547][439]だぞっ！！
0x000d9f41	2	【[373][374]】\n…………
0x000d9fc5	4	【[373][374]】\n……[732][615]《しゃくほう》するのはかまわん。\nだが、それはあくまで、\n[87]のすべての[554][150]《じんもん》に[127]して[613]の[163]った[166][839]をしたときだ。
0x000da056	3	【[373][374]】\n[87]が[502][241]しない[475]りは\nお[19]を[732][615]《しゃくほう》するわけにはいかない。
0x000da0f1	2	【[107][108]】\nなに……？
0x000da1e5	3	【[373][374]】\n……だが、まだ[256][274]の[104]に[215]しては\n[502][241]のいく[166][839]を[98]いていない。
0x000da250	3	【[373][374]】\nお[19]は[50][34][52]《ひがいしゃ》と[257][839]していたところを\n[404][375]《もくげき》されている。
0x000da2e8	4	【[373][374]】\nこれについて[502][241]いく[166][839]を[98]けない[475]り、\n[202][53]のアリバイがあやふやになったところで\nお[19]を[732][615]《しゃくほう》するわけにはいかない。
0x000da3a8	2	【[107][108]】\nく……っ！？
0x000da427	2	【[373][374]】\n…………
0x000da4ab	4	【[373][374]】\nたしかにお[19]の[58]うとおりだ。\nアリバイだけでお[19]を[123][53]と\n[470]めつけることはできない。
0x000da51c	4	【[373][374]】\nだが、[394]《かん》[168]《ちが》いするなよ。\nお[19]は[41][327]のアリバイを\n[119][283]したわけじゃないんだ。
0x000da5bc	3	【[373][374]】\n[142][255]、[855][678]《けんじゅう》にお[19]の[356][847]《しもん》が[240]っている[169][170]、\nお[19]は[50][51][52]《ひぎしゃ》なんだ！
0x000da671	3	【[107][108]】\nグッ……\nたしかに……！
0x000da6f3	4	【[373][374]】\nフッ……[232][66]に[510]るのは、\n[41][327]のアリバイを[119][283]してからに\nするんだな。
0x000da779	2	【[107][108]】\n……クソッ！
0x000da81c	2	【[107][108]】\n…………
0x000da862	2	【[107][108]】\n[166][839]、できない……
0x000da8e0	3	【[373][374]】\n[839][585]してくれることを[600][99]していたのだが、\n[507]いかぶりだったか？
0x000da95d	2	【[107][108]】\nく……っ！
0x000da9f3	3	【[373][374]】\nお[19]は[647]《よ》いつぶれていたと[112][113]した。\nだが[142][640][118]にお[19]は[41][327]を[893]《お》い[958]《つ》めてしまった。
0x000daa73	4	【[373][374]】\n[647]《よ》いつぶれていたのなら、\n[33][53]を[123]した[152][580][41][77]を[387]れてしまっている。\nそうは[59]えられないか？
0x000dab35	2	【[107][108]】\n…………！？
0x000dab98	4	【[373][374]】\n[647]《よ》いつぶれて[669][759]《きおく》を[236]っているのに\n[33][53]を[123]していないと[112][113]するなら、\nその[380][120]《こんきょ》を[620]してみろ！
0x000dacb2	3	【[107][108]】\nちょ、ちょっと[99]てよ！\nそんなの、”[518][646]の[119][283]”じゃないか！
0x000dad1d	4	【[107][108]】\n[33][53]をしたって[119][283]は、\n[119][120]《しょうこ》が[57]つでもあれば[62][67]する！\n[102]の[547][439]がやってることだ！
0x000dad9a	4	【[107][108]】\nでも、”やっていない”ことを[119][283]するのは\n”やった”というすべての[301][302][101]を\n[594][11]するしか[158][39]がないんだ！
0x000dae1b	3	【[107][108]】\nそんなこと、\n[93][301][302]に[64]い……！
0x000daea3	4	【[373][374]】\nその[163]りだ。\nだから[782][377]《ちゅうこく》しただろう？\n[673]に[647]《よ》って[669][759]《きおく》がないというその[112][113]がお[19]を[532]しめる、と。
0x000daf4a	4	【[373][374]】\nだが、これは”[518][646]の[119][283]”などではない。\nなぜなら、お[19]が[28][104][79][428]の[669][759]《きおく》を\n[132]い[121]せばいいだけのこと。
0x000dafed	4	【[373][374]】\nお[19]の[669][759]《きおく》が[389]《もど》り[16][17]、\nこちらで[124][277]け[634][233]を[152]なう。\nさあ、[132]い[121]せるなら[132]い[121]すんだ！
0x000db0a7	2	【[107][108]】\nク……ッ！？
0x000db1c7	2	【[373][374]】\n………
0x000db278	4	【[373][374]】\n……[102][146]の[554][150]《じんもん》は\nこれで[234]わりにするが、\n[283][146]は[384]しく[152]くぞ。
0x000db320	3	【[373][374]】\n……[102][146]の[554][150]《じんもん》は\nこれで[234]わりだ。
0x000db37e	3	【[373][374]】\n[28][104]について、\nじっくりと[132]い[121]すんだな。
0x000db40e	3	【[373][374]】\n……[102][146]の[554][150]《じんもん》はこれで\n[234]わりだ。
0x000db46c	4	【[107][108]】\nもう[234]わりなんだ？\nオレはこのまま[391]けてもらっても\n[61]わないんだけどな。
0x000db4ec	2	【[373][374]】\n…………
0x000db54b	2	【[373][374]】\n[283][146]こそ[583][320]《かくご》しておけ。
0x000dbc02	2	【[373][374]】\nあと８[146]で[656][657][600][280]《こうりゅうきかん》が[234]わる。
0x000dbc77	2	【[373][374]】\nあと７[146]で[656][657][600][280]《こうりゅうきかん》が[234]わる。
0x000dbcec	2	【[373][374]】\nあと６[146]で[656][657][600][280]《こうりゅうきかん》が[234]わる。
0x000dbd61	2	【[373][374]】\nあと５[146]で[656][657][600][280]《こうりゅうきかん》が[234]わる。
0x000dbdd6	2	【[373][374]】\nあと４[146]で[656][657][600][280]《こうりゅうきかん》が[234]わる。
0x000dbe4b	2	【[373][374]】\nあと３[146]で[656][657][600][280]《こうりゅうきかん》が[234]わる。
0x000dbec0	2	【[373][374]】\nあと２[146]で[656][657][600][280]《こうりゅうきかん》が[234]わる。
0x000dbf35	2	【[373][374]】\nあと１[146]で[656][657][600][280]《こうりゅうきかん》が[234]わる。
0x000dbfa3	2	【[373][374]】\nあと９[146]で[656][657][600][280]《こうりゅうきかん》が[234]わる。
0x000dc002	2	【[373][374]】\nあと１０[146]で[656][657][600][280]《こうりゅうきかん》が[234]わる。
0x000dc074	2	【[373][374]】\n[240]っている[554][150]《じんもん》は１つだ！
0x000dc0e0	2	【[373][374]】\n[240]っている[554][150]《じんもん》は２つだ！
0x000dc14c	2	【[373][374]】\n[240]っている[554][150]《じんもん》は３つだ！
0x000dc1b8	2	【[373][374]】\n[240]っている[554][150]《じんもん》は４つだ！
0x000dc224	2	【[373][374]】\n[240]っている[554][150]《じんもん》は５つだ！
0x000dc290	2	【[373][374]】\n[240]っている[554][150]《じんもん》は６つだ！
0x000dc2fc	2	【[373][374]】\n[240]っている[554][150]《じんもん》は７つだ！
0x000dc368	2	【[373][374]】\n[240]っている[554][150]《じんもん》は８つだ！
0x000dc3d4	2	【[373][374]】\n[240]っている[554][150]《じんもん》は９つだ！
0x000dc440	2	【[373][374]】\n[240]っている[554][150]《じんもん》は１０[423]だ！
0x000dc4af	2	【[373][374]】\n[240]っている[554][150]《じんもん》は１１[423]だ！
0x000dc51e	2	【[373][374]】\n[240]っている[554][150]《じんもん》は１２[423]だ！
0x000dc58d	2	【[373][374]】\n[240]っている[554][150]《じんもん》は１３[423]だ！
0x000dc5fc	2	【[373][374]】\n[240]っている[554][150]《じんもん》は１４[423]だ！
0x000dc66b	2	【[373][374]】\n[240]っている[554][150]《じんもん》は１５[423]だ！
0x000dc6c9	3	【[373][374]】\nすべてに[139]えられない[475]りは、\nお[19]を[696][911]することになる。
0x000dc72a	2	【[373][374]】\n[583][320]《かくご》するんだな！
0x000dc8cc	3	【[107][108]】\n（[142][255]……[63][20]の[554][150]《じんもん》を[839][585]することが\nできなかった……！）
0x000dc956	2	【[373][374]】\n…………
0x000dc98f	3	【[107][108]】\n……オレの[275]けだ。\n[696][911]でもなんでもするがいいさ！
0x000dca06	4	【[373][374]】\nでは[449][450]だ。\n[87]の[554][150]《じんもん》に[139]えられなかったと、\n[791][28]には[180]えておく。
0x000dca78	3	【[373][374]】\nあとは[791][28]が[228][366]することだ。\n[283][146]、その[142][640]を[98]けばいい。
0x000dcad2	2	【[107][108]】\n…………
0x000dcb31	2	【[373][374]】\n…………
0x000dcb6a	3	【[107][108]】\nなんだよ……\nそんなにオレがブザマか？
0x000dcbd9	3	【[373][374]】\nそうではない。\nただ……
0x000dcc19	2	【[107][108]】\nただ……？
0x000dcc5f	2	【[373][374]】\n…………
0x000dccf9	4	【[373][374]】\n[153]が[65]わった。\nもう１０[146][280][656][657][1062][383]《こうりゅうえんちょう》してもらえるよう、\n[791][28]には[180]えておこう。
0x000dcd72	2	【[107][108]】\nえ……？
0x000dcdd0	4	【[373][374]】\nこの[28][104]にはまだ[371]が[240]っている。\nこのまま[234]わりにするわけには\nいかない。
0x000dce53	2	【[459][115]】\nみ、[373][374][145][484]！
0x000dceb7	3	【[373][374]】\n[459][115][571]。\nこれは[87]の[772][366]だ。
0x000dcf24	3	【[459][115]】\nで、ですが、\nそんなことをしたら、[145][484]の[67][36]が……
0x000dcf9d	2	【[373][374]】\n……だから、これは[87]の[772][366]だ。
0x000dcff1	4	【[373][374]】\nキミに[1042][1043]をかけるつもりはない。\nすべて[87]の[837][286]だ。\nキミは[244][1125]《だいひつ》してくれるだけでいい。
0x000dd084	4	【[459][115]】\n…………\nわかりました。\nそれでは[178]ちに[232][190]を[190]きあげます。
0x000dd12d	3	【[107][108]】\n（[57][697]、[459][115][690][28]に[1150]《にら》まれた……\n[603]いな、あのヒト……）
0x000dd1b4	2	【[373][374]】\n…………
0x000dd1ed	2	【[107][108]】\nいったい、なにを[59]えてる？
0x000dd254	4	【[373][374]】\n……[87]は[122][111]が[129]りたいだけだ。\nこんな[1151][218]きで[502][241]できるほど、\n[558]ちぶれてはいない。
0x000dd2ca	4	【[373][374]】\n[58]っておくが、\nお[19]を[177]けたつもりはまったくない。\nそれに[228][366]するのは[791][28]だ。
0x000dd32c	3	【[107][108]】\nああ、わかってる。\nだけど[237]は[58]っておくよ。
0x000dd39e	2	【[373][374]】\nフン……
0x000dd458	3	【[373][374]】\n[240][550]だったな。\nこれで[428][280][210]れだ。
0x000dd4c7	2	【[107][108]】\nク……ッ！
0x000dd525	4	【[373][374]】\n[115][293]であれば、あと１０[146][280]\n[656][657][1062][383]《こうりゅうえんちょう》してもらうこともできるが、\nその[378][346]もない。
0x000dd5ab	3	【[373][374]】\n[178]ちに[696][911][4][391]きに[3]ってもらうよう、\n[791][28]には[180]えておこう。
0x000dd636	4	【[107][108]】\nちょ、ちょっと[99]てよ！！\n[215][253][52]のアリバイが[689][446]《ほうかい》したんだ！！\nもう[57][313][400]めから[232][233]し[178]すべきだろ！！
0x000dd6c1	2	【[373][374]】\n[378][346]ない。
0x000dd720	4	【[373][374]】\n[400]めに[58]っただろう？\nすべての[554][150]《じんもん》に[139]え[87]を[502][241]させるだけの\n[329][461]がなければ、お[19]を[696][911]すると。
0x000dd7be	4	【[373][374]】\nお[19]はすべての[554][150]《じんもん》に[139]えられなかった。\nそして[87]を[502][241]させられなかった。\nだから[696][911]する。
0x000dd83c	2	【[373][374]】\nそれだけだ。
0x000dd89a	2	【[107][108]】\n…………
0x000dd8e0	2	【[373][374]】\n[15][232]べは[234]わりだ！
0x000dd995	6	　\n　\n　\n（[373][374]の[58]うとおり、\n[178]ちに[696][911][4][391]きが[152]われ、\nオレは[898][228]を[276]けることとなった）
0x000dd9fe	4	　\n　\n　\n（そして…）
0x000dda4f	4	　\n　\n　\n（オレには[33][53][13]で[12][600][1138][248]《むきちょうえき》の[690]《けい》が[300]された……）
0x000de988	3	[33][34][428][280]に[107][108]はライトブルーで\n[997][647]していたのだろうか？\nまずはその[235]りの[232][233]を[361]めてみよう。
0x000de9e0	4	[547][439]は[33][34][428][280]とされる０[428]４４[327][19]に、\n[107][108]は[986][272]していたという[1][2]を\nつかんでいるため、\nこのクルーでは[33][34][428][280]の[152][256]と[57][435]しない。
0x000dea7b	3	[21]タクの[97]を[641][525]に[547][439]へ[525]きつけても、\n[329][372]できないだろう。\nまずは[440][441]から[98]いた[1][2]を[525]きつけてみよう。
0x000deb0a	4	[257][839]していたのは[33][34][428][280]とされる０[428]４４[327]より\nずっと[19]。\nそのため、このクルーではアリバイを\n[119][283]したことにはならない。
0x000deb90	2	この[104]に[215]しては、\n[64][106][690][28]は[28][111]をねじ[760]げてはいない。
0x000debee	3	「[673]に[647]っていたから[855][678]に[356][847]がついている」\nでは[382][55]が[163]じないだろう。\nここはハッキリとした[165][118][119][120]を[525]きつけよう！
0x000dec76	4	この[104]に[215]しては、\n[64][106][690][28]は[28][111]をねじ[760]げてはいない。\nハッキリとした[165][118][119][120]が[183][143]するので、\nそれを[525]きつけよう！
0x000ded00	5	[8][509]は[518]くないが、\nここで[620]すべきことは\n[855][678]に[356][847]が[277]いている[283]かな[329][461]だ。\nハッキリとした[165][118][119][120]が[183][143]するので、\nそれを[525]きつけよう！
0x000ded94	5	「[673]に[647]っていたから[257][839]していた」\n「[647]っていて[759]えてない」\nでは、[547][439]が[112][113]する「[257][839]が[33][34][256][274]になった」\nという[301][302][101]を[594][11]できない。\nここは[257][839]をしていないと[594][11]したいところだが…
0x000dee6c	5	[257][839]していたことを[1139][11]しては[382][55]がない。\nまずは[115][79]に[257][839]はあったのか、\nそしてどのくらい[944]しい[257][839]だったのかを\n[232][233]すれば、\n[41]ずと[884]は[1152]けるだろう。
0x000def27	5	[257][839]していたことを[1139][11]しては[382][55]がない。\nまずは[115][79]に[257][839]はあったのか、\nそしてどのくらい[944]しい[257][839]だったのかを\n[232][233]すれば、\n[41]ずと[884]は[1152]けるだろう。
0x000defcc	5	[457]かに[107][108]は[997][647]していたが、\n[57][313]も[595]を[1085]れていなかったのだろうか？\nトイレに[152]くため[595]を[273]しているとしたら、\n[547][439]はその[428]にＶＩＰルームに[3]ったと\n[59]えるだろう。
0x000df050	4	[997][647]していた[107][108]。\nずっとカウンターで[799]っていたように[80]えるが、\n[312][313]かトイレに[152]くため[595]を[273]している。\nその[428]にＶＩＰルームへ[3]ったと[547][439]は[80]ている。
0x000df0fb	5	[440][441]の[119][58]を[174]じるならば、\n[107][108]はタクシーに[510]っていたのだろう。\nだが、[41][42]に[389]ったという[669][421]がないため、\nタクシーからすぐに[1142]りて[35][36]に[389]った[301][302][101]も\n[594][11]できない。
0x000df1a1	5	[457]かにビデオには[997][647]している[107][108]が[710]っていた。\nしかし[547][439]はあくまで[107][108]は[647]ったフリを\nしていると[59]えているようだ。\nこの[554][150]を[839][585]するためには\n[116][117][118]な[119][58]が[483][670]だ。
0x000df261	4	「[855][678]に[356][847]が[277]いているのに[592]にはなかった。\nこの[857][858]した[152][256]は[647]っていたからだ」\nということだろうか？\nこれでは[41][327]が[111][152][123]という[19][352]になってしまう。
0x000df2ff	1	[114][324]の[119][58]は[116][117][118]な[119][120]として[1068][221]されにくい。
0x000df35d	5	「[855][678]に[356][847]が[277]いているのに[592]にはなかった。\nこの[857][858]した[152][256]は[647]っていたからだ」\nということだろうか？\nだがこれでは\n[41][327]が[111][152][123]という[19][352]になってしまう。
0x000df3fa	2	[513][77]が[228][283]していない[477]のクルーでは、\n[547][439]は[502][241]してくれないだろう。
0x000df45e	5	[102]は[107][108]の[30][483][165]であり、\nいつでも[4][905]の[209]を[1053]むことは[301][302]なため、\nこのクルーで[166][839]するのは[303]しい。\nここは[107][108]が[223][185][33]しの[122][78]を[129]っていた[36][264]の\n[152][256]の[857][858]を[525]きつけた[158]がよさそうだ。
0x000df519	5	[107][108]はお[286]せコースで[218]っ[511]し[261][52]に\n[660][75]していたが、[250][185]の[1046][165]だけは\n[41][327]で[348][329]して[699]んだ[301][302][101]も[594][11]できない。\nそのためこのクルーでは[108][317]の[4][905]を\n[80]ていないという[329][461]にはならないだろう。
0x000df5ae	2	ここは[107][108]が[223][185][33]しの[122][78]を[129]っていた[36][264]の\n[152][256]の[857][858]を[525]きつけた[158]がよさそうだ。
0x000df62d	3	[356][847]を[850]すことは[566][567]にできること。\n[525][8][118]に[123][152]を[132]いついた[428]にも\n[312]の[150][151]もなく[356][847]を[850]すことができるだろう。
0x000df6b4	5	[685][676][157][136]となっているＶＩＰルームで\n[855][678]を[8][1029]して[33][34]した[123][152]は\n[57][80]、[340][500][118]に[80]えるが、\n[678][408]は[273]に[1007]れてしまっている。\n[340][500][118]な[123][152]と[59]えるには、[96]々ずさんさが[404][67]つ。
0x000df76d	5	[457]かにアリバイ[688][572]をしていたことは\n[340][500][118]であると[58]えるだろう。\nしかしこのアリバイ[688][572]は[35][428][496]で[295][170]の[206][839]に\n[478]ぎず、[340][500][33][53]を[1139][11]する[119][120]としては[514]い。\nここはもっと[380][115][118]な[329][461]を[352][620]しよう。
0x000df831	5	[57][80]、[340][500][118]な[123][152]に[80]えるが、\n[79][146][107][108]が[647]いつぶれてライトブルーに\nやってくることまで[340][500]することはできないだろう。\nそもそも[547][439]は[107][108]が[647]いつぶれていたことを\n[174]じていない。
0x000df8e8	5	[440][441]の[119][58]を[174]じるならば、\n[107][108]はタクシーに[510]っていたのだろう。\nだが、[41][42]に[389]ったという[669][421]がないため、\nタクシーからすぐに[1142]りて[35][36]に[389]った[301][302][101]も\n[594][11]できない。
0x000df992	5	[215][253][52]の[209]でアリバイがハッキリしないのは\n[107][108]のみだが、[123][152][428][280]とされる０[428]４４[327]には、\n[1140]に[107][108]は[986][272]し、\n[685][123]カメラに[107][108]の[840]は[710]っていないため\n[107][108]のアリバイを[119][283]するには[1056]らない。
0x000dfa59	3	[457]かに[440][441]がタクシーに[510][668]させたと\n[119][58]しているが、\n[440][441]は[114][324][403][474]なため[119][58]の[131]は[514]い。
0x000dfaae	4	[681]に[510][668]させたのが[28][111]だとしても、\n[41][42]に[389]ったという[669][421]がないため、\nタクシーからすぐに[1142]りて[35][36]に[389]った[301][302][101]も\n[594][11]できない。
0x000dfb41	2	[193]え[647]っていたとしても、\n[33][53]は[301][302]である。
0x000dfb9a	3	あくまで[123][152][428][280]が０[428]４４[327][169][273]である[301][302][101]を\n[352][620]する[324][546]のクルーであって\n[107][108]の[123][152]を[594][11]するものではない。
0x000dfc40	3	[850]された[356][847]と[855][678]についていた[356][847]に\n[857][858]があるとしても、\nそれはあくまで[653][839]である。
0x000dfc8d	5	[685][123]カメラに[710]っていた[328]しい[573]は\n[855][678]に[107][108]の[356][847]を[277]けていたのだろうか…？\n[356][847]を[852]き[15]っていたのは、[107][108]の[356][847]が\n[277]いていない[168][539][242]を[12]くすため…？\nこれらはあくまで[107][108]の[653][329]という[509][393]に[478]ぎない。
0x000dfd53	5	[107][108]に[64]づく[573]…\n[107][108]はこの[428]に[356][847]を[855][678]に[277]けられたと\n[112][113]するも、それはあくまで[509][393]に[478]ぎない。\nもしかしたら[19]に[563]っていた[116]が、\n[387]れ[165]を[15]りに[293]ただけかもしれない…
0x000e00b9	3	【[107][108]】\n（[102][146]は[440][198]くに[89][700][668]に[510]せられ、\n[791][439][1061]へと[344]れてこられた）
0x000e0118	3	【[107][108]】\n（その[404][118]はもちろん、\n[791][439][1014]による[15][232]べだ）
0x000e0189	3	【[791][28]】\nさてと……\n１０[146]ぶりだね。
0x000e01ce	2	【[107][108]】\n…………
0x000e0207	4	【[791][28]】\n[415][280][97]だよ、これは。\n[222][977]《もくひ》するようなところは\nなかったと[132]うけど？
0x000e0268	3	【[107][108]】\n………\nすみません。
0x000e02c6	3	【[791][28]】\n[946][319]を[80]たところ、\n[814][815]《じょうきょう》はあまり[65]わってないみたいだね。
0x000e0343	3	【[791][28]】\nそれなのに、キミはいつまで\n[535][536]《ていこう》するつもりなんだい？
0x000e0399	4	【[107][108]】\n……ウソはつきたくないので、\nやってないものを\nやったとは[58]えません。
0x000e03f2	3	【[791][28]】\nなるほどねー\nキミはそういう[53][280]か。
0x000e0438	5	【[791][28]】\nウソをついた[53][280]は、\nウソをウソで[1153]《ぬ》り[625]《かた》めて、\nそのうち[41][327]のウソを[115][153]で\n[174]じ[400]める……
0x000e04ad	3	【[107][108]】\nウソじゃありません。\n[115][79]のことです！
0x000e04f5	4	【[791][28]】\nああ、そう？\nじゃあ、ボクの[156][150]に[127]して\nウソはつかないと[449][450]できるかい？
0x000e0555	2	【[107][108]】\nもちろん、そのつもりです。
0x000e0595	2	【[791][28]】\nでは[98]かせてもらおう。
0x000e05d3	4	【[791][28]】\nどうして[846][489]《きょうき》になった[678]《じゅう》に\n[356][847]《しもん》がついていたんだ？\n[682][283]してもらおうか。
0x000e069c	2	【[107][108]】\n…………
0x000e06d5	3	【[791][28]】\nなるほど、[222][977]《もくひ》するわけか。\nそれでもいいよ。
0x000e0727	6	【[791][28]】\nでもね。ウソはつかないと\n[449][450]したうえで\n[222][977]《もくひ》するってことは、\n[122][111]を[97]すと[44][264]が\n[518]いってことだよね？
0x000e079f	4	【[791][28]】\n[1154][88]《ゆうべん》な[1155][222]《ちんもく》だね。\nこれで、[855][678]《けんじゅう》の[356][847]《しもん》が[411][346]な[119][120]《しょうこ》だと\n[457][174]できたよ。
0x000e0826	5	【[107][108]】\n……ちょ、ちょっと[99]ってください。\n[855][678]《けんじゅう》に[356][847]《しもん》がついていた[329][461]を\nきちんと[682][283]します。\nそれは……
0x000e08de	3	【[791][28]】\nさっき、ウソはつかないと[58]ったね？\nつまりこれはウソじゃないんだね？
0x000e0935	2	【[107][108]】\nい、いや……その……
0x000e097c	4	【[791][28]】\n……いさぎよくない[53][280]は[481]《きら》いだよ。\nキミの[8][58]は\nなに[57]つ[174][221]できない。
0x000e09e2	2	【[107][108]】\nいや……[102]のは[280][168]《まちが》いで……
0x000e0a2d	3	【[791][28]】\nキミを[102][28][104]の[122][123][53]として[696]《き》[911]《そ》する。\n[169][170]、だ。
0x000e0a8b	2	【[107][108]】\nちょっと、[99]ってください！
0x000e0aeb	3	【[791][28]】\n[121]て[152]きなさい。\n[97]は[234]わりだ！
0x000e0b71	5	　\n　\n（[88][372]するヒマさえなかった。\nちょっと[560]が[865][559]してただけ\nなのに……）
0x000e0bdc	4	　\n　\n（……いや、[560]が[865][559]してても、\nウソを[58]っちゃマズかったな……）
0x000e0c36	4	　\n　\n（これだったら[222][977]《もくひ》してたほうが\nマシだったかもしれない……）
0x000e0c8d	3	　\n　\n（オレは、[696]《き》[911]《そ》された……）
0x000e0cee	4	　\n　\n（そして３[7][20]、\nオレに[1138][248]《ちょうえき》１０[7]の[690][1088]《けいばつ》が[300]った……）
0x000e0d96	5	【[107][108]】\n[28][104]のあったバー\n『ライトブルー』にある\n[685][123]カメラの[710][393]は\nご[1156]になりましたか？
0x000e0dfc	5	【[107][108]】\nあそこに[710]っている[573]《かげ》が、\n[87]のそばに[64]づいています。\nそのタイミングで\n[356][847]《しもん》をつけたのではないかと[653][684]……
0x000e0eac	3	【[791][28]】\n……？\nなんだい、[685][123]カメラの[710][393]って？
0x000e0efa	4	【[107][108]】\nえっ？\n[87]の[88][89][90]から[352][121]された\n[119][120][955]《しょうこひん》ですが……
0x000e0f59	2	【[791][28]】\nそんなもの、[276]け[15]ってないけど？
0x000e0fa5	3	【[107][108]】\nなっ！？\nそ、そんな、バカな！
0x000e0feb	3	【[791][28]】\nボクの[4][452]にない[119][120][955]《しょうこひん》の[97]など、\n[12][382][55]だ。
0x000e1047	5	【[791][28]】\n[411][346]な[119][120][955]《しょうこひん》は\n[378]ずボクの[4][452]に[887]くはずだ。\nキミ、ウソは\nつかないんじゃなかったか……？
0x000e10bd	4	【[107][108]】\nウ、ウソじゃない！\n[115][79]なんだ！\n[109][79][690][28]《たんとうけいじ》に[150]い[264]わせてみてくれ！
0x000e1125	2	【[791][28]】\n[150]い[264]わせる[378][346]は、ない。
0x000e1169	5	【[791][28]】\nもう[57][313][58]うよ。\n[411][346]な[119][120]《しょうこ》は[378]ずボクの[4][452]に[887]く。\nボクの[4][452]にないのであれば、\nそんな[119][120]《しょうこ》は[183][143]しないということだ。
0x000e11fb	5	【[107][108]】\nちょっと[99]ってくれよ！\nいくらオレがウソをつかないと\n[449][450]したって、[547][439]がウソをついちゃ\nどうしようもないじゃないか！
0x000e126f	5	【[791][28]】\nなんだと……？\nキミはまさか、\n[333]々が[119][120]《しょうこ》を[577]《かく》したとでも\n[112][113]するつもりなのか……！？
0x000e12e6	2	【[107][108]】\nそれは……！
0x000e1320	3	【[791][28]】\n[333]々を[1157][553]《ぶじょく》するのも\nそれくらいにしておくんだね。
0x000e1375	2	【[107][108]】\nえっ？
0x000e13c9	2	【[791][28]】\n[121]て[152]って。
0x000e1403	3	【[107][108]】\nちょっと[99]ってくれ！\nオレの[97]を……！
0x000e146c	2	【[791][28]】\n[121]て[152]け。
0x000e14a5	2	【[107][108]】\nくっ……！
0x000e154e	5	　\n　\n（このあと、[19][103]と[403]じように\n[898][228][30]へ[344]れられ、\n[898][228][1014]からいくつかの[156][150]を[276]けた）
0x000e15b6	5	　\n　\n（その[142][640]、\n１０[146][280]の[656][657][1062][383]《こうりゅうえんちょう》が[470]まった……\nそれはいい）
0x000e161e	3	　\n　\n（[204]くはないけれど、[583][320]《かくご》してたことだ）
0x000e166a	5	　\n　\n（でも、[119][120][955]《しょうこひん》が[352][121]されてないって、\nどういうことなんだ……？\n………）
0x000e1abb	2	【[373][374]】\n…………
0x000e1af4	2	【[107][108]】\n…………
0x000e1b3a	2	【[373][374]】\n……すまなかった。
0x000e1b77	3	【[107][108]】\n……[541]るくらいなら、\nまずは[682][283]してくれ。
0x000e1bc4	4	【[107][108]】\nビデオテープの[104]だ。\nどうしてあれが\n[700][791]されてないんだ？
0x000e1c1a	2	【[373][374]】\n…………
0x000e1c53	4	【[107][108]】\nあの[710][393]は、\nオレ[169][273]に[123][53]がいる[301][302][101]を[620]した、\n[411][346]な[119][120]《しょうこ》だ。
0x000e1cbd	3	【[107][108]】\nアンタたちの[634][233]《そうさ》にも\n[76]きく[573][574]《えいきょう》するものじゃないのか？
0x000e1d2a	2	【[373][374]】\n……[92]し[437]ない。
0x000e1d68	3	【[107][108]】\n[541][13]《しゃざい》じゃない！\n[682][283]をしてくれ！
0x000e1db6	2	【[373][374]】\n…………
0x000e1def	2	【[107][108]】\n…………
0x000e1e28	2	【[107][108]】\n……[682][283]はできないってことか。
0x000e1e7a	2	【[373][374]】\n……[92]し[437]ない。
0x000e1eb8	3	【[107][108]】\n……くそっ！\nわかったよ！
0x000e1f07	2	【[373][374]】\n…………
0x000e1f66	2	【[373][374]】\n[57]つ、[98]いていいか？
0x000e1fa5	4	【[107][108]】\nこれは[15][232]べだろう？\nいちいちオレに\n[128][301]を[15]る[378][346]なんかない。
0x000e200c	4	【[373][374]】\nそれでは[98]くが、\nお[19]はこの[28][104]について、\nどう[59]えている？
0x000e209c	4	【[107][108]】\nどう[59]えているって……\n[634][233]《そうさ》のプロである[690][28]さんが、\nオレの[354][53][382][80]を[98]きたいのか？
0x000e2132	5	【[373][374]】\nお[19]は[354][53]ではない。\n[26][27]だ。\n……[1158]《へい》の[209]でも[59]えることをやめない、\nプロフェッショナルだ。
0x000e21a5	3	【[107][108]】\n（こいつ……[39][66]の[232][233]のこと、\n[394][277]《かんづ》いてるんじゃないだろうな……）
0x000e2230	4	【[373][374]】\n[50][51][52]《ひぎしゃ》であることはひとまず[308]いて、\n[254][59][382][80]として、\nお[19]の[59]えを[98]かせてほしい。
0x000e22c5	3	【[373][374]】\n[87]はあくまで[690][28]の[67][36]から\nお[19]に[41][21]を[1130]《すす》めるが……
0x000e232d	3	【[373][374]】\nそもそも[547][439]の[115][327]は、\n[122][78]の[893][542]であり、[122][123][53]の[762][179]《たいほ》だ。
0x000e2391	4	【[107][108]】\nそのためには\n[50][51][52]《ひぎしゃ》の[382][80]でもなんでも\n[98]いておこうってわけか。
0x000e23fd	2	【[373][374]】\n……どう[59]えようがお[19]の[41][461]だ。
0x000e2445	2	【[107][108]】\n…………
0x000e247e	3	【[107][108]】\n……オレの[59]えは、\nアンタに[97]してきたことがすべてだ。
0x000e24d0	3	【[107][108]】\nオレ[169][273]に[122][123][53]がいて、\n[328]《あや》しいと[132]われる[53][165]もいる。
0x000e252c	5	【[107][108]】\nスピーカーによる\n[678][408]《じゅうせい》の[428][280][1159]トリックを[221]いれば、\nオレ[169][273]にも[123][152]が\n[301][302]だということ……
0x000e25a3	4	【[107][108]】\nそして[111][155]に、\nオレの[81]りをウロチョロしていた\n[328]《あや》しい[573]《かげ》がいたってこと。
0x000e2609	4	【[107][108]】\nだけど、この[573]《かげ》が[205]《だれ》なのか\n[203][11]できてないし、\n[122][123][53]を[1009]《しぼ》り[282]《こ》めてないのが[35][814]だ。
0x000e26a9	2	【[373][374]】\nフム……
0x000e2706	5	【[373][374]】\n[547][439]としては、お[19][169][273]にも\n[328]《あや》しいと[132]われる[53][165]を\n３[53]マークしている。\nそれは[79][146]、[35][36]にいた[215][253][52][716]……
0x000e2797	4	【[373][374]】\n[37][38][442][443][444]。\n[24][25][440][441]。\nそして[24][12][429][432][433]だ。
0x000e2816	4	【[459][115]】\nみ……[373][374][145][484]！\n[547][439]の[634][233][814][815]《そうさじょうきょう》は\n[274][691][28][692]《きみつじこう》です！
0x000e28ad	5	【[373][374]】\nいいんだ、[459][115][571]。\nこれは[87]の[772][366]だ。\nこのことは\n[170]に[2][377]してもらってかまわない。
0x000e293b	2	【[459][115]】\n…………
0x000e298d	4	【[107][108]】\nおいおい、[76][287][288]《だいじょうぶ》なのか？\nオレのせいでクビなんてことになったら\n[950]《ね》[583]《ざ》めが[518]いんだけど。
0x000e2a2a	5	【[373][374]】\nうぬぼれるな。\n[87]は[122][111]が[129]りたいだけだ。\nだから[414]えるものはすべて[414]う。\nただそれだけだ。
0x000e2ab9	2	【[459][115]】\n………
0x000e2b09	5	【[107][108]】\nじゃあ、お[549]しに……\nってわけじゃないけど、\nオレが[59]えるもう１[53]の\n[328]《あや》しい[53][165]について[97]そうか。
0x000e2b96	4	【[107][108]】\n[37][38][442][443][444]、[24][25][440][441]、[24][12][429][432][433]。\nそしてもう１[53]、\n[328]《あや》しいと[132]う[53][165]は……？
0x000e2cb4	2	【[107][108]】\n（[168]《ちが》う、そうじゃない！）
0x000e2cfb	5	【[107][108]】\n（あからさまに\nオレを[123][53]に[157][67]て[170]げようと\nしていた[53][165]がいるだろう！\nそれは……！？）
0x000e2d67	4	【[107][108]】\nそう、[64][106]だ。\nあからさまにオレを[123][53]に\n[157][67]て[170]げようとする[152][256]……
0x000e2dc8	4	【[107][108]】\nむしろ[57][506][328]《あや》しいと[132]える[53][165]だ。\nそれをアンタらが[273]しているのは、\nわざととしか[132]えない。
0x000e2e4e	4	【[107][108]】\n[114][324]の[93][1160][28]《ふしょうじ》を[577]《かく》すために、\nオレをスケープゴートに\nするつもりか？
0x000e2ef9	3	【[459][115]】\nあなた、[547][439]が\n[577][808][688][572]《いんぺいこうさく》をおこなっているとでも！？
0x000e2f81	2	【[373][374]】\n[459][115][571]。
0x000e2fe0	2	【[459][115]】\n……すみません。
0x000e3042	4	【[373][374]】\nお[19]もだ、[105][106]。\n[547][439]を[80]くびるな。\nスケープゴートは[58]い[478]ぎだ。
0x000e30a2	4	【[107][108]】\n……ああ、そうだろうな。\n[96]なくともアンタたちは\nそんなことはしないだろうよ。
0x000e3100	3	【[107][108]】\nだが、\n[64][106]が[328]《あや》しいことには[65]わりない。
0x000e3176	2	【[373][374]】\n…………
0x000e31af	3	【[107][108]】\n……[57]つだけ\n[176]えてもらいたいことがある。
0x000e31fa	4	【[107][108]】\n[50][34][52]《ひがいしゃ》が[390]きて\n[63][20]に[404][375]《もくげき》されたのは\n[312][428][312][327]だ？
0x000e3286	4	【[373][374]】\n……０[428][19][20]だ。\nお[19]と[21][22]が[257][839]をしていたと\n[64][106][690][28]が[119][58]していた[428][280]だ。
0x000e32f3	4	【[107][108]】\n（０[428]か……ということは、\n[123][152][428][280]は０[428]から４４[327]の[280]って\nところか……）
0x000e3383	2	【[373][374]】\n[98]きたいことはそれだけか？
0x000e33c3	2	【[107][108]】\nああ、[102]のところはね。
0x000e3428	3	【[373][374]】\nおしゃべりが[478]ぎたな……\n[468][29]に[389]《もど》らせてもらおう。
0x000e34a4	2	【[373][374]】\n[554][150]《じんもん》を[400]める！
0x000e3a08	3	【[373][374]】\nさて、[247][146]は[254][59]までにお[19]の[382][80]を\n[98]かせてもらったが……
0x000e3a61	3	【[107][108]】\n[50][51][52]《ひぎしゃ》の[382][80]ってのは\n[254][59]になったのかい？
0x000e3adc	4	【[373][374]】\nそうだな。\n[96]なくとも[87]にとっては\n[254][59]になった。
0x000e3b2c	3	【[107][108]】\nフーン……\nアンタにとっては、ねえ。
0x000e3be6	3	【[64][106]】\nどうだ、[41][21]は[15]れたか？\nもう、あまり[428][280]がないんだぞ！
0x000e3c62	3	【[373][374]】\n……[92]し[437]ございません。\nですが、[71]々と[361]めております。
0x000e3cdf	4	【[64][106]】\n[373][374]……\nこの[477]がそんなにかわいいか？\nもっと[263]《し》め[170]《あ》げてやれよ。
0x000e3d67	5	【[373][374]】\n……[63][64]は[15][232]べの\n[301]《か》[212]《し》[336]《か》の[256]きもあり、\n[415][280][118]にも[150][151][382][605]が\n[31]くなっています。
0x000e3dee	3	【[373][374]】\nあまり[231][218]な[15][232]べは\n[1070][62]いたしかねます。
0x000e3e79	4	【[64][106]】\nなにか[394][168]《かんちが》いしてるんじゃないか、\n[373][374]……\n[123][13][52]に[53][1161]はない！
0x000e3eef	3	【[64][106]】\n[543]が[4][115]を[80]せてやる！\n[244]われっ！
0x000e3f5e	2	【[373][374]】\n……はい。
0x000e3fbd	3	【[64][106]】\nさて、[105][106][571]よ。\nそろそろムダなあがきはやめないか？
0x000e400f	3	【[107][108]】\n（[105][106][571]ときたよ……\n[153][55]が[518]いな……）
0x000e4060	3	【[107][108]】\nムダなあがきをしているつもりは\nないですよ。
0x000e40a9	5	【[107][108]】\nオレが[123][53]じゃない[119][120]《しょうこ》も\n[1162]々《じょじょ》に[1016]《そろ》い[400]《はじ》めているし、\n[546][51]《ようぎ》が[355]れるのも\n[428][280]の[150][151]だと[132]ってますから。
0x000e4162	3	【[64][106]】\nフン。\nお[19]が[123][53]じゃない[119][120]《しょうこ》、か。
0x000e41c1	5	【[64][106]】\nそれは、たとえば、\nお[19]の[88][89][90]が[352][121]したという、\n[685][123]カメラのビデオのことを\n[58]っているのか？
0x000e4263	4	【[107][108]】\n……おい。\nなんでアンタがそのことを\n[129]ってるんだ？
0x000e42b3	2	【[107][108]】\nまさか……！
0x000e4313	3	【[64][106]】\n……ハハハッ！\nアーッハッハッハァッ！！
0x000e436a	4	【[64][106]】\nその[119][120]《しょうこ》はなぁ、\n[240][550]なことに[291][300]が\n[1010][236]《ふんしつ》してしまったんだよ！！
0x000e43db	2	【[107][108]】\nなっ……！？
0x000e4423	4	【[64][106]】\n[291][300]の[93][400][1163]で[1042][1043]《めいわく》かけるなぁ？\nでもなくなってしまったものは\nどうしようもないだろう？
0x000e449c	3	【[64][106]】\nとっとと[1164]《あきら》めるんだなぁ！\nアーッハッハ！
0x000e44ea	4	【[107][108]】\nバカな！？\nあんな[411][346]な[119][120][955]《しょうこひん》をなくすなんて、\nどんな[951][329]をしてるんだよ！
0x000e459a	4	【[64][106]】\nバカ、だと……？\n[547][439][1014]になんてクチきいてるんだ、\nキサマ！
0x000e45f3	4	【[107][108]】\n[174]じられねえ……\nクズだよ、アンタは！\nあのビデオテープを[549]せ！
0x000e464f	3	【[64][106]】\nないモンはないんだ！\nお[19]が[1012]こうが[711]《さけ》ぼうがなっ！
0x000e46a3	2	【[107][108]】\n……クッ！
0x000e46dc	2	【[64][106]】\n………
0x000e4713	5	【[64][106]】\nなんだよ、\nその[166][536][118]《はんこうてき》な[404]は……？\nお[19]、\n[41][327]の[67][36]がわかってないようだな？
0x000e4783	4	【[107][108]】\n[67][36]ってなんだよ。\nオマエこそ[67][36]が\nわかってないんじゃないか？
0x000e47da	3	【[107][108]】\nこれは[67][68]な[93][1160][28]《ふしょうじ》……いや、[123][13]だ！\nオレにだって[59]えがある！
0x000e483f	4	【[64][106]】\nなんだ、[59]えって。\n[88][89][90]に[911]《うった》えるか？\nマスコミにチクるのか？
0x000e489e	4	【[64][106]】\nハハッ！\nやれるもんならやってみろよっ！\n[88][89][90]ごと[1086]《も》み[850]《け》してやる！
0x000e4901	4	【[64][106]】\nなんなら[102]すぐに、\nお[19]の[183][143]を[1086]《も》み[850]《け》しても\nいいんだぞ？
0x000e495f	3	【[64][106]】\n[898][228]が[400]まれば\nお[19]の[13]はほぼ[457][11]する。
0x000e49ac	2	【[64][106]】\nどんなにお[19]が[173]《あ》[1115]《が》こうが、な！
0x000e49f9	2	【[107][108]】\nク……ッ！
0x000e4a32	3	【[64][106]】\nようやく[41][327]の[67][36]ってモンが\nわかったようだな！
0x000e4a80	4	【[64][106]】\nとにかくお[19]が[352][121]したビデオは\n[291][300]が[1010][236]《ふんしつ》してしまった。\nそういうことだよ！
0x000e4b27	5	【[64][106]】\nああ、[291][300]といっても、\nそこにいる[373][374][690][28]じゃない。\nそれだけは[110]の[73][1165]《めいよ》のために\n[58]っておくよ。
0x000e4bc2	2	【[373][374]】\n……っ！
0x000e4c20	4	【[64][106]】\nもちろん[459][115][690][28]でもない。\n[110][100]は[115][292]きっての\n[780][4]のホープだからな！
0x000e4ca7	2	【[459][115]】\n…………
0x000e4d06	2	【[64][106]】\nまあ、[508][86]《めんどう》だからついでに[58]っておく。
0x000e4d7b	5	【[64][106]】\n[93][132][576]なことに、\nお[19]が[483][314]になる[1][2]や[119][120]《しょうこ》は、\n[102][20]もなくなってしまうことが\n[82]くなるだろう。
0x000e4e10	2	【[64][106]】\n[583][320]《かくご》しておくんだな！
0x000e4e54	2	【[107][108]】\nそれは[1011]《おど》しか……？
0x000e4ebd	4	【[64][106]】\n[1011]《おど》しなんて[58][315]を[414]うなよ。\n[87]は、[53][280]はミスをする[256][165]だって\nことが[58]いたいだけだ！
0x000e4f2a	2	【[107][108]】\n……クッ。
0x000e4fd0	3	【[64][106]】\nフン！\nどうだ、[373][374]。
0x000e501e	3	【[64][106]】\n[15][232]べというものは、\nこうやってやるんだよ！
0x000e508f	2	【[373][374]】\n…………
0x000e50ee	2	【[64][106]】\nさて、あとは[286]せたぞ、[373][374]。
0x000e5159	3	【[64][106]】\n[105][106]！\nもう[990]《に》げ[36]《ば》はないんだ！
0x000e51b4	3	【[64][106]】\n[198]めに[41][21]するのが\nお[19]のためだと[132]うがなあ？
0x000e5252	2	【[107][108]】\n…………
0x000e5298	2	【[373][374]】\n…………
0x000e52d1	3	【[107][108]】\nこれが、[247][146]お[19]が\n[541]った[329][461]か。
0x000e5341	4	【[373][374]】\n…………\n[115][79]に[714]まない……\n[102][146]の[15][232]べはこれで……
0x000e53d5	4	【[107][108]】\nちょっと[99]てよっ！\nアンタ、\n[115][79]にこれでいいのか！？
0x000e544e	2	【[373][374]】\n…………！？
0x000e5495	3	【[107][108]】\nアンタ、[122][111]が[129]りたいって\n[58]ってたじゃないかっ！！
0x000e54e7	3	【[107][108]】\nこんなやり[158]、\n[502][241]できるのかよっ！！
0x000e5557	2	【[373][374]】\n…………
0x000e5590	3	【[107][108]】\nオレとアンタは[67][36][118]に\n[367][403][90]になる……
0x000e55dd	3	【[107][108]】\n[513][178]、アンタの[384]しい[893][894]《ついきゅう》に\n[312][313]もイヤな[132]いをしてきたさ。
0x000e564a	2	【[373][374]】\n…………
0x000e5683	3	【[107][108]】\nいつかオレの[12][111]を[119][283]してくれる\nかもしれない[600][99]もあった……
0x000e56db	3	【[107][108]】\nだけど……\nだけど、[142][255]はこれかよっ！
0x000e5725	4	【[107][108]】\n[64][106]に[552][639]《くっぷく》する\nつまらない[477]だったのかよ、\nアンタはっ！！
0x000e57a8	4	【[459][115]】\nいい[683][1166]にしなさい！\nあなたが[373][374][690][28]の\nなにをわかっているって[58]うの！！
0x000e582e	2	【[373][374]】\n[459][115][571]……いいんだ。
0x000e5895	2	【[459][115]】\nでも、[145][484]！！
0x000e58f8	3	【[373][374]】\n……たしかにお[19]の[58]うとおりだ、\n[105][106]。
0x000e5952	3	【[373][374]】\n[64][106][690][28]の[152][256]を[222][458]《もくにん》する[475]り、\n[87]は、[257]だけのつまらない[477]だ。
0x000e59de	2	【[459][115]】\n[145][484]《せんぱい》……
0x000e5a44	4	【[373][374]】\n……[554][150]《じんもん》に[590]る。\nお[19]の[112][113]を[98]こう。\n[58]いたいことがあれば、[58]えばいい。
0x000e5dcf	2	【[107][108]】\n……あれ？
0x000e5e15	3	【[459][115]】\n[102][146]は[87]が[15][232]べを[152]います。\n[93][499]ですか？
0x000e5e65	3	【[107][108]】\nい、いや……\n[93][499]とか、そんなことはないけど……
0x000e5eb6	3	【[107][108]】\nなんていうか、こう……\n[0][803]《しんせん》でいいね。
0x000e5f07	3	【[107][108]】\n（なにをわけのわからないことを\n[58]っているんだ、オレは！？）
0x000e5f69	2	【[459][115]】\n[12][1167][257]《むだぐち》は[142][61]です。
0x000e5fb0	3	【[107][108]】\nは、はい……\nすみません……
0x000e5ff4	4	【[107][108]】\n（[256][1114]《どうよう》してヘンなこと\n[58]っちゃったけど、\nなんか[1004][131]《はくりょく》あるな……）
0x000e605e	3	【[107][108]】\n（それにしても……\n[373][374]はいったいどうしたんだ？）
0x000e60af	2	【[459][115]】\n…………
0x000e60e8	2	【[107][108]】\n…………
0x000e6121	2	【[459][115]】\n…………
0x000e615a	2	【[107][108]】\n…………あの？
0x000e61a4	2	【[459][115]】\nなにか？
0x000e61da	3	【[107][108]】\n[15][232]べなんだし、その、\nなにかオレに[98]かないんですか？
0x000e6252	3	【[459][115]】\n[87]が[98]いたら、\n[354][178]に[41][21]してくれるのですか？
0x000e62a2	4	【[107][108]】\nい、いや、[41][21]じゃなくって、\n[98]かれたことに[127]して\n[12][111]を[911]《うった》えたいのですが……
0x000e6332	3	【[459][115]】\n[87]たちが[153]づいてないとでも\n[132]ったんですか？
0x000e637d	3	【[107][108]】\nえっ……\nなんのことでしょう？
0x000e63cd	4	【[459][115]】\nあなたは[12][111]を[911]《うった》えるフリをして\n[87]たちから[1][2]を[218]き[121]そうと\nしていますよね？
0x000e6434	3	【[107][108]】\nあっ……\nやっぱりバレてた？
0x000e6484	5	【[459][115]】\nええ、もちろん。\nでも[373][374][690][28]は、\nわざと[1][2]を\n[290]《あた》えていたようでしたが……
0x000e64f9	5	【[459][115]】\n[87]は[110]のように\n[941][1168][784]《こうしょうじゅつ》に[383]《た》けておりませんので、\nあなたの[41][21]を[99]つ[169][273]に\nなにもするつもりはありません。
0x000e657a	3	【[107][108]】\n……[254]ったな、[149]々な[382][55]で。\nははは……
0x000e65ca	2	【[459][115]】\n…………
0x000e6603	3	【[107][108]】\nあの、せっかくですから、\nオレから[156][150]してもいいですか？
0x000e6662	2	【[459][115]】\n[276]け[277]けません。
0x000e669e	4	【[107][108]】\nい、いや、そう[58]わずに……\nちょうどアナタに\n[98]きたいことがあったんですよ。
0x000e67a2	4	【[107][108]】\n（[168]《ちが》うだろ！\n[459][115][690][28]に[215]しての\n[1][2]があったろう？）
0x000e67ff	3	【[107][108]】\n（[115][53]に[98]くいい[274][148]だ。\nあれは……）
0x000e688b	3	【[107][108]】\nうちの[30][383]、[129]ってます？\n[24][25][440][441]っていうんですけど。
0x000e68ee	2	【[459][115]】\n……そんな[158]は[129]りません。
0x000e6931	5	【[107][108]】\nあれ、おかしいな？\nアナタがウチの[30][383]と\n[257][839]していたって[1][2]が\nあるんですけど……？
0x000e69a5	4	【[459][115]】\n[129]りません。\nあんな[1169][1170]《やばん》な[53]とは、\nとうに[775][723]の[252]《えん》を[210]ってます。
0x000e6a3e	2	【[107][108]】\n…………
0x000e6a7e	4	【[107][108]】\nえ、えええええっ！？\n[459][115][690][28]と[440][441]さんって\n[775][723]なの！？
0x000e6b07	3	【[459][115]】\nだから、\n[168]《ちが》うって[58]ってるでしょう！！
0x000e6b62	5	【[459][115]】\nまるで[102][129]ったかのような\nわざとらしい[832][313]はやめなさい！\n[88][89][90]に[75]《たの》んで、\n[87]たちの[215][253]を[26]っていたのでしょう！
0x000e6bdf	5	【[107][108]】\nいや、[102][627]めて[129]りました。\nさすがにプライベートなことだと\n[132]ったんで、\n[232]べはしなかったんですよ。
0x000e6c73	2	【[459][115]】\nえ……！？
0x000e6cd3	3	【[459][115]】\nだ、だったら……\nこの[36]で[98]くのも[897]《ひか》えなさい！
0x000e6d27	3	【[107][108]】\nいや、[153]になったもので、つい。\nすみません。
0x000e6dd8	4	【[107][108]】\nいやー、\nそれにしても[440][441]さんと\n[775][723]だったなんて[528]《おどろ》きですよ。
0x000e6e42	3	【[459][115]】\nそもそも[110][100]の[115][73]は\n[24][25][440][441]ではありません！
0x000e6eab	4	【[107][108]】\nそうみたいですね。\n[26][27]という[468][261][170]、\n[524][73]《ぎめい》を[414]ってるとは[98]いてましたけど。
0x000e6f3e	3	【[459][115]】\n……でもあなたは\n[115][73]を[414]っていますね。
0x000e6f89	5	【[107][108]】\nまあ、[524][73]《ぎめい》を[414]うときもありますけど……\nオレには[783]るべき[23][60]がいないんで、\n[114][452]を[26]られても\nそんなに[150][151]はないんです。
0x000e700c	2	【[459][115]】\n…………
0x000e7045	3	【[107][108]】\nちなみに、[440][441]さんの[115][73]って\nなんて[58]うんですか？
0x000e70a3	2	【[459][115]】\n……そんなこと、[97]す[512][329]はありません。
0x000e70ee	2	【[107][108]】\nいや、まあ、そうなんですけどね……
0x000e7134	4	【[107][108]】\nなら、[56]の[156][150]。\nなんで[459][115][690][28]は[440][441]さんのこと、\nそんなに[481]《きら》ってるんです？
0x000e71c4	2	【[459][115]】\nそれも[97]す[512][329]はありません！
0x000e7207	3	【[107][108]】\n……でもせめて、ヒントくれません？\nヒント。
0x000e7279	2	【[459][115]】\n…………
0x000e72b2	4	【[107][108]】\n……わかりました。\nアナタから[97]を[98]くのは\nあきらめます。
0x000e732c	2	【[459][115]】\n……それでいいのです。
0x000e736b	3	【[107][108]】\n[440][441]さんから[178][147][98]けば\nいいことですから。
0x000e73dd	2	【[459][115]】\nな……っ！？
0x000e7418	4	【[107][108]】\nいや、[382][273]とこれが[28][104]に\n[215][253]してるかもしれないし……\nとりあえず、[98]いてみないことには……
0x000e74aa	3	【[459][115]】\nあんな[53]が、マトモなことを\n[97]すはずがありませんっ！
0x000e7506	3	【[459][115]】\nあんな、[88][89][90]を[485]めて\n[26][27]なんて[157][28]をする[53]なんか……っ！
0x000e7562	5	【[107][108]】\n……あの。\nオレも[26][27]なんで、\n『[26][27]なんて』とか[58]われると、\nちょっとショックなんですけど……
0x000e75de	5	【[459][115]】\nだってそうでしょう！\nストレートで[433][39][726][727]に[264][360]して、\n[262][148][118][963][870]の[31]い[88][89][90]に\nなったというのに……
0x000e7662	2	【[459][115]】\nなんでよりによって[26][27]に……！
0x000e76a7	4	【[107][108]】\n……さすがに[102]のは\n[468][261][1171][212]《しょくぎょうべっし》じゃないか？\n[26][27]だって[67][68]な[468][261]だぞ。
0x000e7715	3	【[107][108]】\n……そうだな。\n２ヶ[429]くらい[19]だったっけ……
0x000e7765	5	【[107][108]】\nどこで[98]いたかしらないけど、\n[766][642][390]の[100]の[66]が[28][29][30]に\nペットの[1172]《ねこ》が[154]ってこないって\n[1012]きながらやってきて……
0x000e77e2	4	【[107][108]】\n[440][441]さん、[378][751]に[1172]《ねこ》を[634]《さが》してたよ。\n１[1049][280]、その[1172]《ねこ》[634]《さが》ししか\nしてなかったからな……
0x000e785f	4	【[107][108]】\n（おかげであのときの[157][28]、\nみんなオレに[103]ってきて\n[76][65]な[404]にあったんだけど……）
0x000e78c4	3	【[107][108]】\nなんとかその[1172]《ねこ》を[634]《さが》しだして、\nもらった[2][1173]《ほうしゅう》が５００[1174]。
0x000e792c	5	【[107][108]】\nタダにしなかったんですかって\n[525]《つ》っ[282]《こ》んだら、\n[415]の[209]の[157][453]みはきちんと[176]えないと\nって[58]ってたっけ……
0x000e79ca	2	【[459][115]】\n…………
0x000e7a03	5	【[107][108]】\n[88][89][90]も[26][27]も、\n[380][115][118]なものは[65]わらないと[132]う。\nどっちも[53]を[177]けたいっていうのが\n[115][156]だよ。
0x000e7a9a	2	【[459][115]】\n……そんなのは[1175][88]《きべん》です。
0x000e7ae6	4	【[107][108]】\nまあ、そうかもしれないけどね。\nだけどアナタは[440][441]さんのことを\n[1176][372]してる。
0x000e7b44	4	【[107][108]】\n[53]を[217][303]するなら、\nそれなりの[1][2]を[208]めてからのほうが\nいいと[132]うな。
0x000e7ba1	4	【[107][108]】\nじゃなければ、\n[119][120]《しょうこ》がないのに\n[123][53][424]《あつか》いする[547][439]と[403]じだ。
0x000e7c2c	3	【[459][115]】\n…………\nあなたには[33][34]の[119][120]《しょうこ》があります。
0x000e7c82	5	【[107][108]】\nああ。\n[102]はたしかにそうだけど。\nそれらの[119][120]《しょうこ》も\n[96]しずつあやふやになってきてる。
0x000e7cea	4	【[107][108]】\n[681]にオレが[41][327]の[809]《ぬ》れ[810]《ぎぬ》を[355]らしても、\nアナタはオレを[123][53]と[470]めつけ、\n[382][963]でも[696]《き》[911]《そ》させるつもりじゃない？
0x000e7d70	2	【[459][115]】\n…………
0x000e7da9	3	【[107][108]】\nそのときのアナタの[166][167]には\n[54][55]あるな。
0x000e7df3	5	【[107][108]】\nそのためにも、\nオレは[41][327]の[809]《ぬ》れ[810]《ぎぬ》を\n[355]らしてみせるって\nことにしようかな。
0x000e7e5a	2	【[107][108]】\n[440][441]さんのためにもね。
0x000e7ea6	3	【[459][115]】\n……[93][1177][1178]《ふゆかい》です。\n[102][146]の[15][232]べはこれで[234]わります。
0x000e7f03	2	【[107][108]】\n（ダメだった……か？）
0x000e82e7	3	【[107][108]】\n（……[459][115][690][28]１[53]ってことは\n[102][146]も[373][374]は[657][783]か……）
0x000e836b	2	【[459][115]】\n…………
0x000e83a4	3	【[107][108]】\n（……このまま[222]《だま》っていても[428][280]が\nもったいないし……）
0x000e83fe	4	【[107][108]】\n（[96]しでも[547][439][764]の[1][2]を\n[218]き[121]せるように、\nこっちから[525]《つ》っ[282]《こ》んでみるか……？）
0x000e846f	3	【[107][108]】\n…………\nあのさ……
0x000e84bd	3	【[459][115]】\n……わからない。\nどうしてあなたみたいな[53]を……
0x000e850c	2	【[107][108]】\n……え、なんだって？
0x000e8558	3	【[459][115]】\n[373][374][690][28]があなたのことを\n[458]めているのがわからないのです。
0x000e85ac	3	【[107][108]】\n[373][374]がオレのことを[458]めてる？\n……どういうことだ？
0x000e85fd	2	【[459][115]】\n…………
0x000e8636	3	【[107][108]】\nあのさ、\n[222]《だま》ってちゃなにもわからないって。
0x000e8684	4	【[107][108]】\nぶっちゃけて[97]さないか？\nせっかくこうして\n[267]かい[264]ってるんだし。
0x000e86db	2	【[459][115]】\n…………
0x000e8714	3	【[107][108]】\nそれとも、[440][441]さんの[569][66]である\nオレが[1179]《にく》くてたまらないか？
0x000e8794	3	【[459][115]】\n……[1179]《にく》くはありません。\nだけど、[502][241]もしていません。
0x000e87ec	2	【[107][108]】\n[502][241]……？
0x000e886d	3	【[459][115]】\n[247][146]の[97]です。\n[88][89][90]と[26][27]の[115][156]が[403]じという……
0x000e88c5	4	【[107][108]】\nああ、\nあれは[561]いで[58]った[291][327]もあるから。\n[502][241]できなくても[157][158]ない。
0x000e894a	3	【[459][115]】\nなっ……！？\nなんていい[683][1166]なっ！？
0x000e89bb	4	【[459][115]】\nせっかく、あなたの[58]うことにも\n[57][329]あると[59]えていたのに……\nそれをあっさりと！
0x000e8a1c	4	【[107][108]】\nいや、\n[561]いで[58]ったのは[280][168]《まちが》いないけど、\n[695][79]なことを[58]ったつもりはないよ。
0x000e8a90	4	【[459][115]】\nわかりません！\nやっぱり[50][51][52]《ひぎしゃ》の[58][315]などに\n[792]を[226]すんじゃなかった……！
0x000e8af7	2	【[107][108]】\n…………
0x000e8b30	5	【[107][108]】\nあのさ、こんなこと、\nオレが[58]うことじゃないかも\nしれないけど、\nキミは[96]し[202][53]に[660][183]《いぞん》しすぎだと[132]う。
0x000e8ba5	5	【[107][108]】\n[17][57][199][200]からして[373][374]に\n[660][183]《いぞん》しているのが[80]え[80]えだったし……\n[440][441]さんへの[523]《うら》みも、\n[660][183]《いぞん》の[124][549]しに[132]える。
0x000e8c3f	2	【[459][115]】\n[660][183]《いぞん》、ですって……！
0x000e8c86	5	【[107][108]】\nもったいないよ。\nこんな[58]い[158]するとまた[992]《おこ》るかも\nしれないけど、\nキミは[440][441]さんの[723]だろ？
0x000e8cf2	5	【[107][108]】\nしかも、[725][23][976][29][455][726][727]に\n[276]かったキャリアらしいじゃないか。\nつまり[560]の[204]さなら[440][441]さんにも\n[218]けを[15]らないわけだ。
0x000e8d6e	5	【[107][108]】\nだけど[440][441]さんとの[470][11][118]な[168]《ちが》いは、\n[405][406][101]と[41][67][160]だね。\nそれを[84]たない[475]り、\nキミは[440][441]さんに[887]かない。
0x000e8dfb	3	【[459][115]】\nいい[683][1166]なことばかり\n[58]わないで！！
0x000e8e50	4	【[459][115]】\nあなたが[58]っていることは、\n[453][807]に[537]したことのない[52]の\nたわごとよっ！！
0x000e8eba	5	【[459][115]】\n[453][807]の[209]では、\n[423][53]が[41][327]の[59]えで[256]くと\n[491][347]《とうせい》がとれなくなってしまう。\nそれは[128]されないことなのよっ！
0x000e8f34	4	【[107][108]】\nでも、キミが[741][742]する[373][374][690][28]は\n[102]、まさに[423][53]の[59]えで\n[256]いてるんじゃないのか？
0x000e8fc1	2	【[459][115]】\nうっ……
0x000e8ff8	2	【[107][108]】\n（やっぱりそうか……）
0x000e9038	5	【[107][108]】\nこういっちゃなんだけど、\nオレはヤツを[458]めてる。\n[97]をしていて[434][113][242]《きんちょうかん》を[84]つヤツなんて、\n[440][441]さん[169][273]で[627]めて[121][148]ったよ。
0x000e90c0	5	【[107][108]】\nだけど[110]の[58][315]が[547][439]という\n[453][807]の[244][88]でしかないなら、\nオレはここまで[373][374]を\n[458]めることはなかったろう。
0x000e9133	5	【[107][108]】\n[373][374]が[102]、[567][772][152][256]をしているのは、\n[547][439]という[453][807]の[209]では\n[122][111]が[80]えないと[132]っての\nことなんだろう？
0x000e91aa	2	【[459][115]】\n…………
0x000e91e3	5	【[107][108]】\nキミにアイツと[403]じ[152][256]をしろなんて\n[58]わないけど、\n[96]なくとも[453][807]を[58]い[437]にして、\n[41][327]を[33]しちゃダメだ。
0x000e9259	3	【[107][108]】\n[453][807]に[537]してたって[41][67]はできる、と\nオレは[132]うな。
0x000e92ab	2	【[459][115]】\n…………
0x000e92e4	2	【[107][108]】\n（あれ……[96]し[58]い[478]ぎたかな……）
0x000e933c	4	【[459][115]】\n[41][67]……\nたしかに[373][374][690][28]は\n[41][67]しているかもしれませんね……
0x000e93a5	5	【[459][115]】\n[373][374][690][28]はいつも１[53]きりでした。\n[110]は[513][512][242]が[231]すぎて、\n[453][807]から[1093]《う》いてしまうことが\nしばしばあったようです。
0x000e942f	5	【[459][115]】\nそして[19][103]の[28][104]、\n[373][374][690][28]は[1075]の[513][512]に\n[721]《もと》づいて[525]《つ》き[361]《すす》み、\n[453][807][634][233]《そしきそうさ》を[1180][769]《いつだつ》してしまいました……
0x000e94d3	5	【[459][115]】\nその[573][574]《えいきょう》で、\n[102][103]は[41]ら[634][233]《そうさ》に[1181]《おもむ》くことは[161][162]され、\nあなたの[15][232]べを[109][79]することに\nなりました。
0x000e9566	3	【[459][115]】\n[87]は……そんな[110]に[127]してつけられた\n[1033][212][248]《かんしやく》なんです……
0x000e95dd	4	【[107][108]】\n……いいのか。\nそんな[324][291][1][2]を\nオレに[97]してしまって。
0x000e9659	4	【[459][115]】\nもちろん、いけません。\nでも、あなたなら[373][374][690][28]を\n[1022]ってくれるような[153]がしたから……
0x000e96c0	3	【[107][108]】\n……それは[168]《ちが》う。\n[373][374]を[1022]うのは[373][374][41][114]でしかない。
0x000e971c	4	【[107][108]】\nそれにオレは[33][53][28][104]の[50][51][52]《ひぎしゃ》だ。\nむしろこっちが\n[177]けてもらいたいくらいだよ。
0x000e97b0	2	【[459][115]】\n……[96]しここで[99]っていてください。
0x000e97f7	2	【[107][108]】\nあ、ああ。
0x000e98e9	2	【[459][115]】\nお[99]たせしました。
0x000e9967	2	【[107][108]】\nこれは……[185][223]の[4][905]？
0x000e99aa	4	【[459][115]】\n……この[4][905]に\n[190]かれていることに[215]しては、\n[547][439]でも[805][411]《しんちょう》な[791][119]が[152]われています。
0x000e9a1b	4	【[459][115]】\nだけど、あなたにしかわからないことも\n[190]かれているのではないかと\n[132]いまして。
0x000e9a77	3	【[107][108]】\n……オレが[80]ていいのか？\nこれは[411][346]な[119][120][955]《しょうこひん》だろ？
0x000e9ad4	4	【[459][115]】\nええ。\nそれが[28][104][372][470]……\n[122][111]につながるのなら。
0x000e9b28	3	【[459][115]】\n[87]だけが１[53]になることに\n[1082]《おび》えているわけにはいきませんから。
0x000e9b81	3	【[107][108]】\n……わかった。\n[1053]ませてもらう。
0x000e9bc7	2	【[459][115]】\n……あとで[775]さんにも[541]ります。
0x000e9c0c	2	【[107][108]】\nえっ、[102]、なんか[58]った？
0x000e9c4e	2	【[459][115]】\nいえ、[76]したことじゃありません。
0x000e9cb1	4	【[107][108]】\n……そうか。\nじゃあ、こっちに[208][209]させて……\nん……？
0x000e9d12	3	【[107][108]】\n[21][22][122][482]……って、\nたしか[440][441]さんの……
0x000e9d62	2	【[459][115]】\n[775]さんの[425][53]《こいびと》だった[53]ですね。
0x000e9dad	2	【[107][108]】\n[129]っていたのか？
0x000e9de8	4	【[459][115]】\nええ。\n[87]も[312][313]か[148]ったことがあります。\nとても[201]しそうな[53]でした。
0x000e9e44	2	【[459][115]】\n[115][104][50][34][52]《ひがいしゃ》の[569]でしたね。
0x000e9e90	4	【[107][108]】\nああ。\nそして[110]の[160][754]は[21][22][57][317]に\n[590][316]されていた。
0x000e9ee6	5	【[107][108]】\nたしか[50][34][52]《ひがいしゃ》はショックで[160][754]が\n[162]まったんだよな？\n[80][158]を[1182]《ひね》れば、[21][22][122][482]の[160][754]が\n[162]まったという[58]い[158]もできる。
0x000e9f72	3	【[459][115]】\nそれはそうですが、\nそれでなにか[65]わりますか？
0x000e9fbd	3	【[107][108]】\n[56]に[65]わらないけど……\nそうなんだけど……なにかが……
0x000ea011	4	【[459][115]】\nええ。\n[218]っかかるんですよ。\nそれは[373][374][690][28]も[58]っていました。
0x000ea06a	2	【[107][108]】\nん、コレは……
0x000ea0a5	3	【[459][115]】\n『[21][22][122][482]』『[121][114][31][32]』って\n[190]いてありますね。
0x000ea0fc	3	【[459][115]】\nたしか[21][22][122][482]の[121][114][31][32]は、\n[630][631][31][32]だと[132]いましたが……
0x000ea15e	3	【[107][108]】\n[630][631][31][32]？\nどこかで[98]いたことが……
0x000ea1a9	4	【[107][108]】\n…………\nあ。\n[633]と[598]が[163]っている[31][32]か！
0x000ea27f	4	【[459][115]】\nでは、これで[15][232]べも[234]わりにします。\n[283][146]からは[102]まで[163]り[373][374][690][28]が\n[15][232]べをすると[132]いますので……
0x000ea2f4	2	【[107][108]】\nああ、[583][320]《かくご》しておくよ。
0x000ea347	2	【[459][115]】\nでは、これで……
0x000ea383	2	【[107][108]】\nあ、[63][20]に[57][58]だけ[58]わせてくれ。
0x000ea3f1	3	【[459][115]】\n……まだ[87]に\n[682][176]《せっきょう》し[387]れたことがありますか？
0x000ea447	2	【[107][108]】\nあはは、そうじゃないって。
0x000ea487	3	【[107][108]】\n[4][905]を[80]せてくれてありがとう。\nそれが[58]いたかったんだ。
0x000ea541	2	【[459][115]】\n…………！？
0x000ea59f	2	【[459][115]】\n[373][374][145][484]！！
0x000ea63b	2	【[373][374]】\n[102]、[389]《もど》った。
0x000ea6a1	2	【[459][115]】\nあちらのほうは……？
0x000ea705	3	【[373][374]】\nああ、あらかた[1000]《つか》んだ。\nあとは[893]《お》い[958]《つ》めるだけだ。
0x000ea787	2	【[459][115]】\nそうですか……
0x000ea7c1	4	【[107][108]】\n……おいおい、\n２[53]だけで[502][241]してないで、\nオレにも[682][283]してくれよ。
0x000ea845	4	【[373][374]】\n[240][550]だが、[102]はまだ[97]せない。\nだが[64]いうちに[378]ず[139]えは[121]す。\nそれまで[99]て。
0x000ea8a9	2	【[107][108]】\n……[382][55]がわからないんだけど。
0x000ea8fb	3	【[373][374]】\nでは。\nさっそくだが[554][150]《じんもん》を[400]める。
0x000ea949	3	【[107][108]】\nええっ！？\n[102]からやるのかよ！
0x000ea99a	3	【[373][374]】\n[79][474]だ。\nそのために[389]《もど》ってきたのだからな。
0x000ea9ea	4	【[107][108]】\n（……ったく。\nわざわざ[389]《もど》ってこなくても\nいいんだよ！）
0x000eace4	2	【[373][374]】\n２[146]も[657][783]にして[518]かったな。
0x000ead36	3	【[373][374]】\n[657][783]にしていたのには\n[329][461]がある。
0x000ead7d	4	【[107][108]】\n[329][461]、ねえ。\nその[329][461]とやらを\n[98]かせてもらえるのか？
0x000eadf7	3	【[373][374]】\n[12][839]だ。\nお[19]にも[215][253]のある[97]だからな。
0x000eae44	2	【[107][108]】\nオレに[215][253]ある[97]……？
0x000eaeac	4	【[373][374]】\nまずは[57][247][146]だ。\nお[19]の[170][433]である[24][25][440][441]に\n[87]は[297]び[121]された。
0x000eaf0c	3	【[107][108]】\n[440][441]さんに？\nなんで！？
0x000eaf8c	3	【[373][374]】\n……[110][100]から、\n[57]つの[377][8]を[276]けた。
0x000eafea	2	【[373][374]】\nだが、その[324][546]はまだ[97]せない。
0x000eb02f	4	【[107][108]】\nなんでだよ！\nオレにも[215][253]ある[97]だって\n[58]ってたじゃないか！
0x000eb0aa	3	【[373][374]】\n[97]さないと[58]っているわけではない。\n[102]はまだ[97]せないと[58]っているんだ。
0x000eb12b	5	【[373][374]】\nそれにこの[377][8][41][77]は、\nお[19][41][114]に\n[178][147][215][253]のあることではない。\nだから[153]にするな。
0x000eb195	2	【[107][108]】\n[153]にするな、ってもな……
0x000eb1fc	4	【[373][374]】\n[97]には[391]きがある。\n[57][247][146]、[24][25][440][441]から[377][8]を[276]け、\n[247][146]、その[124][277]けを[15]っていた。
0x000eb27a	4	【[373][374]】\nそしてその[377][8]は、\nかなりの[174][1143][101]《しんぴょうせい》を\n[708]《お》びていることがわかった。
0x000eb307	5	【[373][374]】\nその[377][8]の[324][546]は、\nあまりにも[1026][375][118]《しょうげきてき》な[324][546]だった。\nそれをお[19]の[170][433]から[276]けたことに\n[87]はとまどった。
0x000eb393	4	【[373][374]】\nだから[87]は[24][25][440][441]に[457][458]した。\n『この[377][8]の[324][546]をどう[424]《あつか》えばいいか』\nと。
0x000eb425	4	【[373][374]】\nすると[110][100]は[58]った。\n『[87][41][114]はそれを[976][47]するつもりはない。\n２[53]に[286]せる』とな。
0x000eb48f	2	【[107][108]】\n２[53]……？
0x000eb4f0	2	【[373][374]】\n[87]とお[19]だ。
0x000eb52a	2	【[107][108]】\nオ、オレ！？
0x000eb571	3	【[373][374]】\n[377][8]を[976][47]するも、[977][1091]《ひとく》するも、\n[87]たち２[53]に[286]せるということだった。
0x000eb5d7	3	【[107][108]】\nな、なら、その[377][8]の[324][546]、\nオレにも[176]えろよ！
0x000eb641	2	【[373][374]】\n…………
0x000eb687	3	【[373][374]】\nその[377][8]の[324][546]は\n[76]きく[327]けて[482]つある。
0x000eb6e1	3	【[373][374]】\nそのうちの[57]つが、\n[193]の[710][393]だ。
0x000eb728	2	【[107][108]】\n[193]の……？
0x000eb788	4	【[373][374]】\n[685][123]カメラに[710]っていた、\nカウンターに[525]《つ》っ[1106]《ぷ》している\nお[19]に[64]づく[573]《かげ》の[710][393]だ。
0x000eb806	4	【[373][374]】\n[24][25][440][441]は[28][104]の[1183][146]に、\nテープをダビングさせてもらっていた\nらしい。
0x000eb868	2	【[107][108]】\nさ、さすがだなぁ、[440][441]さん……
0x000eb8ae	3	【[107][108]】\n……って、ならなんでもっと[198]く\n[176]えてくれなかったんだ！？
0x000eb929	3	【[373][374]】\nそれがもう[57]つの[324][546]に\n[215][253]するものだからだ。
0x000eb977	2	【[107][108]】\nそのもう[57]つの[324][546]って……？
0x000eb9c9	2	【[373][374]】\nそれは[176]えられない。
0x000eba06	4	【[107][108]】\nちょっと[99]てよ！\n[440][441]さんが[84]ってきた[377][8]だろう！\nオレには[98]く[1161][314]があるだろう！
0x000eba92	4	【[373][374]】\nたしかに[24][25][440][441]による[377][8]だが、\n[276]け[15]ったのは[87]だ。\nお[19]じゃない！
0x000ebaf3	2	【[107][108]】\nク……ッ！？
0x000ebb2e	4	【[107][108]】\n（な、なんで[440][441]さんは、\n[178][147]オレに\n[176]えてくれなかったんだ……！？）
0x000ebb8f	4	【[107][108]】\nわかった。\nアンタが[577]《かく》したがってることは\n[98]かない。
0x000ebbe3	2	【[107][108]】\n（とりあえず、だけどな……）
0x000ebc27	3	【[107][108]】\nその[244]わり、[685][123]カメラの[710][393]を\n[457][458]させてもらいたい。
0x000ebca2	3	【[373][374]】\n……わかった。\nいいだろう。
0x000ebcf2	4	【[373][374]】\n[111]はその[710][393]だが、\n[119][120][955]《しょうこひん》として[352][121]していないため\nこの[547][439][292]にはない。
0x000ebd6a	3	【[373][374]】\n[87]の[772][366]で、\nある[36][30]に[503][951]してある。
0x000ebdb7	3	【[107][108]】\nなぜだ！？\n[67][68]な[119][120][955]《しょうこひん》だろう？
0x000ebe16	4	【[373][374]】\n[119][120][577][829]《しょうこいんめつ》されないためだ。\nだから[283][146][84]ってこよう。\nそれでいいか？
0x000ebe7d	2	【[107][108]】\n……ああ、それでいい。
0x000ebee3	3	【[373][374]】\nよし。\nでは、[554][150]《じんもん》を[400]める！
0x000ec40a	3	【[373][374]】\n[449][450][163]り、\n[685][123]カメラの[710][393]を[84]ってきた。
0x000ec45a	2	【[107][108]】\nんじゃ、さっそく[80]せてくれ。
0x000ec4a9	2	【[373][374]】\nああ、では[626][390]する。
0x000ec552	2	【[107][108]】\n……[647]《よ》いつぶれたオレだ。
0x000ec597	2	【[373][374]】\n[647]《よ》ったフリをしているお[19]だな。
0x000ec5de	3	【[107][108]】\nあのな……\nいや、もうその[576][839]は[308]いておこう。
0x000ec64c	2	【[107][108]】\n……[205]《だれ》か[293]たな。
0x000ec68f	5	【[107][108]】\nオレの[653][329]では、\nこのときに[356][847]《しもん》を\nつけられたんじゃないかと\n[132]ってる。
0x000ec6f1	2	【[373][374]】\n……であれば、[204]かったのだがな。
0x000ec737	3	【[107][108]】\n……は？\nどういうことだ。
0x000ec779	2	【[373][374]】\nここで[162]めるぞ。
0x000ec7d3	3	【[107][108]】\n……この[573]《かげ》はスーツを[71]ている。\nそこまではわかってた。
0x000ec82a	4	【[107][108]】\nだからオレは、\n[79][146]スーツを[71]ていた[53][165]を[634]《さが》した。\nその[142][640]……
0x000ec88c	5	【[107][108]】\n[28][104][79][146]、\n[50][34][52]《ひがいしゃ》を[874]いてスーツを\n[71]ていた[215][253][52]は２[53]。\nそれは……？
0x000ec9af	2	【[107][108]】\n（もう[57][313]よく[59]えてみよう）
0x000ec9f3	4	【[107][108]】\n（[102][103]の[28][104]に[215][253]してる[53][165]は、\n[37][38][442][443][444]、[64][106][743][187]、[24][25][440][441]、\n[24][12][429][432][433]だ）
0x000eca6d	2	【[107][108]】\n（この[209]でスーツを[71]てた[53][165]は……？）
0x000ecaba	3	【[107][108]】\n[28][104][79][146]、スーツを[71]ていた[215][253][52]は\n[37][38][442][443][444]と[64][106][743][187]の２[53]だ！
0x000ecb21	3	【[107][108]】\nつまり、この[573]《かげ》の[53][165]は、\nこの２[53]のどちらかである[457][671]が[31]い！
0x000ecbbf	3	【[373][374]】\nでは[98]こう。\nズバリ、お[19]はどちらだと[132]っている？
0x000ecd48	3	【[373][374]】\nフッ……\n[236][338]したよ。
0x000ecd90	2	【[107][108]】\nな、なにっ！？
0x000ecdf1	3	【[373][374]】\nこんなこともわからない\nお[19]に[236][338]したと[58]ったんだ。
0x000ece67	5	【[373][374]】\nいや、[142][255]、\nこんなくだらない[477]に\n[87]も[800]《おど》らされていただけと\nいうことか。
0x000eced7	3	【[373][374]】\nそういう[382][55]では、\n[87][41][114]にも[236][338]する……
0x000ecf27	2	【[107][108]】\n……どういう[382][55]だよ。
0x000ecf8e	3	【[373][374]】\nもう、[87]は[41][174]をなくした。\n[109][79]を[65]わってもらうことにする。
0x000ecff3	2	【[373][374]】\nあとはよろしく[75]《たの》む、[459][115][571]。
0x000ed063	2	【[459][115]】\nみ、[373][374][145][484]！
0x000ed12d	3	　\n　\n（………………）
0x000ed16a	5	　\n　\n（[28][104]の[109][79][52]が[65]わり、\nまた[57]から[15][232]べが\n[152]われることになった）
0x000ed1c6	4	　\n　\n（そいつはなにを[911]《うった》えても\nオレの[382][80]に[792]を[226]さなかった）
0x000ed21c	5	　\n　\n（[240]りの[146][197]も[1159]し[1004]《せま》った[814][832]で、\nなすすべもなく……\nオレは[142][255][696]《き》[911]《そ》されることになった）
0x000ed2aa	4	　\n　\n（そしてオレには[63][234][118]に、\n[12][600][1138][248]《むきちょうえき》の[690]《けい》が[1184]せられた……）
0x000ed31b	2	【[107][108]】\nどう[59]えても[64][106]だろう！
0x000ed382	3	【[373][374]】\nでは[98]こう。\nこの[573]《かげ》が[64][106][690][28]であると[132]う[380][120]《こんきょ》を！
0x000ed489	2	【[107][108]】\n（[168]《ちが》う、それじゃない！）
0x000ed4d0	3	【[107][108]】\n（[64][106]は[102]までに[328]《あや》しい[256]きを\n[312][313]か[80]せた）
0x000ed526	4	【[107][108]】\n（[209]でも、この[710][393]に[215]する\nあからさまな[256]きがあったはずだ！\nそれは……！？）
0x000ed58b	3	【[107][108]】\n[64][106]は[102]までに[312][313]か\n[328]《あや》しい[256]きを[80]せたことがあった。
0x000ed5e5	3	【[107][108]】\n[257][839]の[404][375][119][58]《もくげきしょうげん》。\nそして[1116][131][118]な[15][232]べ……
0x000ed645	4	【[107][108]】\nだが、なんといっても、\n[169][19]こちらから[352][121]したこの[710][393]を\n[577][829]《いんめつ》したのが[57][506][76]きい。
0x000ed6b4	4	【[107][108]】\nその[329][461]はなんてことはない。\nここに[710]っている[573]《かげ》が\n[64][106][41][114]だからだ！
0x000ed73d	3	【[373][374]】\n……そうだな。\n[87]もそう[132]う。
0x000ed783	4	【[107][108]】\nなら[470]まりじゃないか！\n[64][106]が[647]《よ》いつぶれているオレに[64]づき、\n[855][678]《けんじゅう》に[356][847]《しもん》をつけた！
0x000ed7fb	5	【[107][108]】\nそして[64][106]は[4][856]《てぶくろ》をして\n[41][327]の[356][847]《しもん》がつかないように\n[123][152]を[111][152]した！\nこの[710][393]がなによりの[119][120]《しょうこ》だ！
0x000ed890	3	【[373][374]】\n……この[573]《かげ》が[64][106][690][28]であることは\n[594][11]しない。
0x000ed926	4	【[373][374]】\nしかし、[64][106][690][28]が[855][678]《けんじゅう》に[356][847]《しもん》を\nつけたことは[594][11]する。\nつまり、[64][106][690][28]は[123][53]じゃない。
0x000ed9a5	2	【[107][108]】\nしかし、この[710][393]が……！！
0x000eda1a	3	【[373][374]】\n[64][106][690][28]は[56]の[404][118]で、\nお[19]に[64]づいたんだ！
0x000eda79	2	【[373][374]】\n[855][678]《けんじゅう》に[356][847]《しもん》を[277]けるためじゃない！
0x000edace	3	【[107][108]】\nべ、[56]の[404][118]……だって！？\nどういう[404][118]だ！！
0x000edb48	2	【[373][374]】\nこれを[80]ろ。
0x000edbbc	3	【[373][374]】\n[64][106][690][28]が[123]した[93][513]について、\n[795][749]《しょうさい》にまとめられたレポートだ。
0x000edc27	2	【[107][108]】\n……[93][513]、だって……？
0x000edc6b	3	【[373][374]】\n……これが[24][25][440][441]から[276]け[15]った、\nもう[57]つの[377][8]の[119][120]《しょうこ》だ。
0x000edd01	2	【[107][108]】\n[440][441]さんからの[377][8]……
0x000edd50	3	【[373][374]】\n[110][100]はあの[146]、\n[64][106][690][28]を[297]び[121]していたそうだ。
0x000eddb1	4	【[373][374]】\nそして[28][104][79][146]、\nカウンターの[300]に、\nこの[190][879]を[308]いていた。
0x000ede18	3	【[373][374]】\n[93][513]をバラされたくなければ、\n[190][879]を[15]りに[293]い、とね。
0x000ede6e	2	【[107][108]】\n…………
0x000edeb4	3	【[373][374]】\nそして[110][100]が[595]を[273]しているときを[1001]《ねら》い、\n[64][106][690][28]がこの[190][879]を[15]りに[293]た。
0x000edf2a	2	【[373][374]】\nそれが、この[710][393]だ。
0x000edf69	2	【[107][108]】\n[64][106]の……[93][513]の[119][120]《しょうこ》……
0x000edfdd	3	【[373][374]】\nこの[93][513]は[110]１[53]の[150][151]じゃない。\n[547][439]が[453][807][118]に[152]なっていたものだ。
0x000ee04c	3	【[373][374]】\nだから[64][106][690][28]は[378][751]になって、\nこの[119][120]《しょうこ》を[15]《と》り[389]《もど》そうとした。
0x000ee0c4	2	【[373][374]】\nただ、それだけのことだ。
0x000ee103	4	【[107][108]】\nなんてこった……\n……[142][255]、[855][678]《けんじゅう》にオレの[356][847]《しもん》を\nつけた[53][280]が[205]《だれ》かはわからず、か。
0x000ee17f	3	【[107][108]】\n[63][20]の[337][338]だったのに……\nははは、これで[948]《ふ》り[121]《だ》しか……
0x000ee1f7	2	【[373][374]】\n…………
0x000ee230	2	【[107][108]】\n……アンタに[75]《たの》みがある。
0x000ee29c	2	【[373][374]】\n……なんだ？
0x000ee2d6	3	【[107][108]】\n……[64][106][690][28]と\n[97]をさせてもらえないか？
0x000ee349	2	【[373][374]】\n…………
0x000ee38f	4	【[373][374]】\n[24][25][440][441]は、\nこの[377][8]を[87]とお[19]の２[53]に\nまかせると[58]っていた。
0x000ee3fa	3	【[373][374]】\nなら、お[19]の[58]い[327]も\n[98]くことにしよう。
0x000ee452	3	【[373][374]】\n[283][146]、[110]を[15][232]べに\nつれてくることを[449][450]する。
0x000ee4a3	2	【[107][108]】\n……ああ、[75]《たの》む。
0x000ee50c	2	【[373][374]】\nでは、[554][150]《じんもん》を[400]める！
0x000ee9c3	2	【[64][106]】\nフン……
0x000ee9fa	2	【[107][108]】\n…………
0x000eea59	3	【[373][374]】\n[449][450][163]り、[64][106][690][28]に\n[293]てもらった。
0x000eeacc	3	【[64][106]】\nフン！\n[102][1185]《いまさら》お[19]と[97]すことなんかない！
0x000eeb43	4	【[373][374]】\n[1090][383]！\nあなたもいい[683][1166]、\n[41][327]の[67][36]をわきまえてください！
0x000eebc3	3	【[64][106]】\nクソ……ッ！\nいい[153]になりやがって……
0x000eec33	3	【[373][374]】\nとにかく、[110]と[97]すんです！\n[87]と[449][450]したでしょう！
0x000eecab	2	【[64][106]】\n……フン！
0x000eece4	2	【[107][108]】\n（……[149]々とややこしくなってるな）
0x000eed52	2	【[64][106]】\nで、なんだ？
0x000eed8b	3	【[107][108]】\n[457][458]ですよ。\nいろんな、ね。
0x000eedf5	4	【[64][106]】\nなら、さっさとしてくれ。\n[543]だって、\nそんなにヒマじゃないんだ！
0x000eee4b	4	【[107][108]】\n[76][287][288]《だいじょうぶ》ですよ。\n[102][20]、[132]いっきりヒマになるかも\nしれないですし。
0x000eeeae	2	【[107][108]】\n[657][308][36]の[209]でね。
0x000eef12	2	【[64][106]】\nぬう……！！
0x000eef4d	3	【[107][108]】\nでは、[57]つ[404]の[457][458]です。\n[685][123]カメラの[710][393]は[80]ましたよね？
0x000eefcd	2	【[64][106]】\n…………
0x000ef006	2	【[107][108]】\n[685][123]カメラの[710][393]は[80]ましたよね？
0x000ef073	4	【[64][106]】\n[403]じことを２[103][98]くな！\n[80]たよ！\nこれでいいんだろう！！
0x000ef0c9	3	【[107][108]】\n[354][178]に[549][28]をしてくれれば、\n２[103][98]きませんよ。
0x000ef140	2	【[64][106]】\nク……ッ！
0x000ef179	3	【[107][108]】\nあの[710][393]に[710]っている[573]《かげ》は、\nアナタで[280][168]《まちが》いないですね？
0x000ef1e5	2	【[64][106]】\n…………
0x000ef21e	3	【[107][108]】\n[377][8]の[119][120]《しょうこ》は\nこちらが[755]《にぎ》ってるんだ。
0x000ef273	4	【[107][108]】\nどうしようが、\nオレたちの[228][366][57]つ。\nわかってるよな？
0x000ef2eb	2	【[64][106]】\nウ……ッ！！
0x000ef34c	4	【[64][106]】\nわ、わかった……\nなにが[338]みなんだ……？\n[58]ってみろ！
0x000ef3ae	3	【[64][106]】\n[732][615]《しゃくほう》か？\nそれとも[83]か！？
0x000ef413	2	【[373][374]】\n…………
0x000ef472	4	【[64][106]】\nお[19]たちの[338]むようにしようじゃないか。\n[373][374]は[83]に[54][55]なさそうだから、\n[121][415]させてやろうじゃないか。
0x000ef540	5	【[373][374]】\n[63][1072]だな、あなたは！！\nもう[96]し[547][439][453][807]の[1090][383]という\n[67][36]に[388]いている[41][583]を\n[84]ったらどうなんだ！！
0x000ef5dd	3	【[64][106]】\nなにも[129]らない[766][1186]《こぞう》が\n[14][4]なことを[58]うな！！
0x000ef63f	4	【[64][106]】\nなにが[1090][383]だ！！\nそんなくだらない[698][190]《かたが》きなんか\nクソ[268]らえだ！！
0x000ef6ac	4	【[64][106]】\nエリートコースを[517]んでる\nお[19]に、[543]の[153][84]ちが\nわかってたまるか！！
0x000ef720	2	【[373][374]】\n…………
0x000ef77f	3	【[64][106]】\n……[1020]《たた》き[170]《あ》げじゃ、\nこの[963][870]が[928][57][707]《せいいっぱい》なんだよ。
0x000ef816	3	【[107][108]】\n[1090][383]だって、\n[67][68]な[67][36]じゃないか。
0x000ef86e	4	【[64][106]】\n……[715][7]、\n[780]いキャリアと[297]ばれる[344][209]が、\n[543]を[893]《お》い[175]《ぬ》いていく……
0x000ef8fd	3	【[64][106]】\nそんな[552][553]《くつじょく》を、\nお[19]らに[329][372]できるはずがない……
0x000ef97c	4	【[373][374]】\n……あなただけじゃありません。\n[564][725]にあなたと[403]じ[67][36]の[547][439][1014]は\nたくさんいるんです。
0x000efa0a	2	【[373][374]】\nあなたのそれはただの[869]《あま》えです。
0x000efa77	4	【[64][106]】\n……それはわかってる。\nだが、[543]の[36][264]、\n[740][53]が[67][68][478]ぎた……
0x000efaea	3	【[64][106]】\nかたや[76][148][262]の[262][383]……\nそしてかたや[88][89][90][609]の[76][332][30]《おおごしょ》……
0x000efb5c	5	【[64][106]】\nだが、[543]だけがうだつの[170]がらない\n[209][280][951][329][468]だ……\nいくらがんばっても、\n[110]らに[893]いつくことはできないんだ……
0x000efbd3	2	【[107][108]】\n…………
0x000efc0c	3	【[107][108]】\n[1187]《えら》そうなことを[58]うかと[132]えば、\nただのコンプレックスかよ。
0x000efc8b	2	【[64][106]】\nなに……？
0x000efcea	3	【[373][374]】\n……[110]の[58][315]は[96]し[58]い[478]ぎだと\n[132]いますが、[57][329]あります。
0x000efd52	3	【[373][374]】\n[406][386]《きょくたん》な[97]、[547][439]を[485]めて\nやり[178]すことだってできたはず。
0x000efdbc	3	【[373][374]】\nそれをやらなかったあなたの[58][315]に\n[682][241][131]は[242]じません。
0x000efe35	3	【[64][106]】\n……[543]だって、やり[178]したいと\n[132]ったことはあったんだ……
0x000efeb0	4	【[64][106]】\nだが、そんなときだよ。\n[21][22]から、[261][29]の[93][513]を\n[755]《にぎ》りつぶしてほしいと[75]《たの》まれたのはな。
0x000eff21	2	【[107][108]】\n……[21][22]の[93][513]？
0x000eff6e	5	【[64][106]】\n[15][218][145]に[1011]《おど》しをかけていた……\nその[15][218][145]が[547][439]に[679]《か》け[282]《こ》んでも\n[755]《にぎ》りつぶして[225]しい、と\n[82][737]の[541][237][83]《しゃれいきん》[282]《こ》みでね。
0x000f0018	5	【[64][106]】\n[543]は[652]《なや》んだ……\nけど、[142][255]、[543]はその[82][737]の[541][237][83]を\n[170]に[1159]し[121]し、\n[21][22]の[346][338]を[377]げたんだ。
0x000f00ad	2	【[373][374]】\n…………
0x000f010c	3	【[64][106]】\n[528]《おどろ》くほどすんなりと[916][329]されたよ。\nおまけにご[532][588][136]とまで[58]われた。
0x000f017a	4	【[64][106]】\nなんだ、こんなに[566][567]なことなのかと、\nそれまで[204][160]《りょうしん》の[1188][837]《かしゃく》に[652]《なや》んでいたのが\n[1189]《ば》[1190]《か》らしくなった。
0x000f0227	4	【[373][374]】\nそれがキッカケで、\n[16]々と[93][513]を[526]くように\nなったわけですか……
0x000f02a6	5	【[64][106]】\nそうだ。\n[740][53]には[242][541]され、\n[170][433]にもいい[227]ができる。\n[83]も[3]ってくる。
0x000f0315	3	【[64][106]】\nこんな[209][515][763][386]《ちゅうとはんぱ》な[963][870]の[543]には、\n[82]くの[55][158]と[83]が[378][346]だったんだ。
0x000f03a5	4	【[64][106]】\n[407][1171]《けいべつ》するなら、するがいい。\nもう[543]はおしまいだ。\nなにもかも、な。
0x000f0406	3	【[107][108]】\n……[13]《つみ》は[1191]《つぐな》ってもらうさ。\nそれがスジってもんだからな。
0x000f047d	2	【[64][106]】\n…………
0x000f04b6	3	【[107][108]】\n……アンタの[153][84]ち、\nまったくわからないってわけじゃない。
0x000f050a	3	【[107][108]】\n[55][158]も[83]も、\n[390]きてく[170]では[126][127]に[378][346]なものだ。
0x000f055e	4	【[107][108]】\nオレも[39][66]……[88][89][90]や\n[440][441]さんに[75]《たよ》らないと、\nなにもできなかった……
0x000f05c4	2	【[107][108]】\n１[53]じゃ、なにもできなかった。
0x000f0608	2	【[64][106]】\n…………
0x000f0641	4	【[107][108]】\nけど、オレたちの[280]には[174][75]《しんらい》がある。\nただ[604]《たが》いを[314][221]しあっていた\nアンタたちとは[380][115][118]に[168]《ちが》う。
0x000f06cb	5	【[64][106]】\nああ、わかってるさ。\n[543]と[21][22]の[280]に[183][143]していたのは\nお[604]《たが》いを[314][221]するだけの、\n[207]《え》[217]《せ》の[740][1]だ……
0x000f0758	3	【[64][106]】\nもっと[198]く[153]がついていれば\n[204]かったんだがな……
0x000f07a6	2	【[107][108]】\n…………
0x000f07df	4	【[107][108]】\nもう[57]つ[98]かせて[225]しい。\nなぜ、オレを[231][218]に[123][53]に\n[157][67]て[170]げようとしたんだ？
0x000f0844	5	【[107][108]】\nオレには[440][441]さんという[636][637]《ししょう》がいる。\nこんなやり[158]をやれば、\n[440][441]さんが[222]《だま》っているわけ、\nないだろ？
0x000f08e4	3	【[64][106]】\nフン……\n……[122][123][53]が[603]《こわ》いんだよ。
0x000f0934	2	【[107][108]】\n……[603]《こわ》い？
0x000f0999	3	【[64][106]】\n[122][123][53]が[762][179]《たいほ》され、\n[898][228]にでもなってみろ。
0x000f09fb	4	【[64][106]】\n[547][439]に[215]する[93][1160][28]《ふしょうじ》を\n[483]ること[12]いこと[119][58]され、\nシャレにならなくなる。
0x000f0a71	3	【[64][106]】\nその[122][123][53]がオマエに\n[809]《ぬ》れ[810]《ぎぬ》を[71]せたんだ。
0x000f0ad4	5	【[64][106]】\nつまりオマエを[762][179]《たいほ》・[696]《き》[911]《そ》しろという、\n[122][123][53]のメッセージに\n[836]うしかないんだよ。\n[547][439]としてはな……
0x000f0b55	3	【[107][108]】\n……あんたは[123][53]が[205]《だれ》なのか\nわかってるのか……？
0x000f0bd1	3	【[64][106]】\n……お[19]だって\n[819]々《うすうす》[153]がついているんだろう？
0x000f0c26	2	【[107][108]】\n…………
0x000f0cb7	4	【[64][106]】\nもういいだろう。\n[373][374]、[543]を[762][179]《たいほ》しろ。\nお[19]に[4][761]《てがら》をくれてやる。
0x000f0d46	3	【[373][374]】\n……わかりました。\n[459][115][571]。
0x000f0db2	3	【[459][115]】\nはい……\n１６[428]２０[327]です。
0x000f0e38	3	【[373][374]】\n[64][106][743][187]。\n[864][1192][13]《しゅうわいざい》の[546][51]《ようぎ》で[434][451][762][179]《きんきゅうたいほ》します。
0x000f0ee7	3	【[64][106]】\nフン……\n[344]れていけ。
0x000f0f27	2	【[373][374]】\nでは[254]ります。
0x000f0f61	2	【[64][106]】\nじゃあな、[24][25]んとこの[766][1186]《こぞう》よ！
0x000f0ff2	2	【[107][108]】\n…………
0x000f108d	2	【[373][374]】\n……[1042][1043]《めいわく》をかけたな、[105][106]。
0x000f10da	5	【[107][108]】\n……まあ、いいさ。\nむしろ[712]《くや》しいのは、\n[64][106]の[104]に[215]してはオマエに\n[75]《たよ》っちまったことだな。
0x000f1174	3	【[373][374]】\n……[114][324]の[93][1160][28]《ふしょうじ》だ。\n[79][474]のことをしたまで。
0x000f11ce	4	【[107][108]】\nその[170]さらに……[57]つ、\n[75]《たの》みたいことがあるんだけど、\nいいか？
0x000f1251	2	【[373][374]】\n……[58]ってみろ。
0x000f128e	3	【[107][108]】\n[440][441]さんと[97]がしたい。\n[297]んでもらえないか？
0x000f1301	3	【[373][374]】\n……いいだろう。\n[283][146]、[293]るように[4][171]しよう。
0x000f1360	3	【[373][374]】\nさて、[64][106][690][28]の[104]は[372][470]したが、\nお[19]の[546][51]《ようぎ》はまだ[355]れていない。
0x000f13eb	2	【[373][374]】\n[554][150]《じんもん》を[400]める！
0x000f17d0	1	［[105][106][243][244]の[751][940]］
0x000f17e6	1	［[21][22][122][482]は[33]されたのか？］
0x000f1801	1	［[678][408]の[676][675]について］
0x000f1879	3	【[373][374]】\nまず、\n[57]つ[2][377]しておくことがある。
0x000f18ce	3	【[373][374]】\n[247][146]、お[19]が[58]っていた、\n[24][25][440][441]の[104]だが……
0x000f1930	4	【[373][374]】\n[291][300]を[24][25][26][27][28][29][30]に\n[267]かわせたところ、\n[322][261]の[998]が[1193]《は》ってあったそうだ。
0x000f199a	2	【[107][108]】\nえっ、[322][261]……！？
0x000f1a01	3	【[373][374]】\nそして[592]《とびら》の[1194][280]《すきま》に、\nお[19][1044]《あて》の[4][998]が[240]っていたらしい。
0x000f1a9c	2	【[373][374]】\nこれがその[4][998]だ。
0x000f1b02	5	【[107][108]】\n『ようやく[383]い[280][634]《さが》していた[53][165]が\n[80]つかったので、\nしばらく[657][783]にします。\nごめんね、コウちゃん……』
0x000f1b7a	2	【[107][108]】\n…………
0x000f1bf2	3	【[107][108]】\n……たしかに[440][441]さん、\n[205]《だれ》かを[634]《さが》していたみたいだけど……
0x000f1c78	4	【[373][374]】\nフム、なるほど。\nということは、この[4][998]の[324][546]は\n[174][221]していいようだな。
0x000f1cd7	3	【[107][108]】\n（……これで、[440][441]さんの[177]けは\nもう[241]られないかもな……）
0x000f1d30	3	【[107][108]】\n（あとは[41][131]でなんとかしなくちゃ\nいけないってわけか……）
0x000f1d91	2	【[373][374]】\n[24][25][440][441]の[104]は、これでいいか？
0x000f1dd8	4	【[107][108]】\nああ。\n[115][53]がいないんじゃ、\n[157][158]がないさ。
0x000f1e4c	3	【[373][374]】\nフム……\nでは、あらためて[15][232]べを[400]める。
0x000f1ea6	5	【[373][374]】\n[64][106][1090][383]の[104]は\n[247][146]で[813]が[277]いたわけだが、\n[195]に[846][489]《きょうき》の[356][847]《しもん》についての\n[682][283]がつかなくなってしまったわけだ。
0x000f1f38	4	【[373][374]】\n[547][439]としては、[660][474]《いぜん》として\nお[19]を[17][57]の[50][51][52]《ひぎしゃ》として\n[80]ている[814][815]《じょうきょう》は[65]わらない。
0x000f1fb6	5	【[107][108]】\nそういえば、[64][106][690][28]が\n[58]ってたよな？\nオレの[483][314]になるような[1][2]は\n[64][106][690][28]が[162]めてたって。
0x000f2027	3	【[107][108]】\nその[1][2]って、\nどんな[1][2]なんだ……？
0x000f2099	3	【[373][374]】\nそうだな……\nお[19]が[79][146][647]《よ》いつぶれていたこと。
0x000f20f9	4	【[373][374]】\n[547][439]としては[647]《よ》ったフリを\nしていただけではないかとの\n[51]いを[84]っていた。
0x000f2165	6	【[373][374]】\nだが、[79][146]に[672]んだ[673]の[1146]を\n[215][253][52]から[98]《き》き[282]《こ》みをした[142][640]、\n[647]《よ》っていたという[112][113]を\nある[529][313][458]めてもいいという\n[142][839]になった。
0x000f221e	5	【[373][374]】\nしかし、[647]《よ》っていても\n[53]を[33]すことはできる。\nあくまでお[19]の[669][759]《きおく》がないという\n[112][113]のみを[458]めるということだ。
0x000f229b	5	【[107][108]】\nフン。\n[64][106]にとっては、\nオレは[647]《よ》っていなかった[158]が\n[44][264]が[204]かったろうからな。
0x000f2328	6	【[373][374]】\n……それともう[57]つ。\nお[19]と[50][34][52]《ひがいしゃ》は[257][839]というほどのことは\nしていないこと。\nこれも[247][146]、\n[64][106][690][28]が[119][58]を[15]り[850]した。
0x000f23b4	4	【[107][108]】\n[184][158]とも\nオレが[112][113]していたことじゃないか。\nもっと[483][382][512]な[1][2]はないのか？
0x000f243c	3	【[373][374]】\n……ないことはない。\nだがそれは[176]えられない。
0x000f2489	4	【[107][108]】\nなんでだよ！\nオレが[123][53]じゃないと[132]ってるなら、\n[176]えてくれたっていいじゃないか！
0x000f2510	4	【[373][374]】\n[634][233][170]《そうさじょう》の[977][691]を\n[1007]《も》らすわけにはいかない。\nこれはルールだ！
0x000f2573	2	【[107][108]】\n……ケチ。
0x000f25d2	3	【[373][374]】\nなんと[58]われようと、\nこちらから[176]えることはできない。
0x000f2622	3	【[107][108]】\nなら、オレから[98]きたいことを\n[156][150]するから、[176]えてくれ。
0x000f269c	2	【[373][374]】\n[156][150]だと……？
0x000f26d9	5	【[107][108]】\nそう、[156][150]。\nオマエはそれに[139]えただけで、\n[634][233][170]《そうさじょう》の[977][691]を[1007]《も》らしたわけじゃない。\nそれでいいだろう？
0x000f277d	3	【[373][374]】\n……お[19]が[129]らない[1][2]を[176]えたら、\n[977][691]を[1007]《も》らすのと[65]わらない。
0x000f27df	3	【[107][108]】\nそれじゃ、\nオレが[129]ってたことにすればいい。
0x000f2829	3	【[107][108]】\nこれからする[156][150]の[139]えを、\nオレは[129]っている。
0x000f2877	3	【[107][108]】\nけど、[124]を[457][111]に[15]りたい。\nだから[176]えてくれ。
0x000f28c7	2	【[107][108]】\n（ウソだけどな）
0x000f2928	2	【[373][374]】\n……[1175][88]《きべん》だな。
0x000f296b	3	【[107][108]】\n[1175][88]《きべん》じゃない。\n[129]っていることを[98]くだけだ。
0x000f29be	2	【[373][374]】\n…………
0x000f2a1d	2	【[373][374]】\n[57]つだけだ。
0x000f2a56	2	【[107][108]】\n（よっしゃぁ！！）
0x000f2a94	2	【[107][108]】\nそれじゃ、[156][150]させてもらおう。
0x000f2b10	3	【[107][108]】\n（さてと……\nなにを[156][150]しようか……）
0x000f2b5c	5	【[107][108]】\n（[57]つだけしか[176]えてくれないわけだし、\nここは[57][506][411][346]そうで、\n[153]になっている[28]を\n[98]いたほうがいい……）
0x000f2c2b	2	【[107][108]】\n（さて、なにを[156][150]しようか……？）
0x000f2c86	4	【[107][108]】\nオレのおふくろは、\n[102]から５[7][19]に[45][46]の[342][341]から\n[558]ちて[186]くなった……
0x000f2ce7	4	【[107][108]】\n[79][428]は[28][794]として[916][329]されたけど、\n[111]は[21][22][57][317]に[525]《つ》き[851]《と》ばされた\n[51]いがある。
0x000f2d56	4	【[107][108]】\nこの[104]について、\n[547][439]に[1][2]が[240]っていないか\n[129]りたい。
0x000f2dce	5	【[107][108]】\n[50][34][52]《ひがいしゃ》の[569]は、\n[932][754][590][316][4][784]《じんぞういしょくしゅじゅつ》のために[413][938]《とおう》したが、\n[4][784]に[236][917]して[975][751][814][832]に\nなったらしい。
0x000f2e61	5	【[107][108]】\nその[142][640]として、\n[21][22][122][482]の[160][754]は[638]に[413]《わた》ったが、\nこれが[382][1008][118]《いとてき》に\n[152]なわれた[301][302][101]がある。
0x000f2edf	4	【[107][108]】\nこの[104]について、\n[547][439]はなにかを[1000]《つか》んでないか、\n[129]りたい。
0x000f2f5c	3	【[107][108]】\nライトブルー[324]に[678][408]《じゅうせい》が[677]《な》り[574]《ひび》いて、\n[28][104]が[8][583]した。
0x000f2fc4	5	【[107][108]】\nしかしこの[678][408]《じゅうせい》は\n[273][291][676][675]の[301][302][101]があると\nオレは[653][329]し、\n[215][253][52]のアリバイを[689]《くず》した。
0x000f303f	3	【[107][108]】\nけど、この[676][675][41][77]は[119][120][955]《しょうこひん》として\nまだ[8][80]されていない。
0x000f30a0	4	【[107][108]】\nつまり、[35][814]では\nオレの[1023][509]《もうそう》で[813][277]けられてしまう\n[301][302][101]もある。
0x000f3103	3	【[107][108]】\n[547][439]でなんらかの[1][2]を\n[1000]《つか》んでないのか、[129]りたいんだ。
0x000f318e	3	【[373][374]】\n……いいだろう。\n[139]えてやろう。
0x000f31e1	3	【[373][374]】\nただし、[549][139]は[283][146]だ。\n[87]も[457][458]したいことがある。
0x000f3235	5	【[107][108]】\n[139]えを[600][99]してなかったことだ。\n[283][146]でもかまわないよ。\nまぁ、もっとも[283][146]は\n[656][657][1062][383]《こうりゅうえんちょう》の[63][234][146]だけどね。
0x000f3318	3	【[373][374]】\n[283][146][209]に[546][51]《ようぎ》が[355]れなければ、\nオマエは[696]《き》[911]《そ》される。
0x000f337a	2	【[107][108]】\n……わかってる。
0x000f33dc	2	【[373][374]】\n……そのわりには[558]ち[71]いているな。
0x000f3430	4	【[373][374]】\n……もしかしたら、\nお[19]はもう[122][123][53]が[205]《だれ》か\nわかっているんじゃないのか？
0x000f3493	3	【[107][108]】\nさてね、どうだろう。\nちなみに、アンタはどうなんだ？
0x000f3508	2	【[373][374]】\n[87]もある[529][313]の[404][738]はつけている。
0x000f354f	3	【[107][108]】\n[115][79]か！？\nそれは[205]《だれ》だ！？
0x000f3599	2	【[373][374]】\n…………
0x000f35d2	3	【[107][108]】\n……はいはい、わかってるよ。\n[176]えられない、だろ？
0x000f3630	5	【[373][374]】\nその[163]りだ。\nだが、お[19]が[404][738]をつけた[53][165]と\n[403][57][53][165]なら、\n[87]はその[53][165]の[15][232]べを[960][542]《せいきゅう》する。
0x000f36ba	3	【[373][374]】\nそうなれば、\nお[19]は[732][615]《しゃくほう》されるかもしれない。
0x000f370e	2	【[107][108]】\n…………
0x000f3754	3	【[373][374]】\nお[19]が[59]える[122][123][53]……\nこのあとの[554][150]《じんもん》で、[98]かせてもらおう。
0x000f37dc	2	【[373][374]】\nでは、[554][150]《じんもん》を[400]める！
0x000f3b75	4	【[373][374]】\nさて、[198][447]だが、\nまずはお[19]から[276]けた[156][150]に\n[139]えよう。
0x000f3c1d	4	【[373][374]】\n[105][106][243][244]が[21][22][57][317]に\n[525]《つ》き[851]《と》ばされた[51]いが\nあるとのことだったが……
0x000f3c92	3	【[373][374]】\nこの[104]は、[28][794]として\n[916][329]されていたようだ。
0x000f3ced	3	【[373][374]】\n[833][190]も[203]に[240]っていなかったため、\n[173]を[1128]《すべ》らせての[464][558][28][794]となっていた。
0x000f3d78	5	【[373][374]】\n[547][439]にはこれ[169][170]の\n[946][319]は[240]っていない。\n……だが、この[104]について\nたしかに[51][150]が[240]る[291][327]もある。
0x000f3dec	2	【[107][108]】\n[51][150]に[240]る[291][327]……？
0x000f3e3c	4	【[373][374]】\n[45][46]の[793][89][636]から[98]いた[97]だと、\n[50][34][52]《ひがいしゃ》は[76][408]で[58]い[1032]いを\nしていたらしい。
0x000f3eb7	4	【[373][374]】\nこの[793][89][636]は[28][104][79][428]、\n[603]《こわ》くなって[119][58]できなかったと\n[58]っている。
0x000f3f28	5	【[373][374]】\nだが、それだけ[76][408]で[58]い[1032]いを\nしていたのなら、\n[202]にそのやりとりを[98]いた[52]がいても\nおかしくはない。
0x000f3fbc	6	【[373][374]】\nしかし、\nそのような[119][58]の[669][421]が[57][210]ない。\nもしかしたら[79][428]、\n[312][52]かが[1][2][867][572]をしていた\n[301][302][101]がある。
0x000f4037	2	【[107][108]】\nまさか、それも[64][106][690][28]が……？
0x000f408c	3	【[373][374]】\nその[163]り。\n[110]に[457][458]したら、[13]を[458]めたよ。
0x000f4101	2	【[373][374]】\n[115][79]にすまない、[105][106]……
0x000f4145	2	【[107][108]】\n…………
0x000f41a2	4	【[373][374]】\n[21][22][122][482]の[160][754][590][316][4][784]が\n[382][1008][118]《いとてき》に[152]われたかもしれない\nということだったが……
0x000f4237	4	【[373][374]】\nさすがに[1135][273]で[152]われた\n[590][316][4][784]については\nこちら[764]で[1110][755]《はあく》するのは[303]しい。
0x000f42ac	5	【[373][374]】\nそれに[79]の[115][53]は[186]くなってしまったし、\nこれ[169][170]、[333]々が[53][455]を[397]いて\nこの[104]について[232][233]するのは\n[303]しい。
0x000f4331	4	【[373][374]】\n[240][550]ながら、\nお[19]を[499][173]させる[139]えは\n[221][382]できなかった。
0x000f4388	2	【[107][108]】\nそうか……
0x000f43d9	4	【[373][374]】\nお[19]の[58]う[163]り、\nプレイヤーを[256]かした[853]《あと》が\n[80]つかった。
0x000f4441	4	【[373][374]】\nさらに、[273][291][3][131][386][66]《がいぶにゅうりょくたんし》を\n[795]《くわ》しく[232][233]した[142][640]、\n[766]さなキズが[80]つかった。
0x000f44c7	3	【[373][374]】\nどうやらそのキズも\n[63][64]ついたもののようだ。
0x000f451f	3	【[373][374]】\n[836][261][455]は[273][291][3][131][386][66]《がいぶにゅうりょくたんし》を、\n[414]ったことがないと[119][58]している。
0x000f4597	4	【[373][374]】\nそれから[59]えると、\nお[19]の[653][329]はあながち[280][168]《まちが》いでは\nないようだ。
0x000f45f6	2	【[107][108]】\nはは、そうか……！
0x000f465a	4	【[373][374]】\nだが、だからといって、\nこれはお[19]の[12][111]を[355]らす[119][120]《しょうこ》には\nなり[241]ない。
0x000f46bf	4	【[107][108]】\nわかってるさ。\nただ、[653][329]の[158][267][101]は[280][168]《まちが》ってない。\nそれが[411][346]なんだよ。
0x000f474d	2	【[373][374]】\n……では、[63][20]の[554][150]《じんもん》を[587][400]する。
0x000f47c5	5	【[373][374]】\n[102][103]の[554][150]《じんもん》で[41][327]の[12][111]を\n[119][283]できなければ\n[696]《き》[911]《そ》[4][391]《てつづ》きに[3]ることになる。\n……わかっているな！
0x000f484d	3	【[107][108]】\nああ。\n[400]めてくれ！
0x000f495b	3	【[107][108]】\n（……ダメだ……！\nまったく[653][329]が[453]み[67]てられてない……！）
0x000f49b9	3	【[107][108]】\n（このまま[361]めても、\n[12][111]を[119][283]することなんて、[93][301][302]……）
0x000f4a16	2	【[107][108]】\n（[240]された[884]は……）
0x000f4a64	2	【[107][108]】\n……クッ！
0x000f4aaa	2	【[107][108]】\n……オレ……が……やりました……
0x000f4b19	2	【[373][374]】\nそれは、[41][21]と[1127]《とら》えていいのか？
0x000f4b70	2	【[107][108]】\n……はい。
0x000f4bcf	3	【[373][374]】\n……わかった。\n[459][115][571]、[232][190]を[190]いてくれ。
0x000f4c20	2	【[459][115]】\nはい。
0x000f4c55	2	【[107][108]】\n…………
0x000f4c8e	3	【[107][108]】\n（こうするしかなかった。\nオレの[131]じゃ、この[28][104]は[372]けない）
0x000f4cfd	4	【[107][108]】\n（こうなったらもう、\n[13]を[458]めて[20][712]《こうかい》と[166][1137]の[832][313]を\n[80]せて、[96]しでも[690][1088]《けいばつ》を[407]くしてもらうしかないんだ……）
0x000f4e04	5	　\n　\n　\n（そして３[7][20]、\nオレには[12][600][1138][248]《むきちょうえき》の[690][1088]《けいばつ》が[300]った……）
0x000f4eb8	2	【[373][374]】\n…………
0x000f4f17	2	【[373][374]】\nでは、[16]だ。
0x000f4f84	2	【[107][108]】\n…………
0x000f4fe3	3	【[373][374]】\n[222][977]《もくひ》か……\nまあ、それもいいだろう。
0x000f50b4	2	【[373][374]】\n[115][153]で[58]っているのか？
0x000f511a	2	【[107][108]】\nえっ……！？
0x000f518a	4	【[373][374]】\nこの[600]《ご》に[894]《およ》んで、\n[695][79]な[139]えを[549]すのはやめろ！\nこれはお[19]のためだ！
0x000f521d	3	【[107][108]】\n（ヤバイな。\n[115][153]で[992]《おこ》ってる……）
0x000f52dd	3	【[373][374]】\n[567][984][178][3]に[98]こう！\nお[19]の[653][329]する[122][123][53]は……[205]《だれ》だ！？
0x000f53d3	2	【[107][108]】\n………………
0x000f5436	4	【[373][374]】\nまだわからないと[58]うことか。\nまぁ、そんなに[566][567]にわかるものでもないだろう。\n[122][123][53]が[228][283]した[428]に[176]えてくれればいい。
0x000f54ea	3	【[373][374]】\nでは、\n[24][25][440][441]が[122][123][53]だと[132]う[329][461]は……？
0x000f55ca	3	【[373][374]】\nここまで[293]て\n[222][977]《もくひ》はないだろう。
0x000f5622	3	【[373][374]】\n[329][461]がわからないなら、\n[63][627]から[73][19]をあげるべきではない！
0x000f5742	3	【[107][108]】\n[440][441]さん[169][273]の[215][253][52][564][455]のアリバイが\n[457][11]したんだ。
0x000f57f7	3	【[107][108]】\n[440][441]さん[169][273]の[215][253][52]のアリバイが\n[457][11]したんだ。
0x000f5871	3	【[107][108]】\nただ、オレが[328]《あや》しいと[132]っている、\n[64][106]のアリバイはわからないがな。
0x000f590f	4	【[373][374]】\n……[64][106][690][28]のことは、\nとりあえず[59]えなくていい。\nだが……
0x000f59a8	3	【[373][374]】\n……たしかに、\n[24][25][440][441]のアリバイだけが[457][11]していない……
0x000f5a41	2	【[107][108]】\nつまりは、そういうことさ。
0x000f5ac0	4	【[373][374]】\nでは[63][20]に[98]こう。\nこれに[139]えれば、[24][25][440][441]を[50][51][52]《ひぎしゃ》として、\n[762][179][814]《たいほじょう》を[960][542]《せいきゅう》することにする！
0x000f5b57	3	【[373][374]】\n[846][489]《きょうき》となった[678]《じゅう》には\nお[19]の[356][847]《しもん》がついていた。
0x000f5bd0	4	【[373][374]】\nだが、お[19]が[75]《たよ》りにしていた\n[685][123]カメラの[710][393]に[710]っていたのは\n[64][106][690][28]だった。
0x000f5c47	3	【[373][374]】\n[24][25][440][441]が[123][53]なら、\n[855][678]《けんじゅう》の[356][847]《しもん》はどこでつけられたんだ！？
0x000f5cbd	4	【[373][374]】\nだが、[685][123]カメラの[710][393]に[710]っていた[573]《かげ》は\nスーツを[71]た[477]だった。\n[96]なくとも[24][25][440][441]ではないだろう。
0x000f5d41	3	【[373][374]】\n[24][25][440][441]が[123][53]なら、\n[855][678]《けんじゅう》の[356][847]《しもん》はどこでつけられたんだ！？
0x000f5e6e	3	【[373][374]】\nここまで[293]て\n[222][977]《もくひ》はないだろう。
0x000f5ec6	3	【[373][374]】\n[329][461]がわからないなら、\n[63][627]から[257]を[587]くべきではない！
0x000f5fd9	2	【[373][374]】\n……[382][55]がわからないのだが？
0x000f6043	2	【[107][108]】\n……オレも[382][55]がわからない。
0x000f60ad	3	【[373][374]】\n……お[19]の[797][310]《じょうだん》に[277]き[264]っているヒマはないんだ！\n[575][300]《きゃっか》！！
0x000f61c3	4	【[107][108]】\n……[440][441]さんはオレの[845]《となり》に[563]ってたんだ。\n[203][56]なトリックはいらない。\nいつだってそのチャンスはあるだろう……
0x000f6248	4	【[107][108]】\nそんなこと、わかってたさ……\nでも、[458]めようとしなかった……\nいや、[458]めたくなかったんだ……
0x000f62f1	3	【[373][374]】\n……わかった。\n[24][25][440][441]を[50][51][52]《ひぎしゃ》として[762][179][814]《たいほじょう》を[960][542]《せいきゅう》しよう。
0x000f63bf	4	【[373][374]】\n……[254][59]までに[98]かせて[225]しい。\n[24][25][440][441]が[123][53]だとして、\nその[256][274]はなんなのだ？
0x000f647b	2	【[107][108]】\nそれは……
0x000f6591	4	【[107][108]】\n[440][441]さんにはかつて[425][53]《こいびと》がいた……\nしかし、その[425][53]《こいびと》は[21][22][57][317]によって\n[33]された[51]いがある。
0x000f664c	3	【[373][374]】\n[33]された[51]い……？\nどういうことだ？
0x000f66bb	3	【[107][108]】\n[440][441]さんの[425][53]《こいびと》は、[21][22][122][482]。\n[21][22][57][317]の[569]だ。
0x000f6727	4	【[107][108]】\n[21][22][122][482]は[932][754][590][316][4][784]《じんぞういしょくしゅじゅつ》を[276]けるために[413][938]《とおう》したが、\n[4][784]は[236][917]。[21][22][122][482]の[160][754]は、\n[277]《つ》き[614]《そ》いの[21][22][57][317]に[590]ることになった。
0x000f67e1	3	【[107][108]】\n[160][754][590][316]の[352][353][52]《ドナー》を[26]していた\n[21][22][57][317]にな……
0x000f6864	2	【[107][108]】\n[44][264]が[204]すぎないか？
0x000f68bc	2	【[373][374]】\n…………
0x000f691b	2	【[373][374]】\nそれはお[19]の[509][393]に[478]ぎない。
0x000f699e	4	【[107][108]】\nその[163]り。\nだから[232]べてほしい。\n[21][22][122][482]の[160][754]が[21][22][57][317]に[590]る[478][529]を。
0x000f6a3a	4	【[107][108]】\nそこにもし[93][967]《ふしん》な[496]があれば、\n[440][441]さんは[425][53]《こいびと》を[33]されたことになる！\nこれは[67][68]な[256][274]だ！
0x000f6af2	4	【[373][374]】\n……いいだろう。\n[24][25][440][441]はお[19]の[170][433]であり、\n[533][512]のある[53][165]だろう。
0x000f6b63	3	【[373][374]】\nそんな[110][100]を[377][8]しようとしているんだ。\nお[19]なりに[78][79]な[41][174]があるとみえる。
0x000f6c04	4	【[107][108]】\n……ああ、もちろんだ。\n[695][79]な[1][2]じゃ、\n[440][441]さんを[377][8]することなんかできない！
0x000f6caa	3	【[373][374]】\n……そうか。\nそうだな……
0x000f6d13	4	【[373][374]】\n[275]けたよ、[105][106]……\n[657][308][36]に[891]じこめられながらも、\nよくここまで[1067]《たど》り[71]《つ》いた。
0x000f6d8e	3	【[373][374]】\nこれをもって\nお[19]は[50][51][52]《ひぎしゃ》から[273]れることになる。
0x000f6e09	3	【[373][374]】\n[142][255]は[1176][458][762][179]《ごにんたいほ》という[298]になってしまった……\n[92]し[437]ない……[160]からお[1195]《わ》びする……
0x000f6ec2	3	【[107][108]】\n……[56]にいいさ、そんなこと。\nそれよりも……
0x000f6f10	3	【[107][108]】\n（……[440][441]さん。\nなんてことをしちまったんだ……）
0x000f7009	2	【[373][374]】\n……[382][55]がわからないのだが？
0x000f708c	2	【[107][108]】\n……そ、そうだな。
0x000f7109	4	【[373][374]】\n……まぁ、いい。\n[24][25][440][441]のアリバイだけあやふやなことは[457]かだ。\n[24][25][440][441]の[762][179][814]《たいほじょう》を[960][542]《せいきゅう》することに[65]わりはない。
0x000f71a6	3	【[373][374]】\nこれをもって\nお[19]は[50][51][52]《ひぎしゃ》から[273]れることになる。
0x000f723a	3	【[373][374]】\n[142][255]は[1176][458][762][179]《ごにんたいほ》という[298]になってしまった……\n[92]し[437]ない……[160]からお[1195]《わ》びする……
0x000f72f3	3	【[107][108]】\n……[56]にいいさ、そんなこと。\nそれよりも……
0x000f7341	3	【[107][108]】\n（……[440][441]さん。\nなんてことをしちまったんだ……）
0x000f7426	4	【[107][108]】\n[440][441]さんにはかつて[425][53]《こいびと》がいた……\nしかし、その[425][53]《こいびと》は[21][22][57][317]によって\n[33]された[51]いがある。
0x000f74e1	3	【[373][374]】\n[33]された[51]い……？\nどういうことだ？
0x000f7550	3	【[107][108]】\n[440][441]さんの[425][53]《こいびと》は、[21][22][122][482]。\n[21][22][57][317]の[569]だ。
0x000f75bc	4	【[107][108]】\n[21][22][122][482]は[932][754][590][316][4][784]《じんぞういしょくしゅじゅつ》を[276]けるために[413][938]《とおう》したが、\n[4][784]は[236][917]。[21][22][122][482]の[160][754]は、\n[277]《つ》き[614]《そ》いの[21][22][57][317]に[590]ることになった。
0x000f7676	3	【[107][108]】\n[160][754][590][316]の[352][353][52]《ドナー》を[26]していた\n[21][22][57][317]にな……
0x000f76f9	2	【[107][108]】\n[44][264]が[204]すぎないか？
0x000f7751	2	【[373][374]】\n…………
0x000f77b0	2	【[373][374]】\nそれはお[19]の[509][393]に[478]ぎない。
0x000f7836	3	【[373][374]】\nでは[98]こう。\n[37][38][442][443][444]が[122][123][53]だと[132]う[329][461]は？
0x000f7918	3	【[373][374]】\nここまで[293]て\n[222][977]《もくひ》はないだろう。
0x000f7970	3	【[373][374]】\n[329][461]がわからないなら、\n[63][627]から[73][19]をあげるべきではない！
0x000f7a2c	3	【[373][374]】\nでは[98]こう。\n[64][106][690][28]が[122][123][53]だと[132]う[329][461]は？
0x000f7b0c	3	【[373][374]】\n[417][77][73]《ぐたいめい》を[121]して、\n[222][977]《もくひ》はないだろう！
0x000f7b72	3	【[373][374]】\n[329][461]が[327]からないなら、\n[400]めから[73][19]をあげるべきではない！
0x000f7c2e	3	【[373][374]】\nでは、\n[24][12][429][432][433]が[122][123][53]だと[132]う[329][461]は？
0x000f7d0c	3	【[373][374]】\nここまで[293]て\n[222][977]《もくひ》はないだろう。
0x000f7d64	3	【[373][374]】\n[329][461]がわからないなら、\n[63][627]から[73][19]をあげるべきではない！
0x000f7e0f	3	【[373][374]】\nでは、\nその[53][165]が[122][123][53]だと[132]う[329][461]は？
0x000f7ee9	3	【[373][374]】\n[417][77][73]《ぐたいめい》を[121]して、\n[222][977]《もくひ》はないだろう！
0x000f7f4f	3	【[373][374]】\n[329][461]が[327]からないなら、\n[400]めから[73][19]をあげるべきではない！
0x000f801e	3	【[373][374]】\nお[19]が[328]《あや》しいと[132]っている[53][165]の[57][53]、\n[37][38][442][443][444]……
0x000f808a	3	【[373][374]】\n[110]は[33][34][428][280]と[132]われる[428][280][708]に、\n[312]をしていたんだ？
0x000f81b6	3	【[107][108]】\n[37][38][88][89][90]は[77][232]を[689]《くず》して、\nトイレに[3]っていたらしいんだが……
0x000f8256	3	【[373][374]】\nふむ、なるほど……\nそれは[333]々の[158]で[241]た[1][2]と[57][435]《いっち》している。
0x000f82c4	4	【[373][374]】\nそれに[64][106][690][28]が\n[37][38][442][443][444]がトイレに[3]ったことを[404][375]《もくげき》していることから\n[170]の[158]ではこの[119][58]を[1068][221]しようとする[256]きもある。
0x000f839a	3	【[107][108]】\nちょ、ちょっと[99]て！！\nそれはおかしいぞ！！
0x000f83f4	4	【[107][108]】\nだって、[37][38][88][89][90]はオレが[50][34][52]《ひがいしゃ》に[525]《つ》っかかっていった\nあのゴタゴタを[129]らないんだ！！\nトイレに[3]ってたこと[41][77]、[51]わしいんだぜ！！
0x000f84ba	2	【[373][374]】\n………………
0x000f8504	2	【[373][374]】\nそれは[115][79]か、[105][106]？
0x000f8584	3	【[107][108]】\nウソだと[132]うなら、\nさりげなく[37][38][88][89][90]に[98]いてみろよ！！
0x000f85e9	3	【[107][108]】\nけど[37][38][88][89][90]は[560]のいい[53]だ。\n[170][4]く[98]かないとはぐらかされるだろうけどな！！
0x000f869c	3	【[373][374]】\n[87]を[1118]《な》めるなよ、[105][106]！！\nそんなことは[294][129]《しょうち》している！！
0x000f870b	2	【[373][374]】\n[459][115][571]！！
0x000f8746	2	【[459][115]】\nはい、[457][458]してきます。
0x000f87d9	2	【[107][108]】\n……[640]たして[110][100]でうまく[457][458]できるもんかね。
0x000f8867	3	【[373][374]】\nお[19]は[129]らないだろうが、\n[110][100]は[201][908]《ゆうしゅう》で[57][506][174][75]《しんらい》できる[690][28]だ。
0x000f88e0	2	【[373][374]】\n……[193]え[312]があろうと、な。
0x000f895b	3	【[107][108]】\n（……[373][374]、[1033][212]《かんし》されていることを\n[129]っているのか……？）
0x000f89f0	3	【[459][115]】\n[457][458]とれました。\n[110]の[58]っている[163]りだと[132]われます。
0x000f8a82	2	【[107][108]】\n……ってわけだ。
0x000f8afd	3	【[373][374]】\nフム、いいだろう。\nお[19]の[112][113]を[458]めよう。
0x000f8b7f	4	【[373][374]】\n[1196]《く》り[549]《かえ》すが、[546][51][52]《ようぎしゃ》を[1009]《しぼ》り[282]《こ》めない[475]り、\n[122][123][53]を[525]《つ》き[162]《と》めたことにはならないんだからな。\nそれだけは[583]えておけ！！
0x000f8cae	2	【[373][374]】\nでは[817]めて[98]こう。
0x000f8d52	4	【[373][374]】\n[37][38][442][443][444]は[1197]《うそ》のアリバイを[92][377]していた。\n[110]が[122][123][53]でない[36][264]、\nどうして[1197]《うそ》をついていたんだ！？
0x000f8eab	3	【[107][108]】\nオレは[37][38][88][89][90]のアリバイについて、\n[51][150]に[132]っていた。
0x000f8f10	3	【[107][108]】\n[28][104]の[123][152][428][280]だと[132]われる[428][280]、\nずっとトイレにいたと[58]っていたからだ。
0x000f8f7e	4	【[107][108]】\nトイレにずっといたはずなのに、\nオレが[50][34][52]《ひがいしゃ》に[525]《つ》っかかっていた[28][111]を\n[129]らなかった。
0x000f8ffb	3	【[107][108]】\nそこでオレは[37][38][88][89][90]が\nウソを[58]ってると[132]ったんだ。
0x000f908e	3	【[373][374]】\n[547][439]にも[403]じことを[58]っていた。\nだから[87]も[110]は[328]《あや》しいと[59]えていた。
0x000f9115	4	【[107][108]】\nたしかにトイレに[3]っていたのは\n[1197]《うそ》の[119][58]だったが、\nその[428][280]は[601][97]を[72]《か》けていたことがわかった。
0x000f91c8	2	【[373][374]】\n[601][97]を[72]《か》けていた、だと？
0x000f924d	4	【[107][108]】\nあぁ、ケータイの[657][783][601]に、\n[37][38][88][89][90]を[1011]《おど》す[324][546]の[601][97]が\n[72]《か》かっていたらしい。
0x000f92cc	4	【[107][108]】\n[1198]《あわ》てた[37][38][88][89][90]は、\n[601][97]の[112]を[203][11]するために、\n[259][158][508]に[601][97]をしていたそうだ。
0x000f938b	2	【[373][374]】\n……それは[115][79]か？
0x000f9418	3	【[107][108]】\n[37][38][88][89][90][115][53]から[98]いた[97]だ！！\nウソは[277]けない！！
0x000f9497	3	【[107][108]】\nオレは[457][458]してないけど、\nもしかしたら[8][174][669][421]が[240]っているかもしれない。
0x000f9534	3	【[373][374]】\nそうか、[457][458]してみよう。\nちなみに、[110]はなにを[1011]《おど》されていたんだ？
0x000f95d1	4	【[107][108]】\nそれは[547][439]で[232]べればいいだろう？\nプライベートな[97]だし、\nオレの[257]からは[97]しにくい。
0x000f9644	3	【[107][108]】\nでも、[37][38][88][89][90]のアリバイは[119][283]されたんだ。\n[110]を[50][51][52]《ひぎしゃ》から[273]す[522][327]な[119][120]《しょうこ》だと[132]う。
0x000f9701	3	【[373][374]】\n……いいだろう。\n[110]は[50][51][52]《ひぎしゃ》から[273]して[204]さそうだ。
0x000f9891	3	【[373][374]】\nお[19]が[328]《あや》しいと[132]っている[53][165]の[57][53]、\n[24][25][440][441]……
0x000f98fb	3	【[373][374]】\n[110][100]は[33][34][428][280]と[132]われる[428][280][708]に、\n[312]をしていたんだ？
0x000f9a29	3	【[107][108]】\nどうやら[336][748]《けしょう》を[178]していたらしい。\n[36][30]で[58]えば[100][66]トイレにいたって[28]になる。
0x000f9ae0	3	【[373][374]】\nそんなことは[547][439][764]で[115][53]から[98]いている！\nだが、それを[119][283]する[53][280]は[205]《だれ》もいない！！
0x000f9b9c	2	【[107][108]】\nわかってるさ！！
0x000f9bfd	4	【[107][108]】\nオレだって[440][441]さんを[51]いたくはない……\nけど、[124][277]けがとれなければ、\nアリバイを[119][283]したことにはならない……
0x000f9c98	2	【[107][108]】\nだからなんとしても[124][277]けを[15]ってやるさ！！
0x000f9d22	3	【[373][374]】\nフン……\nそこまでわかっているのならいい。
0x000f9d91	3	【[373][374]】\n[110][100]の[152][256]については、\n[336][748]《けしょう》を[178]していたことで[681][11]しよう。
0x000f9e17	4	【[373][374]】\n[1196]《く》り[549]すが、[546][51][52]《ようぎしゃ》を[1009]《しぼ》り[282]《こ》めない[475]り、\n[122][123][53]を[525]《つ》き[162]《と》めたことにはならないんだからな。\nそれだけは[583]えておけ！！
0x000f9f5a	2	【[373][374]】\nでは[817]めて[98]こう。
0x000fa017	3	【[373][374]】\nお[19]は[24][25][440][441]のアリバイを\n[116][117][118]《きゃっかんてき》に[119][283]することができるか！？
0x000fa14a	3	【[373][374]】\nお[19]が[328]《あや》しいと[132]っている[53][165]の[57][53]、\n[24][12][429][432][433]……
0x000fa1b6	3	【[373][374]】\n[110]は[33][34][428][280]と[132]われる[428][280][708]に、\n[312]をしていたんだ？
0x000fa2e2	4	【[107][108]】\n[24][12][429]は２３[428]１０[327][472]《ごろ》にＶＩＰルームに[3]り、\n１[428][280][20]の０[428]１０[327][472]《ごろ》にＶＩＰルームを[20]にして\nそのままゲームセンターに[267]かったらしい。
0x000fa3bf	4	【[373][374]】\nフム……[547][439][764]ではＶＩＰルームにいた[428][280]が\n１[428][280][529][313]だったという[1][2]しか\n[241]ていないようだったが？
0x000fa442	2	【[373][374]】\n[428][280]までどうやってわかった？
0x000fa4c3	3	【[107][108]】\n[37][38][88][89][90]が[272]に[1030][71]《とうちゃく》してＶＩＰルームに[3]ったのが\n２３[428][478]ぎ。
0x000fa539	4	【[107][108]】\nそこで[407]く[454]ち[264]わせをして、\nすぐに[121]たそうだ。\nそれを[24][12][429]が[80]ている。
0x000fa5c0	2	【[107][108]】\nここからおおよその[428][280]を[680]き[121]した。
0x000fa62e	3	【[373][374]】\nフム、なるほど……\n[57][167]、お[19]が[59]える[24][12][429]の[152][256]は[329][372]した。
0x000fa6c3	4	【[373][374]】\nだが、[24][12][429]がそのままゲームセンターに\n[267]かったかどうかは[51]わしい！！\nなぜなら、[205]《だれ》もそれを[404][375]《もくげき》していないからだ！！
0x000fa797	2	【[107][108]】\nわかってるさ！！
0x000fa7f8	4	【[107][108]】\n[79][146]の０[428]１０[327]から０[428]５０[327]くらいにかけて、\nゲームセンターにいたという[119][120]《しょうこ》が[121]ない[475]り\n[24][12][429]のアリバイを[119][283]したことにはならない。
0x000fa8b3	2	【[107][108]】\nそんなことは[1199]も[294][129]《しょうち》だ！！
0x000fa93c	3	【[373][374]】\nフム……\nならばいいだろう。
0x000fa9a4	4	【[373][374]】\n[1196]《く》り[549]《かえ》すが、[546][51][52]《ようぎしゃ》を[1009]《しぼ》り[282]《こ》めない[475]り、\n[122][123][53]を[525]《つ》き[162]《と》めたことにはならないんだからな。\nそれだけは[583]えておけ！！
0x000fab1e	2	【[373][374]】\nでは[817]めて[98]こう。
0x000fabdb	3	【[373][374]】\n[24][12][429][432][433]がゲームセンターにいた[428][280]を\n[116][117][118]《きゃっかんてき》に[119][283]することができるか！？
0x000fad24	2	【[107][108]】\n[24][12][429]のアリバイが[116][117][118]《きゃっかんてき》に[119][283]された。
0x000fada2	4	【[107][108]】\n[28][104][79][146]、[24][12][429]は[50][34][52]《ひがいしゃ》とＶＩＰルームで[97]したあと、\n[63][516]り[325]までのルートの[515][209]《とちゅう》にある\nゲームセンターに[516]った。
0x000fae3f	3	【[107][108]】\nそこで０[428]５０[327]まで、\n[127][480]ゲームをしてたそうだ。
0x000faea0	3	【[107][108]】\n[127][480][78][4]の[740][53]が\nそれを[119][58]してくれる。
0x000faf2d	4	【[373][374]】\n[127][480]ゲームだと？\nそんなことは[547][439]の[98]《き》き[282]《こ》みでは\n[58]っていなかったぞ！
0x000fafd2	4	【[107][108]】\nヤツは[406][313]の[275]《ま》けず[481]《ぎら》いなんだよ。\nおそらく、[169][19]、[148][262]をクビになったことの\nトラウマでな。
0x000fb053	4	【[107][108]】\n[127][480]ゲームで[552][553][118]《くつじょくてき》な[275]けを[1200]《きっ》したために、\nゲーム[445]のレバーまで[446]《こわ》してしまうほど\n[712]《くや》しがったそうだ。
0x000fb0ea	4	【[107][108]】\nもう[57][313]、この[1][2]を[84]って、\n[124]を[15]ってみろ。\nそれですべて[119][283]されるだろう。
0x000fb18e	3	【[373][374]】\n…………\nいいだろう。
0x000fb304	3	【[373][374]】\n[21][22]ビルに、\n[428][1201]《ときおり》[766]さな[100]の[66]が[35]れるらしい。
0x000fb36b	4	【[373][374]】\n[634][233][455]《そうさいん》がその[96][100]に[28][1]を[98]こうと[312][313]か\n[726]みたらしいのだが、[990]《に》げ[173]《あし》が[447]いらしく\nすぐに[80][236]ってしまうとのことだ。
0x000fb404	2	【[373][374]】\nお[19]はこの[96][100]の[513][77]を[129]っているか？
0x000fb4ac	3	【[107][108]】\n……その[100]の[66]が\n[28][104]と[215][253]があるのか？
0x000fb539	4	【[373][374]】\nそれはわからない。\nただ、[262][455]に[98]いても、[80]かけた[53][165]は[82]い。\nそれも[63][64]になってからだ。
0x000fb5cb	4	【[373][374]】\n[428][600]から[59]えて、\nもしかしたら[28][104]となんらかの[215][253]があるのかもしれない。\nだから[98]いている。
0x000fb674	2	【[107][108]】\n……ま、いいけどさ。
0x000fb6f2	4	【[373][374]】\nそれでどうなんだ？\nお[19]はこの[96][100]の[513][77]を\n[129]っているのか？
0x000fb801	2	【[107][108]】\n『よしもとゆみ』という[73][19]の[100]の[66]らしい。
0x000fb88d	4	【[373][374]】\nほう……\nよしもとゆみ、か。\nどんな[66]なんだ？
0x000fb91a	3	【[107][108]】\nいや、[129]らない。\n[129]っているのはその[73][19]だけだ。
0x000fb983	2	【[373][374]】\n…………
0x000fb9c9	2	【[373][374]】\n[575][300]《きゃっか》だ。
0x000fba47	2	【[107][108]】\nあ、やっぱり…………
0x000fbb29	3	【[107][108]】\n[110][100]は[459][115]ユミ。\n[440][441]さんの[460]《むすめ》だ。
0x000fbbb9	3	【[373][374]】\n[24][25][440][441]の？\nそうか、[24][25]は[26][27][221]の[524][73]《ぎめい》だったな……
0x000fbc26	3	【[373][374]】\nでは、この[96][100]が[24][25][440][441]の[460]《むすめ》だとして、\n[110][100]はなぜ[21][22]ビルの[81][235]にあらわれるんだ？
0x000fbcd6	4	【[107][108]】\nさあ、そこまではわからない。\nそれは[115][53]に[98]いてくれ。\n[440][441]さんに[58]えば[148]わせてくれるだろうし。
0x000fbd81	4	【[373][374]】\nフム、そうだな……\n[24][25][440][441]の[460]《むすめ》、[459][115]ユミか。\n[294][129]《しょうち》した！
0x000fbecf	2	【[373][374]】\n………
0x000fbf24	2	【[373][374]】\n……[102][146]の[554][150]《じんもん》はこれで[234]わりにする。
0x000fbf9c	2	【[107][108]】\n[64][106]は[98]かないのか？
0x000fbfdb	2	【[373][374]】\n……
0x000fc01d	3	【[373][374]】\n[547][439]としては[54][55]がない[291][327]だ。\n[98]いても[157][158]がない。
0x000fc099	2	【[107][108]】\n……なるほど。
0x000fc0e1	3	【[373][374]】\nとにかくだ。\nお[19]に[240]された[428][280]はもうわずかしかない。
0x000fc159	4	【[373][374]】\n[58]ったからには、\nなんとしてでも[122][123][53]を[119][283]してみせろ、\n[105][106]！！
0x000fc21d	3	【[373][374]】\n……[102][146]の[554][150]《じんもん》はこれで\n[234]わりにする。
0x000fc296	4	【[373][374]】\nお[19]に[240]された[428][280]は\nもうわずかしかない。\nしっかりしろ、[105][106]！
0x000fc334	3	【[373][374]】\n……[102][146]の[554][150]《じんもん》はこれで\n[234]わりだ。
0x000fc3ab	4	【[373][374]】\nなんとしても[28][104]について\n[132]い[121]すんだ！\nそれが、お[19]の[390]き[240]る[884]なんだからな！
0x000fc453	3	【[373][374]】\n……[102][146]の[554][150]《じんもん》はこれで\n[234]わりだ。
0x000fc4b1	3	【[373][374]】\nそちらの[634][233]《そうさ》は[786][232]に[361]んでいるようだな。\n……[333]々も[275]けてはいられない。
0x000fc525	3	【[107][108]】\nああ。\n[283][146]こそ[12][111]を[119][283]してやる！
0x000fc703	2	【[373][374]】\n……[240][550]ながら、これで[428][280][210]れだ。
0x000fc774	3	【[107][108]】\n……クソッ！\nもう、[1][2]は[522][327]に[208]まっているのに……！！
0x000fc7db	3	【[373][374]】\n[142][255]、お[19]が[57][506]の[50][51][52]《ひぎしゃ》である[28][111]は\n[65]わらなかった……
0x000fc83d	2	【[373][374]】\n…………
0x000fc883	4	【[107][108]】\n……[403][1]ならいらないぜ。\n[696]《き》[911]《そ》するならすればいい。\n[142][640][118]にオレは[76][257][1020]《たた》いていたってことさ。
0x000fc924	2	【[373][374]】\n……すまない、[105][106]。
0x000fc98b	3	【[107][108]】\n[541]るなよ！\nオレが[1202]《みじ》めになるだけだ！！
0x000fc9ff	3	【[373][374]】\n……そうだな。\nでは[583][320]《かくご》を[470]めろ、[105][106]！！
0x000fca95	3	【[373][374]】\nお[19]を[696]《き》[911]《そ》することになる！\n[169][170]だ！
0x000fcb52	5	　\n　\n（[547][439]から[700][791]《そうけん》された[119][120][879]《しょうこるい》を[452]に、\n[791][28]《けんじ》による[696]《き》[911]《そ》[4][391]《てつづ》きがおこなわれ、\nオレは[898][228]を[276]けることとなった）
0x000fcbec	3	　\n　\n（そして…）
0x000fcc3a	4	　\n　\n（オレには[33][53][13]で[12][600][1138][248]《むきちょうえき》の[690]《けい》が\n[300]された……）
0x000fd2bb	3	【[373][374]】\nお[19]は[647]《よ》いつぶれていたと[112][113]した。\nだが[142][640][118]にお[19]は[41][327]を[893]い[958]めてしまった…
0x000fd34c	4	【[373][374]】\nお[19]が[647]《よ》いつぶれていたのなら、\n[33][53]を[123]した[152][580][41][77]を[387]れてしまっている…\nこうは[59]えられないか…？
0x000fd3db	2	【[107][108]】\n………！？
0x000fd43c	4	【[373][374]】\n[647]《よ》いつぶれていたが、\n[33][53]を[123]していないことを[112][113]するんなら、\nその[380][120]《こんきょ》を[620]してみろ！
0x000fd4d5	3	【[107][108]】\n[457]かにオレは[647]《よ》いつぶれていて、\n[79][146]の[669][759]が[1203][1204]《あいまい》になっている！！
0x000fd562	3	【[107][108]】\nだから、オレが[33]《や》ってしまった[301][302][101]も\nゼロではないことは[458]めよう。
0x000fd5e6	4	【[107][108]】\nけど、だからといって、\nオレが[33]《や》ってないって[119][283]することを\n[1164]めたわけじゃない！
0x000fd670	3	【[373][374]】\nほう……？\nなら、どうするつもりだ？
0x000fd6de	3	【[107][108]】\nオレの[12][111]を[119][283]する[158][39]はたった[57]つ。\n[122][123][53]とその[119][120]《しょうこ》を[352][620]することだ！！
0x000fd74d	2	【[373][374]】\n………………
0x000fd7b0	3	【[373][374]】\nいいだろう。\nでは、[554][150]《じんもん》の[324][546]を[65][1185]してやろうじゃないか。
0x000fd8af	4	【[373][374]】\n[122][123][53]を[203][11]できないのであれば、\nお[19]が[328]《あや》しいと[132]っている[53][165]について\n[57][53][57][53][98]いていこう。
0x000fd932	4	【[373][374]】\nそれぞれの[546][51][52]《ようぎしゃ》のアリバイを[119][283]し、\n[63][234][118]に[122][123][53]と[132]える[53][165]を[1009]《しぼ》り[282]《こ》むことができれば\nお[19]の[112][113]を[458]めようじゃないか。
0x000fd9ee	2	【[107][108]】\n……あぁ、[126][127]に[119][283]してやるさ。
0x000fda5d	4	【[373][374]】\nフム、そうだな……\nお[19]は[215][253][52]のアリバイが[689][446]《ほうかい》したと\n[58]っていた。
0x000fdad0	4	【[373][374]】\nならば、[0]たな[33][34][428][280]と[132]われる\n０[428]から０[428]４４[327][472]《ごろ》までの\n[259][215][253][52]の[152][256]から[98]くとしよう。
0x000fdebd	3	【[373][374]】\nふむ……\n[37][38]、[24][12][429]のアリバイを[119][283]したか……
0x000fdf39	2	【[373][374]】\nでは、[817]めて[98]くことにする。
0x000fe041	2	[37][38][442][443][444]が[123][53]でないことは\n[1140]に[119][283]したはずだ。
0x000fe0a8	2	[37][38][442][443][444]が[123][53]でないことは\n[1140]に[119][283]したはずだ。
0x000fe103	2	[24][12][429][432][433]が[123][53]でないことは\n[1140]に[119][283]したはずだ。
0x000fe178	2	[64][106][743][187]が[123][53]でないことは\n[1140]に[119][283]されている。
0x000fe1dd	4	[457]かに[64][106]は[257][839]していたと\n[76]げさに[119][58]していたが、\nそれが[178]ちに[64][106]が[122][123][53]であるという[119][120]には\nならない。
0x000fe58e	3	【[107][108]】\n（[740][53]、ねえ……\nまったく[160][79]たりないけど）
0x000fe616	3	【[107][108]】\n（……？\n[564][474][129]らない[66]だ…）
0x000fe691	2	【？？？？】\n…………
0x000fe6ce	2	【[107][108]】\n…………
0x000fe707	3	【[107][108]】\n（この[66]、[312][52]だ……？\nやっぱり[160][79]たり、ないんだけどなぁ）
0x000fe762	2	【？？？？】\n…………
0x000fe79f	4	【[107][108]】\n（とはいえ、このままってのも\nお[604]《たが》い[256]きにくいだけか……\nこっちから[157]《し》[72]《か》けてみるかな）
0x000fe811	2	【[107][108]】\nえっと……[1205][66]、だよな？
0x000fe87a	3	【？？？？】\n……！\n……は、はい。
0x000fe8c1	3	【[107][108]】\n（おいおい、[510]ってきたよ。\n[80]かけによらず、[76][1050]《だいたん》だな）
0x000fe91d	5	【[107][108]】\n（とりあえず……\n[20]ろの[67][148][53][127][854]として、\nオレとこの[66]の[215][253]を\nでっち[170]げとかないとな……）
0x000fe98e	3	【[107][108]】\n[993]しぶりだな、[1205][66]。\n[763][7]ぶりだっけか？
0x000fea01	3	【？？？？】\n……？\nあ、え、えと……はい。
0x000fea4d	3	【[107][108]】\n[1205][66]は[654][231]がよくできたからな。\nオレも[774]だったよ。
0x000feac4	4	【？？？？】\nあの、[87]も……その、\n[145][390]……？　に[654][231]を[176]えてもらえて\n[774]しかったです。
0x000feb2e	3	【[107][108]】\n（ふーん、やるねえ……\n[560]の[103][464]は[518]くないな）
0x000feb7f	5	【[107][108]】\nオレも[76][642][735][261]しちゃったから、\nもう[169][19]みたいに\n[23][930][176][636]をすることはできないけど、\n[122][508][404]にやってるか？
0x000fec02	2	【？？？？】\nあ……は、はい……！
0x000fec47	4	【[107][108]】\n（よし。\nこれでオレたちの[215][253]は\n[672]《の》み[282]《こ》めたみたいだな）
0x000feca3	3	【[107][108]】\n（あとはこの[66]が[312][52]なのか、\n[26]りを[3]れていかないと……）
0x000fecfb	3	【[107][108]】\nどう、[0]しい[390][358]は？\nもう、[593]れたか？
0x000fed60	2	【？？？？】\n…………
0x000fed9d	4	【[107][108]】\n（お……\n[451]に[227]が[231]ばったな……\nさっそく[166][167]ありか？）
0x000fedf6	4	【[107][108]】\nご[184][185]は[452][153]か？\n[1205][66]、[57][53][1024]らしは[627]めてだろ？\n[160][171]してるんじゃないか？
0x000fee5c	2	【？？？？】\n…………
0x000fee99	3	【[107][108]】\n[154]ったら、またお[645][646]《じゃま》しますって、\nご[184][185]に[180]えといてくれよ。
0x000feef7	2	【？？？？】\n…………
0x000fef34	4	【[107][108]】\nとはいえ、こんなとこに[3]ったヤツが\nかわいい[57][53][460]《ひとりむすめ》に[148]いに[152]ったら\nお[223]さんに[1206]《なぐ》られるかもな。
0x000fefd7	2	【？？？？】\n……グスッ。
0x000ff048	2	【[107][108]】\nえ……？
0x000ff080	3	【[107][108]】\n（[1012]いてる……？\nオレの[58][315]に[166][167]したのか？）
0x000ff0d3	4	【[107][108]】\n（だとしたら、どの[58][315]だ……？\nそれが、[110][100]の[513][77]をつかむ\nヒントにつながるはずだ！）
0x000ff13d	4	【[107][108]】\n（[1207]《なみだ》を[493]したのが『お[223]さん』、\nという[58][315]に[127]してだとしたら……\nこの[66]の[223][185]はもう……）
0x000ff1b3	4	【[107][108]】\n（……！！\nま、まさか……いや、\nそんなことがありえるのか？）
0x000ff22c	4	【[107][108]】\n（けど、そうだとしか[59]えられない。\n[114][327]を[524]《いつわ》ってまでオレに[148]いに[293]た\n[110][100]の[513][77]とその[329][461]は……！）
0x000ff36e	3	【[107][108]】\n（[168]《ちが》う！\nそうじゃない！）
0x000ff3b6	4	【[107][108]】\n（[110][100]が[1207]《なみだ》を[493]した\n『お[223]さん』という[58][315]に\n[215][253]あるはずだ）
0x000ff419	2	【[107][108]】\n（もう[57][313]よく[59]えてみよう！）
0x000ff49d	3	【[107][108]】\n（[110][100]は[33]された[21][22][57][317]の[460]《むすめ》、\n[21][22]のぞみだ！）
0x000ff4fa	4	【[107][108]】\n（くそっ、[129]らなかったとはいえ、\n[223][185]を[33]された[66]に\n[184][185]は[452][153]か、なんて……！）
0x000ff565	3	【[107][108]】\n（しかも[110][100]からすれば、\nオレは、[223][185]を[33]した[53][280]なんだぞ！）
0x000ff5c1	2	【[107][108]】\nは、[1205][66]……
0x000ff5fd	4	【[107][108]】\n（う……\nこの[600]に[894]《およ》んで[1205][66]って\n[297]ぶのがツラい……）
0x000ff659	5	【[107][108]】\nゴメン……\n[1205][66]の[153][84]ち、\nわかってやれなかったみたいだ、\nオレ……
0x000ff6b7	2	【のぞみ】\n…………！？
0x000ff6f3	3	【[107][108]】\n……[115][79]、ゴメン。\nでも……
0x000ff73b	3	【[107][108]】\n[174]じてくれないかもしれないけど、\nオレ……[571]のおと……
0x000ff7b4	2	【のぞみ】\nもういい……
0x000ff7ec	2	【[107][108]】\nあ……
0x000ff860	2	【[107][108]】\n（[152]ってしまう……）
0x000ff8fc	2	【のぞみ】\n[53][33]し……
0x000ff93a	2	【[107][108]】\nう……
0x000ff970	3	【[107][108]】\n（[58][315]が[121]ない……\nオレがやったわけでもないのに……）
0x000ff9c5	2	【のぞみ】\n…………
0x000ff9fd	3	【[107][108]】\n（だけど、[110][100]を\nこのまま[154]してはいけない……！）
0x000ffa50	3	【[107][108]】\n（このまま[152]かせてしまったら、\n[115][79]のことを[180]えなかったら……！）
0x000ffaac	5	【[107][108]】\n（……！\nそうか……！！\n[115][79]のこと……[180]えるのは、\nひと[58]でいい！！）
0x000ffb3d	2	【[107][108]】\nオレはやってない！
0x000ffba7	2	【のぞみ】\n…………
0x000ffc5b	2	【[107][108]】\n…………
0x000ffc94	2	【[107][108]】\n（わかってくれたのか……？）
0x000ffcd8	3	【[107][108]】\n（いや、オレのことなんて\nわかってくれなくてもいい）
0x000ffd26	3	【[107][108]】\n（きっと、[102]の[110][100]に[378][346]なのは\n[122][111]より、[35][111]を[276]け[162]める[583][320]《かくご》だ）
0x000ffd8f	5	【[107][108]】\n（オレが、おふくろの[751]と\n[267]き[264]ったように……\n[110][100]も[35][111]を[276]け[162]めて、\nそれを[510]《の》り[511]《こ》えてくれれば……）
0x001001a6	2	【[107][108]】\n（[102][146]も[293]たのか……）
0x0010025a	2	【のぞみ】\n……[53][33]し。
0x001002f2	3	【[107][108]】\n（もう[293]ないものとばかり\n[132]ってたけど……）
0x0010033f	2	【のぞみ】\n…………
0x00100377	2	【[107][108]】\n（かける[58][315]がない……）
0x001003ba	2	【のぞみ】\n…………
0x001003f2	3	【[107][108]】\n（とはいえ、このまま[428][280]が\n[478]ぎるだけってのもな……）
0x00100446	2	【[107][108]】\n……なあ、[1205][66]。
0x00100492	2	【のぞみ】\nなんですか。
0x001004c9	3	【[107][108]】\n[538][172]《えんりょ》せず、オレに\n[523]《うら》み[58]《ごと》をぶつけていいんだぞ。
0x00100541	2	【のぞみ】\n……！？
0x00100579	4	【[107][108]】\nオレを[523]《うら》むことで[153]が[714]むなら、\nとことん[523]《うら》んでくれたらいい。\n[1208]《た》め[282]《こ》むくらいならぶつけろ。
0x001005f2	3	【[107][108]】\nそのほうが……\n[67]ち[178]るのも[198]いからな。
0x0010066c	4	【[107][108]】\n（[333]ながらバカなことを[58]ってるな。\nでも、オレは……オレには……\n[110][100]のツラさがわかるから……）
0x00100707	4	【[107][108]】\n（……[440]、[404]を[583]ましても、\nそこに[76][210]な[53]がいない[658]しみを\nよく[129]ってるから……）
0x00100814	3	【[107][108]】\n（おふくろが[186]くなってすぐは、\nほとんど[111][242]が[920]《わ》かなかった）
0x0010086e	5	【[107][108]】\n（それまでにも[194][506]《おそばん》で\n[154]ってくるのが[1209][478]ぎって[146]も\n[79]たり[19]のようにあったし、\nその[146]もそんな[242][583]に[64]かった）
0x001008ec	6	【[107][108]】\n（ただ……[390]きていれば\nそれでもいつかは、\n[154]ってきてくれた。\n[99]ってさえいれば、\n[378]ず[154]ってきてくれたんだ）
0x00100960	4	【[107][108]】\n（だけど、[146]が[219]つにつれて、\n[96]しずつおふくろが[186]くなった\n[111][242]が[920]《わ》いてきた……）
0x001009cb	4	【[107][108]】\n（[440][696]きても、おふくろがいない。\n[283][146]の[440]も、[283][20][146]の[440]も、\nこれから、ずっと……）
0x00100a38	5	【[107][108]】\n（そんな[79]たり[19]のことに、\n[197][146][219]ってようやく[153]づいた。\nどれだけ[99]ち[391]けても、\nもう[482][313]と[148]えないってことに……）
0x00100ab5	4	【[107][108]】\n（そのことに[153]づいてからのオレは、\n[41][327]でも[125]ってしまうくらいに\n[689]《くず》れ[558]《お》ちていった）
0x00100b22	5	【[107][108]】\n（オレにできたのは、\nすべてが[689]《くず》れきる[19]に\n[39][66]の[19]から[840]を[850]して\n[1042][1043]《めいわく》をかけないことだけだった）
0x00100bbb	5	【[107][108]】\n（[142][255]、オレが[658]しみを[276]け[3]れて\n[35][111]と[267]き[264]えるようになったのは、\n[440][441]さんに[1210]われて[26][27][1211][261]《たんていかぎょう》を\n[400]めてからだった）
0x00100c47	6	【[107][108]】\n（オレが[157][28]を[583]えだすと、\n[440][441]さんは[546][1212]《ようしゃ》なくオレに\n[157][28]を[948]《ふ》ってきた。\nそれは、１[53]でまかなえる\nギリギリの[157][28][1146]だった）
0x00100cd7	4	【[107][108]】\n（[1213][215]《げんかん》のドアを[587]けたところで\n[382][605]を[236]い、そのまま[440]を[655]《むか》えたことも\n[312][313]かあった）
0x00100d4b	4	【[107][108]】\n（けど[102][59]えてみると\nあの[93][134][329]な[1146]の[157][28]も、\n[440][441]さんなりの[132]いやりだったんだろう）
0x00100e3a	3	【[107][108]】\n（オレは[440][441]さんほど[489][221]に\n[658]しみを[387]れさせることはできない）
0x00100e92	5	【[107][108]】\n（だからせめて……\nのぞみの[1179]《にく》しみを[276]け[162]めることで\n[96]しでも[658]しみを\n[387]れさせてやりたい……）
0x00100f0b	2	【のぞみ】\n…………
0x00100f43	3	【[107][108]】\n……[518]い。\n[96]し[59]えごとをしてた。
0x00100f8c	4	【[107][108]】\nこっちは[76][287][288]《だいじょうぶ》だ。\nオマエの[209]にある[1179]《にく》しみ……\nドンとぶつけてこい。
0x0010101a	2	【[107][108]】\n……え？
0x00101052	2	【のぞみ】\n…………
0x001010ad	2	【[107][108]】\nな……なんだ？
0x0010110b	2	【[107][108]】\n[1205][66]……？
0x00101153	2	【のぞみ】\n[283][146]、また[293]ます……
0x001011c0	3	【[107][108]】\nなんだったんだ、\n[102]の[125][227]は？
0x00101205	3	【[107][108]】\nうーん……さっぱりだな。\n[139]えは[283][146]までおあずけか……
0x00101537	2	【[107][108]】\n……[102][146]も[293]てくれたんだな、[1205][66]。
0x001015a8	3	【のぞみ】\nはい……\n[145][390]のご[136][66]が[160][171]でしたので……
0x001015f7	2	【[107][108]】\nそ、そうか……ははは……
0x00101639	4	【[107][108]】\n（そういえば、オレは[110][100]の\n[23][930][176][636]という[335][11]だった。\nよく[583]えてたな……）
0x0010169f	3	【[107][108]】\n（というか、[102]……\nオレたち、[770][163]《ふつう》に[148][97]してなかったか？）
0x001016ff	4	【[107][108]】\nオレのことを[160][171]してくれるのか？\n[57][167]、[415][280][118]にオレは[33][53][123]ってことに\nなってるんだぞ？
0x0010178f	4	【のぞみ】\nえぇ……[160][171]に[470]まっています。\n[415][280]がどう[80]ているかなんて\n[215][253]ありません。
0x001017f1	2	【[107][108]】\nそ、そうか……ははは……
0x00101833	2	【[107][108]】\n（どうなってるんだ、いったい……）
0x001018a0	3	【のぞみ】\n[87]は[145][390]が[33][53][123]だなんて\n[132]っていませんから。
0x001018ef	2	【[107][108]】\nそうか……
0x00101960	4	【[107][108]】\n……いや、ちょっと[99]て。\nえ？\nそうなのか？
0x001019d4	4	【のぞみ】\n『[523]《うら》むことで[153]が[714]むなら、\nとことん[523]《うら》んでくれたらいい』と\n[58]いましたよね。
0x00101a63	4	【のぞみ】\n[145][390]、あのとき、\n[122][773]《しんけん》に[911]《うった》えてましたよね？\n……[87]を[50][34][52]《ひがいしゃ》の[23][60]と[80][67]てて。
0x00101ae1	2	【[107][108]】\n……あ。
0x00101b19	4	【[107][108]】\n（い、[102]になって[153]づいた……\n[50][34][52]《ひがいしゃ》の[23][60]であるのぞみとオレは\n[115][293][147][80]しちゃいけない[67][36]……）
0x00101b96	4	【[107][108]】\n（[300][4]すりゃ[20]ろの[67][148][53]に\nバレるところだったんだ。\n[767]なかった……！）
0x00101bf9	3	【[107][108]】\n……あ、あはは。\nまいったな。
0x00101c64	3	【のぞみ】\n[770][163]《ふつう》、[33][53][123]が\n[50][34][52]《ひがいしゃ》の[23][60]をいたわるでしょうか？
0x00101ced	4	【のぞみ】\nそれを[98]いて、\n[1214]の[209]にあった[168][539][242]《いわかん》が\n[457][174]に[65]わりました。
0x00101d5a	4	【のぞみ】\n[87]には……\n[145][390]が[33][53]を[123]す[53][280]だとは、\nとうてい[132]えません。
0x00101db6	4	【[107][108]】\nあ……ありがとう……\nでも、いいのか？\nそれだけでオレのことを……
0x00101e36	4	【のぞみ】\n[111]はそれとは[56]に、\nずっと[218]っかかっていたことが\nあるんです。
0x00101e8a	2	【[107][108]】\n[218]っかかってたこと？
0x00101eed	3	【のぞみ】\nおかしなことを[58]っていたら\nすみません……
0x00101f5b	4	【のぞみ】\n[145][390]は[855][678]《けんじゅう》で[78][4]を[33]したと\n[138]《うかが》っています。\nでも、どうして[855][678]《けんじゅう》なんですか？
0x00101fd3	3	【[107][108]】\nえっ……？\n[855][678]《けんじゅう》は[855][678]《けんじゅう》っていうか……
0x0010203c	4	【のぞみ】\nまず、[855][678]《けんじゅう》は[3][4]が[589][303]で\n[173]がつきやすいですし、\n[8][1029][676]《はっぽうおん》も[150][151]になります。
0x001020be	3	【のぞみ】\n[28][111]、[8][1029][676]《はっぽうおん》で\n[28][104]が[8][583]したわけですよね？
0x0010213e	4	【のぞみ】\nそして[855][678]《けんじゅう》についていた[356][847]《しもん》が\n[145][390]のものと[57][435]《いっち》したから\n[762][179]《たいほ》されたのだと[98]いています。
0x001021bf	2	【[107][108]】\nそ、そうだな……
0x00102221	5	【のぞみ】\nただそこで[218]っかかるのは、\n[28][104]の[35][36]となったＶＩＰルームは\n[685][676][335][686]の[348]った[36][30]\nだということです。
0x001022a2	3	【のぞみ】\nなのに[8][1029][676]《はっぽうおん》で[28][104]が[8][583]って\nおかしくありませんか？
0x00102305	5	【[107][108]】\n……おかしいところは\nないんじゃないか？\n[8][1029][676]《はっぽうおん》も[273]に[1007]《も》れないと[132]ったから\n[269]々と[414]ったんだろう。
0x0010238e	2	【のぞみ】\nでも[98]こえてしまったわけですよね？
0x0010240a	2	【[107][108]】\n…………
0x00102443	5	【[107][108]】\n（たしかにそうだ。\n[8][1029][676]《はっぽうおん》が[1007]《も》れたせいで\n[123][152][428][280]がはっきり\nわかってしまった……）
0x001024b8	3	【[107][108]】\n（[122][123][53]は[676]が[1007]《も》れることにまで\n[153]が[103]ってなかったのか？）
0x00102514	5	【[107][108]】\n（いや、それも[59]えにくい。\n[678]《じゅう》を[221][382]してたことからも、\n[102][103]の[57][344]の[123][152]は、\n[340][500][118]なものだ）
0x001025ad	5	【[107][108]】\n（オレをハメるために\n[81][1030]《しゅうとう》な[340][500]を[1027]《ね》った[123][53]が\n[846][489]《きょうき》として[855][678]《けんじゅう》を[414]ったことには、\nなにか[56]の[382][55]があるんじゃないか？）
0x00102647	3	【[107][108]】\n（[123][53]があえて[855][678]《けんじゅう》を[414]った\n[329][461]はなんだ……？）
0x001026b2	4	【[107][108]】\n（そう[59]えれば、\nＶＩＰルームで[855][678]《けんじゅう》を[414]ったことは、\n[149]々と[168]《ちが》う[382][55]が[121]てくる……）
0x0010275a	3	【のぞみ】\nす、すみません……\n[65]なことを[58]ってしまいましたか？
0x001027aa	4	【[107][108]】\n……いや、\nむしろ[0]たな[8][80]があった。\n[237]を[58]うよ。
0x00102825	3	【のぞみ】\nそうですか……\nそれなら[204]かったです。
0x0010286c	4	【[107][108]】\nでも、びっくりした。\nオマエがそこまで[662]《するど》いとは[132]って\nなかったよ。
0x001028ef	3	【のぞみ】\nえっ……\nど、どういうことですか？
0x00102941	5	【のぞみ】\n[87]はただ、\n[41][327]が[218]っかかっていたことを、\nそのまま[145][390]に\nお[97]しただけですが……
0x001029a5	6	【[107][108]】\n（なるほど……[41][327]の[51][550]に\n[124][277]けがあるわけじゃないってことか。\nもしかしたらこの[66]は、\n[1215][101]の[662]《するど》さを\n[84]ってるのかもしれないな）
0x00102a92	2	【のぞみ】\n……[87]、お[248]に[67]てたんでしょうか？
0x00102ada	2	【[107][108]】\nああ、[522][327]にね。
0x00102b3d	4	【のぞみ】\n……[204]かった……\n[87]も、[122][123][53]が\n[179]《つか》まってほしいですから……
0x00102b9d	2	【[107][108]】\n……そうだな。
0x00102bfe	3	【のぞみ】\n……[63][20]に[457][458]させて\nもらえますか？
0x00102c47	2	【[107][108]】\nん、なにをだ？
0x00102ca7	2	【のぞみ】\n[145][390]は[53]を[33]したんですか？
0x00102ce9	3	【[107][108]】\n……いいや。\nオレはやってない。
0x00102d54	3	【のぞみ】\n……わかりました。\n[145][390]を[174]じます。
0x00102dc3	4	【のぞみ】\nそれでは[87]、\nそろそろ[236][237]しますが、\nまた[293]てもいいですか？
0x00102e18	2	【[107][108]】\nああ、[76][664][655]《だいかんげい》だ。
0x00102e6c	3	【のぞみ】\nわかりました。\nでは、また……
0x00102edc	3	【[107][108]】\n（なんとなく、[16]に[148]う[146]が\n[99]ち[538]しくなったな……）
0x001031f9	2	【のぞみ】\n……また[293]てしまいました。
0x0010323a	4	【[107][108]】\nかまわないさ。\nこうして[97]をするだけでも、\n[153]がまぎれるしね。
0x001032b5	2	【のぞみ】\n[102][146]はお[224]いごとをしに[293]たんです。
0x001032fb	4	【[107][108]】\nお[224]い？\nまあ……この[814][832]で\nオレにできることなら。
0x0010335a	4	【のぞみ】\nええ。\n[111]は[87]……\n[145][390]のお[4][180]いがしたいんです。
0x001033ad	3	【[107][108]】\n[4][180]い？\nそれって……
0x00103414	4	【のぞみ】\n[87]、[129]っています。\n[145][390]がここで\nなにをしようとしているか。
0x00103469	2	【[107][108]】\n…………
0x001034c8	3	【のぞみ】\n[87]、[122][123][53]を[80]つけ[121]したいんです！\nですから……
0x0010351a	2	【[107][108]】\n……いや、それは[162]めたほうがいい。
0x00103587	5	【のぞみ】\nえっ？\nど、どうしてですか？\nたしかに[87]は[145][390]から[80]れば\n[75]《たよ》りないかもしれませんけど……
0x001035f2	4	【[107][108]】\nいや、[75]《たよ》りになるとか\nならないとかじゃない。\nオマエの[114]が[767][812]にさらされるからだ。
0x00103658	4	【[107][108]】\nいいか、これはドラマじゃないんだ。\n[33][53][123]が[78][4]なんだぞ？\n[300][4]をすれば[549]《かえ》り[1003]《う》ちにあう。
0x001036d9	2	【のぞみ】\nだけど……
0x00103710	4	【[107][108]】\nオマエの[153][84]ちはよくわかる。\nでも、ここはオレの[58]うことを\n[98]いてくれ。
0x00103779	2	【のぞみ】\n……はい……
0x001037b3	3	【[107][108]】\n（それに……[150][151]は[123][53]だけじゃない。\n[547][439]の[404]もある）
0x00103823	4	【[107][108]】\n（[300][4]にこの[28][104]に[4]を[121]すと、\nオレが[12][111]を[119][283]できなかったとき、\n[643][123][424]《あつか》いされかねない……）
0x001038a0	5	【[107][108]】\n（それにこの[66]は\n[50][51][52]《ひぎしゃ》であるオレに\n[65][164]して[148]いに[293]るくらいだし、\n[267]こう[80]ずなところがあるからな……）
0x0010391c	2	【[107][108]】\n…………
0x00103955	4	【[107][108]】\n（……いや、[99]てよ？\nもしオレの[4][180]いができないなら\n[110][100]はどういう[152][256]に[121]る？）
0x001039cb	4	【のぞみ】\nすみません、わがまま[58]って……\nご[1042][1043]《めいわく》のようですので、\n[87]、[154]ります……
0x00103a32	3	【[107][108]】\nま、[99]ってくれ。\nこれからどこに[152]くつもりだ。
0x00103aa5	2	【のぞみ】\nえっ……？
0x00103aea	3	【のぞみ】\n……そういえば[87]、\nどこに[152]くつもりだったんでしょうか？
0x00103b3c	4	【[107][108]】\n（[767][812]だ……\nこの[66]を１[53]にしておくのは\nあまりにも[767][812]だ……）
0x00103b9a	3	【[107][108]】\n（ならオレの[404]が[887]く[140][141]《はんい》で、\n[566][567]な[4][180]いをさせたほうが……）
0x00103bfd	4	【[107][108]】\n……や、やっぱり、\nお[224]いしようかな。\n[4][180]い。
0x00103c75	2	【のぞみ】\n[115][79]ですか！？
0x00103cb0	4	【[107][108]】\nただ、[102]すぐなにかを[75]《たの》もうって\nわけじゃないんだ。\nだから、そのときがきたら[176]えるよ。
0x00103d25	3	【のぞみ】\nは、はい！\nわかりました！
0x00103d65	3	【[107][108]】\n（のぞみは[28][104][215][253][52]の\n[209][160]に[870][308]しているとも[58]える）
0x00103dbd	4	【[107][108]】\n（[203]に[21][22][23]に[215]する[1][2]は、\n[39][66][169][170]のものを[84]ってくるかも\nしれない）
0x00103e21	4	【[107][108]】\n（のぞみを[767][812]な[404]にあわせず、\n[483][131]な[1][2]を[241]る[158][39]はいくらでも\nあるだろう）
0x00103eac	2	【のぞみ】\n……[201]しいんですね、[145][390]。
0x00103ef0	2	【[107][108]】\nなんだ、いきなり。
0x00103f39	4	【のぞみ】\n[87]になにをさせるか、\n[59]えていたんですよね。\n[767]なくない[232][233]はないかも[739]《ふく》めて。
0x00103f9e	2	【[107][108]】\nい、いや、そ、その……
0x00103fec	2	【のぞみ】\nふふ、ありがとうございます。
0x0010402c	3	【[107][108]】\n（まいったな……\nそこまでお[80][163]しか……）
0x0010407a	4	【[107][108]】\n（この[66]は[404]を[1085]《はな》すと[767]ないけど\n[78][4]の[59]えを[1053]み[15]る[314][8]さも\n[84]ってる）
0x001040e2	3	【[107][108]】\n（[75]《たの》む[324][546]を[280][168]《まちが》えなければ、\n[160][231]い[55][158]になってくれそうだ……）
0x00104428	2	【のぞみ】\nいよいよ[283][146]、[732][615]《しゃくほう》ですね。
0x00104473	2	【[107][108]】\n……まあ、そうなればいいんだけどね。
0x001044e0	5	【のぞみ】\n[76][287][288]《だいじょうぶ》ですよ。\n[145][390]は[123][53]なんかじゃありません。\nこれで[732][615]《しゃくほう》されなければ\n[634][233][274][215]《そうさきかん》の[1216][901]《たいまん》ですよ。
0x00104573	4	【[107][108]】\nお、おいおい。\n[20]ろに[67][148][53]がいるのに、\nなかなか[478][944]《かげき》なことを[58]うな……
0x00104600	4	【のぞみ】\n[87]、[283][146]も[293]ます。\nそのときは[273]で[148]いましょう。\n[57][313]、ゆっくりお[97]したいです。
0x00104666	3	【[107][108]】\nああ、そうだな。\nオレも[97]したいことがたくさんある。
0x001046db	3	【のぞみ】\nでは……\n[774]しみにしていますね。
0x00104753	3	【[107][108]】\n[273]で[148]う、か……\n[732][615]《しゃくほう》されたときの[774]しみにしておくか。
0x00104a85	2	【のぞみ】\n……また[293]てしまいました。
0x00104ac6	4	【[107][108]】\nかまわないさ。\nこうして[97]をするだけでも、\n[153]が[774]になるしね。
0x00104b42	3	【のぞみ】\n[102][146]はお[224]いごとを\nしに[293]たんです。
0x00104b89	4	【[107][108]】\nお[224]い？\nまあ……この[814][832]で\nオレにできることなら。
0x00104be8	4	【のぞみ】\nええ。\n[111]は[87]……\n[145][390]のお[4][180]いがしたいんです。
0x00104c3b	3	【[107][108]】\n[4][180]い？\nそれって……
0x00104ca2	4	【のぞみ】\n[87]、[129]っています。\n[145][390]がここで\nなにをしようとしているか。
0x00104cf7	2	【[107][108]】\n…………
0x00104d56	3	【のぞみ】\n[87]、[122][123][53]を[80]つけ[121]したいんです！\nですから……
0x00104da8	2	【[107][108]】\n……いや、それは[162]めたほうがいい。
0x00104e15	5	【のぞみ】\nえっ？\nど、どうしてですか？\nたしかに[87]は[145][390]から[80]れば\n[75]《たよ》りないかもしれませんけど……
0x00104e80	4	【[107][108]】\nいや、[75]《たよ》りになるとか\nならないとかじゃない。\nキミの[114]が[767][812]にさらされるからだ。
0x00104ee5	4	【[107][108]】\nいいかい、これはドラマじゃないんだ。\n[33][53][123]が[78][4]なんだぞ？\n[300][4]をすれば[549]《かえ》り[1003]《う》ちにあう。
0x00104f67	2	【のぞみ】\nですが……
0x00104f9e	4	【[107][108]】\nキミの[153][84]ちはよくわかる。\nでも、ここはオレの[58]うことを\n[98]いてくれ。
0x00105006	2	【のぞみ】\n……はい……
0x00105040	3	【[107][108]】\n（それに……[150][151]は[123][53]だけじゃない。\n[547][439]の[404]もある）
0x001050b0	4	【[107][108]】\n（[300][4]にこの[28][104]に[4]を[121]すと、\nオレが[12][111]を[119][283]できなかったとき、\n[643][123][424]《あつか》いされかねない……）
0x0010512d	5	【[107][108]】\n（それにこの[66]は\n[267]こう[80]ずなところがあるからな……\n[50][51][52]《ひぎしゃ》であるオレに\n[65][164]して[148]いに[293]るくらいだし）
0x001051a7	3	【[107][108]】\n（[1031]の[210]れた[1217]《たこ》なんだよな……\n[4][180]わせるのは[96]し[603]《こわ》い……）
0x0010520c	2	【[107][108]】\n…………
0x00105245	4	【[107][108]】\n（……いや、[99]てよ？\nもしオレの[4][180]いができないなら\n[110][100]はどういう[152][256]に[121]る？）
0x001052ae	4	【[107][108]】\n（また[1031]の[210]れた[1217]《たこ》のように\nフラフラと[41][327]から[256]き[121]して\nしまうんじゃないか！？）
0x00105325	4	【のぞみ】\nすみません、わがまま[58]って……\nご[1042][1043]《めいわく》のようですので、\n[87]、[154]ります……
0x0010538c	3	【[107][108]】\nま、[99]ってくれ。\nこれからどこに[152]くつもりだ。
0x001053ff	2	【のぞみ】\nえっ……？
0x00105444	4	【のぞみ】\n……そういえば[87]、\nどこに[152]くつもりだったんで\nしょうか？
0x00105497	4	【[107][108]】\n（[767][812]だ……\nこの[66]を１[53]にしておくのは\nあまりにも[767][812]だ……）
0x001054f5	3	【[107][108]】\n（ならオレの[404]が[887]く[140][141]《はんい》で、\n[566][567]な[4][180]いをさせたほうが……）
0x00105558	3	【[107][108]】\n……や、やっぱり、\nお[224]いしようかな。お[4][180]い。
0x001055d0	2	【のぞみ】\n[115][79]ですか！？
0x0010560b	4	【[107][108]】\nただ、[102]すぐなにかを[75]《たの》もうって\nわけじゃないんだ。\nだから、そのときがきたら[176]えるよ。
0x00105680	3	【のぞみ】\nは、はい！\nわかりました！
0x001056c0	3	【[107][108]】\n（のぞみは[28][104][215][253][52]の\n[209][160]に[870][308]しているとも[58]える）
0x00105718	4	【[107][108]】\n（[203]に[21][22][23]に[215]する[1][2]は、\n[39][66][169][170]のものを[84]ってくるかも\nしれない）
0x0010577c	4	【[107][108]】\n（のぞみを[767][812]な[404]にあわせず、\n[483][131]な[1][2]を[241]る[158][39]はいくらでも\nあるだろう）
0x00105807	2	【のぞみ】\n……[201]しいんですね、[145][390]。
0x0010584b	2	【[107][108]】\nなんだ、いきなり。
0x00105894	4	【のぞみ】\n[87]になにをさせるか、\n[59]えていたんですよね。\n[767]なくない[232][233]はないかも[739]《ふく》めて。
0x001058f9	2	【[107][108]】\nい、いや、そ、その……
0x00105947	2	【のぞみ】\nふふ、ありがとうございます。
0x00105987	3	【[107][108]】\n（まいったな……\nそこまでお[80][163]しか……）
0x001059d5	4	【[107][108]】\n（この[66]は[404]を[1085]《はな》すと[767]ないけど\n[78][4]の[59]えを[1053]み[15]る[314][8]さも\n[84]ってる）
0x00105a3d	3	【[107][108]】\n（[75]《たの》む[324][546]を[280][168]《まちが》えなければ、\n[160][231]い[55][158]になってくれそうだ……）
0x00105acd	3	【のぞみ】\n……でも、[58]い[121]すのが\n[194]《おそ》かったかもしれませんね。
0x00105b22	2	【[107][108]】\nえ？
0x00105b7c	3	【のぞみ】\n[283][146]、[732][615]《しゃくほう》されるかも\nしれないんですよね？
0x00105bcf	3	【[107][108]】\n……ああ、そうだった。\nまだどうなるかはわからないけど……
0x00105c49	3	【のぞみ】\n[76][287][288]《だいじょうぶ》ですよ。\n[145][390]は[123][53]なんかじゃありません。
0x00105cb0	3	【のぞみ】\n……[283][146]は[273]でお[148]いできるかも\nしれないんですね。
0x00105d00	3	【[107][108]】\nそうだな。\nそれならどんなにいいか……
0x00105d54	3	【のぞみ】\nこれで[732][615]《しゃくほう》されなければ\n[634][233][274][215]《そうさきかん》の[1216][901]《たいまん》ですよ。
0x00105dbc	4	【[107][108]】\nお、おいおい。\n[20]ろに[67][148][53]がいるのに、\nなかなか[478][944]なことを[58]うな……
0x00105e43	4	【のぞみ】\n[87]、[283][146]も[293]ます。\nそのときは[273]で[148]いましょう。\n[57][313]、ゆっくりお[97]したいです。
0x00105ea9	3	【[107][108]】\nああ、そうだな。\nオレも[97]したいことがたくさんある。
0x00105f1e	3	【のぞみ】\nでは……\n[774]しみにしていますね。
0x00105f96	3	【[107][108]】\n[273]で[148]う、か……\n[732][615]《しゃくほう》されたときの[774]しみにしておくか。
0x0010631c	2	【[440][441]】\n[452][153]だったー？
0x00106357	2	【[107][108]】\nあ……あ……
0x00106392	3	【[107][108]】\n[440][441]《あさつゆ》さ～ん！\n[99]ってたんですよ～！
0x00106408	3	【[440][441]】\nごめんねー！\n[157][28]が[67]《た》て[282]《こ》んじゃってさぁ。
0x00106469	5	【[440][441]】\nなにしろ[291][300]が[547][439]なんかに\n[179]《つか》まっちゃったでしょー\n１[53]で[916][329]しなくちゃならないことが\n[1060]えちゃってねー
0x001064ea	2	【[440][441]】\nもう、[238]《いそが》しくて[76][65]なんだから！
0x00106535	4	【[107][108]】\n……いや、ちょっと[99]って。\nこうなったのは[440][441]さんのせいでも\nあるでしょっ！？
0x001065bc	3	【[440][441]】\nえー！？\n[53]のせいにしますか、この[66]は。
0x00106607	5	【[107][108]】\nだって、\n[440][441]さんがあんなに[672]ませるから、\nオレの[669][759]《きおく》がなくなっちゃって\n[547][439]に[166][839]できないんじゃないですか！
0x001066a7	5	【[440][441]】\nいやぁ……まさかこんなことに\nなるなんて[132]わなかったからねぇ。\n[518][153]はなかったのよ。\nごめんね、コウちゃん！
0x00106717	4	【[107][108]】\nかわいく[541]ったって[128]しませんよ。\nここから[121]たら、\n[1218]《おご》ってもらいますからね。
0x00106787	4	【[440][441]】\nあら、いいわよー！\nいいお[673][121]してくれるお[272]は\nたーっくさん[129]ってるから。
0x0010680a	4	【[440][441]】\n２４[428][280]ノンストップで\n[672]ませてあげるわ。\n[583][320]《かくご》しておきなさい！
0x0010686b	4	【[107][108]】\n……あれ？\nなんか[839][496]がずれてきたぞ？\nやっぱり[672]まされるのか、オレ？
0x001068d5	3	【[440][441]】\nまあでも、[452][153]そうで\n[96]しホッとした。
0x00106944	4	【[440][441]】\n『[33][53][123]として[696]《き》[911]《そ》されそうです～！\n[177]けて～！』って[1012]きつかれると\n[132]ったのに。
0x001069b4	4	【[107][108]】\nだって[440][441]さん、\nいつも[58]ってるじゃ\nないですか。
0x00106a03	5	【[107][108]】\n『どんなに[893]《お》い[282]《こ》まれても、\n[15]り[559]すな。\n[214][752]さを[236]った[428][496]で、\n[513]しい[228][366]ができなくなる』って。
0x00106a7f	4	【[107][108]】\nオレが[440][441]さんの[300]で[526]きだして、\nもう５[7]ですよ。\nいいかげん、これくらいはね。
0x00106b08	4	【[440][441]】\nあら、[58]うじゃない。\n[569][66]の[62][383]を[80]ることができて、\nアタシもうれしいわ。
0x00106b75	3	【[440][441]】\n[121][506]もなさそうだし、\nとっとと[154]るわね。
0x00106bbf	3	【[107][108]】\nだーーーっ！\nちょっと[99]ってください！
0x00106c06	4	【[107][108]】\n[154]る[19]に、\nせめて[28][104][79][146]のことだけでも\n[97]してくださいよ！
0x00106c6b	4	【[440][441]】\nフフ、[797][310]《じょうだん》よ。\n[79][146]の[97]、ね。\nどんなことが[98]きたい？
0x00106cca	4	【[107][108]】\nとにかくオレ、\nバーに[3]ったあとの[669][759]《きおく》が\nほとんどないんです。
0x00106d26	3	【[107][108]】\nだからそのときのことを\n[176]えてほしいんですけど……
0x00106d99	5	【[440][441]】\nうーん……\nお[272]にいたときの[97]ねぇ……\n[3][272]したのが２３[428]３０[327][472]《ごろ》\nだったかなぁ。
0x00106e15	5	【[440][441]】\n２[53]ともベロンベロンだったから\nとにかく[672]んで、[672]んで、\n[672]みまくったことくらいしか\nマトモに[583]えてないけど……
0x00106e8a	4	【[107][108]】\n（ウソだ！！\n[440][441]さんは[1219]の[1220][754]《かんぞう》を\n[84]っているじゃないか……！！）
0x00106ef1	4	【[107][108]】\n（……ってツッコミたいけど、\n[153][327][1221]ねて[154]られてもイヤだから\n[222]《だま》っておこう）
0x00106f7d	4	【[440][441]】\nとりあえずコウちゃんがあっという[280]に\n[746]《つぶ》れちゃったから、\nアタシはチビチビ[672]んでたの。
0x0010700b	3	【[440][441]】\nそうしたら、\n[129]ってる[227]が[272]にいたのよね。
0x00107056	2	【[107][108]】\n[205]《だれ》のことです？
0x001070a2	3	【[440][441]】\n[50][34][52]《ひがいしゃ》の[21][22][57][317]よ。\nちょっとした[129]り[264]いだったの。
0x00107108	3	【[107][108]】\nな……なんだって！？\n[440][441]さんが、[50][34][52]《ひがいしゃ》と[129]り[264]い！？
0x00107190	2	【[440][441]】\nええ……
0x001071c7	2	【[107][108]】\nど、どんな[129]り[264]いだったんですか！？
0x0010721c	4	【[440][441]】\nまあまあ、それはいいじゃない！\n[477]と[100]の[215][253]には\n[129]られたくない[977][691]があるものよ。
0x00107280	2	【[107][108]】\n（まさか……そんな[215][253]……？）
0x001072fd	4	【[440][441]】\nしばらくチビチビ[672]んでいて、\n[515][209]《とちゅう》、[57][181]《いったん》[595]を[273]して\nお[336][748]《けしょう》を[178]して……
0x0010739c	4	【[440][441]】\nたしか[595]に[389]《もど》ったときは\nコウちゃんが[404]を[583]ましてて……\n[96]しお[97]したけど、[583]えてない？
0x00107408	3	【[107][108]】\n……あぁ……\n[843][844]《びみょう》に[583]えている[153]が……
0x00107516	3	【[107][108]】\n……っ！\nイテテ……
0x00107556	2	【[440][441]】\nあら、ようやくお[404][583]め？
0x001075b0	3	【[107][108]】\nうわぁっ、[440][441]さん！？\nいつからそこにいたんですか？
0x00107627	3	【[440][441]】\nそりゃ、いるわよ。\nちょっとお[336][748]《けしょう》を[178]していただけ。
0x0010768c	3	【[440][441]】\nコウちゃんはいいの？\nだいぶ[672]んでいたみたいだけど？
0x001076e4	3	【[107][108]】\n……ん、そうですね。\nそれじゃオレも[336][748]《けしょう》を[178]しに……
0x00107788	2	【[440][441]】\n[477]は[538][103]しに[58]わなくてもいいの。
0x001077e7	3	【[107][108]】\n（[672]み[478]ぎた……\nあたまがグアングアン[103]ってる……）
0x00107871	3	【[107][108]】\n……ふぅ。\n[137][102]《ただいま》[389]《もど》りました……
0x001078eb	5	【[440][441]】\n[76][287][288]《だいじょうぶ》？\nトイレのほうで、\nなにか[992]《ど》[677]《な》ってた\nみたいだけど……？
0x00107957	3	【[107][108]】\n……そう[58]えば、トイレで[205]《だれ》かと\n[698]《かた》がぶつかったような……
0x001079b6	3	【[107][108]】\nうーん……\n[583]えてないや。
0x00107a1e	4	【[440][441]】\nま、いいか。\nそれじゃあ、あらためて。\nマスター、ボトル１[115][893][683]ね！
0x00107a7c	4	【[107][108]】\nえぇ～！？\nもう、[394][88]《かんべん》して[300]さいよ～\n[440][441]さん……
0x00107aff	3	【[440][441]】\nなに[58]ってんの、\nまだまだ[672]み[173]りないわよ！
0x00107b4b	3	【[107][108]】\n……アンタ、[1077]《おに》だ、[518][646]《あくま》だ、\n[440][441]だっ！
0x00107bee	2	【[440][441]】\n[170][433]を[297]び[701]てにしなーい！
0x00107c57	3	【[440][441]】\nとにもかくにも、\n[1215][725]までレッツゴー！
0x00107d2b	2	【[107][108]】\n…………
0x00107d64	3	【[107][108]】\n[1215][725]《てんごく》どころか、\n[963][1222]《じごく》へ[700]られたわけか……オレは。
0x00107dd0	3	【[440][441]】\nん？\nなんか[58]った？
0x00107e15	3	【[107][108]】\nいえいえ……！\nそれで？
0x00107e7c	3	【[440][441]】\nあれからすぐに\nコウちゃん[746]《つぶ》れちゃったわね。
0x00107ed7	3	【[440][441]】\n[157][158]ないからアタシが[698]《かた》を[226]して、\n[273]でタクシーを[1210]ったのよ。
0x00107f59	3	【[440][441]】\n[699][464][4]にコウちゃん[23]《ち》の\n[285][30]を[176]えて、お[83]を[413]《わた》してね。
0x00107fb9	4	【[107][108]】\n……だから[23]まで\nたどりつけたんですね、オレ。\nそれでそのあと、[440][441]さんは？
0x00108026	3	【[440][441]】\nアタシはもう[96]し[672]もうと[132]って、\nお[272]に[389]《もど》ったわ。
0x001080a2	2	【[440][441]】\nそしたら[678][408]《じゅうせい》が[272][324]に[677]《な》り[574]《ひび》いて……
0x001080fd	3	【[107][108]】\nなるほど。\n[28][104]が[8][390]したわけですね。
0x00108147	3	【[107][108]】\n（そのあとは[37][38][88][89][90]から[98]いた[97]に\nつながるわけか……）
0x001081a0	4	【[107][108]】\n（[440][441]さんにも[28][104][79][428]のことを\n[795]《くわ》しく[98]きたいけど、\n[20]ろに[67][148][53]がいるからなぁ……）
0x00108212	3	【[107][108]】\n……そういえば、[440][441]さんは\nあのお[272]によく[152]くんですか？
0x0010828d	5	【[440][441]】\nええ、[152]くわよ。\n[752]かに[672]みたいときは、\nＶＩＰルームを[229]りて\n[672]むこともあるしね。
0x001082f4	4	【[107][108]】\nうわっ！\nそんなリッチなことするんだったら、\nオレの[318][319][170]げてくださいよ～！
0x0010835f	5	【[440][441]】\nダ～メ。\nアンタが[57][53][19]になったら\nたんまり[170]げてあげるから\nがんばりなさい。
0x001083bf	2	【[107][108]】\nへーい……
0x00108404	4	【[440][441]】\n……って、いつまでもコウちゃんを\nからかってられないのよね……\n[518]いけど、そろそろ[152]くわ。
0x0010846b	3	【[107][108]】\nすみません、\n[238]《いそが》しいときにわざわざ。
0x001084dd	5	【[440][441]】\nううん、[56]にいいの！\nでも、そんなわけだからアタシも\nここにはなかなか[293]られないと[132]う。\nがんばってね、コウちゃん！
0x00108551	2	【[107][108]】\nへーい、[479][372]《りょうかい》。
0x001085ea	3	【[107][108]】\n（……ふぅ。\n[445][900][57][478]《たいふういっか》だな……）
0x0010888f	1	［『[88][89][90]になったのなら』の[291][327]］
0x001088ae	1	［『[123][13][52]の[13]を[407]くする』の[291][327]］
0x001088cf	1	［『[385]を[745]きなさい』の[291][327]］
0x00108953	3	【[440][441]】\nはろー！\n[452][153]だった？
0x00108993	3	【[107][108]】\n[440][441]さん！\nお[993]しぶりです！
0x001089fd	3	【[440][441]】\nあら、お[993]しぶりとはご[395][396]《あいさつ》ね。\nそれはもっと[1223][270]《ひんぱん》に[293]いって[1224][1225]《さいそく》？
0x00108a6e	4	【[107][108]】\nい、いや、まあ……\nだって、とにかく[1][2]が\n[225]しいんですよ。
0x00108ad3	5	【[440][441]】\nまあ、[153][84]ちはわかるけどね。\nだからというワケじゃないんだけど、\nアタシなりにこの[28][104]の\n[634][233]《そうさ》をしてるのよ。
0x00108b4a	2	【[107][108]】\nえっ、[115][79]ですか？
0x00108b95	5	【[440][441]】\n[115][79]よ。\n……とは[58]っても、\n[102]、[56][104]の[157][28]もあるから、\n[266][152]してやってる[242]じだけどね。
0x00108c2a	5	【[440][441]】\nそこからわかったことは[57]つ。\nどうもこの[28][104]、\nアタシの[478][159]にも[215][253]あるって\nことかな。
0x00108c91	3	【[107][108]】\n[440][441]さんの[478][159]と[215][253]……？\nそれってどういうことですか？
0x00108d01	2	【[440][441]】\n…………
0x00108d3a	3	【[107][108]】\nな、なんスか？\nオレの[227]、じっと[80]つめて……！？
0x00108db2	3	【[440][441]】\nコウちゃんの[122][508][404]な[47][1]、\nあまり[80]たことがなかったからさ……
0x00108e18	2	【[440][441]】\nいい[227]してるなって[132]ったの。
0x00108e5a	4	【[107][108]】\nや、やだなぁ。\n[102]さら[153]がついたんですか、\nオレが[482][519][404]だって。
0x00108eda	3	【[440][441]】\n……[797][310]《じょうだん》[58]えるくらいなら、\nまだまだ[452][153]みたいね。
0x00108f5b	4	【[440][441]】\nま、いいわ。\nアタシの[478][159]について\n[97]してあげる……
0x00108fba	5	【[440][441]】\n……って、その[19]に、\nコウちゃんは[102]、\nどこまでアタシのことを\n[129]ってるのかな？
0x00109029	3	【[440][441]】\n[193]えば、アタシが[26][27]になる[19]に\nなにをしてたか、[129]ってる？
0x00109098	3	【[107][108]】\n[440][441]さんの[661]の[468][261]ですか？\nそれは……
0x001091ad	3	【[440][441]】\nピンポーン！\nなかなかやるわね。
0x001091f2	3	【[107][108]】\nまあ、これくらいは\n[361]めてますよ。
0x0010925d	4	【[440][441]】\nでもそれは、\nアタシのことも[546][51][52]《ようぎしゃ》として\n[80]てるからよね。
0x001092b9	2	【[107][108]】\n…………
0x001092ff	5	【[440][441]】\nフフ、いいのよ、\nアタシたちは[26][27]なんだもの。\nたとえ[114][324]でも、[328]《あや》しいと[132]ったら\nとことん[232]べなさい。
0x00109374	2	【[107][108]】\n……はい。
0x001093df	5	【[107][108]】\n……[98]かせてくれませんか、\nそのときのこと。\nそれから、どうして[88][89][90]を[485]めて、\n[26][27]になったのかも……
0x0010947e	5	【[440][441]】\nブー、[168]《ちが》うわよ。\n[513][372]は……って[58]うと、\nちょっと[58][315]が[407]くなるけど、\nアタシは[661]、[88][89][90]をやっていたの。
0x00109523	3	【[440][441]】\nそれも、\n[21][22]グループの[418][150][88][89][90]《こもんべんごし》をね。
0x00109587	3	【[107][108]】\nし……[21][22]グループの[88][89][90]！？\n[440][441]さんが！？
0x001095eb	3	【[440][441]】\n[227][149]が[65]わったわね。\nそうよね、[98]きたいわよね。
0x0010966d	5	【[107][108]】\n……[98]かせてくれませんか、\nそのときのこと。\nそれから、どうして[88][89][90]を[485]めて、\n[26][27]になったのかも……
0x00109707	3	【[440][441]】\nいいわよ。\nそうね、どこから[97]しましょうか……
0x00109799	2	【[440][441]】\n[39][923][609]《ほうそうかい》ってわかるわよね？
0x001097e7	4	【[107][108]】\n[88][89][90]や[791][28]、[898][228][1014]といった、\n[39][40]に[215][253]する[53]たちの\n[262][148]のことですよね？
0x0010985d	4	【[440][441]】\nええ、そう。\nウチは[39][923][609]《ほうそうかい》に[836][28]《じゅうじ》する[53][165]が\n[82]い[23][1226]だったの。
0x001098d7	4	【[440][441]】\nさっき[58]っていた[88][89][90]や\n[791][28]だけでなく、\n[547][439][1014][871]《けいさつかんりょう》も[82]く[484][121]《はいしゅつ》しているわ。
0x00109976	3	【[440][441]】\nだからアタシも、なにも[59]えずに……\nって[58]うのは[96]し[868][419]《ごへい》があるかな。
0x001099fe	5	【[440][441]】\nとにかくね、\nまるで[297][798]をするくらい\n[79]たり[19]のこととして、\n[88][89][90]の[946][360]を[15]ったの。
0x00109a67	4	【[107][108]】\n……なんだか、\n[102]の[440][441]さんからは\n[509][393]できないですね。
0x00109aca	4	【[440][441]】\nそうでしょうね。\n[79][428]のアタシって\n[842][564]に[23]のメンツに[830][171]されてたもの。
0x00109b35	4	【[440][441]】\nだから、[88][89][90]になるのが\n[404][118]になっちゃってて、\nその[145]のことを[59]えていなかったの。
0x00109bc0	4	【[440][441]】\n[433][39][726][727]に[264][360]したら、\n[102][20]どうしたらいいのか\n[451]にわからなくなっちゃって……
0x00109c4a	4	【[440][441]】\nそこでようやく[41][327]の[53][390]について\n[59]えだしたの。\nそのことを[184][185]に[97]したら……
0x00109cba	5	【[440][441]】\n『[88][89][90]になったのなら、\n[123][13][52]の[13]を[407]くする\n[690][28][898][228]《けいじさいばん》で[385]《うで》を[745]《みが》きなさい』って\n[58]われてね。
0x00109d66	2	【[440][441]】\nその[58][315]に[1227][474]《がくぜん》としちゃった。
0x00109df5	5	【[107][108]】\n……それはオレもなんだかなーって\n[132]いますよ。\n[440][441]さんはこの[58][315]に\nガッカリしたんでしょ？
0x00109e74	5	【[107][108]】\n『[123][13][52]の[13]を[407]くする』……\n[762][179]《たいほ》された[53]のことを\n[63][627]から[123][13][52]と[470]めつけるのって\nどうかと[132]いますよ。
0x00109ef4	3	【[107][108]】\n[203]にオレが[12][111]を[911]《うった》えようとしてる\nこの[67][36]だからこそね。
0x00109f5b	4	【[440][441]】\nそう……\nその[58][315]を[98]いてようやく\n[153]がついたの。
0x00109fb9	5	【[440][441]】\nこの[53]たちは、\n[589]ってる[53]たちを[783]るためじゃなくて、\n[41][327]たちのメンツを[783]るために\nアタシを[88][89][90]にしたんだってね。
0x0010a05c	3	【[440][441]】\nううん、\n[56]にその[291][327]は[153]にならなかったわ。
0x0010a0cf	4	【[440][441]】\n[1227][474]《がくぜん》としたのは\n『[123][13][52]の[13]を[407]くする』……\nってところ。
0x0010a13d	5	【[440][441]】\n『[123][13][52]の[13]を[407]くする』……\n[762][179]《たいほ》された[53]のことを\n[63][627]から[123][13][52]と[470]めつけるのって\nどうかと[132]わない？
0x0010a1bc	4	【[107][108]】\n……そうですね。\nオレが[102]、こんな[67][36]だから\nなおさら[132]います。
0x0010a223	3	【[440][441]】\nその[58][315]を[98]いてようやく\n[153]がついたの。
0x0010a27a	5	【[440][441]】\nこの[53]たちは、\n[589]ってる[53]たちを[783]るためじゃなくて、\n[41][327]たちのメンツを[783]るために\nアタシを[88][89][90]にしたんだってね。
0x0010a318	4	【[440][441]】\nだけど、だからといって、\nあのときのアタシには[184][185]に[122]《ま》っ[267]《こう》から\n[195]らう[1083][153]はなかった……
0x0010a3af	4	【[440][441]】\nそれでも……やっぱり\n[160]から[502][241]することは\nできなかったから……
0x0010a444	5	【[440][441]】\n[184][185]が[338]む[690][28][28][104]《けいじじけん》ではなく、\n[910][28][28][104]《みんじじけん》を[109][79]する\n[88][89][90]になろうと[132]って、\n[260][261]《きぎょう》の[418][150][88][89][90]《こもんべんごし》になったの。
0x0010a515	3	【[440][441]】\nそれが[79][428]のアタシにできる\n[928][57][707]《せいいっぱい》の[166][536]《はんこう》だったわ。
0x0010a577	3	【[107][108]】\nご[184][185]は\n[166][127]されたんじゃないですか？
0x0010a5cd	5	【[440][441]】\nまあね。\nあの[53]たちにとっては、\n[910][28]《みんじ》より[690][28]《けいじ》のほうが[360][170]だっていう、\nつまらない[1228][80]《へんけん》があるからね。
0x0010a676	3	【[440][441]】\nでも、[624]《がん》として[611]《ゆず》らないアタシを[80]て、\n[134][104][277]きで[128]しを[121]したの。
0x0010a6dc	3	【[107][108]】\n[134][104][277]き？\nどんな[134][104]ですか？
0x0010a749	3	【[440][441]】\n[184][185]が[362][363]《しょうかい》する[260][261]《きぎょう》の\n[418][150][88][89][90]《こもんべんごし》になること。
0x0010a7b5	3	【[107][108]】\nそれが、\n[21][22]グループだったわけですか。
0x0010a80d	4	【[440][441]】\nそう。\n[142][255]、[185]の[1229]《し》いたレールから\n[273]れることはできなかった。
0x0010a88f	5	【[440][441]】\nでもね……それでもね、\nほんの[96]しではあるけど\n[627]めて[41][327]が[368]んだレールだったから、\n[57][390][729][730]《いっしょうけんめい》がんばった。
0x0010a935	4	【[440][441]】\n[21][22]グループは[79][428]\nすごい[561]いで[62][383]してたけど、\n[124]で[78][79][758]《きたな》いこともしてたわ。
0x0010a9af	4	【[440][441]】\nおかげさまで、\n[690][28][28][104]《けいじじけん》を[109][79]したことも\nあったわね。
0x0010aa32	4	【[440][441]】\n[124]でやってたことが[152]きすぎて、\nいわゆる[497][498][52]《ぎせいしゃ》も\n[312][53]か[121]ちゃって……
0x0010aa99	3	【[107][108]】\n[21][22]グループには\n[47]と[124]の[227]があるわけですか。
0x0010ab0f	3	【[440][441]】\n[260][261]《きぎょう》の[77][156]というより、\nトップがそうだったってこと。
0x0010ab68	3	【[107][108]】\nトップ……って、\n[21][22][57][317]のことですよね？
0x0010abc4	4	【[440][441]】\nそう。\nだからアタシ、\n[110]とはかなりやりあったわ。
0x0010ac1f	4	【[440][441]】\nでも[184][185]のこともあったから、\n[21][22]グループの[418][150][88][89][90]《こもんべんごし》を\n[485]めようとは[57][313]も[132]わなかった。
0x0010ac98	3	【[107][108]】\nでも[142][255]は[485]めたわけですよね？\nどうしてですか？
0x0010ad0c	2	【[440][441]】\n…………
0x0010ad52	3	【[440][441]】\nただ、[780]かった……\nそれだけよ。
0x0010ad98	3	【[107][108]】\n（こんな[658]しそうな[47][1]の[440][441]さん、\n[80]たことない……）
0x0010ae15	3	【[440][441]】\n……まあ、そんなわけで\n[21][22]とは[149]々と[940][252]《いんねん》があるのよ。
0x0010aed1	3	【[440][441]】\n……あっ、いけない！\nそろそろ[152]かなくちゃ！
0x0010af1e	3	【[107][108]】\n……この[19]も[238]《いそが》しそうでしたけど、\n[102]、どんなことをやってるんですか？
0x0010afa4	5	【[440][441]】\n[53][634]《ひとさが》しよ。\nその[53]について[411][346]な[1][2]を\n[755]《にぎ》っている[1][2][74]と、\nこのあと[148]うことになってるの。
0x0010b022	3	【[107][108]】\n[53][634]《ひとさが》しか……\nやっかいですよね……
0x0010b071	3	【[107][108]】\nオレ、なにもできないですけど、\nがんばってください。
0x0010b0e5	3	【[440][441]】\nアタシも[1230]《おり》の[209]《なか》にいる[53]を\nこき[414]おうなんて[132]ってないわよ。
0x0010b169	4	【[440][441]】\nでも[198]くこっちに[389]《もど》ってきてね。\nそのときは[132]いっきり\nこき[414]ってあげるから。
0x0010b1cb	2	【[107][108]】\nへ、へーい……
0x0010b22c	2	【[440][441]】\nフフ、じゃあね。
0x0010b2c6	5	【[107][108]】\n……[661]の[97]をしてるときの\n[440][441]さんの[227]、\nオレの[129]ってる[440][441]さんじゃ\nなかったな……
0x0010b5d2	3	【[440][441]】\nはろー！\n[452][153]だった？
0x0010b612	2	【[107][108]】\nんー、まずまずってところですかねぇ。
0x0010b657	4	【[107][108]】\n[440][441]さんのほうこそ、\n[53][634]《ひとさが》しで[238]《いそが》しいって\n[58]ってましたけど……？
0x0010b6e5	4	【[440][441]】\nんー、こっちもまずまずかなぁ。\nフフ、２[53][1016]《そろ》って[589]ったものね、\nバッチリって[58]えないのが。
0x0010b753	3	【[107][108]】\nそう[566][567]にバッチリなんて\n[58]えませんよ。
0x0010b79d	4	【[107][108]】\nたとえ[115][79]にうまくいっているときでも。\nそのバッチリが[802][366]になるんです。\nそうじゃないですか？
0x0010b82b	4	【[440][441]】\nええ、そういうことよ。\nわかってきたじゃない、\nコウちゃんも。
0x0010b87f	3	【[107][108]】\nでも、オレの[28][104]のことも\n[387]れないでくださいよ～……
0x0010b8f7	3	【[440][441]】\n[232]べてるわよ。\n[53][634]《ひとさが》しと[266][152]して、だけどね。
0x0010b94d	3	【[107][108]】\nえっ、そうだったんですか？\nなにかいい[1][2][3]りました……？
0x0010b9c9	2	【[440][441]】\nあま～い！
0x0010ba27	5	【[440][441]】\nそんなの[41][327]で……\nって[58]いたいところだけど、\nまだ[414]えるレベルの[1][2]は\nないってのが[513][178]なところかな。
0x0010baa6	2	【[440][441]】\nでもね……
0x0010bb04	3	【[440][441]】\nアナタを[123][13][52]にはさせないわ。\n[126][127]に。
0x0010bb50	2	【[107][108]】\n……[440][441]さん。
0x0010bb8d	3	【[107][108]】\n（この[47][1]は、\n[63][64][57][313][80]たことがある）
0x0010bbdc	4	【[107][108]】\n（そうだ……[169][19]の[147][80]で、\n[440][441]さんの[478][159]について\n[98]いたとき……）
0x0010bc3f	4	【[107][108]】\nよしてくださいよ。\nオレだって[123][13][52]になるつもりなんて\nないですから。
0x0010bcbe	4	【[440][441]】\n……フフ、そうね。\nコウちゃんはコウちゃんで\nがんばってるもんね。
0x0010bd3b	3	【[440][441]】\nでもね、\nいざとなったらアタシが……
0x0010bd81	3	【[107][108]】\n[440][441]さん。\nこれはオレの[28][104]です。
0x0010bde2	2	【[440][441]】\n……！
0x0010be19	4	【[107][108]】\n（なぜだろう。\nその[145]を[58]わせちゃいけないって\n[153]がした……）
0x0010be71	3	【[107][108]】\n[440][441]さんは[53][634]《ひとさが》しに[208][209]して[300]さい。\n[76][287][288]《だいじょうぶ》、オレを[174]じて[300]さいよ。
0x0010bf08	3	【[440][441]】\n……フフ、たくましくなったわね、\nコウちゃん……
0x0010bf57	4	【[107][108]】\n……そんな[900]に[58]われると、\nまるでおふくろに[1231]《ほ》められてる\nみたいですよ。
0x0010bfdd	3	【[440][441]】\nまあ、アタシは[503][89][52][244]わりみたいな\nもんだしね。
0x0010c02c	3	【[107][108]】\n……その[58][315]に[58]い[549]せないのが\nちょっと[658]しいですけど……
0x0010c0db	3	【[440][441]】\nそろそろコウちゃんには\n[97]しておいてもいいかな……
0x0010c128	2	【[107][108]】\nえっ、なんの[97]ですか？
0x0010c18d	3	【[440][441]】\nアタシが[88][89][90]を[485]めた[329][461]……\nこの[19]、[98]きたがってたでしょ？
0x0010c1f6	3	【[440][441]】\n……アタシね、[661]、[160][754][45]を[796]《わずら》ったの。\nううん、[478][159][298]じゃないわね。
0x0010c283	4	【[440][441]】\n[102]も[1232]を[672]み[391]けてるから、\n[35][143][361][152][298]と[58]えば\nそうなのかもしれない。
0x0010c2e3	2	【[107][108]】\n……どういうことですか？
0x0010c349	2	【[440][441]】\n[160][754]を[796]《わずら》ったのは２０００[7]の[1233]。
0x0010c3ae	4	【[440][441]】\n[265]を[770][163]《ふつう》に[517]いてたら[451]に[256][1234]《どうき》が\n[944]しくなって、そのまま[86]《たお》れたの。\n[153]がついたら[45][46]のベッドで[950]《ね》てたわ。
0x0010c446	3	【[440][441]】\nそこで[801][52]に[377]げられた。\nこのままではもって[197][7]だって。
0x0010c4a7	4	【[440][441]】\n[115][79]にショックだったのは、\n[160][754][45]だって[21][22][57][317]に[129]られたとき、\nそれを[329][461]に[372][750]《かいこ》されたこと……
0x0010c52d	4	【[440][441]】\n[57][390][729][730]《いっしょうけんめい》[654][231]して[88][89][90]になったのに、\n[45][153][57]つですべてが\n[594][11]された……
0x0010c5c5	4	【[440][441]】\n[41][1116][41][1055]《じぼうじき》になってたんだろうなぁ……\nアタシ、そのとき、\n[751]んでもいいって[132]ったんだ。
0x0010c633	2	【[107][108]】\n……でも、[440][441]さんは[390]きてる。
0x0010c6a0	4	【[440][441]】\nそうね……\nアタシを[945]《はげ》ましてくれる\n[53]がいたから……
0x0010c6f6	2	【[107][108]】\n…………
0x0010c73c	5	【[440][441]】\n[354][367]《すてき》な[53]だった。\n[201]しくて、[560]も[204]くて。\n[558]《お》ち[282]《こ》んでるアタシを[80]て、\n[149]々と[204]くしてくれたわ。
0x0010c7e1	3	【[440][441]】\nでもそれは\n[771][1]じゃなくて、[403][1]だった。
0x0010c839	4	【[440][441]】\n[110]には[56]に[876]きな[53]がいたの。\n[642][390][428][244]から\nずっと[876]きだったらしくて……
0x0010c8a7	3	【[440][441]】\nアタシの[3]《はい》り[282]《こ》む[521][963]なんか\n[564][474]なかった。
0x0010c923	3	【[440][441]】\nそれでも……２[53]きりでいられる[428][280]が\nうれしかった……
0x0010c99d	4	【[440][441]】\nおかげでアタシの[209]からだんだんと\n[751]にたいという[153][84]ちが\n[819]《うす》れていったの……
0x0010ca0d	5	【[440][441]】\nそれを[79][428][163]ってた[45][46]の\n[793][89][636]さんに[97]したら、\nすぐにでもレシピエント[420][421]したほうが\nいいって[1130]《すす》められてね。
0x0010ca89	2	【[107][108]】\nレシピエント[420][421]？
0x0010cb04	4	【[440][441]】\n[160][754][590][316]を[338]む[36][264]、\nレシピエント[420][421]して[352][353][52]《ドナー》を\n[99]つことになるの。
0x0010cb73	4	【[107][108]】\nそっか。\n[160][754][590][316]を[276]ける[470][382]を\nそこで[625]めたってわけですね。
0x0010cbda	2	【[440][441]】\nええ、そう。
0x0010cc39	4	【[440][441]】\nそして[197][7][219]って、\nアタシの[160][754]が[658][677]をあげだした[472]《ころ》、\n[352][353][52]《ドナー》が[35]れてくれた。
0x0010ccd2	3	【[440][441]】\nだからアタシは\n[102]でも[390]き[391]けていける……
0x0010cd1d	2	【[107][108]】\n…………
0x0010cd7c	4	【[440][441]】\n[102]、アタシの[730]を[830]えてくれてる[160][754]は\n[202]の[53]からもらったもの……\n[242][541]してもしきれないわ……
0x0010cde9	3	【[107][108]】\n……なんで[451]にそのことを\nオレに[97]す[153]になったんですか？
0x0010ce62	5	【[440][441]】\nさあ、なんでだろうね。\nあえて[58]えば、\n[97]すなら[102]しかないって\n[132]ったから……かな。
0x0010ceed	5	【[440][441]】\nなんか、\nコウちゃんがこっちに[121]てきたら、\n[102]までみたいにいじめる[215][253]に\n[389]《もど》っちゃいそうだしね。
0x0010cf5b	2	【[107][108]】\nアハハ、それは[394][88]《かんべん》してください。
0x0010cfa7	3	【[107][108]】\n……でも、オレ、うれしかったです。\nそんなことまで[97]してくれて……
0x0010d001	3	【[107][108]】\n[440][441]さんを、[102]まで[169][170]に[114][64]な\n[183][143]として[242]じるようになりましたし。
0x0010d060	4	【[107][108]】\nもう[440][441]さんはオレの[250][185]……\nじゃなくって、\nお[775]さんみたいなものですから。
0x0010d0e6	2	【[440][441]】\n……いいわよ、[250][185]で。
0x0010d128	2	【[107][108]】\nいやいや、さすがにそれは……
0x0010d190	3	【[440][441]】\n……とにかく、まずは[283][146]ね。\n[121]てくるの、[99]ってるわよ。
0x0010d1e7	3	【[107][108]】\nええ。\nがんばってみます。
0x0010d227	4	【[107][108]】\n（[440][441]さんには\n[149]々と[98]きたいことがあるけど、\nそれは[732][615]《しゃくほう》された[20]でいい）
0x0010d290	3	【[107][108]】\n（まずはオレがここから\n[121]なくちゃいけない……）
0x0010d52e	1	［『[88][89][90]になったのなら』の[291][327]］
0x0010d54d	1	［『[123][13][52]の[13]を[407]くする』の[291][327]］
0x0010d56e	1	［『[385]を[745]きなさい』の[291][327]］
0x0010d5f2	3	【[440][441]】\nはろー！\n[452][153]だった？
0x0010d632	3	【[107][108]】\n[440][441]さん！\nお[993]しぶりです！
0x0010d69c	3	【[440][441]】\nあら、お[993]しぶりとはご[395][396]《あいさつ》ね。\nそれはもっと[1223][270]《ひんぱん》に[293]いって[1224][1225]《さいそく》？
0x0010d70d	4	【[107][108]】\nい、いや、まあ……\nだって、とにかく[1][2]が\n[225]しいんですよ。
0x0010d772	5	【[440][441]】\nまあ、[153][84]ちはわかるけどね。\nだからというワケじゃないんだけど、\nアタシなりにこの[28][104]の\n[634][233]《そうさ》をしてるのよ。
0x0010d7e9	2	【[107][108]】\nえっ、[115][79]ですか？
0x0010d834	5	【[440][441]】\n[115][79]よ。\n……とは[58]っても、\n[102]、[56][104]の[157][28]もあるから、\n[266][152]してやってる[242]じだけどね。
0x0010d8c9	5	【[440][441]】\nそこからわかったことは[57]つ。\nどうもこの[28][104]、\nアタシの[478][159]にも[215][253]あるって\nことかな。
0x0010d930	3	【[107][108]】\n[440][441]さんの[478][159]と[215][253]……？\nそれってどういうことですか？
0x0010d9ad	2	【[440][441]】\n…………
0x0010d9e6	3	【[107][108]】\nな、なんスか？\nオレの[227]、じっと[80]つめて……！？
0x0010da5e	3	【[440][441]】\nコウちゃんの[122][508][404]な[47][1]、\nあまり[80]たことがなかったからさ……
0x0010dac4	2	【[440][441]】\nいい[227]してるなって[132]ったの。
0x0010db06	4	【[107][108]】\nや、やだなぁ。\n[102]さら[153]がついたんですか、\nオレが[482][519][404]だって。
0x0010db86	3	【[440][441]】\n……[797][310]《じょうだん》[58]えるくらいなら、\nまだまだ[452][153]みたいね。
0x0010dc07	4	【[440][441]】\nま、いいわ。\nアタシの[478][159]について\n[97]してあげる……
0x0010dc66	5	【[440][441]】\n……って、その[19]に、\nコウちゃんは[102]、\nどこまでアタシのことを\n[129]ってるのかな？
0x0010dcd5	3	【[440][441]】\n[193]えば、アタシが[26][27]になる[19]に\nなにをしてたか、[129]ってる？
0x0010dd44	3	【[107][108]】\n[440][441]さんの[661]の[468][261]ですか？\nそれは……
0x0010de59	3	【[440][441]】\nピンポーン！\nなかなかやるわね。
0x0010de9e	3	【[107][108]】\nまあ、これくらいは\n[361]めてますよ。
0x0010df09	4	【[440][441]】\nでもそれは、\nアタシのことも[546][51][52]《ようぎしゃ》として\n[80]てるからよね。
0x0010df65	2	【[107][108]】\n…………
0x0010dfab	5	【[440][441]】\nフフ、いいのよ、\nアタシたちは[26][27]なんだもの。\nたとえ[114][324]でも、[328]《あや》しいと[132]ったら\nとことん[232]べなさい。
0x0010e020	2	【[107][108]】\n……はい。
0x0010e059	5	【[107][108]】\n……[98]かせてくれませんか、\nそのときのこと。\nそれから、どうして[88][89][90]を[485]めて、\n[26][27]になったのかも……
0x0010e0f8	5	【[440][441]】\nブー、[168]《ちが》うわよ。\n[513][372]は……って[58]うと、\nちょっと[58][315]が[407]くなるけど、\nアタシは[661]、[88][89][90]をやっていたの。
0x0010e19d	3	【[440][441]】\nそれも、\n[21][22]グループの[418][150][88][89][90]《こもんべんごし》をね。
0x0010e201	3	【[107][108]】\nし……[21][22]グループの[88][89][90]！？\n[440][441]さんが！？
0x0010e265	3	【[440][441]】\n[227][149]が[65]わったわね。\nそうよね、[98]きたいわよね。
0x0010e2b5	5	【[107][108]】\n……[98]かせてくれませんか、\nそのときのこと。\nそれから、どうして[88][89][90]を[485]めて、\n[26][27]になったのかも……
0x0010e34f	3	【[440][441]】\nいいわよ。\nそうね、どこから[97]しましょうか……
0x0010e3e8	2	【[440][441]】\n[39][923][609]《ほうそうかい》ってわかるわよね？
0x0010e436	4	【[107][108]】\n[88][89][90]や[791][28]、[898][228][1014]といった、\n[39][40]に[215][253]する[53]たちの\n[262][148]のことですよね？
0x0010e4ac	4	【[440][441]】\nええ、そう。\nウチは[39][923][609]《ほうそうかい》に[836][28]《じゅうじ》する[53][165]が\n[82]い[23][1226]だったの。
0x0010e526	4	【[440][441]】\nさっき[58]っていた[88][89][90]や\n[791][28]だけでなく、\n[547][439][1014][871]《けいさつかんりょう》も[82]く[484][121]《はいしゅつ》しているわ。
0x0010e5c5	3	【[440][441]】\nだからアタシも、なにも[59]えずに……\nって[58]うのは[96]し[868][419]《ごへい》があるかな。
0x0010e64d	5	【[440][441]】\nとにかくね、\nまるで[297][798]をするくらい\n[79]たり[19]のこととして、\n[88][89][90]の[946][360]を[15]ったの。
0x0010e6b6	4	【[107][108]】\n……なんだか、\n[102]の[440][441]さんからは\n[509][393]できないですね。
0x0010e719	4	【[440][441]】\nそうでしょうね。\n[79][428]のアタシって\n[842][564]に[23]のメンツに[830][171]されてたもの。
0x0010e784	4	【[440][441]】\nだから、[88][89][90]になるのが\n[404][118]になっちゃってて、\nその[145]のことを[59]えていなかったの。
0x0010e80f	4	【[440][441]】\n[433][39][726][727]に[264][360]したら、\n[102][20]どうしたらいいのか\n[451]にわからなくなっちゃって……
0x0010e899	4	【[440][441]】\nそこでようやく[41][327]の[53][390]について\n[59]えだしたの。\nそのことを[184][185]に[97]したら……
0x0010e909	5	【[440][441]】\n『[88][89][90]になったのなら、\n[123][13][52]の[13]を[407]くする\n[690][28][898][228]《けいじさいばん》で[385]《うで》を[745]《みが》きなさい』って\n[58]われてね。
0x0010e9b5	2	【[440][441]】\nその[58][315]に[1227][474]《がくぜん》としちゃった。
0x0010ea38	5	【[107][108]】\n……それはオレもなんだかなーって\n[132]いますよ。\n[440][441]さんはこの[58][315]に\nガッカリしたんでしょ？
0x0010eab2	5	【[107][108]】\n『[123][13][52]の[13]を[407]くする』……\n[762][179]《たいほ》された[53]のことを\n[63][627]から[123][13][52]と[470]めつけるのって\nどうかと[132]いますよ。
0x0010eb32	3	【[107][108]】\n[203]にオレが[12][111]を[911]《うった》えようとしてる\nこの[67][36]だからこそね。
0x0010eb99	4	【[440][441]】\nそう……\nその[58][315]を[98]いてようやく\n[153]がついたの。
0x0010ebf7	5	【[440][441]】\nこの[53]たちは、\n[589]ってる[53]たちを[783]るためじゃなくて、\n[41][327]たちのメンツを[783]るために\nアタシを[88][89][90]にしたんだってね。
0x0010ec9a	3	【[440][441]】\nううん、\n[56]にその[291][327]は[153]にならなかったわ。
0x0010ed0d	4	【[440][441]】\n[1227][474]《がくぜん》としたのは\n『[123][13][52]の[13]を[407]くする』……\nってところ。
0x0010ed7b	5	【[440][441]】\n『[123][13][52]の[13]を[407]くする』……\n[762][179]《たいほ》された[53]のことを\n[63][627]から[123][13][52]と[470]めつけるのって\nどうかと[132]わない？
0x0010edfa	4	【[107][108]】\n……そうですね。\nオレが[102]、こんな[67][36]だから\nなおさら[132]います。
0x0010ee61	3	【[440][441]】\nその[58][315]を[98]いてようやく\n[153]がついたの。
0x0010eeb8	5	【[440][441]】\nこの[53]たちは、\n[589]ってる[53]たちを[783]るためじゃなくて、\n[41][327]たちのメンツを[783]るために\nアタシを[88][89][90]にしたんだってね。
0x0010ef56	4	【[440][441]】\nだけど、だからといって、\nあのときのアタシには[184][185]に[122]《ま》っ[267]《こう》から\n[195]らう[1083][153]はなかった……
0x0010efed	4	【[440][441]】\nそれでも……やっぱり\n[160]から[502][241]することは\nできなかったから……
0x0010f082	5	【[440][441]】\n[184][185]が[338]む[690][28][28][104]《けいじじけん》ではなく、\n[910][28][28][104]《みんじじけん》を[109][79]する\n[88][89][90]になろうと[132]って、\n[260][261]《きぎょう》の[418][150][88][89][90]《こもんべんごし》になったの。
0x0010f153	3	【[440][441]】\nそれが[79][428]のアタシにできる\n[928][57][707]《せいいっぱい》の[166][536]《はんこう》だったわ。
0x0010f1b5	3	【[107][108]】\nご[184][185]は\n[166][127]されたんじゃないですか？
0x0010f20b	5	【[440][441]】\nまあね。\nあの[53]たちにとっては、\n[910][28]《みんじ》より[690][28]《けいじ》のほうが[360][170]だっていう、\nつまらない[1228][80]《へんけん》があるからね。
0x0010f2b4	3	【[440][441]】\nでも、[624]《がん》として[611]《ゆず》らないアタシを[80]て、\n[134][104][277]きで[128]しを[121]したの。
0x0010f31a	3	【[107][108]】\n[134][104][277]き？\nどんな[134][104]ですか？
0x0010f387	3	【[440][441]】\n[184][185]が[362][363]《しょうかい》する[260][261]《きぎょう》の\n[418][150][88][89][90]《こもんべんごし》になること。
0x0010f3f3	2	【[107][108]】\nそれが、[21][22]グループだったわけですか。
0x0010f44a	4	【[440][441]】\nそう。\n[142][255]、[185]の[1229]《し》いたレールから\n[273]れることはできなかった。
0x0010f4cc	5	【[440][441]】\nでもね……それでもね、\nほんの[96]しではあるけど\n[627]めて[41][327]が[368]んだレールだったから、\n[57][390][729][730]《いっしょうけんめい》がんばった。
0x0010f572	4	【[440][441]】\n[21][22]グループは[79][428]\nすごい[561]いで[62][383]してたけど、\n[124]で[78][79][758]《きたな》いこともしてたわ。
0x0010f5ec	4	【[440][441]】\nおかげさまで、\n[690][28][28][104]《けいじじけん》を[109][79]したことも\nあったわね。
0x0010f66f	4	【[440][441]】\n[124]でやってたことが[152]きすぎて、\nいわゆる[497]《・》[498]《・》[52]《・》も\n[312][53]か[121]ちゃって……
0x0010f6dd	3	【[107][108]】\n[21][22]グループには\n[47]と[124]の[227]があるわけですか。
0x0010f753	3	【[440][441]】\n[260][261]《きぎょう》の[77][156]というより、\nトップがそうだったってこと。
0x0010f7ac	3	【[107][108]】\nトップ……って、\n[21][22][57][317]のことですよね？
0x0010f808	4	【[440][441]】\nそう。\nだからアタシ、\n[110]とはかなりやりあったわ。
0x0010f863	4	【[440][441]】\nでも[184][185]のこともあったから、\n[21][22]グループの[418][150][88][89][90]《こもんべんごし》を\n[485]めようとは[57][313]も[132]わなかった。
0x0010f8dc	3	【[107][108]】\nでも、[142][255]は[485]めたわけですよね？\nどうしてですか？
0x0010f952	2	【[440][441]】\n…………
0x0010f998	3	【[440][441]】\nただ、[780]かった……\nそれだけよ。
0x0010f9de	3	【[107][108]】\n（こんな[658]しそうな[47][1]の[440][441]さん、\n[80]たことない……）
0x0010fa5b	3	【[440][441]】\n……まあ、そんなわけで\n[21][22]とは[149]々と[940][252]《いんねん》があるのよ。
0x0010faec	3	【[440][441]】\n……あっ、いけない！\nそろそろ[152]かなくちゃ！
0x0010fb39	3	【[107][108]】\n……この[19]も[238]《いそが》しそうでしたけど、\n[102]、どんなことをやってるんですか？
0x0010fbbf	5	【[440][441]】\n[53][634]《ひとさが》しよ。\nその[53]について[411][346]な[1][2]を\n[755]《にぎ》っている[1][2][74]と、\nこのあと[148]うことになってるの。
0x0010fc3d	3	【[107][108]】\n[53][634]《ひとさが》しか……\nやっかいですよね……
0x0010fc8c	3	【[107][108]】\nでもオレの[28][104]のことも\n[387]れないでくださいよ～！
0x0010fce7	4	【[440][441]】\n[232]べてるわよ。\n[102]はあくまで\n[53][634]《ひとさが》しと[266][152]して、だけどね。
0x0010fd52	2	【[440][441]】\nでもね……
0x0010fdb0	3	【[440][441]】\nアナタを[123][13][52]にはさせないわ。\n[126][127]に。
0x0010fdfc	4	【[107][108]】\nよしてくださいよ。\nオレだって[123][13][52]になるつもりなんて\nないですから。
0x0010fe7b	4	【[440][441]】\n……フフ、そうね。\nコウちゃんはコウちゃんで\nがんばってるもんね。
0x0010fef8	3	【[440][441]】\nでもね、\nいざとなったらアタシが……
0x0010ff3e	3	【[107][108]】\n[440][441]さん。\nこれはオレの[28][104]です。
0x0010ff9f	2	【[440][441]】\n……！
0x0010ffd6	4	【[107][108]】\n（なぜだろう。\nその[145]を[58]わせちゃいけないって\n[153]がした……）
0x0011002e	3	【[107][108]】\n[440][441]さんは[53][634]《ひとさが》しに[208][209]してください。\n[76][287][288]《だいじょうぶ》、オレを[174]じてくださいよ。
0x001100c5	3	【[440][441]】\n……フフ、たくましくなったわね、\nコウちゃん……
0x00110114	4	【[107][108]】\n……そんな[900]に[58]われると、\nまるでおふくろに[1231]《ほ》められてる\nみたいですよ。
0x0011019a	3	【[440][441]】\nまあ、アタシは[503][89][52][244]わりみたいな\nもんだしね。
0x001101e9	3	【[107][108]】\n……その[58][315]に[58]い[549]せないのが\nちょっと[658]しいですけど……
0x0011026d	3	【[440][441]】\nやっぱりコウちゃんには\n[97]しておいてもいいかな……
0x001102ba	2	【[107][108]】\nえっ、なんの[97]ですか？
0x0011031f	3	【[440][441]】\nアタシが[88][89][90]を[485]めた[329][461]……\nさっき、[98]きたがってたでしょ？
0x0011037a	3	【[107][108]】\nあ、ああ……\nでも[97]したくないなら……
0x001103ea	3	【[440][441]】\nううん、[97]しておくわ。\nむしろ、[97]したい。
0x00110436	3	【[107][108]】\n……わかりました、\nお[224]いします。
0x001104a3	3	【[440][441]】\n……アタシね、[661]、[160][754][45]を[796]《わずら》ったの。\nううん、[478][159][298]じゃないわね。
0x00110530	4	【[440][441]】\n[102]も[1232]を[672]み[391]けてるから、\n[35][143][361][152][298]と[58]えば\nそうなのかもしれない。
0x00110590	2	【[107][108]】\n……どういうことですか？
0x001105f6	2	【[440][441]】\n[160][754]を[796]《わずら》ったのは２０００[7]の[1233]。
0x00110692	5	【[440][441]】\n[265]を[770][163]《ふつう》に[517]いてたら\n[451]に[256][1234]《どうき》が[944]しくなって、\nそのまま[86]《たお》れたの。\n[153]がついたら[45][46]のベッドで[950]《ね》てたわ。
0x0011072b	3	【[440][441]】\nそこで[801][52]に[377]げられた。\nこのままではもって[197][7]だって。
0x0011078c	4	【[440][441]】\n[115][79]にショックだったのは、\n[160][754][45]だって[21][22][57][317]に[129]られたとき、\nそれを[329][461]に[372][750]《かいこ》されたこと……
0x00110812	4	【[440][441]】\n[57][390][729][730]《いっしょうけんめい》[654][231]して[88][89][90]になったのに、\n[45][153][57]つですべてが\n[594][11]された……
0x00110891	4	【[440][441]】\n[41][1116][41][1055]《じぼうじき》になってたんだろうなぁ……\nアタシ、そのとき、\n[751]んでもいいって[132]ったんだ。
0x001108ff	2	【[107][108]】\n……でも、[440][441]さんは[390]きてる。
0x0011096c	4	【[440][441]】\nそうね……\nアタシを[945]《はげ》ましてくれる\n[53]がいたから……
0x001109c2	2	【[107][108]】\n…………
0x00110a08	5	【[440][441]】\n[354][367]《すてき》な[53]だった。\n[201]しくて、[560]も[204]くて。\n[558]《お》ち[282]《こ》んでるアタシを[80]て、\n[149]々と[204]くしてくれたわ。
0x00110aad	3	【[440][441]】\nでもそれは\n[771][1]じゃなくて、[403][1]だった。
0x00110b05	4	【[440][441]】\n[110]には[56]に[876]きな[53]がいたの。\n[642][390][428][244]から\nずっと[876]きだったらしくて……
0x00110b73	3	【[440][441]】\nアタシの[3]《はい》り[282]《こ》む[521][963]なんか\n[564][474]なかった。
0x00110bef	3	【[440][441]】\nそれでも……２[53]きりでいられる[428][280]が\nうれしかった……
0x00110c69	4	【[440][441]】\nおかげでアタシの[209]からだんだんと\n[751]にたいという[153][84]ちが\n[819]《うす》れていったの……
0x00110cd9	5	【[440][441]】\nそれを[79][428][163]っていた[45][46]の\n[793][89][636]さんに[97]したら、\nすぐにでもレシピエント[420][421]したほうが\nいいって[1130]《すす》められてね。
0x00110d56	2	【[107][108]】\nレシピエント[420][421]？
0x00110dd1	4	【[440][441]】\n[160][754][590][316]を[338]む[36][264]、\nレシピエント[420][421]して[352][353][52]《ドナー》を\n[99]つことになるの。
0x00110e40	4	【[107][108]】\nそっか。\n[160][754][590][316]を[276]ける[470][382]を\nそこで[625]めたってわけですね。
0x00110ea7	2	【[440][441]】\nええ、そう。
0x00110f06	4	【[440][441]】\nそして[197][7][219]って、\nアタシの[160][754]が[658][677]をあげだした[472]《ころ》、\n[352][353][52]《ドナー》が[35]れてくれた。
0x00110f9f	3	【[440][441]】\nだからアタシは\n[102]でも[390]き[391]けていける……
0x00110fea	2	【[107][108]】\n…………
0x00111049	4	【[440][441]】\n[102]、アタシの[730]を[830]えてくれてる[160][754]は\n[202]の[53]からもらったもの……\n[242][541]してもしきれないわ……
0x001110b6	3	【[107][108]】\n……なんで[451]にそのことを\nオレに[97]す[153]になったんですか？
0x0011112f	5	【[440][441]】\nさあ、なんでだろうね。\nあえて[58]えば、\n[97]すなら[102]しかないって\n[132]ったから……かな。
0x001111ba	5	【[440][441]】\nなんか、\nコウちゃんがこっちに[121]てきたら、\n[102]までみたいにいじめる[215][253]に\n[389]《もど》っちゃいそうだしね。
0x00111228	2	【[107][108]】\nアハハ、それは[394][88]《かんべん》してください。
0x00111274	3	【[107][108]】\n……でも、オレ、うれしかったです。\nそんなことまで[97]してくれて……
0x001112ce	3	【[107][108]】\n[440][441]さんを、[102]まで[169][170]に[114][64]な\n[183][143]として[242]じるようになりましたし。
0x0011132d	4	【[107][108]】\nもう[440][441]さんはオレの[250][185]……\nじゃなくって、\nお[775]さんみたいなものですから。
0x001113b3	2	【[440][441]】\n……いいわよ、[250][185]で。
0x001113f5	2	【[107][108]】\nいやいや、さすがにそれは……
0x0011145d	3	【[440][441]】\n……とにかく、まずは[283][146]ね。\n[121]てくるの、[99]ってるわよ。
0x001114b4	2	【[107][108]】\nええ。がんばってみます。
0x001114f3	4	【[107][108]】\n（[440][441]さんには\n[149]々と[98]きたいことがあるけど、\nそれは[732][615]《しゃくほう》された[20]でいい）
0x0011155c	3	【[107][108]】\n（まずはオレがここから\n[121]なくちゃいけない……）
0x00111897	2	【[477]】\nやあ、[452][153]だったかい、[105][106][571]。
0x001118dd	2	【[107][108]】\nすみません、[147][80][234][479]《せっけんしゅうりょう》で[142][61]です。
0x00111995	5	【[477]】\nま、[99]ちたまえ！\nその[995][447]の[127][167]はなんだ！\n[67][148][53]の[253][1014]も\n[528]《おどろ》いているじゃないか！
0x00111a28	4	【[477]】\nわざわざこうして[661]の[740][53]が\n[1037][209][80][1038]《じんちゅうみま》いにやってきたっていうのに、\nそのつれない[832][313]はないだろう！
0x00111a9c	3	【[107][108]】\nなにが[1037][209][80][1038]《じんちゅうみま》いだよ。\n[214]やかしにきただけだろ。
0x00111b28	4	【[477]】\nフ、フフン、そうとも[58]うね。\nようやくボクの[509]いが[2]《むく》われるときが\nやってきたんだから。
0x00111b8f	2	【[107][108]】\nなんだよ、その[509]いってのは？
0x00111bde	5	【[477]】\n[470]まっているだろう。\nあの[472]《ころ》、[312]かにつけていつもボクの\n[19]に[67]っていたキミの…って、\n[521][340]なお[415][97]だ！
0x00111c7a	5	【[477]】\nそもそもキミは[102]、ボクのパパに\nお[415][97]になっているというのに、\nボクに[127]する[242][541]の[58][315]は\nないのかっ！
0x00111ceb	5	【[107][108]】\nまぁたしかに[37][38][442][443][444][88][89][90]《せんせい》には\n[57][313][395][396]《あいさつ》したいけど、\nその[831][66]でしかないボンボンの\n[1036][443][444]《しんたろう》[571]にはとりわけなにも……
0x00111dad	4	【[1036][443][444]】\nフン。\nキミに[160][79]たりがなくても、\nボクには[76]ありなんだよ。
0x00111e2b	3	【[1036][443][444]】\nボクの[1235][649]《かれい》な[53][390]の[209]で、\nキミの[183][143]だけが[1113][57]《ゆいいつ》の[758][496]《おてん》なんだ。
0x00111ec3	5	【[1036][443][444]】\nそのキミが\n[657][308][36]に[3]れられているなんて、\nこの[354][355]らしき[121][293][28]を\nこの[404]で[80]ずにいられようか！
0x00111f33	5	【[107][108]】\nうーん……\nなんでオレ、\nそこまでオマエの[404]《め》の[367]《かたき》に\nされてるのかわからないんだけど……
0x00111fc6	5	【[1036][443][444]】\n……[387]れもしない。\nあれはボクが[39][66][571]と２[53]っきりで\n[268][28]をしようと\nお[540]《さそ》いしたときのこと……
0x00112049	3	【[1036][443][444]】\nなぜかキミがノコノコとついてきて、\nあろうことかキミの[327]まで[1218]《おご》らされ……
0x001120aa	5	【[107][108]】\nでもあれに[215]しては\n『[37][38][571]が[1218]《おご》ってくれるから\n[57][427]《いっしょ》にいこ』って[39][66]が[58]うから\nついて[152]ったんだけど？
0x00112128	4	【[107][108]】\nオマエ、\nちゃんと２[53]っきりって[19][352]で\n[39][66]を[540]《さそ》ったのか？
0x001121aa	3	【[1036][443][444]】\nうっ……２[53]っきりって[58]ったら\n[547][949]《けいかい》されるかなと[132]って……
0x0011220b	2	【[107][108]】\n…………
0x0011226a	5	【[1036][443][444]】\nそ、それだけじゃないぞ！\n[583]えているか？\n[1119][1236][176][1092]《せんせい》のヅラ[850][236][28][104]の\nときだって……
0x001122e9	5	【[1036][443][444]】\nせっかくボクが\nチャンスとばかりに\nキミが[123][53]だとウソの[119][58]を\nしていたのに……
0x00112371	5	【[1036][443][444]】\nキミが[1235][649]《かれい》に[122][123][53]《ポチ》を[80]つけて、\nみんなから[1237][1070]されて……\nボクの[340][500]では、キミはみんなの\n[125]いものになるハズだったのに！
0x001123fe	2	【[107][108]】\nそりゃ[240][550]だったな……
0x00112456	4	【[107][108]】\n……つか、オマエかよっ！\nあの[28][104]で\nオレに[809]《ぬ》れ[810]《ぎぬ》を[71]せたのは！
0x001124be	5	【[107][108]】\nでもまあ、\nあれはあれで[774]しかったけどな。\nオレをハメるならもう[96]し\n[617][618]なワナを[157]《し》[72]《か》けたほうがいいぞ。
0x0011255a	4	【[1036][443][444]】\nクッ……\nそ、そんなことで\n[14]ったと[132]うなよ！
0x001125b7	3	【[1036][443][444]】\n[39][66][571]は[102]、\nボクのそばにいるんだ！
0x00112603	3	【[107][108]】\nだけど[102]はオレの[109][79][88][89][90]だ。\n[64]い[183][143]って[382][55]でなら[275]けないぜ。
0x00112689	2	【[1036][443][444]】\nフフフ、キミの[109][79]……ね。
0x001126f5	4	【[1036][443][444]】\n[394][168]《かんちが》いしないでほしいのは、\n[881][537]というわけじゃないって\nことだよ。
0x00112763	4	【[1036][443][444]】\n[110][100]は[201][908]《ゆうしゅう》な[53]だから、\n[202]にも[343]《かか》えている[28][104]が\nいくつもあるんだ。
0x001127f5	4	【[1036][443][444]】\nむしろキミの[28][104]なんか[813][4][280]に\n[232]べているだけ。\nそれを[522][327]に[458][605]したほうがいい。
0x0011285d	2	【[107][108]】\n…………
0x001128bc	3	【[1036][443][444]】\nおっと、そろそろ[154]らないと。\nこう[80]えてボクは[238]《いそが》しいんでね。
0x00112932	2	【[107][108]】\n[433][39][726][727]の[654][231]か？
0x0011299d	2	【[1036][443][444]】\nな、なぜ、それをっ！？
0x001129df	2	【[107][108]】\nいや、[394]《かん》だよ……[567]なる。
0x00112a4d	3	【[1036][443][444]】\n……っ！\n[583]えていろ！
0x00112ace	4	【[107][108]】\n（……[10][509]はしてたけど、\nやっぱりアイツ、[433][39][726][727]\n[276]かってなかったんだな……）
0x00112e01	2	【[1036][443][444]】\nやあ！
0x00112e62	2	【[107][108]】\n………
0x00112ea6	3	【[1036][443][444]】\nおや、どうしたんだい？\n[452][153]ないみたいじゃないか？
0x00112ef7	4	【[107][108]】\nオマエの[227]はなんだな、\n[928][632][131]を[798]い[15]る[203][1238][572][221]《とくしゅさよう》が\n[686]わっているな。
0x00112f87	2	【[1036][443][444]】\n……どういう[382][55]だい？
0x00112fca	5	【[107][108]】\n[382][55]がわからないなら、\nそれでいい。\n……で、なんの[221]もなく\n[293]たわけじゃないんだろ？
0x00113056	5	【[1036][443][444]】\nなにを[58]っているんだい。\nボクらは[740]だちじゃないか。\n[160][171]でやってきたというのは\n[329][461]にならないのかい？
0x001130c7	4	【[107][108]】\nほー\nじゃあお[83]を[226]してくれないか？\n[382][273]と[657][308][36]の[209]って[165][3]りでな。
0x0011314d	2	【[1036][443][444]】\nい、いくら[226]したらいいんだい……？
0x00113196	3	【[107][108]】\nそうだな……\nとりあえず１０[1239]くらい[75]《たの》む。
0x0011320e	3	【[1036][443][444]】\nじゅ、１０[1239]っ！？\nそ、そんなには[414]わないだろ！？
0x00113264	3	【[107][108]】\n[414]うわけないだろ。\n[797][310]《じょうだん》だ。
0x001132d6	4	【[1036][443][444]】\n……コ、コホン。\nそうそう、キミの[797][310]《じょうだん》なんかに\n[277]き[264]っている[36][264]じゃなかった。
0x00113345	5	【[107][108]】\nそもそも[797][310]《じょうだん》を[58]い[400]めたのは\nオマエのほうだろ？\nオレを[160][171]して[293]たなんて、\nどんな[797][310]《じょうだん》かと[132]ったよ。
0x001133d3	4	【[1036][443][444]】\nフン……まあいいさ。\n[102][146]はキミに[782][377]《ちゅうこく》があって\nやって[293]たんだ。
0x00113437	3	【[107][108]】\n[782][377]《ちゅうこく》？\nいったいなんだ？
0x0011348d	4	【[1036][443][444]】\n[39][66][571]のことさ。\n[110][100]はまだ[0][53]の[88][89][90]だけど、\n[28][29][30][324]での[379][469]は[31]くてね。
0x00113525	4	【[1036][443][444]】\n[110][100]の[1100][302]をいち[198]く[80]《み》[175]《ぬ》き、\nパパに[362][363]《しょうかい》したのはボクだからね。\nボクも[1240]が[31]いよ……アハハ。
0x001135aa	5	【[107][108]】\nで、[782][377]《ちゅうこく》ってなんなんだ？\nボクは[39][66]に[893]いつくために\n[433][39][726][727]の[654][231]をしているから\n[645][646]《じゃま》をしないで、って[97]か？
0x00113659	5	【[1036][443][444]】\n[168]《ちが》うっ！\nたしかにボクは\n[433][39][726][727]の[654][231]を……って、\nそんなことはどうでもいいんだっ！
0x001136d6	4	【[1036][443][444]】\nボクが[58]いたいのは、\n[110][100]の[121][415]の\n[645][646]《じゃま》をするなってことだよっ！
0x00113739	2	【[107][108]】\n……[39][66]の[121][415]の[645][646]《じゃま》、だって？
0x001137af	5	【[1036][443][444]】\nそうさ。\nパパだって[58]っているんだ。\n[110][100]は[422][293]ウチの[28][29][30]を[570]《つ》いでも\nおかしくない[489]《うつわ》だってね。
0x0011382b	2	【[107][108]】\n[831][66]のオマエを[1159]し[308]いて？
0x00113894	5	【[1036][443][444]】\n……ん、んんっ！\nそ、そういうことではなく、\nそれくらいの[1100][302]を[84]っているって\n[97]さ。
0x00113923	4	【[1036][443][444]】\n[110][100]はウチの[28][29][30]に[3]ってから\nずっとパパのサポートを\n[391]けてきたんだ。
0x00113992	4	【[1036][443][444]】\nそのパパが[58]っているんだ。\nそのうちのいくつかを\n[110][100]に[286]せてもいいってね。
0x00113a00	4	【[1036][443][444]】\nなのに、[102]の[110][100]は\nこんなつまらない[28][104]を[109][79]している。\nもったいないと[132]わないか？
0x00113a68	5	【[107][108]】\n……[28][104]の[76]きさで[58]えば、\n[261][609]トップ[260][261]《きぎょう》の[244][47]が\n[33]されたこの[28][104]だって\n[1189]《ば》[1190]《か》にはならないぜ？
0x00113b12	5	【[1036][443][444]】\nハン！\nキミみたいに[26][27]なんていう\n[1241][165]《ぞくぶつ》な[415][609]で[390]きている[53][280]には\nわからないだろうけどね……
0x00113bad	3	【[1036][443][444]】\n[76]きい[766]さいだけでは[684]れない\n[28][104]の『[156]』ってものがあるんだよ。
0x00113c16	5	【[1036][443][444]】\n[193]えばパパは\n[205]《だれ》もが[129]っているような[980][935][23]や\nあまり[76][408]で[73][19]を[58]えないような\n[76][165][1014][871]《おおものかんりょう》とも[277]き[264]いがある。
0x00113cb1	5	【[1036][443][444]】\n[110]らは[725]の[63][19][213]で[526]くが[794]《ゆえ》に\n[767][812]な[157][28]をする[274][148]も[82]い。\nときには[39]スレスレの[152][256]を\nとることもある。
0x00113d3d	5	【[1036][443][444]】\nそんな、\n[47][508][336]させてはいけない[28][104]を\n[124]でまとめる[941][1168]《こうしょう》には\n[406]めて[31][313]なテクニックが[378][346]になる。
0x00113dc5	4	【[1036][443][444]】\n[57][158]で、そういった[303]しい[941][1168]《こうしょう》を\n[62][606]させれば、それは[174][75]《しんらい》となって\n[980][609]にまで[73]が[163]るようになる。
0x00113e6d	5	【[1036][443][444]】\nだからパパとしては\nもっとハクが[277]くような[76]きな[28][104]を\n[109][79]して[219][727]を[405]んでほしいと\n[59]えているんだ。
0x00113f06	4	【[1036][443][444]】\nなのに、[1220][160]《かんじん》の[39][66][571]ときたら、\nキミの[28][104]につきっきり。\nもったいないと[132]わないか？
0x00113f82	2	【[107][108]】\n……おい。
0x00113fe1	2	【[1036][443][444]】\n……ん、なんだい？
0x00114028	4	【[107][108]】\nいいか、[28][104]に[156]があるだとか\nなんだとかほざく[19]に、\nその[766]さな[975]みそでよく[59]えてみろ。
0x0011408f	4	【[107][108]】\n[53]が１[53][751]んでるんだぞ。\n[751]んだ[53]には[23][60]だっているし、\n[740][53]だっていただろう。
0x001140f5	3	【[107][108]】\nそういった[53]たちの[509]いを\nオマエは[59]えたことがあるか？
0x0011416b	2	【[1036][443][444]】\nき、[451]に、なにを[58]うんだい！？
0x001141b3	5	【[107][108]】\nオレだって[41][327]の[12][111]を\n[911]《うった》えることだけに[378][751]だった……\n[110]らの[658]しみなんか\nかまってる[1242]《ひま》もなかった……
0x00114230	3	【[107][108]】\nだから[1187]《えら》そうなことを\n[58]うつもりはない……
0x00114289	4	【[107][108]】\nだけど[110]らの[153][84]ちを\n[96]しでも[59]えれば、\n[28][104]に[201][1243]《ゆうれつ》なんかつけられないだろっ！
0x001142f3	5	【[107][108]】\nそれにお[1187]《えら》いさんの[28][104]だかなんだか\n[129]らないが、\nオマエが[58]うハクってヤツがそんなに\n[76][28]なら[39][66]に[178][147][58]えよっ！
0x0011437d	4	【[1036][443][444]】\nい、[58]ったさ。\nでも[110][100]はキミの[28][104]を\n[109][79]したいって[58]うから、キミに……
0x001143e2	4	【[107][108]】\nなら、それが[110][100]の[382][108]なんだ！\n[39][66]の[53][390]はオマエが\n[470]めるものじゃないだろう！
0x0011446d	2	【[1036][443][444]】\n……くっ！
0x001144da	2	【[107][108]】\n…………
0x00114539	3	【[1036][443][444]】\n[102][146]のところは[154]るよ。\nだけどね、[57]つだけ[166][839]させてもらう。
0x001145b9	4	【[1036][443][444]】\nキミは[39][66][571]の[53][390]を[470]めるのは\nボクじゃないって[58]っていたよね。\nその[58][315]、キミにそっくり[549]すよ。
0x0011462b	2	【[107][108]】\nなに……？
0x00114671	4	【[1036][443][444]】\nウチにはいい[88][89][90]がたくさんいる。\nその[209]からこの[28][104]の[109][79]に、\n[385]《うで》の[67]つ[88][89][90]を[103]してもいい。
0x001146f7	4	【[1036][443][444]】\n[82][96]の[1040][163]《ゆうづう》を[314]《き》かせることもできる。\nその[170]で[110][100]にこだわるのであれば、\n[571]のエゴだ。
0x0011476c	2	【[107][108]】\n…………
0x001147b2	2	【[1036][443][444]】\nじゃあね。
0x00114822	3	【[107][108]】\n（たしかにアイツの[58]うことには\n[57][329]あるのかもしれない）
0x00114874	5	【[107][108]】\n（[28][104]の[156]って[58][315]は\n[153]にくわないが……\n[39][66]が[600][99]されてるのは\n[28][111]だろう）
0x001148dc	3	【[107][108]】\n（[1036][443][444]は、[385]《うで》の[67]つ[88][89][90]を\n[221][382]すると[58]った……）
0x0011493c	3	【[107][108]】\n（それでも[39][66]にこだわるのは、\nオレのエゴでしかないのか……？）
0x00114c76	2	【[107][108]】\n…………
0x00114cbc	2	【[1036][443][444]】\n……[247][146]の[139]えを[98]きに[293]たよ。
0x00114d06	2	【[107][108]】\n[247][146]の[139]え、か……
0x00114d76	2	【[1036][443][444]】\n[387]れたのか！？
0x00114dba	3	【[107][108]】\n[387]れてないさ。\n[39][66]のことだろう？
0x00114e27	4	【[1036][443][444]】\nどうなんだ？\nこれからもキミのエゴで、\n[110][100]を[314][221]するつもりなのか？
0x00114e84	3	【[107][108]】\n……たしかに\nオマエの[112][113]には[57][329]ある。
0x00114ed0	4	【[107][108]】\n[39][66]の[422][293]を[59]えれば\n[109][79]を[273]してもらったほうが\nいいのかもしれない。
0x00114f53	4	【[1036][443][444]】\n[693][1244]《じゅんすい》に[110][100]のことを[59]えれば、\n[41]《おの》ずと[139]えは[470]まってくるはずさ。\nようやくそれに[153]づいたんだね。
0x00114fce	4	【[107][108]】\n……そのことだけどな。\nオマエは[57]つ、\n[76]きな[280][168]《まちが》いを[123]してる。
0x0011503c	2	【[1036][443][444]】\n……なんだい、それは？
0x0011507e	5	【[107][108]】\n[39][66]はこの[28][104]の[109][79]を\n[391]けたいと[58]った。\nオレも[39][66]に[109][79]を[391]けてほしいと\n[132]ってる。
0x001150eb	4	【[107][108]】\nだったら、それでいいじゃないか。\n[115][53]の[382][108][169][170]に[76][210]なものなんて\nないってことさ。
0x00115177	2	【[1036][443][444]】\nクッ……
0x001151c7	3	【[1036][443][444]】\nけ、[142][255]、[1187]《えら》そうなことを[58]ったって、\n[41][327][14][4]なだけじゃないかっ！
0x00115239	3	【[1036][443][444]】\n[110][100]を[432]せにできるのはボクだけ……\n[470]してキミなんかじゃないっ！
0x00115294	5	【[107][108]】\nそれが[115][676]か……\nまあ、そうかもしれないな。\nオレじゃ、\n[39][66]を[432]せにできないかもしれない。
0x00115324	4	【[1036][443][444]】\nハ、ハハ……\nなんだ、わかってるんじゃないか……\nなら、[102]すぐに……
0x00115383	4	【[107][108]】\n……なあ、[1036][443][444]。\nそういうことはオレじゃなく、\n[39][66]に[178][147][58]えよ。
0x0011540a	2	【[1036][443][444]】\nなっ……！？
0x00115447	4	【[107][108]】\nオマエもカッコつけてるだけじゃなくて、\nたまには[115][153]でぶつかってみろよ。\nそのほうが[153][84]ちは[180]わるぞ。
0x001154e3	2	【[1036][443][444]】\n……クッ！
0x00115587	2	【[107][108]】\n[1036][443][444]……
0x0011587d	2	【[107][108]】\n（うわ……この２[53]か！）
0x001158ee	3	【[100][66][31][390]】\nやっほー！\n[452][153]だった、[636][637]《ししょう》！？
0x00115968	4	【[100][66][31][390]】\nダ、ダメよ、[633]《あかね》ちゃん……\nここはそんな[283]るく[395][396]《あいさつ》する[36][30]じゃ\nないんだよ……
0x00115a04	5	【[633]】\nそう？\n[598]《あおい》は[749]かいねぇ。\nじゃあ、えっと……この[313]は\nご[1245][860][136]《しゅうしょうさま》です、[107][108]さん。
0x00115aa0	3	【[598]】\n……ある[382][55]、[280][168]《まちが》いではないけど、\nそれも[168]《ちが》うよ、[633]ちゃん。
0x00115b04	3	【[107][108]】\n……おい。\nオレは[1246][1100]《まんざい》の[381][1051]なんかしてないぞ。
0x00115b81	2	【[598]】\nえっ……あ、す、すみません！
0x00115be9	5	【[633]】\nいいじゃん、いいじゃん！\n[1230]《おり》の[209]じゃ[1247][774]《ごらく》が[96]ないっしょ？\nなんなら[1246][1100]《まんざい》だけじゃなく、\nコントもやっちゃうけど？
0x00115c85	4	【[107][108]】\nいらん！\n[96]しは[598]を[80][902]って、\nお[19]もＴＰＯをわきまえろ！
0x00115d08	5	【[633]】\nＴＰＯってなに？\nタイムパトロール？？\nつまり、[428][280][547][439]ってこと！？\nなにそれ、かっこよさげ！
0x00115d9c	3	【[598]】\nすみません……\nあとで[176]えておきますので……
0x00115de6	2	【[107][108]】\n……ふぅ。
0x00115e1f	4	【[107][108]】\n（このにぎやかな２[53]は、\nウチの[26][27][28][29][30]の[64]くにある\n[31][32]の[390][635]だ）
0x00115e82	3	【[107][108]】\n（うるさいほうが[632][38][633]《かんざきあかね》で、\n[752]かなほうが[24][12][429][598]《みなづきあおい》）
0x00115ef3	4	【[107][108]】\n（[169][19]、２[53]が[163]《とお》り[646]《ま》[28][104]《じけん》に\n[1066]《ま》き[282]《こ》まれたときにオレが[177]けて……\nそれ[169][293]、[844]《みょう》になつかれてしまった）
0x00115f86	4	【[107][108]】\nこんな[428][280]にこんなところに\nいていいのか？\n[642][32]はどうしたんだよ？
0x00116004	3	【[633]】\n[102][146]は２[475]で[1092][261]は[234]わりなんだ。\nだから[102]は[291][358][256]ってわけ。
0x0011605e	3	【[107][108]】\n[291][358][256]って、オマエたち２[53]きりの\n[26][27][291]のことか？
0x001160d8	4	【[633]】\nいやはや、\n[636][637]《ししょう》には[291][821]を[352][353]してもらって\nいつも[242][541]してます。
0x00116138	3	【[107][108]】\nいやいや、あそこは[28][29][30]だから。\n[14][4]に[291][821]にするな。
0x0011618e	3	【[107][108]】\n……[115][79]に[1092][261]は\n[234]わったんだろうな？
0x00116200	2	【[633]】\nホントだって！
0x00116237	2	【[107][108]】\n……[598]、[115][79]か？
0x0011629d	3	【[598]】\nは、はい。\nホント……です。
0x001162df	3	【[107][108]】\nふーん……[598]が[58]うなら、\n[174][221]するけど。
0x00116352	5	【[633]】\nぶー！\nなんかアタシの[424]《あつか》い、ひどくない？\nま、まさか[636][637]《ししょう》！\n[598]のことが……？
0x001163e6	3	【[598]】\nな、なにを[58]い[121]すの、[633]ちゃん……\nそんなわけ……
0x0011645d	5	【[633]】\nダメダメダメ！\n[636][637]《ししょう》はアタシの[699][730]の[53]なんだから！\nこればっかりは\nいくら[598]でも[611]《ゆず》れないよ！
0x001164d3	4	【[107][108]】\nったく、[78][65]わらず\n[53]の[97]を[98]かないヤツだな……\nで、なんの[221]だ？
0x00116556	3	【[633]】\nなんの[221]だ、なんて……\nつれないなぁ、[636][637]《ししょう》。
0x001165b7	4	【[633]】\nショボーン……\nって[558]《お》ち[282]《こ》んでるんじゃないかと\n[132]ったからさ！
0x0011663a	4	【[633]】\n[452][153]をわけてあげようと[132]って\n[1129][293]の[1248]《よめ》が\n[1249]々《はるばる》[311]ねて[293]たんじゃない。
0x001166a2	2	【[107][108]】\n[205]《だれ》が[1129][293]の[1248]《よめ》だよ。
0x00116711	4	【[598]】\nあ、あの……\nご[1042][1043]《めいわく》でしたら、\nすぐに[154]りますから……
0x0011676b	3	【[107][108]】\nありがとう、[598]。\n[76][287][288]《だいじょうぶ》、そんなに[1042][1043]《めいわく》でもないよ。
0x001167f5	3	【[598]】\nそ、そうですか……\nそれなら、[204]かったです。
0x00116866	5	【[633]】\nずるーい、[598]ばっかり！\nそもそも[58]い[121]しっぺは\nアタシなんだからさ、\nお[237]を[58]うならまずアタシにしてよ！
0x001168d2	3	【[107][108]】\nはいはい。\nありがとよ、[633]。
0x0011693b	3	【[633]】\nぶー！\nなんか、アタシのほうは[1250]げやり～！
0x00116984	3	【[107][108]】\n[797][310]《じょうだん》だよ。\n[115][153]で[242][541]してるって。
0x001169fc	3	【[633]】\nホント？\nなら[204]かった～
0x00116a3a	2	【[107][108]】\nわざわざ[518]かったな。
0x00116a77	4	【[107][108]】\nオレもまさか[114]に[583]えのない[28][104]で\n[762][179]《たいほ》されるなんて[132]ってなかったから、\n[513][178]、ちょっとだけへこんでたんだ。
0x00116b15	3	【[633]】\nやっぱりそうなの？\nニュースで[58]ってたとおりだね。
0x00116b60	2	【[107][108]】\n……ニュースでは、なんて？
0x00116bc8	4	【[598]】\n『[546][51][52]《ようぎしゃ》の[105][106][107][108]は[33][34]を\n[594][458]している』って。\n[842][564]に[123][53][424]《はんにんあつか》いでした。
0x00116c41	4	【[107][108]】\nま、そんなもんだろ、マスコミなんて。\n[594][458]してることは[28][111]だけど、\n[111][155]はちょっと[168]《ちが》うんだよな。
0x00116cd9	2	【[633]】\nどういうこと？
0x00116d10	5	【[107][108]】\n[28][104][79][428]、\nオレは[673]に[647]《よ》いつぶれてて\nなにも[583]えてないんだ。\n[35][36]にいたのかどうかさえわからない。
0x00116da8	5	【[598]】\nでも、[547][439]は\n[174]じてくれませんよね……\n[669][759]《きおく》のあるなしなんて、\n[115][53][169][273]わかりませんから。
0x00116e3e	4	【[633]】\nねぇ、でもさ、[636][637]《ししょう》。\nテレビでは[846][489]《きょうき》に[356][847]《しもん》が\nついてたって[58]ってたよ？
0x00116eb0	3	【[107][108]】\n……ああ、それは[28][111]だ。\n[205]《だれ》かがオレをハメようとしてるんだ。
0x00116f4a	4	【[633]】\nおおっ、ミステリーだね！\nゾクゾクする[849][587]だなぁ……\nさすが[636][637]《ししょう》！
0x00116fb0	4	【[107][108]】\n[202][53][28]だと[132]って[665]んでんなよ。\nだいたい、\nオレはオマエの[636][637]《ししょう》じゃねえ！
0x0011703c	4	【[633]】\nあ、ひっどいなぁ！\nアタシたち、[665]びのつもりなんて\nこれっぽっちもないよ！
0x001170bb	3	【[633]】\nアタシたち、\n[636][637]《ししょう》の[4][180]いをしに[293]たんだから！
0x0011710f	2	【[107][108]】\nそんな[767][812]なこと、させられるか！
0x0011717a	5	【[633]】\n[76][287][288]《だいじょうぶ》だって！\n[122][123][53]がどこのどいつか[129]らないけど、\nまさかかわいい[100][66][31][390]が\n[634][233]《そうさ》してるなんて[132]わないっしょ！
0x00117201	2	【[107][108]】\nそういう[150][151]じゃなくてだな……
0x0011726b	4	【[598]】\nあ、[633]ちゃん、\n[111][131]テストが[400]まるよ……\n[654][231]、[76][287][288]《だいじょうぶ》？
0x001172ce	4	【[107][108]】\nなんだ、テストがあるなら、\nなおさらこっちに\nかまってる[36][264]じゃないだろう？
0x00117350	4	【[633]】\nえ～、つまんな～い！\nテストのことを[387]れたかったから、\n[28][104]の[634][233]《そうさ》をしようと[132]ったのに～！
0x001173bf	4	【[107][108]】\n[642][390]の[115][327]は[654][231]だ。\n[291][358][256]のせいで[62][607]を[300]げるようなら\n[28][29][30]の[121][3]りを[161][162]にするぞ。
0x00117457	3	【[633]】\nあっ、[28][29][30][121][3]り[161][162]は\nイヤだなぁ……
0x001174ca	3	【[633]】\nう～ん……[157][158]ないね……\nそれじゃあ、[654][231]しますか。
0x00117544	4	【[598]】\nえと、そういうことなので[16]に[293]るのは\n[283][146]、[283][20][146]というわけには\nいかなくなると[132]います……
0x001175ad	4	【[107][108]】\nああ、かまわないよ。\nオレだっていつまでもここにいる\nつもりはないし。
0x0011761c	3	【[107][108]】\n[16]に[148]うのは\n[1251][1252]《しゃば》ってことで……
0x00117693	4	【[633]】\nえ～、ヤダー！\nせめてもう[57][313]、[293]た～い！\nこんな[219][727]、[829][82]《めった》にできないんだよ～！
0x00117701	2	【[107][108]】\n……オマエなぁ。
0x00117763	5	【[633]】\nそれじゃ、\n[532][4]な[197][642]のテストが[234]わったら、\n[293]るね。\n[598]もそれでいいでしょ？
0x001177ea	2	【[598]】\nう、うん……いいよ。
0x0011784d	3	【[633]】\nとにかく、また[293]るから！\nよろしくね、[636][637]《ししょう》！
0x001178c6	2	【[598]】\nそれでは、[236][237]します……
0x00117933	2	【[107][108]】\n……ふぅ。
0x0011796c	2	【[107][108]】\n……[780]いって[354][355]らしいな……
0x00117cd0	3	【[633]】\nやっほー！\n[293]たよ～！
0x00117d0e	3	【[107][108]】\nうわっ……\nまた[293]たな……
0x00117d77	5	【[633]】\nあったりまえじゃん！\n[547][439][292]なんて、\nこんな[274][148]がないと\n[293]れないもん！
0x00117df9	3	【[633]】\n[636][637]《ししょう》がここにいる[475]り、\n[312][313]も[293]ちゃいますよ、アタシャ！
0x00117e54	3	【[107][108]】\n[293]んでいいっ！\nそれに[636][637]《ししょう》もやめろっ！
0x00117eca	3	【[633]】\nえ～\n[636][637]《ししょう》ってなんか[574]《ひび》きがいいのに……
0x00117f44	3	【[633]】\nそれじゃあ、なんて[297]べばいい？\n『[107][108]お[638]ちゃん』とか？
0x00117f98	2	【[107][108]】\n……しまいにゃ[1206]《なぐ》るぞ。
0x00118003	3	【[598]】\nだ、ダメだよ……\n『[107][108]お[638]ちゃん』なんて……
0x0011807a	5	【[633]】\nあっ、そうか。\n[598]のお[638]さんの[73][19]も\n『こうじ』だもんね。\nややこしくなっちゃうか。
0x001180dd	3	【[107][108]】\nん……？\nちょっと[99]て。
0x0011811f	3	【[107][108]】\n[598]のお[638]さんの[73][19]って、\n『こうじ』……って[58]うのか？
0x00118176	4	【[107][108]】\n……い、[57][167][98]いてみるけどさ、\nお[638]さんの[468][261]って、\nもしかして[335][340][90]とかじゃない？
0x00118206	2	【[598]】\nいいえ、[168]《ちが》います。
0x00118246	3	【[107][108]】\nそ、そりゃ、そうか……\nそんな[473][474]《ぐうぜん》、あるはずはないよな。
0x001182e1	5	【[598]】\n[335][340][90]は[169][19]の[468][261]です。\n[102]はデイトレーダーをしています。\nそれが[468][261]と[297]べるか\nわかりませんが……
0x00118385	2	【[107][108]】\n……そんな[473][474]《ぐうぜん》があったよ。
0x001183f5	2	【[633]】\nねえねえ、デイトレーダーってなに？
0x0011845f	3	【[598]】\n[398]をそのときそのときの\n[57][697]《いっしゅん》の[228][366]で[15][218]するの。
0x001184dc	4	【[598]】\n[721][115][118]に[946][83]を[1183][146]に[84]《も》ち[511]《こ》さない\nことから、デイトレーダーと\n[297]ばれるのよ。
0x0011856d	3	【[633]】\n[598]ってばいきなり[682][283][257][232]ね……\nというか、よくわかんない……
0x001185c4	3	【[107][108]】\nお[638]さんは[661]、[21][22][335][340]って[148][262]に\n[931]めてなかったか？
0x00118640	4	【[598]】\nええ。\nたしかそんな[73]の\n[148][262]だったと[132]います。
0x001186b3	3	【[633]】\n[21][22]……って、\n[102][103]の[50][34][52]《ひがいしゃ》の？
0x0011872b	3	【[598]】\nあっ……そういえば、\n[403]じ[73][907]ですね……
0x00118776	3	【[107][108]】\nたまには[662]《するど》いじゃないか、[633]。\nたぶんこれで[280][168]《まちが》いないな。
0x001187fc	4	【[633]】\nへへーん！\nざっとこんなもんですよ……って、\n『たまに』は[521][340]っ！
0x00118855	4	【[107][108]】\n[598]、お[638]さんに\n[98]いてきてもらいたいことがある。\nいいか？
0x001188cf	2	【[633]】\nまた[12][212]された……
0x00118931	2	【[598]】\nはい、なんでしょう……？
0x00118970	4	【[107][108]】\nちょっと[98]きにくい[97]かも\nしれないんだけど、\n[28][104]の[79][146]……
0x001189c8	5	【[107][108]】\n１１[429]１０[146]から\n１１[146]にかけて\nライトブルーってバーに\n[152]ったかどうかを[98]いてほしい。
0x00118a59	2	【[598]】\n……わかりました、[98]いてみます。
0x00118a9d	4	【[107][108]】\n[518]いんだけど、[142][640]がわかったら\nオレの[88][89][90]のケータイに\n[601][97]してくれないか？
0x00118b25	2	【[598]】\nえぇ、いいですよ。
0x00118b5f	4	【[107][108]】\nありがとう、[533]にきるよ。\nケータイの[506][602]は\n×××－××××－××××。
0x00118bd4	4	【[598]】\nえっと……\n×××－××××－××××ですね。\nはい、メモしました。
0x00118c70	4	【[107][108]】\nありがとう、[115][79]に[177]かるよ。\n[300][4]に[246]の[202][53]が[98]くと\n[328]《あや》しまれるからな。
0x00118cfd	3	【[633]】\n[638][569]だって[328]《あや》しまれるよ。\nねぇ、[598]？
0x00118d70	5	【[598]】\nうん……\nでも、[107][108]さんには\nいつもお[415][97]になってるから、\nこれくらいなんてことないよ。
0x00118dd4	3	【[107][108]】\nううっ……\n[598]はいい[460]《こ》だな……
0x00118e44	3	【[633]】\nぶー\nアタシはー？
0x00118e7d	2	【[107][108]】\n[633]は[508][21]いヤツ。
0x00118ee0	2	【[633]】\nぶーぶーぶー！
0x00118f17	3	【[107][108]】\nあはは、[797][310]《じょうだん》、[797][310]《じょうだん》。\n[633]もいいヤツだと[132]ってるよ。
0x00118fa1	2	【[633]】\n[142][255]アタシはヤツ[424]《あつか》いなのかい！
0x00119019	3	【[598]】\nそれじゃ、また[293]ますね。\nすぐに[129]りたいでしょうし。
0x00119074	2	【[598]】\nそれじゃ、また[293]ますね。
0x001190b2	3	【[107][108]】\n……あ、それと[254][59]までに。\nお[638]さんの[73][19]、どんな[907]を[190]くの？
0x0011911c	2	【[598]】\n[432]せに[433]るです。
0x00119156	3	【[107][108]】\n[432]せに[433]る、か。\nわかった、ありがとう。
0x001191a1	3	【[107][108]】\nそれじゃ、\nさっきの[104]、よろしくな！
0x0011920e	2	【[598]】\nはい。
0x00119267	3	【[633]】\nそんじゃ、アタシたち[154]るね。\nまったね～！
0x001192b0	2	【[107][108]】\nああ、またな。
0x001195a9	3	【[107][108]】\n（[147][80][821]に[35]れたのは、\n[627][127][508]だが[129]っている[477]だった）
0x0011962b	2	【[107][108]】\n（……あれ、こいつは[205]《だれ》だ？）
0x00119683	2	【[432][433]】\nアンタが、オレのこと[26]ってるヒト？
0x001196c8	3	【[107][108]】\n（うわー\nものスゴい[927][480][118]《ちょうせんてき》な[832][313]で[293]たな……）
0x00119725	3	【[107][108]】\n（なるほど、[26]っている、か。\n……ってことは、コイツは……）
0x00119834	2	【[107][108]】\n（[168]《ちが》う、そいつじゃない！）
0x0011987c	4	【[107][108]】\n（この[477]とは[627][127][508]だが、\n[723]とは[129]り[264]いだ。\nこの[477]の[513][77]は……？）
0x001198e5	4	【[107][108]】\n……ええ、[236][237]だとは[132]いましたが、\n[96]し[232]べさせてもらっています。\n[21][22][57][317]の[28][104]は[129]っていますよね？
0x00119981	4	【[432][433]】\nもちろん[129]っているさ。\nアンタはそれで[1158]《へい》の[209]に\n[3]っているってわけだろ？
0x00119a07	2	【[432][433]】\nご[1245][860][136]《しゅうしょうさま》。
0x00119a4c	2	【[107][108]】\n……どうも。
0x00119a86	3	【[107][108]】\n（ホントにあの[598]のアニキなのか？\n[174]じられないな……）
0x00119aff	2	【[432][433]】\nで、オレのなにを[129]りたいの？
0x00119b41	3	【[107][108]】\n……[156][150]したら\n[139]えてもらえるんですか？
0x00119bb2	5	【[432][433]】\nそのために[293]たんだぜ。\n[598]から[97]は[98]いているよ。\nアンタ、[12][111]を[119][283]しようと\nしているんだろ？
0x00119c1e	4	【[107][108]】\nええ。\nこれは[809]《ぬ》れ[810]《ぎぬ》です。\n[122][123][53]がいるはずなんです。
0x00119ca1	2	【[432][433]】\nで、オレは[122][123][53][1034][1035]ってわけだ。
0x00119ce9	4	【[107][108]】\n……ええ。\n[671][178]に[92]し[170]げると、\nアナタのことも[51]っています。
0x00119d69	5	【[432][433]】\nいいじゃない、[513][178]で。\nでもさ、オレから[58]わせてもらえれば、\nアンタのほうが[115][79]に[809]《ぬ》れ[810]《ぎぬ》なのか\n[328]《あや》しいところだけどな。
0x00119df0	2	【[107][108]】\n……もちろん、わかっています。
0x00119e5a	5	【[432][433]】\nふーん……まあ、いいや。\nでもさ、[598]に[75]《たの》んでコソコソと\n[543]のこと[232]べようなんてやり[158]、\nセコいよ。
0x00119ecd	2	【[107][108]】\nいや、それは……
0x00119f16	4	【[432][433]】\n[58]い[437]はいいよ。\nさ、[156][150]したいことがあるなら、\n[198]くして。
0x00119f6e	4	【[107][108]】\n……[28][104]があった[146]、\nアナタは[50][34][52]《ひがいしゃ》と[148]っていたと\n[98]きました。
0x00119fd3	2	【[107][108]】\nなんの[221]があったんですか？
0x0011a020	3	【[432][433]】\n[297]ばれたから[148]いに[152]っただけだよ。\nはい、[16]。
0x0011a06f	3	【[107][108]】\n[297]ばれた……？\nなぜ[297]ばれたんです？
0x0011a0b8	4	【[107][108]】\n……いや、[156][150]を[65]えましょう。\n２[53]で[148]ったときに[941]わされた\n[148][97]の[324][546]を[176]えてもらえますか？
0x0011a136	3	【[432][433]】\nプライベートな[324][546]だから[97]せない。\n[169][170]。
0x0011a185	2	【[107][108]】\n…………
0x0011a1e4	4	【[432][433]】\n[797][310]《じょうだん》だよ。\nもう[57][313]、[21][22][335][340]で[526]かないかって\n[540]《さそ》われたのさ。
0x0011a256	2	【[107][108]】\nその[97]のために[297]ばれた？
0x0011a2bc	4	【[432][433]】\nああ、そうだ。\nんで、[198][447][293][1049]の[560]から\n[526]くことになったよ。
0x0011a315	4	【[107][108]】\n[702][720]のバーで\n[297]び[121]して[97]す[324][546]としては\nちょっと[168][539][242]《いわかん》がありますね……
0x0011a3a4	3	【[432][433]】\n[129]らねーよ、\nアイツの[59]えることなんか。
0x0011a413	4	【[432][433]】\nとにかくオレは\n[134][104]の[795][749]《しょうさい》を\n[958]《つ》めに[152]っていたんだ。
0x0011a47e	4	【[432][433]】\nでも、ちょっと[382][55][93][283]なことを\n[58]っていたな。\nカムフラージュとかなんとか。
0x0011a4de	4	【[107][108]】\nカムフラージュ……\nアナタと[148]うことが\nカムフラージュってことですか？
0x0011a55e	4	【[432][433]】\nだから、[543]は[129]らねえって。\nアイツに[98]けよ。\n[98]けるもんならね。
0x0011a5b7	4	【[107][108]】\n……\nアナタは[169][19]、\n[21][22][335][340]で[526]いていたんですよね？
0x0011a60e	2	【[107][108]】\nどうして[485]めたんです？
0x0011a672	3	【[432][433]】\nずいぶんとプライベートなことまで\n[210]《き》り[282]《こ》んでくるもんだねぇ。
0x0011a6ce	3	【[107][108]】\n[139]えられないのなら、\n[139]えなくてもかまいません。
0x0011a741	3	【[432][433]】\nなら、[139]えない。\nそれでいい？
0x0011a785	2	【[107][108]】\nええ、[142][61]です。
0x0011a7e8	4	【[432][433]】\nふーん、そんなモンか。\nそこまでいさぎいいなら\n[57]つだけ[176]えてやるよ。
0x0011a899	3	【[432][433]】\n[543]はアイツが[481]《きら》いだから\n[21][22][335][340]を[485]めたんだ。
0x0011a8ee	2	【[107][108]】\nアイツ……？
0x0011a935	4	【[432][433]】\n[21][22][57][317]だよ。\n[481]《きら》いというよりも、\nむしろ[523]《うら》んでるってのが[513][457]だな。
0x0011a99d	4	【[107][108]】\n（おいおい、ストレートだな。\n[50][34][52]《ひがいしゃ》への[523]《うら》みを\n[577]《かく》そうともしない……）
0x0011aa15	3	【[107][108]】\n……なぜ、[50][34][52]《ひがいしゃ》を\n[523]《うら》んでたんです？
0x0011aa93	4	【[432][433]】\nオレの[53][390]を\nメチャクチャにしてくれたからさ。\nこれ[169][170]は[58]いたくないね。
0x0011aaf0	3	【[107][108]】\n[53][390]をメチャクチャにした[78][4]の[300]で\nまた[526]こうと[132]ったんですか？
0x0011ab56	3	【[432][433]】\n[58]ったろ。\nこれ[169][170]は[58]いたくないって。
0x0011aba1	3	【[107][108]】\n……わかりました。\nなら[97][151]を[65]えます。
0x0011abed	4	【[107][108]】\nアナタは[28][104][79][146]、\n[28][104][35][36]となったバーに[293]る[19]まで、\nなにをしていましたか？
0x0011ac79	4	【[432][433]】\n１６[428][478]ぎまでは[23]にいたよ。\nそれからゲーセンに[152]って……\n２３[428][19]くらいまでいたかな。
0x0011acf2	4	【[432][433]】\n[449][450]の[428][280]が[64]くなったから、\nそこからバーに[152]った。\nそんな[242]じさ。
0x0011ad50	2	【[107][108]】\nでは、[97]が[234]わったあとは？
0x0011ad9f	3	【[432][433]】\nそのまま[122]っ[178]ぐ\n[601][668]に[510]って[154]ったけど？
0x0011adf9	3	【[432][433]】\n[23]に[71]いたのが\n[702][720]の１[428][763]くらいだったかな。
0x0011ae49	3	【[107][108]】\nライトブルーから[23]までは、\n[601][668]を[414]ってどのくらいかかりますか？
0x0011aeae	2	【[432][433]】\n３０[327]くらいだろうな。
0x0011aeee	4	【[107][108]】\n……ということは、\nライトブルーを[121]て\n[122]っ[178]ぐは[154]ってませんよね？
0x0011af70	3	【[432][433]】\n……ゲーセンに[516]って\n１プレーしてから[154]ったんだよ。
0x0011afc3	2	【[107][108]】\nそれを[119][283]する[53]は？
0x0011b028	4	【[432][433]】\nいないね。\n[23]にいた[428][280]は\n[185]が[119][283]してくれると[132]うけど。
0x0011b07f	4	【[107][108]】\n……わかりました。\nでは[16]が[63][20]の[156][150]です。\n[79][146]の[639][164]はどんな[242]じでしたか？
0x0011b0f3	2	【[432][433]】\n[102][71]てる[639]と[403]じものだよ。
0x0011b136	4	【[107][108]】\n……\n[254][59]になりました。\nありがとうございます。
0x0011b1ab	4	【[432][433]】\nあっ、もういいのね。\nんじゃ[154]るわ。\nまあ、せいぜいがんばって。
0x0011b261	3	【[107][108]】\n（――[24][12][429][432][433]か。\nなかなか[508]《・》[21]《・》い《・》ヤツだったな……）
0x0011b789	3	【[107][108]】\nうぃ～\nただいま……
0x0011b7f2	3	【[1057][1058]】\nお[239]《つか》れさま、[107][108][571]。\nさぁ、[563]って[97]を[98]かせてよ。
0x0011b84c	3	【[107][108]】\n[97]……？\n[97]ってなんの？
0x0011b8b5	3	【[1057][1058]】\n[107][108][571]の[28][104]の[97]とか、\n[107][108][571][41][114]の[97]とかだよ！
0x0011b90c	2	【[107][108]】\nオレ[41][114]の[97]……ねぇ……
0x0011b964	3	【[657][308][253]】\n[105][106]。\n[147][80]だ。
0x0011b9a5	4	【[107][108]】\nえっ、また？\n[39][66]か……？\nなにか[98]き[387]れたことでもあったか？
0x0011ba31	4	【[1057][1058]】\n[39][66]さん……というのが\n[107][108][571]の[88][89][90]なんだね？\nうん、いい[73][19]だ。
0x0011ba93	3	【[107][108]】\nま、まあな……\nじゃあ、ちょっと[152]ってくるよ。
0x0011bb07	2	【[1057][1058]】\n[152]ってらっしゃ～い！
0x0011bb9d	2	【[107][108]】\nただいま……
0x0011bc01	4	【[1057][1058]】\nお[239]《つか》れさま、[107][108][571]。\nで、[39][66]さんとの[215][253]は\nうまくいってる？
0x0011bc62	3	【[107][108]】\nなっ……！？\nなに[58]ってるんだ、いきなり！
0x0011bcd5	3	【[1057][1058]】\nそんなに[703]れなくてもいいじゃない。\nまったく[693]なんだから、[107][108][571]は～
0x0011bd44	3	【[657][308][253]】\n[105][106]。\n[147][80]だ。
0x0011bd85	3	【[107][108]】\nえっ、せ、[147][80]……？\n[205]《だれ》だろう……？
0x0011bde5	2	【[1057][1058]】\n[39][66]さんだったらいいねぇ。
0x0011be26	4	【[107][108]】\nと、とにかくだ。\nその[104]はあとで[97]そう……\nじゃ、[152]ってくる。
0x0011be8c	2	【[1057][1058]】\n[152]ってらっしゃ～い！
0x0011bf53	3	【[1057][1058]】\nお[239]《つか》れさま、[107][108][571]。\n[102][146]は[227][149]が[518]いねー
0x0011bfa9	3	【[107][108]】\n[15][232]べが[928][632][118]にキツイんだよ。\n[203]に[78][4]がアイツじゃ……
0x0011c027	4	【[1057][1058]】\n[107][108][571]をそこまで[893]いこむとは、\n[373][374][690][28]も、\nウワサ[163]りのやり[4]らしいね。
0x0011c09e	3	【[657][308][253]】\n[105][106]。\n[147][80]だ。
0x0011c0df	4	【[107][108]】\nん……？\n[102][313]は[205]《だれ》だろう……？\nちょっと[152]ってくるよ。
0x0011c161	2	【[1057][1058]】\n[152]ってらっしゃ～い！
0x0011c202	3	【[657][308][253]】\n[105][106]。\n[147][80]だ。
0x0011c243	3	【[107][108]】\nん……？\n[205]《だれ》だろう……？
0x0011c2b7	2	【[1057][1058]】\n[107][108][571]、[53][153][52]だね！
0x0011c2fa	2	【[107][108]】\nちょっと[152]ってくるよ。
0x0011c35e	2	【[1057][1058]】\n[152]ってらっしゃ～い！
0x0011c6d5	2	【[1057][1058]】\nお[239]《つか》れさま、[107][108][571]。
0x0011c71b	3	【[107][108]】\n……\nやばいな……
0x0011c77f	2	【[1057][1058]】\nなにが……？
0x0011c7b9	4	【[107][108]】\nなんか、[657][308][36]に[389]《もど》ってくると\n[23]に[389]《もど》ってきたみたいに\nホッとするんだよ。
0x0011c846	5	【[1057][1058]】\nあはは、なるほどね。\n[153][84]ちはわかるよ。\nでもここが[41][327]の[370][36][30]になっちゃ\nたしかにまずいよね。
0x0011c8c6	3	【[657][308][253]】\n[105][106]、[147][80]だ。\nオマエの[740][53]らしい。
0x0011c914	3	【[107][108]】\n[740][53]……？\n[205]《だれ》だろう……？
0x0011c96d	2	【[1057][1058]】\n[152]ってらっしゃ～い！
0x0011ca0e	3	【[657][308][253]】\n[105][106]。\n[147][80]だ。
0x0011ca4f	3	【[107][108]】\nん……？\n[205]《だれ》だろう……？
0x0011cac3	2	【[1057][1058]】\n[107][108][571]、[53][153][52]だね！
0x0011cb06	2	【[107][108]】\nちょっと[152]ってくるよ。
0x0011cb6a	2	【[1057][1058]】\n[152]ってらっしゃ～い！
0x0011cec1	2	【のぞみ】\nおはようございます、[145][390]。
0x0011cf02	2	【[107][108]】\nおはよう、[1205][66]。
0x0011cf65	3	【のぞみ】\n[102][146]はどんなお[97]を\nしましょうか？
0x0011d013	3	【[107][108]】\n[1205][66]は[37][38][88][89][90]のこと、\n[129]ってたよな。
0x0011d0ac	3	【のぞみ】\nえ、ええ……\n[37][38]のおじさまは[223]の[740][53]でしたから。
0x0011d0fe	3	【[107][108]】\nその[37][38][88][89][90]、[102][146]、ここに\nやってきたんだ。
0x0011d150	4	【[107][108]】\n[50][34][52]《ひがいしゃ》の[245]と[93][804]《ふりん》していた\n[51][1043]《ぎわく》があってね、\nその[104]について[732][283]《しゃくめい》してたよ。
0x0011d1ce	4	【[107][108]】\n[37][38][88][89][90]と[110][100]ははとこ[403][90]で、\n[110][100]の[78][310]ごとを[276]けてたのを\n[93][804]《ふりん》と[1176][372]されたってね。
0x0011d25e	2	【のぞみ】\n………
0x0011d294	5	【[107][108]】\n[97]を[98]いた[475]りだと、\nその[97]は[174][221]できると[132]う。\n２[53]の[280]には[93][804][215][253]《ふりんかんけい》はなかったと\n[132]うんだ。
0x0011d310	4	【[107][108]】\nこんなこと[58]っても、\n[1205][66]には[215][253]ない[97]かも\nしれないけどね。
0x0011d375	3	【のぞみ】\n……[37][38]のおじさまは\nとても[201]しくて[122][508][404]な[158]です。
0x0011d3d6	4	【のぞみ】\nおじさまに[127]する\n[145][390]と[87]の[199][200]は[57][435]《いっち》していると\n[132]います。
0x0011d45a	4	【のぞみ】\nですから、おじさまが\n『[93][804]《ふりん》はなかった』というのであれば\n[87]もそれを[174]じます。
0x0011d4bf	2	【[107][108]】\nあぁ、そうだな。
0x0011d5a0	2	【のぞみ】\n[202]に[98]きたい[28]とかありますか？
0x0011d5e3	4	【[107][108]】\nそういえば、[1205][66]が[80]たと[58]っていた\n[100]の[66]、『よしもとゆみ』ちゃんの\n[184][185]がわかったよ。
0x0011d64d	2	【[107][108]】\n[250][185]が[459][115][776][777]、[223][185]が[21][22][122][482]…
0x0011d6e6	2	【のぞみ】\nえっ、[122][482]さんの？
0x0011d72d	3	【[107][108]】\nあっ、えっと、[1205][66]は[122][482]さんのことを\n[129]っていたのか？
0x0011d781	3	【[107][108]】\nあっ、そうか、[1205][66]は[122][482]さんのことを\n[129]っていたんだっけ。
0x0011d7fd	4	【のぞみ】\nえ、ええ。\n[223]の[740][53]で、\nよく[23]にも[293]ていましたから……
0x0011d879	2	【のぞみ】\nでも、[122][482]さんは７[7][19]に……
0x0011d8bf	4	【[107][108]】\nそう、[186]くなっている。\nつまりユミちゃんは[122][482]さんの\n[387]《わす》れ[298][80]《がたみ》ってことになるね。
0x0011d952	3	【のぞみ】\nそうですか……\nそれで……
0x0011d993	2	【[107][108]】\nなにか[132]い[79]たるフシがあるのか？
0x0011d9fd	3	【のぞみ】\nええ……\n[564][474][215][253]ない[97]かもしれませんが……
0x0011da59	5	【のぞみ】\n[111]は[87]、[76][642]の[176][1253][1090][529]《きょうようかてい》で[160][329][642]を\n[881][959]《せんこう》しているのですが、\nその[176][1092]《せんせい》から[54][55][702]いお[97]を\n[98]きました。
0x0011daf7	4	【のぞみ】\nなんでも、[160][754][590][316]を[276]けた[53]は、\n[452]の[84]ち[112]の[669][759]《きおく》を[276]《う》け[570]《つ》ぐことが\nあるらしいのです。
0x0011db70	3	【[107][108]】\nあぁ、それならオレもつい[63][64]\n[97]を[98]いたことがあるな。
0x0011dbc2	2	【[107][108]】\nちょっと[57][1094]《いちがい》には[174]じられないけど……
0x0011dc37	5	【のぞみ】\nそれで[87]、ふと[132]ったんです。\n[223]が[931]めていた[148][262]の[262][383]さんは、\n[122][482]さんの[160][754]を\n[590][316]されました。
0x0011dcb7	4	【のぞみ】\nもしかしたら[262][383]さんは、\n[122][482]さんの[669][759]《きおく》を\n[276]《う》け[570]《つ》いだのかもしれません。
0x0011dd30	4	【のぞみ】\nだから[122][482]さんの[460]《むすめ》である\nユミちゃんが\n[262][383][821]にいたのかなと[132]いまして……
0x0011dd94	3	【[107][108]】\n…つまり、[50][34][52]《ひがいしゃ》に[122][482]さんの[508][573]《おもかげ》を\nユミちゃんが[80]ていたってことか？
0x0011de27	3	【のぞみ】\n[66]どもはときに\n[178][242]で[122][111]にたどりつきます。
0x0011de80	4	【のぞみ】\n[262][383]さんの[209]に[390]まれた[223][185]の[508][573]《おもかげ》を\n[66]どもは[80]《み》[175]《ぬ》いていたのでは\nないでしょうか？
0x0011def3	2	【[107][108]】\n…………
0x0011df52	3	【のぞみ】\nあっ、いえ、これは[87]の[509][393]に\n[478]ぎませんから……
0x0011dfaf	4	【のぞみ】\nあまりにも[217][35][111][118][478]ぎますよね……\nすみません、[1043]《まど》わすようなことを\n[58]ってしまって……
0x0011e01b	5	【[107][108]】\nいや……\n[436][273]、[513][372]かもしれない。\nオレなんか[364][605]に[1254]《とら》われすぎて\nそんなこと[132]いつかなかったけど……
0x0011e091	3	【[107][108]】\nもしかしたら、もしかするんじゃ\nないだろうか……？
0x0011e180	2	【のぞみ】\n[202]に[98]きたい[28]とかありますか？
0x0011e1c3	3	【[107][108]】\n[102][103]の[28][104]の[50][34][52]《ひがいしゃ》は\nキミのお[223]さんの[740][53]だったよね？
0x0011e26c	2	【のぞみ】\nえ、えぇ……
0x0011e2a5	4	【[107][108]】\n（やっぱり[672]《の》み[282]《こ》みが[198]いな。\n[1205][66]は[57][317]の[740][53]の[460]《むすめ》ってことで\n[97]を[361]めよう）
0x0011e319	3	【[107][108]】\n[50][34][52]《ひがいしゃ》が[626][369]《さいこん》したきっかけは、\n[477]の[158]の[57][404][734]《ひとめぼ》れだったらしいね。
0x0011e3b1	3	【のぞみ】\nそ、そうなんですか！？\nそれは[627][792]です……
0x0011e423	4	【のぞみ】\nそうですか………\nおと……おじさまが\n[57][404][734]《ひとめぼ》れして[626][369]《さいこん》したんですか……
0x0011e49d	4	【のぞみ】\nでも、そうなると……\n[289][244]おばさまが\n[301][1255][509]《かわいそう》な[153]がします……
0x0011e4fe	4	【[107][108]】\nあ……\nう、うん。\nそうだな。
0x0011e543	2	【のぞみ】\n…………
0x0011e588	5	【のぞみ】\n[87]はずっと、\n[23]で１[53]っきりになってしまった、\n[460]《むすめ》さんに[153]《き》を[220]《つか》って\n[626][369]《さいこん》したのだと[132]っていました……
0x0011e61b	3	【のぞみ】\nですから、おじさまが\n[338]んだ[142][369]《けっこん》ではないとばかり……
0x0011e672	3	【[107][108]】\n…………\n[513][178][58]って、[168][539][242]《いわかん》はある。
0x0011e6c8	5	【[107][108]】\n[157][28][57][613]の[477]と、\n[57][404][734]《ひとめぼ》れで[626][369]《さいこん》した[477]……\nふたつの[393]が\n[843][844]《びみょう》に[142]びつかない[153]がする。
0x0011e773	5	【のぞみ】\n……[87]にも[168][539][242]《いわかん》があります。\nでも……[53][280]ですし、\nそういった[57][508]があっても\nいいのではないでしょうか？
0x0011e7ed	2	【[107][108]】\nもちろん、そうなんだけど……
0x0011e83c	2	【のぞみ】\n…………
0x0011e89a	4	【のぞみ】\n[87]にとっておじさまは、\n[23][930]をあまり[418]《かえり》みない[53]という\nイメージがありました。
0x0011e90b	3	【のぞみ】\n[54][55]があるのは[23][60]ではなく、\nあくまで[157][28]……
0x0011e968	5	【のぞみ】\n[289][244]おばさまと[142][369]《けっこん》したのも、\n[262][148][118]な[67][36]を[59][172]《こうりょ》してのモノだと\nうがった[80][158]をしていた[428][600]も\nありました。
0x0011e9f9	3	【のぞみ】\nでも、おじさまを\n[1176][372]していたようです。
0x0011ea41	5	【[107][108]】\nあぁ、まぁ、オレも[403]じだな。\nでも[160][754][45]を[796]《わずら》って[169][293]、\n[96]しそのイメージが[65]わったと\n[98]いていたけど……
0x0011eae3	4	【のぞみ】\n[457]かにそうです。\n[160][754][45]……[203]に、[590][316][4][784]をしてから\nおじさまは[65]わりました……
0x0011eb71	4	【のぞみ】\nたしか、[626][369]《さいこん》したのは[4][784][20]でした。\nやっぱり[4][784]がおじさまのなにかを\n[65]えたのかもしれませんね。
0x0011ebe3	2	【[107][108]】\n…………
0x0011ecc9	2	【のぞみ】\n[202]に[98]きたい[28]とかありますか？
0x0011ed0c	4	【[107][108]】\n[1205][66]は、[50][34][52]《ひがいしゃ》の[569]、\n[21][22][122][482]さんって\n[129]ってるか？
0x0011edb7	2	【のぞみ】\nええ、お[223]さんの[740][53]でした。
0x0011edfa	4	【[107][108]】\n[1205][66]が[129]っている[140][141]《はんい》でいいんだ。\n[110]について[312]か[129]っている[28]があれば\n[176]えて[225]しい。
0x0011ee8e	2	【のぞみ】\nそうですね……
0x0011eeed	5	【のぞみ】\nおと……いえ、[57][317]おじさまの[569]さんで、\n[57][317]おじさまにとって、\n[157][28][170]の[204]きパートナーだった\nみたいです。
0x0011ef88	4	【のぞみ】\nとても[201]しい[158]で、\n[57][317]おじさまが[1113][57]《ゆいいつ》[160]を[128]せる[53]\nだったみたいですよ。
0x0011f014	2	【のぞみ】\n[87]にも[149]々な[97]をしてくれました。
0x0011f066	5	【のぞみ】\n[57][317]おじさまは[145][80]《せんけん》の[283]《めい》を[84]っていて、\n[415]の[209]の[493]れに[565][242]《びんかん》で、\n[219][357][52]としては[175][1256]《ばつぐん》の[1100][302]を\n[84]っていたって[58]っていました。
0x0011f110	3	【のぞみ】\nそういえば、[876]きだった[53]の[97]も\nしてくれました。
0x0011f15d	3	【[107][108]】\n[876]きだった[53]？\n[122][482]さんの？
0x0011f1c8	2	【のぞみ】\nえぇ。
0x0011f222	5	【のぞみ】\n[31][32][390]の[472]《ころ》からずっと[57][515]《いちず》に\n[132]っていた[53]がいたらしいです。\nたしか、ふたつ[170]の[145][484]《せんぱい》だと\n[58]っていました。
0x0011f2a7	2	【[107][108]】\nふたつ[170]の[145][484]《せんぱい》、か……
0x0011f2fd	4	【のぞみ】\n[142][255]、その[53]との[425]《こい》は[111]らず、\nその[53]は[142][369]《けっこん》してしまったそうです。\nでも……
0x0011f36b	2	【[107][108]】\nでも……？
0x0011f3ca	5	【のぞみ】\n[795]《くわ》しくは[97]してくれなかったんですが、\nその[53]の[181][182]《だんな》さんに\nとても[92]し[437]ないことをしたって\n[58]っていました。
0x0011f451	4	【のぞみ】\n[181][182]《だんな》さんは[186]くなってしまって、\n[110][100]はもの[486]《すご》く[558]《お》ち[282]《こ》んでいたらしい\nです。
0x0011f4d0	5	【のぞみ】\n[87]はこの[97]を[98]いたとき、つい\n『[122][482]さんにチャンスが\n[103]ってきたんじゃないですか』と\n[58]ってしまったんですが……
0x0011f56a	3	【のぞみ】\n[122][482]さんは[532][125]いを[1093]《う》かべて、\nこう[58]っていました。
0x0011f5cc	5	【のぞみ】\n『[110][100]の[181][182]《だんな》さんが[186]くなった[939][940]の\n[57][386]《いったん》は[1257]にある。\n[1257]には[110][100]を[771]する[946][360]が\nないんだよ』と。
0x0011f64d	2	【[107][108]】\n……どういうことだ？
0x0011f6b1	4	【のぞみ】\n[87]も[96]し[153]になったんですが、\nとても[702]く[98]ける[284][141][153]《ふんいき》では\nなかったので……
0x0011f718	2	【[107][108]】\n……そうか。
0x0011f75f	3	【のぞみ】\nでもそのときはすでに、[122][482]さんは\n[41][327]の[730]が[383]くないと[58]っていました。
0x0011f7bb	2	【[107][108]】\n……たしか、[932][754][45]《じんぞうびょう》だったっけ？
0x0011f831	4	【のぞみ】\nええ。\n[383][600]の[53][688][933][934]《じんこうとうせき》が[939][940]で[1258][251][101][1259][1260]《きょけつせいちょうえん》を\n[1261][8]《へいはつ》し[400]めていたらしいです。
0x0011f8c8	3	【のぞみ】\nそのため[122][482]さんは\n[751]を[583][320]《かくご》していたみたいです。
0x0011f91c	2	【[107][108]】\nなるほど……
0x0011f962	4	【のぞみ】\n[932][754][590][316][4][784]《じんぞういしょくしゅじゅつ》が[470]まって、\n[413][938]《とおう》したんですが、\nそこで[4][784]が[236][917]して……
0x0011f9e9	4	【のぞみ】\n[87]、あのときは[115][79]に[1012]きました……\nお[223]さんよりもよくお[97]をした[53]\nだったので……
0x0011fa4e	2	【[107][108]】\n…………
0x0011faad	3	【のぞみ】\nあっ、ごめんなさい……\n[584]くなっちゃいましたね……
0x0011fafc	4	【[107][108]】\nいや、[564][474]かまわないよ。\n[122][482]さんと[582]が[204]かったんだろ？\nなら[79]たり[19]のことじゃないか。
0x0011fb65	3	【[107][108]】\n[658]しいときは[132]いっきり[658]しんだほうが、\n[794][53]《こじん》も[2]《むく》われるさ。
0x0011fbc6	2	【のぞみ】\n…………
0x0011fbfe	3	【[107][108]】\nちなみに、[122][482]さんは、\nそのお[638]さんと[582]は[204]かったほう？
0x0011fc60	4	【のぞみ】\n[518]くはなかったと[132]います。\nただ、[148][262]の[219][357][508]で[127][67]することは\n[82]かったみたいですけどね。
0x0011fcd7	5	【のぞみ】\nそれに[122][482]さんの[160][754]は、\n[57][317]おじさまに[590][316]されていますし、\n[582]が[518]かったらそこまではしないと\n[132]います。
0x0011fd52	3	【[107][108]】\nえっ！？\nそ、それは[115][79]か……！？
0x0011fdaa	2	【のぞみ】\nえぇ、[115][79]ですよ。
0x0011fe0d	4	【のぞみ】\n[57][317]おじさまは２００２[7]に\n[160][754]を[796]《わずら》い、[160][754]を[590][316]するしか\n[390]き[391]ける[158][39]がなかったんです。
0x0011fe92	4	【のぞみ】\nあの[428]の[57][317]おじさまは\n[390]きることを\n[763][327][1164]《あきら》めていた[136]でした。
0x0011fefd	5	【のぞみ】\nでも[277]《つ》き[614]《そ》いで[413][938]《とおう》した[122][482]さんの\n[4][784]が[236][917]してしまったので、\nその[160][754]が[57][317]おじさまに\n[590][316]されたのです。
0x0011ff83	3	【[107][108]】\n（……それって、\nメチャクチャ[328]《あや》しくないか……？）
0x0011ffdb	3	【[107][108]】\n（……なんて、\nとてものぞみには[525]《つ》っ[282]《こ》めないけど）
0x00120034	4	【[107][108]】\nなるほど、\n[482][53]の[582]はそんなに[518]くは\nなさそうだな。
0x001200ab	5	【のぞみ】\nえぇ、ですが、[53][280][101]としては\n[57][317]おじさまよりも\n[37][38]のおじさまの[158]を\n[741][742]していたみたいです。
0x00120125	3	【のぞみ】\n[87]が[129]っている[122][482]さんのことは\nこのくらいでしょうか。
0x00120175	4	【[107][108]】\nそうか。\nうん、[522][327]に[254][59]になったよ。\nありがとう。
0x0012029d	4	【[107][108]】\nん……\n[102][146]は[203]に[97]をすることは\nないかな……
0x00120313	3	【のぞみ】\nそうですか……\nちょっと[240][550]です……
0x00120381	3	【のぞみ】\nでも、[145][390]の[452][153]な[227]が[80]られて\n[204]かったです。
0x001203d1	2	【[107][108]】\nそ、そうか……？
0x00120445	3	【のぞみ】\nふふ……\nではまた[283][146]。
0x00120524	3	【のぞみ】\nでは、そろそろ[236][237]します。\n[624][113]《がんば》って[300]さいね、[145][390]。
0x0012057f	2	【[107][108]】\nははは、ありがとう、[1205][66]。
0x00120623	2	【のぞみ】\n[202]に[98]きたい[28]とかありますか？
0x00120666	2	【[107][108]】\nいや、[35][428][496]では[203]にないかな。
0x001206d4	3	【のぞみ】\nでは、そろそろ[236][237]します。\n[624][113]《がんば》って[300]さいね、[145][390]。
0x0012072f	2	【[107][108]】\nははは、ありがとう、[1205][66]。
0x001207bd	2	【のぞみ】\nいよいよ[283][146]、[732][615]《しゃくほう》ですね。
0x00120808	2	【[107][108]】\n……まあ、そうなればいいんだけどね。
0x00120875	5	【のぞみ】\n[76][287][288]《だいじょうぶ》ですよ。\n[145][390]は[123][53]なんかじゃありません。\nこれで[732][615]《しゃくほう》されなければ\n[634][233][274][215]《そうさきかん》の[1216][901]《たいまん》ですよ。
0x00120908	4	【[107][108]】\nお、おいおい。\n[20]ろに[67][148][53]がいるのに、\nなかなか[478][944]なことを[58]うな……
0x0012098f	4	【のぞみ】\n[87]、[283][146]も[293]ます。\nそのときは[273]で[148]いましょう。\n[57][313]、ゆっくりお[97]したいです。
0x001209f5	3	【[107][108]】\nああ、そうだな。\nオレも[97]したいことがたくさんある。
0x00120a6a	3	【のぞみ】\nでは……\n[774]しみにしていますね。
0x00120aec	3	【[107][108]】\n[273]で[148]う、か……\n[732][615]《しゃくほう》されたときの[774]しみにしておくか。
0x00120b57	1	［[45][751]］
0x00120b64	1	［[33][53][28][104]］
0x00120b75	1	［[41][33]］
0x00120e81	2	【のぞみ】\n…………
0x00120eb9	2	【[107][108]】\nよ、よう……
0x00120f00	3	【のぞみ】\n……[732][615]《しゃくほう》されなくて、\n[240][550]でしたね……
0x00120f54	4	【[107][108]】\nまあね。\nでも、[478]ぎてしまったことは\n[157][158]ない。
0x00120fa3	4	【[107][108]】\n１０[146][20]に\n[378]ず[732][615]《しゃくほう》されるようにがんばるよ。\n[102][313]は[126][127]だ。
0x0012102d	4	【のぞみ】\nはい。\n[87]……そのために、\n[145][390]のお[248]に[67]てることがあれば……
0x00121087	4	【[107][108]】\nそれなんだけどさ。\nのぞ……[1205][66]に\nちょっと[98]きたいことがあるんだ。
0x00121107	2	【のぞみ】\n[87]に[98]きたいこと、ですか？
0x00121148	4	【[107][108]】\nああ。\n[1205][66]の[23]で、ここ２０[7][293]\n[76]きな[121][293][28]がなかったか？
0x001211b2	3	【のぞみ】\nえ……っと、[87]の[23]のことで\nいいんですよね？
0x001211fe	2	【[107][108]】\nあぁ、それでいいんだ。
0x00121262	4	【のぞみ】\n[87]の[23]で[76]きな[121][293][28]……\n[63][64]あった[121][293][28]が\nなによりも[76]きいものですが……
0x001212c8	2	【[107][108]】\n…………
0x00121327	4	【のぞみ】\nでも、それに[275]けないくらい\n[76]きな[121][293][28]がありました。\n[102]から１２[7][19]の[97]です。
0x0012138d	3	【[107][108]】\nえ……それに[275]けないくらい……って、\nどんなことがあったんだ！？
0x0012143e	3	【のぞみ】\n……[111]は[87]、[102]の[250]とは[251]が[1262]《つな》がって\nいないのです。
0x0012149e	2	【[107][108]】\nえっ……？
0x001214e4	2	【のぞみ】\nえと……その……
0x00121520	5	【[107][108]】\n……あっ！\nそ、そうだな……\nうん、これ[169][170]は[58]わなくていいよ。\nプライベートなことだもんな、ははは。
0x0012159a	5	【[107][108]】\n（そうだ……\nこれ[169][170]のぞみの[257]から[97]させると、\nのぞみの[513][77]が[20]ろの[67][148][53]に\nバレてしまうからな……）
0x00121611	5	【[107][108]】\n（それにしても、\nのぞみと[187][191][189]の[251]が[1262]《つな》がって\nいない……？\n[187][191][189]は[626][369][78][4]《さいこんあいて》ってことか……）
0x00121694	3	【[107][108]】\n（……[102][103]の[28][104]に[275]けないくらいの\n１２[7][19]の[76]きな[121][293][28]……）
0x001216f8	3	【[107][108]】\n（それってやっぱり……のぞみが[111][250]と\n[751][56]したってことだよな……？）
0x00121756	3	【[107][108]】\n[1205][66]……\n[102]までツラくなかったか？
0x001217ab	4	【のぞみ】\n…………\nあの[79][428]は、ツラくてツラくて、\n[312][146]も[1012]いていました……
0x00121809	2	【[107][108]】\n[939][940]はなんだったんだ？
0x00121855	4	【のぞみ】\nそれが……いまだに[93][283]なんです。\nだから、もしかしたら[87]にも\n[329][461]があるのかもしれません……
0x001218f6	3	【[107][108]】\n（[41][327]に[329][461]があったかも\nしれない……？）
0x00121951	3	【[107][108]】\n（なるほど……わかったぞ。\nのぞみの[111][250]が[186]くなったのは……）
0x001219bc	2	【[107][108]】\n[77]のどこが[518]かったんだ？
0x00121a22	3	【のぞみ】\nえっ……？\nち、[168]《ちが》いますよ……
0x00121a93	3	【のぞみ】\n[45][153]じゃなくって、\n[41]らと[58]いますか、その……
0x00121ae2	4	【[107][108]】\n（し、しまった！\nのぞみの[111][250]が[751]んだのは\n[41][33]だったのか！？）
0x00121b53	3	【[107][108]】\nそれじゃあ[1205][66]は[482][313][403]じ[404]に\n[674]《あ》っているのか……
0x00121bcf	3	【のぞみ】\nえっ……？\nち、[168]《ちが》いますよ……
0x00121c40	3	【のぞみ】\n[202]の[53]が[939][940]ではなくって、\n[41]らと[58]いますか、その……
0x00121c95	4	【[107][108]】\n（し、しまった！\nのぞみの[111][250]が[751]んだのは\n[41][33]だったのか！？）
0x00121d06	3	【[107][108]】\n……オレのおふくろも\n[451]に[186]くなったんだ……
0x00121d53	4	【[107][108]】\n[525][474]《とつぜん》[76][28]な[53]がいなくなるって\n[58]うのはツラいよな……\nそれが[41]ら……だったなんて……
0x00121dc6	2	【のぞみ】\n…………
0x00121e25	2	【[107][108]】\n…………
0x00121e5e	3	【[107][108]】\n[1205][66]……\nお[19]に[75]《たの》みたいことがあるんだ。
0x00121ed5	3	【のぞみ】\n……ええ、いいですよ。\nなんでもおっしゃって[300]さい。
0x00121f25	4	【[107][108]】\n……[939][940]がわからないって\n[58]ってたよな？\nその[939][940]を[232]べてほしいんだ……
0x00121f9e	2	【のぞみ】\n…………
0x00121fd6	5	【[107][108]】\n[12][329]にとは[58]わない。\nただ……そろそろそのツラさに\n[267]き[264]っても[204]いんじゃないかと\n[132]うんだ。
0x0012205a	2	【のぞみ】\n…………！？
0x001220af	4	【[107][108]】\nオレもおふくろが[186]くなった[428]、\nしばらくはその[751]と[267]き[264]うことが\nできなかった……
0x00122111	2	【のぞみ】\n…………
0x00122149	5	【[107][108]】\nだけど[102]は\n[513][508]から[267]き[264]おうと[132]ってる。\nいや、[267]き[264]わなければ\nいけないんだ……
0x001221b0	3	【[107][108]】\nそうじゃなきゃ、\n[19]に[361]めないからな……
0x00122220	3	【のぞみ】\n……わかりました。\n[87]も[267]き[264]ってみます。
0x0012226c	4	【[107][108]】\n……すまない。\n[142][255]、キミを[1066]《ま》き[282]《こ》む[298]に\nなってしまった……
0x001222db	4	【のぞみ】\nいいえ。\n[153][220]《きづか》っていただける[153][84]ちだけで\n[522][327]です。
0x00122340	2	【のぞみ】\nでは、[102][146]はこれで……
0x001223e9	2	【[107][108]】\n…………
0x00122706	2	【のぞみ】\nおはようございます、[145][390]。
0x00122747	4	【[107][108]】\nあぁ、おはよう……\nって[58]いたいところだけど、\n[654][231]の[158]は[76][287][288]なのか？
0x001227b5	3	【のぞみ】\n[76][642]ですか？\nもちろん[76][287][288]です。
0x0012280a	4	【のぞみ】\n[102][146]もこのあと、\n[18][20]から[1092][261]がありますけど、\nきちんと[152]きますよ。
0x00122866	2	【[107][108]】\nそうか、それならいいけど。
0x001228cc	3	【のぞみ】\nふふ、[160][171]してくれたんですね。\nありがとうございます。
0x00122942	3	【のぞみ】\nそれよりも[87]には\n[76][28]な[221][28]がありますから…
0x0012299b	4	【のぞみ】\n[102][146]、ここに[293]たのは、\n[145][390]にお[180]えすることが\nありまして……
0x001229f4	2	【[107][108]】\nなんだい？
0x00122a38	4	【のぞみ】\n[111]は[87]、[247][146]、[145][390]と[56]れたあと、\nちょっと[221][28]がありまして、\n[223]の[148][262]に[152]ってきたんです。
0x00122aa7	2	【[107][108]】\n（[21][22]ハウジングか……）
0x00122af9	4	【のぞみ】\nそうしたら、\n[223]の[291][74]から[80][129]らぬ[100]の[66]が\n[121]てきまして……
0x00122b52	2	【[107][108]】\n[100]の[66]？
0x00122b97	3	【のぞみ】\nはい……\n５、６[1002]《さい》の[100]の[66]です。
0x00122be5	3	【[107][108]】\n５、６[1002]《さい》？\n[262][455]の[66]どもじゃないのか？
0x00122c5d	5	【のぞみ】\nそれが[168]《ちが》うみたいなんです。\n[262][455]の[158]に[98]いてみたら、\nどうも[223]と[582][204]くしていた[66]で、\nよくわからないって……
0x00122cd6	3	【[107][108]】\nは……？\nどういうことだ？
0x00122d25	4	【のぞみ】\n[87]もよくわかりません。\nただ、[73][19]を[98]いたところ、\nよしもとゆみと[73][510]っていました。
0x00122d9a	4	【のぞみ】\n[795]《くわ》しく[97]を[98]こうかと[132]ったのですが、\n[73][19]を[176]えてくれた[20]、\nすぐにいなくなってしまいまして……
0x00122e0b	2	【[107][108]】\nよしもと………ゆみ……
0x00122e4c	3	【[107][108]】\nその[66]が、\n[1205][66]のお[223]さんの[291][74]に……？
0x00122ea9	3	【[107][108]】\n……わかった。\n[436][273]、[411][346]な[1][2]かもしれないな。
0x00122f23	3	【のぞみ】\nそうですか？\nお[248]に[67]てれば、[87]もうれしいです。
0x00122f97	3	【のぞみ】\nでは[87]、そろそろ[236][237]いたします。\nお[428][280]とらせてすみませんでした。
0x00122ff0	3	【[107][108]】\nいや、かまわないさ。\nオレも[53]と[148]うのはうれしいし。
0x00123066	2	【のぞみ】\n……それだけですか？
0x001230a3	3	【[107][108]】\nん？\nなんのことだ？
0x00123106	3	【のぞみ】\nい、いえ……\nそ、それでは[236][237]します……
0x001231bb	3	【[107][108]】\n……なんだ？\n[63][20]のは……
0x001234f0	3	【のぞみ】\n[87]の[250]のことについて\n[232]べてきました。
0x00123537	3	【[107][108]】\n……[92]し[437]なかった。\nツラいことを[232]べてもらって……
0x001235b0	4	【のぞみ】\nいえ……\nむしろ[250]と[267]かい[264]うことが\nできたので、[242][541]しています。
0x0012360a	2	【[107][108]】\n…………
0x00123669	4	【のぞみ】\nウチに[383]い[280][29]めて[300]さっている\nお[4][180]いさんがおりまして、\n[110][100]からお[97]を[98]きました。
0x001236f6	4	【のぞみ】\n……[223]の[740][53]で、[157][28][170]でも\nお[277]き[264]いのある[88][89][90]の[145][390]が\nいるんですけど、ご[183]じですか？
0x00123766	2	【[107][108]】\n（[37][38][88][89][90]のことか……？）
0x001237af	3	【[107][108]】\nあぁ、[129]ってる。\n[110]がなにか？
0x0012384c	3	【のぞみ】\n……どうやら[88][89][90]《せんせい》と[250]は\n[93][804]《ふりん》していたようなのです……
0x001238b5	3	【[107][108]】\nなっ、なんだってっ！？\n[115][79]なのかっ！？
0x0012390e	3	【のぞみ】\n[110][100]は[578]い[87]に[171][172]《はいりょ》して、\nずっと[324][427]《ないしょ》にしていたらしいです。
0x00123980	5	【のぞみ】\nですが、いつかこの[97]を\n[87]が[98]いてきたときは\n[577]《かく》すことなくすべて[97]そうと\n[132]っていたとおっしゃっていました……
0x001239f5	3	【[107][108]】\n……その[93][804]《ふりん》の[28][111]、\nキミのお[223]さんは[129]っていたのか？
0x00123a5e	4	【のぞみ】\nええ。\nむしろ、[223]が[250]にその[28][111]を\n[1263]《とが》めたらしいです。
0x00123ac3	4	【のぞみ】\n[250]が[41][33]したのは\nそれが[939][940]だと\nおっしゃっていました……
0x00123b17	2	【[107][108]】\n…………
0x00123b50	3	【[107][108]】\n（[37][38][88][89][90]とのぞみの[111][250]が\n[93][804]《ふりん》……？）
0x00123bb2	3	【[107][108]】\n（それを[21][22][57][317]に[1263]《とが》められて\nのぞみの[250]が[41][33]……？）
0x00123c10	3	【[107][108]】\n（この[28][111]……\n[28][104]に[448]《から》んでいるんだろうか……？）
0x00123c78	4	【のぞみ】\n……でもまさか、[250]が[93][804]《ふりん》だなんて……\nわからないものですね、\n[53]の[153][84]ちって。
0x00123cef	5	【のぞみ】\n[122][111]を[129]るのと[129]らないのでは、\n[78][4]に[127]する[242][1]が\n１８０[313][65]わることもあるって、\n[129]りました。
0x00123d6e	3	【のぞみ】\n[87]、[250]が[751]んだとき、\n[223]に[127]して[236][338]していました。
0x00123dce	4	【のぞみ】\n[79][428]の[223]は、\nあきれるほど[658]しんだ[136][66]が\nなかったものですから……
0x00123e35	5	【のぞみ】\nでも、[122][111]を[129]り、\nさきに[124][210]ったのが[250]だったと[129]ると、\n[79][428]の[223]の[153][84]ちも、\nなんとなくわかりました……
0x00123eac	2	【[107][108]】\n…………
0x00123f0b	5	【のぞみ】\n[87]、[223]が[658]しまなかったのは、\n[157][28][57][613]の[53]で、\n[23][60]に[127]する[771][1]があまり[12]い[53]\nだからだと[132]っていたんです。
0x00123f92	3	【のぞみ】\nだから、\n[223]が[626][369]《さいこん》したときは[528]《おどろ》きました。
0x0012400f	4	【のぞみ】\n[23][60]に[127]する[771][1]がない[53]が、\n[0]たに[23][60]を[572]ろうとしている……\nどんな[160][463]の[65][336]なんだろうって……
0x00124090	5	【のぞみ】\nですが、[168]《ちが》ったんですね……\n[250]に[124][210]られたから……\n[223]は[771][1]に[1264]《う》えていたのかも\nしれません……
0x00124107	4	【[107][108]】\nその[97]……[153]になることがある。\n[571]のお[223]さんは、\nその[93][804][78][4]《ふりんあいて》を[291][300]にしたよな？
0x0012419e	2	【のぞみ】\nえっ……？
0x001241d6	4	【[107][108]】\n……そんな[771][1]に[1264]《う》えていた[53][165]が\n[157][28]とプライベートを\n[566][567]に[397]り[210]れるものだろうか？
0x0012426c	3	【のぞみ】\n……[145][390]の[58]うとおりですね。\nそう[58]われると[93][132][576]です。
0x001242c3	3	【[107][108]】\n……まぁ、[53][403][90]の[277]き[264]いなんて\n[1265][1159][1239][56]《せんさばんべつ》だ。
0x00124322	4	【[107][108]】\nただ、オレが[1205][66]に[338]むのは\n[165][28]を[47][508][118]なものだけで\n[228][366]してほしくないってことなんだ。
0x0012438b	2	【のぞみ】\n…………
0x001243c3	3	【[107][108]】\n[275]の[242][1]を[84]たずに[714]むなら\nそれがいい。
0x0012440e	5	【[107][108]】\nだけどどうしても[275]の[242][1]を\n[84]たずにいられないときは、\n[80]えるものがすべてじゃないと\n[132]ってほしい。
0x00124492	2	【のぞみ】\n…………
0x001244ca	4	【[107][108]】\nツラい[132]いを２[103]もしたんだ。\n[53]を[1179]《にく》んでも……[523]《うら》んでも……\n[205]《だれ》も[1051][1052]は[58]わないよ。
0x00124543	3	【[107][108]】\nだからせめて[513]しく[1179]《にく》もうぜ……\n……なんか[65]な[58]い[103]しだな、ははは。
0x001245b3	2	【のぞみ】\n……ううっ。
0x001245f9	3	【のぞみ】\nうううっ…………\n[145][390]…………
0x00124642	3	【[107][108]】\nそうだな。\n[1012]いたほうがいい……
0x00124687	4	【[107][108]】\nそのままじゃ、[275]の[242][1]が\n[405]もり[405]もっていくだけだ。\n[1012]いて[8][825]しちまったほうがいい……
0x001246fd	3	【のぞみ】\nううっ……\nありがとう……[145][390]…………
0x00124757	3	【のぞみ】\n……ううっ……ひっく……\nううううっ…………
0x001247e9	2	【のぞみ】\n…………
0x00124821	2	【[107][108]】\n……[558]ち[71]いたか？
0x0012486d	3	【のぞみ】\n……はい。\nごめんなさい、[1012]いたりして……
0x001248b9	4	【[107][108]】\nだから、それでいいんだって。\n……それよりも、オレこそ\n[682][176][471]《せっきょうくさ》いこと[58]って[518]かったな……
0x00124972	5	【のぞみ】\nいえ……\n[87]、[145][390]の[58][315]に\nだいぶ[1022]われました……\nカウンセラーになれますよ、[145][390]。
0x001249db	2	【[107][108]】\nははは、それは[58]い[478]ぎ。
0x00124a42	2	【のぞみ】\nふふ……
0x00124a78	4	【[107][108]】\nそれよりも、\nお[250]さんのことを[232]べるのは\nツラかったろう。
0x00124aca	4	【[107][108]】\n[115][79]にありがとう、のぞ…[1205][66]。\nおかげで[122][111]への[884]がちょっとだけ\n[1152]《ひら》けたよ。
0x00124b32	3	【[107][108]】\n[115][79]にありがとう……\nこの[533]は[126][127]に[549]すからな。
0x00124b9d	4	【[107][108]】\n（[245]に[124][210]られた\n[57][317]が、[626][369]《さいこん》を[470][382]した[219][906]《けいい》は\n[96]し[54][55]がある……）
0x00124c10	4	【[107][108]】\n（それに、[93][804][78][4]《ふりんあいて》を\n[418][150][88][89][90]《こもんべんごし》として[750]《やと》った\n[1001]《ねら》いも……）
0x00124fbf	2	【[440][441]】\nはろー！
0x00124ff5	3	【[107][108]】\nあ、[440][441]さん……\n…………
0x00125062	3	【[440][441]】\nあら、どうしたの？\n[452][153]ないわね？
0x001250a9	5	【[107][108]】\nいや、[247][146]で[732][615]《しゃくほう》されるように\nがんばってきたのに、\nいまだに[656][657]《こうりゅう》されているって……\nバツが[518]いっていうか……
0x00125154	4	【[440][441]】\nまぁ、[157][158]ないんじゃないの？\n[33][53][28][104]の[656][657]《こうりゅう》なんだから、\n[566][567]じゃないって。
0x001251c1	5	【[107][108]】\nまぁ、そうかもしれないですけど……\nでもね、オレだってこのまま\nいつまでも[656][657]《こうりゅう》されているつもりは\nないですから。
0x00125239	5	【[107][108]】\n[16]できちんと[470][71][277]けますよ。\nそのためにも\nちょっと[232][233][158][612]《かんがえかた》を[65]えようと\n[132]っているんです。
0x001252d3	3	【[440][441]】\n[232][233][158][612]《かんがえかた》を[65]えるか……\nうん、いいんじゃないの？
0x0012532e	3	【[107][108]】\nそれについて[57]つ[153]《き》に[729]《か》かることが\nあるんですよね……
0x00125386	4	【[107][108]】\n（そう、[232][233][158][612]を[65]える……\nそれは、[440][441]さんもオレの[209]では\n[546][51][52]《ようぎしゃ》になるってこと……）
0x00125424	3	【[440][441]】\nわかってるわよ、[1266]《みな》まで[58]わなくても。\nでもね、それでいいのよ。
0x001254a5	4	【[440][441]】\n[301][302][101]は[364]に[281]く[59]えて、\n[483][610]《ゆうえき》な[1][2]が[3]ったら\nその[140][141]《はんい》を[1267]《せば》めていく。
0x00125528	4	【[440][441]】\nその[478][529]は\n[41][327][41][114]で[837][286]を[84]つことであって、\nアタシが[257][121]すことじゃないわ。
0x0012559a	3	【[440][441]】\nたとえ[185]であろうと、\n[51]うときは[51]いなさい。
0x001255e6	3	【[107][108]】\nそう[58]ってもらえると\n[177]かります。
0x0012562b	3	【[107][108]】\nその[170]で\n[57]つだけ[156][150]があるんですけど……
0x0012569d	2	【[440][441]】\nええ、なに？
0x001256d6	3	【[107][108]】\n[58]いたくなければ[58]わなくても\nいいんですけど……
0x00125723	4	【[107][108]】\n[19][103][147][80]に[293]てもらったときに、\n[440][441]さんが[876]きだった[53]の[97]を\nしてくれましたよね？
0x00125789	3	【[107][108]】\nその[440][441]さんの[78][4]は\n[205]《だれ》なんですか……？
0x00125801	3	【[440][441]】\nフフ、[662]《するど》いところを\n[525]《つ》いてきたわね。
0x0012585f	3	【[440][441]】\n……いいわ。\n[176]えてあげる。
0x001258b0	4	【[440][441]】\nあたしがかつて[771]した[477]《ヒト》は\n[21][22][122][482]……\n[33]された[21][22][57][317]の[569]よ。
0x00125919	3	【[107][108]】\n………………\n[21][22][122][482]……
0x0012599c	2	【[107][108]】\nこの[158]は[102]、なにをしてるんですか？
0x00125a08	3	【[440][441]】\n[186]くなったわ。\n２００２[7]にね。
0x00125a51	2	【[107][108]】\nえっ……
0x00125aae	4	【[440][441]】\nあっ、いっけなーい！\nもうこんな[428][280]なのね！？\nまた[293]るわ。
0x00125b05	2	【[107][108]】\nあっ……
0x00125b73	2	【[107][108]】\n（[21][22][122][482]、か……）
0x00125e9e	2	【[107][108]】\nなんだ、オマエか……
0x00125f02	3	【[1036][443][444]】\nそうだ、ボクだよ。\n[518]いか……！
0x00125f7e	3	【[107][108]】\n[518]い。\n[147][80][234][479]《せっけんしゅうりょう》でいい？
0x00125ff5	4	【[1036][443][444]】\nま、[99]てよっ！？\n[96]しはボクの[97]を[98]いてくれたって\nいいじゃないか！
0x00126053	2	【[107][108]】\nああ、[102][146]はちゃんと[221][104]があるわけね。
0x001260ca	3	【[1036][443][444]】\n[111]は……\n[63][64]、パパの[136][66]がおかしいんだ。
0x0012611d	2	【[107][108]】\nおかしいって、どんな[900]に？
0x0012616b	5	【[1036][443][444]】\nなんて[58]うんだろ……\nこう……[132]《おも》い[958]《つ》めたような\n[404]をしていて……\nまるで[41][33]でも[59]えていそうな……
0x001261e7	3	【[107][108]】\n……[115][79]か？\nそれはちょっと[98]き[701]てならないな。
0x00126238	2	【[107][108]】\n[115][53]には[178][147][98]いてみたのか？
0x001262a3	3	【[1036][443][444]】\n……[98]けるわけないだろ。\n[78][4]はパパだぞ。
0x001262f4	5	【[107][108]】\nパパだろうが、[223]ちゃんだろうが、\n[98]かなきゃわからないだろっ！！\nまずは[115][53]と[97]してこい！\n[97]はそれからだ！
0x0012638f	3	【[1036][443][444]】\nずいぶんつれないことを[58]うんだな、\nキミは。
0x001263e8	3	【[1036][443][444]】\nボクがこうして[376]《はじ》を[591]《しの》んで\n[78][310]をしていると[58]うのに……
0x00126448	4	【[107][108]】\nいくら[376]《はじ》を[591]《しの》ばれても、\n[102]の[1][2]だけじゃ、\nオレにも[653][329]しようがないぞ。
0x001264b1	3	【[107][108]】\nまずは[1][2]を\n[4]に[3]れないと……
0x0012651e	4	【[1036][443][444]】\nフン！\nキミはいつもそうだ。\nなんでも[1][2]、[1][2]、って……
0x00126585	4	【[1036][443][444]】\nそうやって[39][66][571]にも\n[1][2]を[84]ってこいって\n[231][347]してるんだろ？
0x001265e0	3	【[107][108]】\n[231][347]って……\nあのなぁ……
0x0012664a	4	【[1036][443][444]】\nフン、キミはいいよ。\n[1215][1268][1269][772]《てんがいこどく》でヒトの[160][171]をしなくて\nいいからね。
0x001266b1	2	【[107][108]】\n…………
0x001266ea	3	【[107][108]】\n[142][255]、オマエは[137]《ただ》のかまってちゃんな\nわけか。
0x00126761	3	【[1036][443][444]】\nムッ……\nどういうことだよっ！
0x001267a6	4	【[107][108]】\nそうだろう？\nパパがかまってくれなくて[508][21]くない。\n[39][66]もかまってくれなくて[508][21]くない。
0x0012680e	4	【[107][108]】\nだからオレにかまってほしい。\nでも、オレが[58]うのは[1][2][84]ってこい。\n[205]《だれ》もボクをかまってくれなくて[1079]《さび》しい……
0x0012688a	2	【[107][108]】\nそんなの、オレが[129]るか！
0x001268d7	4	【[1036][443][444]】\nずいぶんな[58]われようだな。\nキミにボクの[153][84]ちが\nわかってたまるもんか！
0x00126934	5	【[107][108]】\nあぁ、わからないね。\nただ、これだけはアドバイスできるぜ。\nそんな[477]じゃ、\n[39][66]は[78][4]にしてくれない、ってな。
0x001269d0	2	【[1036][443][444]】\nな……っ！？
0x00126a33	2	【[1036][443][444]】\nよ、[521][340]なお[415][97]だっ！
0x00126ab5	2	【[107][108]】\n…………
0x00126aee	4	【[107][108]】\n（ハァ……\nいったい、\nなにしに[293]たんだ、アイツは……）
0x00126b44	4	【[107][108]】\n（……だけど、\n[37][38][88][89][90]が[132]《おも》い[958]《つ》めている[136][66]\nだって[97]は[153]になるな……）
0x00126e8f	2	【[633]】\nヤッホー！
0x00126ec4	3	【[107][108]】\n…………\nオマエらか……
0x00126f2d	4	【[633]】\nちょっ……\nそのあからさまな[240][550]そうなカオ、\nやめてよ～！
0x00126f8d	5	【[633]】\nこんなかわいい[100][66][31][390]２[53]が\nやってきたんだよ！\n『うわ～、[1235]《はな》やかでイイネ』\nくらい[58]えないの！？
0x00127001	2	【[107][108]】\n……[147][80][234][479]《せっけんしゅうりょう》していいか？
0x00127078	3	【[633]】\nせっかく[598]が[508][21]い[1][2]を\n[84]ってきたってのに、なにその[832][313]！？
0x001270d1	3	【[107][108]】\nなら[598]だけ[240]って、\n[633]は[154]っていいぞ。
0x00127141	3	【[633]】\nぶー\n[126][127]に[154]らないっ！！
0x00127182	2	【[107][108]】\n……で、[598]が[84]ってきた[1][2]って？
0x001271f1	5	【[598]】\nいえ、[633]ちゃんが[76]げさに[58]っている\nだけで、\nそんなに[508][21]いって[1][2]じゃ\nないんですけど……
0x0012727f	3	【[633]】\nいいよ、[598]。\n[636][637]《ししょう》に[1][2]なんか[176]えなくても！
0x001272d4	2	【[107][108]】\n…………
0x0012730d	3	【[107][108]】\nわかった。\n[1][2]を[176]えて[300]さい、[633][136]。
0x00127380	3	【[633]】\nん～\nどうしようかな～？
0x001273be	3	【[107][108]】\n……ここから[121]たら、\nカニしゃぶでも[268]べに[152]くか？
0x0012740f	2	【[107][108]】\n（もちろん、ワリカンで）
0x00127475	3	【[633]】\nいいね～\nカニ、[76][876]きっ！！
0x001274c5	3	【[633]】\nいいよ、[598]。\n[636][637]《ししょう》にあの[1][2]を[176]えてあげて。
0x00127540	4	【[598]】\nうん……\n[115][79]に[1][2]ってほどのものでは\nないのですが……
0x00127593	3	【[107][108]】\nいいよ、そんなあらたまらなくても。\n[415][280][97]でもいいさ。
0x001275f2	2	【[598]】\nはい……
0x0012764d	3	【[633]】\nいつも[132]うんだけどさ、\n[636][637]《ししょう》、[598]には[201]しいよね。
0x001276c9	3	【[633]】\nその[201]しさを\nこっちにも[327]けてほしいな……
0x00127711	2	【[107][108]】\n……で、[598]、[97]の[391]きだけど……
0x00127780	5	【[633]】\nガーン……ガン[12][212]……\n[1205]の[100][66][31][390]をガン[12][212]……\nなんて[1270][77]《もったい》ないことすんの、\nこの[53]……！
0x00127823	2	【[598]】\nえ、えーっとですね……
0x0012786d	5	【[598]】\n[145][146]、[638]がこちらに[293]たと\n[132]うのですが、\n[236][237]なことを[58]ってなかったかと\n[132]いまして……
0x001278d5	5	【[107][108]】\nう、うーん……\n[236][237]なこと、って[58]うか、\n[153]が[231]いお[638]さんだったから、\nちょっと[508][268]らったかな……
0x0012796d	3	【[598]】\nやっぱり、[236][237]なことを\n[58]ってたんですねっ！？
0x001279df	3	【[598]】\nすみません……\n[115][79]にすみません……
0x00127a26	4	【[107][108]】\nい、いいさ。\nお[638]さんも[149]々あったみたいだし、\n[153]にしてないって。
0x00127a8d	4	【[598]】\n……そうなんです。\n[638]も[148][262]をクビになったり、\n[45][153]になったりで……
0x00127af7	4	【[598]】\n[452]々はすごく[201]しい[638]だったんです。\n[53][277]き[264]いは[532][4]でも、\n[57][313][153]を[128]すと[1]が[719]くて……
0x00127b72	5	【[598]】\nそれは[383][30]でもあるんですけど、\n[142][640][118]に[53]がイヤがることを[564][291]、\n[41][327]で[343]《かか》えてしまって、\n[746]《つぶ》れてしまうこともあって……
0x00127bf7	5	【[107][108]】\n……そうみたいだな。\n[45][153]になったのだって、\n[142][255][157][28]を[41][327]１[53]が[343]《かか》え[282]《こ》んで\nしまったからみたいだしな。
0x00127c9c	3	【[633]】\nへー、そんな[53]だったんだ、\n[598]のお[638]さんって。
0x00127cf5	5	【[633]】\n[598]ん[23]に[665]びに[152]っても、\n[291][74]から[57][517]も[121]ない[53]だったから\n[111]は[57][313]も\n[148]ったことなかったんだよね。
0x00127d8c	4	【[598]】\nそういえばそうだね……\nいつもパソコンとにらみ[264]って\n[121]てこないもんね。
0x00127de5	3	【[107][108]】\n[598]は[770][341]《ふだん》、お[638]さんと[97]すこととか\nあるのか？
0x00127e46	5	【[598]】\nそうですね……\nそんなに[1223][270]《ひんぱん》ではないですが……\n１[1049][280]に\n[57][313]か[482][313]ってくらいでした。
0x00127eb5	2	【[107][108]】\nふーん、なるほどね……
0x00127ef4	3	【[107][108]】\n……ん？\n『でした』……？
0x00127f47	5	【[598]】\nえぇ。\n１ヶ[429]くらい[19]から、\n[397]と[1223][270]《ひんぱん》に[291][74]を[121]るように\nなりまして……
0x00127fbc	2	【[598]】\n[102]は[21][22][335][340]に[467][468]していますから。
0x00128004	4	【[107][108]】\nそれって、\n[21][22][335][340]に[467][468]する[256]きが\n１ヶ[429][19]からあったってことか？
0x00128079	2	【[598]】\nええ、そうだと[132]います。
0x001280b7	2	【[107][108]】\n………
0x001280ee	3	【[107][108]】\n（……オレは[96]し\n[394][168]《かんちが》いしてたかもしれない）
0x00128143	5	【[107][108]】\n（[786][506]として、[432][433]にとっては\n[1215][367]である[21][22][57][317]が\n[186]くなったからこそ、\n[467][468]が[470]まったのかと[132]ってた）
0x001281bb	4	【[107][108]】\n（でもこの[97]だと、\n[21][22][57][317]が[390]きてたとしても\n[467][468]は[470]まってたことになる……）
0x00128222	4	【[107][108]】\n（つまり、\n２[53]の[215][253]は[994][467]されてたって\nことなのか……？）
0x0012827d	5	【[107][108]】\n（……それなら、[24][12][429]が[58]っていた\n[28][104][79][146]にＶＩＰルームで\n[21][22][57][317]と[148]ってた\n[324][546]の[1111][1112]《つじつま》は[264]うな）
0x00128340	4	【[598]】\nあ、あとですね……\n[107][108]さんに[180]えようと[132]っていた\n[1][2]なんですが……
0x0012839d	2	【[107][108]】\n……あ、うん、なに？
0x001283ea	4	【[598]】\n[638]に[518]いとは[132]いながらも、\n[324][427]《ないしょ》で[638]のクローゼットを\n[1149]《のぞ》いたんです……
0x00128460	4	【[598]】\n[107][108]さん、\n[638]がスーツを[71]ていたかどうか\n[153]になっていたみたいだったんで……
0x001284bd	3	【[107][108]】\nふむ……\nそれで……？
0x00128524	4	【[598]】\n[169][19]、[148][262]を[485]めたときに、\nスーツをすべて[1055]《す》てていたのを\n[132]い[121]したんです。
0x00128595	4	【[598]】\nそしたら[436]の[11]、\n[638]は[57][519]もスーツを\n[84]っていませんでした。
0x001285ea	5	【[107][108]】\n……たしかなのか？\nクローゼット[169][273]に……\nまあ[483]り[241]ないだろうけど、\nベッドの[300]に[577]《かく》していたとか……
0x00128671	3	【[598]】\nいいえ、どこにも[638]のスーツらしき\nものは[80]あたりませんでした。
0x001286c3	3	【[107][108]】\n…………\nなるほど……
0x00128712	5	【[598]】\nそれに、[102]の[148][262]の[962][529]では、\n[335][340][90]はスーツじゃなくっても\n[204]いらしくて、\n[817]めて[507]っている[136][66]もありません。
0x00128789	4	【[107][108]】\n（ということは、\nやっぱり[685][123]カメラの[573]《かげ》は\n[432][433]ではないってことか）
0x0012880f	3	【[633]】\nどうよ、[636][637]《ししょう》。\n[354][367]《すてき》な[1][2]だったでしょ？
0x00128868	2	【[107][108]】\n……ああ。
0x001288c7	5	【[633]】\nへへーん！\n[598]からこの[97]を[98]いて\nそれ[126][127]に[636][637]《ししょう》に[180]えたほうがいい\nって[58]ったの、アタシなんだからね！
0x00128949	3	【[633]】\nどうよ、この[633]ちゃんの[153][220]《きづか》い！\n[132]いっきり[1231]《ほ》めてくれていいよっ！
0x001289d0	4	【[598]】\nわ、[87]……\nどちらにしろ、[107][108]さんには\n[180]えようと[132]ってたけど……
0x00128a44	2	【[633]】\n…………
0x00128a7b	3	【[107][108]】\nわかってるって。\n２[53]とも、[115][79]に[242][541]してる。
0x00128acc	4	【[107][108]】\nおかげで[59]えを[1009]《しぼ》ることができたよ。\nここから[121]たら、\nマジでカニしゃぶ[1218]《おご》ってやるよ！
0x00128b5f	4	【[633]】\n……『マジ』って。\nそれじゃあ、さっきのはマジじゃ\nなかったってこと……？
0x00128bbe	2	【[107][108]】\n[749]かいことは[153]にするな！
0x00128c24	3	【[633]】\n……ま、いいか。\n[142][640][118]に[1218]《おご》ってくれるんだしね……
0x00129001	3	【[657][308][253]】\n[105][106]。\n[147][80]だ。
0x00129042	3	【[107][108]】\nん……？\n[205]《だれ》だろう……？
0x001290c2	2	【[1057][1058]】\n[107][108][571]、[53][153][52]だね！
0x00129105	2	【[107][108]】\nちょっと[152]ってくるよ。
0x00129169	2	【[1057][1058]】\n[152]ってらっしゃ～い！
0x0012935e	3	【[657][308][253]】\n[105][106]。\n[147][80]だ。
0x0012939f	3	【[107][108]】\nん……？\n[205]《だれ》だろう……？
0x0012976f	2	【[107][108]】\nよし……！
0x001297ce	3	【[1057][1058]】\nど、どうしたの、[107][108][571]？\n[451]に[153][264]い[3]れちゃって。
0x00129823	3	【[107][108]】\n[551]をくくったんだ。\n[102][146]から[115][360][118]に[358][256][587][400]だ。
0x00129878	4	【[107][108]】\n１０[146][280]の[656][657]《こうりゅう》が[470]まって、\nこのままじゃ[483][13]になるってことが\nはっきりわかった。
0x001298e4	3	【[107][108]】\n[88][89][90]も[715][146][293]てくれることだし、\nオレはオレのできることをしなくちゃな。
0x00129967	4	【[1057][1058]】\nそっかぁ……\nうん、がんばって[107][108][571]。\nボクは[167][947]《おうえん》するよ。
0x001299d4	2	【[1057][1058]】\nとりあえず、このお[783]り[84]っていって。
0x00129a56	3	【[107][108]】\nおう、ありがとう……\nってこれ、[289][351]《あんざん》[828][224]《きがん》って[190]いてるぞ！？
0x00129abc	4	【[1057][1058]】\n[436]ずるより[351]むが[811]しってことさ。\nとにかくガンガン[401]《お》していくのが\n[459]《きち》だよ。
0x00129b24	4	【[107][108]】\nそういう[414]い[158]をするものか、これ？\nじゃあ……よくわからないけど、\nしばらく[229]りとくよ。
0x00129bbb	3	【[107][108]】\nそういや、[1057][1058]はいつもここにいるよな。\n[15][232]べとかないのか？
0x00129c1e	2	【[1057][1058]】\n１[146][209]ここにいると[132]うよ。
0x00129c6e	5	【[1057][1058]】\nボクの[36][264]、[762][179]《たいほ》された[329][461]が\n[121][1271][165]の[324][546]だったわけで、\n[58]ってみれば、それ[41][77]が\n[470][11][118]な[119][120][955]《しょうこひん》なんだよ。
0x00129d23	6	【[1057][1058]】\n[627][146]の[15][232]べで\n『たしかにボクが[190]いたものです』って\n[458]めちゃったから、[721][115][118]にもう\n[15][232]べされるようなことは\nなにもないんだ。
0x00129da4	4	【[107][108]】\nふーん、そういうものなのか……\n[15][232]べもないのにここにいるのは、\nそれはそれでキツそうだけど。
0x00129e31	3	【[1057][1058]】\nボク、[59]えごとが[876]きだからね。\n[986][552]《たいくつ》はしてないよ。
0x00129eb0	3	【[1057][1058]】\n[283][146]はここで１[146][209]、\n[107][108][571]の[12][28]を[828]《いの》っているよ！
0x00129f0c	2	【[107][108]】\nお、おう……ありがとう。
0x0012a22e	3	【[107][108]】\nふぅ。\n[102][146]は[239]《つか》れた……
0x0012a29c	2	【[1057][1058]】\nお[154]り～、[107][108][571]。
0x0012a2dd	4	【[107][108]】\nただいま。\n……しかしキツイな、\n[373][374]の[15][232]べは。
0x0012a356	3	【[1057][1058]】\nそうか、[107][108][571]の[109][79]は\n[373][374][690][28]なんだね。
0x0012a3cd	4	【[1057][1058]】\n[98]いたことがあるよ。\n[456]《うわさ》じゃ、[109][79]した[28][104]の[372][470][671]が\n９９パーセントだとか……
0x0012a443	2	【[107][108]】\n……あの[477]なら[483]り[241]そうで[603]《こわ》いな。
0x0012a4a5	4	【[107][108]】\nそれにしても[239]《つか》れた。\nお[1272]が[1273]くてもいいから、\n[102][146]はゆっくり[1272][1274]に[966]《つ》かりたい……
0x0012a53a	3	【[1057][1058]】\n[240][550]！\n[102][146]はお[900]《ふ》[1275]《ろ》、ないよ。
0x0012a58b	2	【[107][108]】\nええっ！？
0x0012a5e9	4	【[1057][1058]】\n[19]にも[58]ったと[132]うけど、\nこの[292]は[721][115][118]に[1049]に２[146]、\n[431][430]と[83][430]がお[900]《ふ》[1275]《ろ》の[146]なんだ。
0x0012a66d	2	【[1057][1058]】\n[102][146]は[562][430][146]だから、お[900]《ふ》[1275]《ろ》はナシ。
0x0012a6c0	4	【[107][108]】\n[16]が[431][430]ってことは\n３[146]も[900]《ふ》[1275]《ろ》なしか……\nまいったな。
0x0012a744	5	【[1057][1058]】\n[107][108][571]って[80]かけによらず\nきれい[876]きなんだね。\nボクなんか、ひと[429]くらい\n[3]らなくても[76][287][288]《だいじょうぶ》だよ。
0x0012a7bd	3	【[107][108]】\n……そ、そいつは\n[76]したもんだな……
0x0012a82c	2	【[1057][1058]】\nそんな[538]くに[152]かないでよ、[107][108][571]～
0x0012a875	2	【[107][108]】\n…………
0x0012a8ae	3	【[107][108]】\nここから[121]られないのは、\n[56]の[382][55]で[767][812]だ……
0x0012ac6e	3	【[107][108]】\nああ、[718]かいメシを\n[551]いっぱい[268]べたい……
0x0012acba	4	【[1057][1058]】\nそうだよね……\nせめてレンジで[718]めてくれれば\nいいのに……
0x0012ad0e	5	【[107][108]】\nだいたい、\nなんでこんなに[1146]が[96]ないんだよ！\n[505]が[214]たいのは[333][901]《がまん》するとしても、\nこれじゃ１０[146]も[84]たねえ！
0x0012ad88	4	【[1057][1058]】\nスゴいよ、[107][108][571]は。\nこのお[88][79]に[127]して、\n[268][225]を[503]っていられるんだから。
0x0012adec	3	【[107][108]】\nどうしたものか……\n[102][146]もおかずを[893][683]するか……？
0x0012ae3f	4	【[1057][1058]】\nおや？\nなかなか[924]《は》[948]《ぶ》りがいいじゃないの、\n[107][108][571]。
0x0012ae99	3	【[107][108]】\n[318][319]もらってすぐだったからな。\n[521][1078]《よゆう》がないわけじゃない。
0x0012aef2	4	【[107][108]】\nジュース、[1019]ブラシ、あとタバコ……\n[657][308][36]でも[507]い[165]ができるなんて、\nここに[3]るまで[129]らなかった。
0x0012af65	4	【[1057][1058]】\nうんうん。\n[657][308][36]の[370][160][963]って\n[382][273]とお[83]で[188][890]できるんだよ。
0x0012afc2	3	【[1057][1058]】\nま、どこの[1276]《さ》[1277]《た》も\n[83]で[470]まるってことだね。
0x0012b016	2	【[107][108]】\n[481]《いや》な[176][1278]だな……
0x0012b059	4	【[107][108]】\nさて。\nこの[505]を[268]い[234]われば、\n[16]は[699][256]の[428][280]だな。
0x0012b0e0	3	【[107][108]】\nやれやれ。\nようやくタバコにありつける。
0x0012b14e	2	【[1057][1058]】\nああ、でも[102][146]は[146][430][146]じゃない？
0x0012b196	3	【[107][108]】\nもう[146][430][146]か……。\nまあ、オレには[215][253]ない[97]だけどな。
0x0012b1fa	4	【[1057][1058]】\nそれが[76]いに[215][253]あるんだよ。\nだって、[146][430][146]は[699][256]の[428][280]が\nないからね。
0x0012b25c	3	【[107][108]】\nえ……？\n[102]、なんて[58]った？
0x0012b2af	3	【[1057][1058]】\nだから、[146][430][146]は[699][256]の[428][280]が\nないんだってば。
0x0012b300	2	【[107][108]】\nウ、ウソだろっ！？
0x0012b363	2	【[1057][1058]】\n[240][550]ながら、[115][79]。
0x0012b3a3	3	【[107][108]】\nし……\n[129]らなかった……
0x0012b40b	3	【[1057][1058]】\n[157][158]ないよ。\nそれがここのルールだしね。
0x0012b47a	4	【[1057][1058]】\nでも、どうしてもタバコを\n[798]いたいんだったら、\n[158][39]がないわけじゃないよ？
0x0012b4d7	4	【[107][108]】\nなにっ！？\n[176]えてくれ、[1057][1058]！\nどうすればタバコを[798]えるんだ！？
0x0012b540	2	【[1057][1058]】\n[15][232]べで[354][178]に[41][21]しちゃうんだよ。
0x0012b596	5	【[1057][1058]】\n[354][178]に[41][21]すれば[28][104]は[372][470]。\n[690][28]も[57][831]つきたくなる。\nそうすれば『タバコでも[798]うか？』\nって[97]になるんじゃない？
0x0012b615	2	【[107][108]】\n…………
0x0012b64e	3	【[107][108]】\n[333][901]《がまん》するしか\nないってことか……
0x0012b6a6	3	【[1057][1058]】\nいい[274][148]だから、\n[161][1279]《きんえん》をオススメするよ。
0x0012b6f8	2	【[107][108]】\n……[59]えとくよ。
0x0012ba52	3	【[107][108]】\nフウ～\n[102][146]も[239]《つか》れた……
0x0012bac0	5	【[1057][1058]】\nお[154]り～\n[107][108][571]、[15][232]べやら[147][80]やらで\n[76][238]《おおいそが》しだね。\n
0x0012bb1a	4	【[107][108]】\nそりゃそうだ。\n[129]りたいことが\nまだまだたくさんあるんだ。
0x0012bb6b	3	【[107][108]】\n[102]は[96]しでも[1][2]を\n[208]めておかないとな……
0x0012bbde	4	【[1057][1058]】\nそうか。\n[107][108][571]、\n[28][104][79][428]の[669][759]《きおく》がないんだったね？
0x0012bc3b	4	【[107][108]】\nまあね。\n[15][232]べでも、\nそれが[57][506]のネックになってる。
0x0012bc8e	3	【[107][108]】\nでも、いくら[132]い[121]そうとしても\nうまくいかなくて……
0x0012bcde	4	【[107][108]】\nこの[242]じじゃ、\n[79][146]の[669][759]《きおく》は[389]《もど》ってきそうに\nないんだよなあ。
0x0012bd66	3	【[1057][1058]】\n[669][759]《きおく》が[389]《もど》るように、\nボクがお[828]《いの》りしておくよ。
0x0012bdea	3	【[1057][1058]】\nあっ、そうだ！\nこのお[783]りをあげる！
0x0012be6c	3	【[107][108]】\n……[941][163][289][564]？\nどういう[382][55]だ？
0x0012beb7	3	【[1057][1058]】\nシナプスの[180][680][170]で\n[28][794]が[8][390]しないように、ってね。
0x0012bf0c	3	【[1057][1058]】\n[975][324]で[1][2]がうまく[493]れれば、\n[669][759]《きおく》も[389]《もど》るんじゃないかと[132]ってさ。
0x0012bf73	4	【[107][108]】\n……[382][55]がまったくわからないが、\n[1123]かっとくよ。\nじゃあ[289][351]のお[783]りは[549]しとくな。
0x0012bfe3	3	【[1057][1058]】\nそうだね、ご[314][610]が\n[327][825]しちゃうかもしれないからね。
0x0012c065	3	【[107][108]】\nだけど、なんでオマエはそんなに\n[185][210]なんだ？
0x0012c0b0	3	【[107][108]】\nオレたち、まだ[148]って５[146][404]だし、\nなにしろ[121][148]ったのがこんな[36][30]だぞ？
0x0012c10f	3	【[107][108]】\n[770][163]《ふつう》はどんな[123][13]をしてきた\nヤツなんだって、[328]《あや》しまないか？
0x0012c17c	4	【[1057][1058]】\nそうかな？\nボクはむしろ、[403]じ[463][466]《きょうぐう》となった\n[252]《えん》みたいなものを[242]じるけどね。
0x0012c20e	3	【[1057][1058]】\nそれに[107][108][571]、\n[354][1109]として[508][21]そうだもん。
0x0012c25d	2	【[107][108]】\n[354][1109]？
0x0012c2ba	4	【[1057][1058]】\nそう、[354][1109]。\nちょうど[16][103][572]のネタに[589]っていた\nところなんだ。
0x0012c339	3	【[1057][1058]】\n[107][108][571]を[112][248]に[97]を[190]いたら\n[508][21]そうだと[132]ってね。
0x0012c38e	4	【[107][108]】\nな、なんだ、そりゃ！？\nオレを[112][248]に……って、\nこの[28][104]のことを[190]くつもりか！？
0x0012c402	5	【[1057][1058]】\nもちろん！\nここから[121]たあとも、\n[107][108][571]を[117][439]させてもらうから\nよろしくね！
0x0012c462	2	【[107][108]】\nよろしくじゃねーよ！
0x0012c7c3	4	【[107][108]】\n――ふぅ。\n[390]き[549]った……\nああ、２[146]ぶりのタバコはうまい！
0x0012c81e	5	【[107][108]】\n[1013][146]の[440][268][20]、\nたったの１０[327][280]だけど……\n[699][256]の[428][280]にタバコが[798]えるってのは\nありがたいな。
0x0012c891	3	【[107][108]】\n[1056][1280]のひとときって、\nこういうことだよなぁ。
0x0012c902	2	【[1057][1058]】\n…………
0x0012c93b	3	【[107][108]】\nん？\nどうした、[1057][1058]？
0x0012c986	4	【[107][108]】\nそういや、[1057][1058]って\n[699][256]の[428][280]でも\n[203]になにもしないんだな。
0x0012c9de	3	【[107][108]】\nオレみたいにタバコも[798]わないし\n[699][256]するわけでもないし。
0x0012ca56	3	【[1057][1058]】\nボクはひなたぼっこできれば\nそれで[499][173]だよ。
0x0012caae	4	【[1057][1058]】\n……あのね、[107][108][571]。\nボクが[58]うことじゃないんだけどさ、\nタバコ、[162]めた[158]がいいんじゃない？
0x0012cb1c	2	【[107][108]】\nえ？
0x0012cb5d	3	【[1057][1058]】\nこのままだとまた[293][1049]の[146][430][146]が\nツラくなるよ？
0x0012cbb8	5	【[1057][1058]】\nそれで[15][232]べ[209]の[208][209][131]が\n[210]れたりしたら\n[15]り[549]しのつかないことに\nなるんじゃないの？
0x0012cc1e	3	【[107][108]】\nうっ……\nそ、それはそうなんだけど……
0x0012cc67	4	【[107][108]】\n（[1057][1058]の[58]うことももっともだ。\nタバコが[210]れたときに[208][209][131]まで\n[210]れたりしたら、[767]ないかも……）
0x0012ccd8	3	【[107][108]】\n……ん？\n[99]てよ。
0x0012cd17	4	【[107][108]】\nその[329][552]《りくつ》だと、\n[161][1279]《きんえん》を[400]めたら\n[1013][146]も[767]なくならないか？
0x0012cd7b	3	【[107][108]】\nしかも、[146][430][146]に\n[798]えないのは[403]じだし。
0x0012cded	3	【[1057][1058]】\nああっ、バレちゃった！\n[848]《お》しいなぁ……
0x0012ce3b	2	【[107][108]】\n[848]《お》しい？
0x0012ce9c	5	【[1057][1058]】\nうん。\n[107][108][571]にタバコを\n[162]めさせたら[14]ちって、\nボクルールを[470]めてるんだ。
0x0012cefe	2	【[107][108]】\n……[53]を[414]って[986][552]《たいくつ》しのぎをするな！
0x0012cf74	2	【[1057][1058]】\nアハハ、バレちゃったね。
0x0012d295	4	【[107][108]】\nそういえばさ。\n[1057][1058]が[762][179]《たいほ》された[115]って、\nどんな[324][546]だったんだ？
0x0012d31c	3	【[1057][1058]】\nうれしいね、\nボクに[54][55]を[84]ってくれるなんて。
0x0012d390	5	【[1057][1058]】\nまあ、[770][163]《ふつう》の[766][682]なんだけどね。\nリアリティを[84]たせようと[132]って、\nちょっとだけ\n[28][111]を[190]いちゃったんだよ。
0x0012d409	2	【[107][108]】\nそれでわいせつ[165]《ぶつ》[1281][953][13]《はんぷざい》か？
0x0012d466	5	【[1057][1058]】\nああ、それは[56][104][762][179]《たいほ》。\n[56][104]で[762][179]《たいほ》すれば、\n[115][79]に[898]きたい[13]で[762][179]《たいほ》するまで\n[656][657]《こうりゅう》したまま[428][280]を[1211]《かせ》げるでしょ？
0x0012d510	5	【[1057][1058]】\n[115][79]に[898]きたいものは[56]のもの。\nこの[725]を[256]かすようなお[1187]《えら》いさんの\nちょっとマズイ[97]を\n[190]いちゃったんだと[132]うよ。
0x0012d58b	3	【[107][108]】\nどうしてそこまでマズイ[97]を\nオマエが[129]ってるんだ？
0x0012d5ff	4	【[1057][1058]】\n[473][474]《ぐうぜん》だよ。\nボクが[190]いたことが、どうも\n[115][79]のことだったみたい。
0x0012d66d	4	【[1057][1058]】\nこういうの、なんて[58]うのかな。\n[1282]《たな》からボタモチだっけ？\nうれしくないボタモチだけど。
0x0012d6d5	4	【[107][108]】\n[473][474]《ぐうぜん》、ねえ……\nあのさ、それって\nどんなことを[190]いたんだ？
0x0012d758	3	【[1057][1058]】\n……[129]らない[158]が\n[114]のためだと[132]うよ？
0x0012d7a3	4	【[107][108]】\n…………\nわかった。\n[98]かないでおく。
0x0012d7fb	2	【[1057][1058]】\nうん、それがいいよ。
0x0012d838	4	【[107][108]】\n（[1057][1058]は[78][65]わらず\n[53]なつっこい[125]みを\n[1093]《う》かべてるけど……）
0x0012d896	4	【[107][108]】\n（[115][160]では\nぜんぜん[125]ってなかったりして……\nそう[132]うと、ちょっと[603]《こわ》いな）
0x0012dc5f	3	【[1057][1058]】\nやったね！\n[102][146]は[57][506][900][1275]《いちばんぶろ》だよ！
0x0012dcb1	2	【[107][108]】\n……あのさ、[1057][1058]。
0x0012dd17	3	【[1057][1058]】\nはい？\nどうしたの、[107][108][571]？
0x0012dd5c	4	【[107][108]】\nいや、オレたちは[57][506][900][1275]《いちばんぶろ》なんだし、\nあとから[3]る[53]たちのことを[59]えて、\nさきに[77]を[888]わないか？
0x0012ddf8	3	【[1057][1058]】\nアハハハハ！\n[107][108][571]は[201]しいねー
0x0012de64	5	【[1057][1058]】\nでも、ここでそんな[153][220]《きづか》いはいらないよ。\nほとんどの[53]は\nお[900]《ふ》[1275]《ろ》にさえ[3]れればいいと\n[132]っているような[53]ばかりだからさ。
0x0012def6	4	【[1057][1058]】\n[209]には[900]《ふ》[1275]《ろ》に[3]るのも\nメンドクサイって[53]だって\nいるくらいだしね。
0x0012df57	2	【[107][108]】\nい、いや、そうかもしれないけどさ……
0x0012dfc4	4	【[1057][1058]】\n[76][287][288]《だいじょうぶ》、[76][287][288]《だいじょうぶ》！\nホラ、[77]が[214]えちゃうよ。\n[718]まってから[77][888]った[158]がいいって！
0x0012e03f	2	【[107][108]】\n…………
0x0012e078	2	【[107][108]】\n……ま、いいか。
0x0012e0e6	2	【[1057][1058]】\n……フフフ。
0x0012e120	2	【[107][108]】\nな、なんだ？
0x0012e159	2	【[1057][1058]】\n……フフフフフ。
0x0012e195	3	【[107][108]】\nなんだよ。\n[603]《こわ》いぞ。
0x0012e1d8	3	【[1057][1058]】\nあとで[892][209]を[493]してあげるね、\n[107][108][571]。
0x0012e224	2	【[107][108]】\nお、おう……
0x0012e25e	2	【[107][108]】\n（……がんばれ、オレ）
0x0012e5ab	3	【[107][108]】\n[657][308][36]に[1008][190][821]があるなんて\n[129]らなかったな。
0x0012e5fa	4	【[107][108]】\n[232][233]に[248][67]ちそうなものでも\nあればと[132]ったんだが……\nどうやら[206][948]《からぶ》りみたいだ。
0x0012e662	2	【[1057][1058]】\n[107][108]く～ん！
0x0012e6c3	3	【[1057][1058]】\nどう？\n[229]りたい[115]、[80]つかった？
0x0012e70a	4	【[107][108]】\nう～ん……\nオレが[26]してるようなものは\nなさそうだ。
0x0012e780	4	【[1057][1058]】\nそうだね。\nエッチな[115]は\n[308]いていないみたいだね。
0x0012e7ce	2	【[107][108]】\nそんなもんは[26]してない！
0x0012e833	4	【[1057][1058]】\nじゃあさ、\nボクがオススメする[115]とか\n[1053]んでみない？
0x0012e883	2	【[107][108]】\nオススメの[115]？
0x0012e8e3	3	【[1057][1058]】\nじゃーん！\nこれだよ！
0x0012e921	3	【[107][108]】\n『[751]してなお[390]きる！』\nって、スゴいタイトルだな。
0x0012e980	3	【[1057][1058]】\nこれ、[115][79]にオススメなんだ。\nぜひ[1053]んでみて！！
0x0012e9d0	3	【[107][108]】\n……わかった。\nこれ、[229]りていくよ。
0x0012ea26	3	【[1057][1058]】\nやったね！\nあとで[242][509][98]かせてね！
0x0012ea6d	4	【[107][108]】\n（[115][876]きは[41][327]の[876]きな[115]を\nやたら[1130]《すす》めたがるよな……\nやれやれ）
0x0012edd5	4	【[1057][1058]】\n[107][108][571]。\n[247][146][1257]がオススメした[115]は、\nもう[1053]んでくれた？
0x0012ee2d	3	【[107][108]】\n[1053]んだよ。\nうん、なかなか[508][21]かった。
0x0012ee77	4	【[107][108]】\nだけど……\nあの[209]に[190]いてあったこと、\n[115][79]なのか？
0x0012eed7	2	【[1057][1058]】\n[160][754][590][316]の[97]？
0x0012ef15	2	【[107][108]】\nそう、あの[97]。
0x0012ef50	4	【[107][108]】\n[160][754]を[590][316]された[112][53][976]が、\n[715][866][129]らないヤツに[1048]《おそ》われる\n[518][304]にうなされてた……
0x0012efbd	3	【[107][108]】\nある[146]、[112][53][976]はその[53][165]と\n[35][111]の[415][609]で[121][148]う。
0x0012f014	5	【[107][108]】\n[153]になってそいつのことを\n[232]べてみたら、なんと\n[19]の[160][754]の[84]ち[112]を[33]した\n[33][53][123]だった……
0x0012f0a6	5	【[1057][1058]】\nつまり、[452]の[160][754]の[84]ち[112]が\n[33]されるときに[123][53]の[227]を[80]て、\nその[669][759]《きおく》が[160][754]を[590][316]された[112][53][976]に\n[276]《う》け[570]《つ》がれた……って[97]だよね。
0x0012f13f	3	【[107][108]】\n[513][178]、ぞっとしたけど……\n[115][79]にあるなら、[93][132][576]な[97]だよな。
0x0012f19b	5	【[107][108]】\nオレのおふくろ、\n[160][754]の[352][353][52]《ドナー》だったんだ。\nそのおふくろの[669][759]《きおく》を[276]《う》け[570]《つ》いだ[53]が\nどこかで[390]きてるとしたら……
0x0012f24c	4	【[1057][1058]】\nふふ、もしそうだったらステキだね。\n[186]くなったお[250]さんと\n[626][148]できるかもしれない……
0x0012f2af	4	【[107][108]】\nでもさ、あれはフィクションだろう？\n[160][754][590][316]で[669][759]《きおく》を[276]《う》け[570]《つ》ぐなんて、\nそんなこと……
0x0012f34b	5	【[1057][1058]】\nううん、フィクションとも\n[58]い[210]れないんだ。\n[111]はね、[35][111][415][609]にも\n[207]たような[111][193]があってね。
0x0012f3c6	4	【[1057][1058]】\n[160][754][590][316]を[276]けた[53]《レシピエント》がね、\n[451]に[268]べ[165]の[876]みが\n[65]わったんだって。
0x0012f43b	4	【[1057][1058]】\n[232]べてみたら、\n[160][754]の[352][353][52]《ド　ナ　ー》の[876]みと\n[403]じ[1283][267]《けいこう》だったとか。
0x0012f4b4	3	【[1057][1058]】\nそういった[193]が、\n[202]にいくつもあるらしいよ。
0x0012f4ff	3	【[107][108]】\n[749][1284]《さいぼう》に[669][759]《きおく》が[1285]るって\nやつか……
0x0012f57a	5	【[1057][1058]】\n[1184][642][118]に[119][283]されて\nいるわけじゃないから、\nそのまま[1286]《う》[1287]《の》みにするのも\n[767][812]なんだけどね。
0x0012f5ea	3	【[107][108]】\nわかってる。\n[618][642]として[583]えとくよ。
0x0012f6da	4	【[107][108]】\n……これと、これ。\nそうだな、\nあとはタバコを[507]って……
0x0012f756	3	【[1057][1058]】\n[107][108][571]。\nボクはもう[234]わったよ。
0x0012f79e	4	【[107][108]】\nもう[96]し[99]ってくれ。\n[9][272]で[507]い[165]できるのは\n[1049]に[57][313]きりだからな。
0x0012f7fc	3	【[107][108]】\nえーと、\nあ、でもあとはタバコだけか……
0x0012f846	3	【[107][108]】\nって、オマエ、なにをそんなに\n[507]《か》い[282]《こ》んでるんだ！？
0x0012f8ab	3	【[1057][1058]】\nジュースだよ。\nボク、[1288]《のど》が[1289]《かわ》きやすいんだ。
0x0012f902	3	【[107][108]】\nオマエ、そんなにジュース\n[672]んでたか？
0x0012f957	4	【[1057][1058]】\nうん、[107][108][571]が[15][232]べに\n[152]っているときとかにね。\n[268][28]のときはもっぱらお[504]だけど。
0x0012f9ca	4	【[1057][1058]】\nここで[507]ったものは[57][181]《いったん》\n[657][308][253]の[53]に[1123]けることになるから、\n[107][108][571]は[129]らなかったと[132]うけどね。
0x0012fa40	4	【[107][108]】\n……そうか。\nタバコも[657][308][253]の[53]に[1123]けないと\nいけないんだよな……
0x0012faaa	4	【[1057][1058]】\nそれでいいんじゃない？\n[4][452]にタバコがあると、\nすぐに[798]いたくなっちゃうでしょ？
0x0012fb0a	5	【[107][108]】\nまあ、そうだけどさ……\n[115][79]、[161][1279]《きんえん》[337][338][52]にはオススメの\n[36][30]だよ、ここは。\n
0x0012fe6f	2	【[107][108]】\n……あれ、[1057][1058]がいない。
0x0012fef6	2	【[1057][1058]】\nただいまー
0x0012ff2c	3	【[107][108]】\n[1057][1058]、どこ[152]ってたんだ？\n[15][232]べでもあったのか？
0x0012ffa3	4	【[1057][1058]】\nうん、その[163]りだよ。\nただ、[15][232]べって[58]っても、\n[791][28]と[228][28]によるものだけどね。
0x00130009	4	【[107][108]】\n（[791][28]と[228][28]……ってことは、\n１０[146][280]の[656][657][1062][383]《こうりゅうえんちょう》が\n[470]まったってことか……）
0x00130081	4	【[107][108]】\n（そうだった……\n[656][657]《こうりゅう》には『[1062][383]』という\n[347][313]があるんだった）
0x001300e5	4	【[107][108]】\n（できれば[1062][383]されることなく、\n[732][615]《しゃくほう》になってくれれば\nありがたいんだが……）
0x0013047f	2	【[1057][1058]】\n[240][550]だったね、[107][108][571]。
0x001304c2	3	【[107][108]】\n[240][550]……？\nなにが？
0x00130510	4	【[1057][1058]】\n[102][146]は[146][430][146]だから\n[699][256]の[428][280]がないんだよ。\n[240][550]ながら、タバコは[798]えないね。
0x00130578	3	【[107][108]】\n……ああ、\nそういえばそうだったな。
0x001305bf	4	【[107][108]】\nかえってゆっくりと\n[59]えることができて、\n[204]かったかもしれない。
0x0013063a	3	【[1057][1058]】\n[107][108][571]……\nいつになくシリアスだね。
0x00130683	3	【[107][108]】\nいよいよ[283][146]が[656][657]《こうりゅう》の\n[63][234][146]だ。
0x001306d4	3	【[107][108]】\n[732][615]《しゃくほう》か[656][657][1062][383]《こうりゅうえんちょう》か……\n[696]《き》[911]《そ》される[301][302][101]だってある。
0x00130749	5	【[107][108]】\nできることはすべてやったって\n[502][241]した[170]で[283][146]に[686]えたいんだ。\nだから[712]《く》いのないように\nがんばろうと[132]ってな。
0x001307e5	4	【[1057][1058]】\nそっか……\nボクはなにもできないけど、\nうまくいくように[828]《いの》っているよ。
0x0013086a	3	【[1057][1058]】\nそうだ！\n[0]しいお[783]りを……！
0x001308b0	4	【[107][108]】\nいや、いい。\nありがとう、[1057][1058]。\nその[153][84]ちだけでうれしいよ。
0x00130909	3	【[107][108]】\n（[941][163][289][564]、\n[670][640]なかったしな……）
0x00130c5e	3	【[1057][1058]】\n……どう？\n[713][686]は[1239][564]？
0x00130ca3	2	【[107][108]】\nいや……どうだろう。
0x00130ceb	3	【[107][108]】\nでも、まぁ、\n[656][657][1062][383]《こうりゅうえんちょう》は[583][320]《かくご》してるよ。
0x00130d71	5	【[1057][1058]】\n[547][439]はなんだかんだケチを\nつけてくるし……\nこの[428][496]で[732][615]《しゃくほう》される[53]なんて\nほとんどいないって。
0x00130de3	2	【[107][108]】\n……[1057][1058]。
0x00130e44	4	【[1057][1058]】\nあっ、ゴメン！\nまだわからないよね！\nそうだよね！
0x00130e93	3	【[107][108]】\n[76][287][288]《だいじょうぶ》だよ。\nオレはもう[583][320]《かくご》してる。
0x00130eec	5	【[107][108]】\n……この[28][104]は\nまだまだわからないことだらけだ。\nもっと[232][233]できるなら\n[1134][1071][118]《てっていてき》にやるまでだ。
0x00130f5f	4	【[107][108]】\nとは[58]っても、[283][146]の[791][28][15][232]べで\n[696]《き》[911]《そ》されたらどうしようも\nないんだけどな……
0x00130ff1	3	【[1057][1058]】\nそればっかりは\n[283][146]になってみないとわからないね。
0x0013103e	2	【[107][108]】\nああ……
0x001313a7	2	【[1057][1058]】\n[102][146]でいよいよ[732][615]《しゃくほう》だね！
0x001313f1	2	【[107][108]】\n……いや、それはない。
0x00131457	2	【[1057][1058]】\n……[1290][139]《そくとう》だね。
0x0013149b	3	【[107][108]】\n[373][374]が[58]ってたからな。\n１０[146][280]の[656][657][1062][383]《こうりゅうえんちょう》だって。
0x00131525	2	【[1057][1058]】\nで、でも、[470]めるのは[791][28]でしょ！
0x0013156c	4	【[107][108]】\nそんなに[600][99]させるなよ、[1057][1058]。\nダメだったときのダメージが\n[76]きくなるじゃないか……
0x001318b4	2	【[107][108]】\nただいま……
0x00131913	2	【[1057][1058]】\nお[154]り、[107][108][571]！
0x00131952	3	【[107][108]】\nふう……\nようやく[558]ち[71]いた……
0x001319bf	3	【[1057][1058]】\nダメだよ、[107][108][571]。\nこんなところに[918]《な》[1021]《じ》んじゃ。
0x00131a25	4	【[1057][1058]】\nこれでまたしばらく\n[57][427]《いっしょ》なのはいいんだけど、\n[240][550]だったね。
0x00131a81	3	【[107][108]】\nまあ、そのまま[696]《き》[911]《そ》されなかっただけ\n[204]かったと[132]わなきゃな。
0x00131ade	3	【[107][108]】\nとりあえず、\nあらためてよろしくな……[1057][1058]。
0x00131b51	4	【[1057][1058]】\nやだなぁ。\nボクと[107][108][571]の[280]に、\nそんなあらたまった[395][396]《あいさつ》はいらないよ！
0x00131bc3	2	【[1057][1058]】\nよろしくね、[107][108][571]！
0x00131c03	2	【[107][108]】\nお、おう……
0x00131f5d	3	【[107][108]】\nふう……\nひさびさのタバコだな……
0x00131fca	5	【[1057][1058]】\nそういえば、そうだね。\nおとといは[146][430][146]で[699][256]がなくって、\n[247][146]は[791][439][1061]へ[152]くために、\n[699][256]の[428][280]がカットされたんだよね。
0x0013204c	3	【[107][108]】\nああ。\n[751]ぬかと[132]ったよ、まったく……
0x001320a3	2	【[1057][1058]】\nでも、[751]ななかったよね、[107][108][571]。
0x001320eb	2	【[107][108]】\n……なにが[58]いたいんだ、[1057][1058]？
0x00132158	2	【[1057][1058]】\n……わかってるんでしょ？
0x00132198	4	【[107][108]】\n……[161][1279]《きんえん》の[97]ならよしてくれよ。\n[102]はただ、こうしてタバコの[629]《うま》さを\n[1291]《か》み[263]《し》めたいんだ……
0x0013223c	3	【[1057][1058]】\n……わかったよ。\nもうなにも[58]わない。
0x001322ab	3	【[1057][1058]】\nそれはそれとして、\nたまには[57][427]《いっしょ》に[699][256]しない？
0x00132300	3	【[107][108]】\n[699][256]？\nなにをするんだ？
0x00132367	3	【[1057][1058]】\nかけっこさ。\nボク、けっこう[41][174]があるんだよ。
0x001323b5	5	【[107][108]】\nほう……\n『[26][27][261][609]の[965]いイナズマ』と\n[297]ばれたオレに[927][480][814]《ちょうせんじょう》か？\n[276]けてたとうじゃないか。
0x00132455	3	【[1057][1058]】\n……な、なんか\n[843][844]《びみょう》に[412]いね。
0x001324c9	5	【[1057][1058]】\nボクだって\n『[572][23][261][609]の[676][447]の[410][976][66]』と\n[297]ばれた[477]だよ。\nそう[566][567]には[275]けないからね！
0x00132539	2	【[107][108]】\n……オマエも[843][844]《びみょう》に[412]いぞ。
0x00132584	4	【[107][108]】\n……まぁ、いいや。\nじゃあ、[267]こうの[1148]《かべ》をタッチして\n[389]《もど》ってくる[447]さで[14][275]な。
0x001325f1	2	【[107][108]】\nヨーイ、ドン！
0x00132652	3	【[1057][1058]】\nあっ、フライングだよ！\n[107][108][571]！
0x00132708	3	【[1057][1058]】\n……はぁ……はぁ……\nボクの[14]ちだね、[107][108][571]。
0x0013275d	3	【[107][108]】\nはぁ…はぁ…\nな、なんて[447]さだ……
0x001327cb	3	【[1057][1058]】\nへへーん！\n[990]《に》げ[173]《あし》だけは[447]いんだ、ボク！
0x00132820	5	【[107][108]】\nく、クソッ……\n[173]には[41][174]があっただけに、\n[712]《くや》しいぜ……\nはぁ……はぁ……
0x00132889	3	【[107][108]】\n（ヤバイ……\n[115][360][118]に[831]が[210]れている……）
0x001328db	4	【[107][108]】\n（[115][79]にタバコやめないと\n[732][615]《しゃくほう》されても[26][27]に\n[467][154]できないかも……）
0x00132c24	4	【[107][108]】\nおっ、ラッキー\nまだそんなにお[1272]が\n[1273]くなってないぞ……
0x00132c76	6	【[107][108]】\n……[1057][1058]。\n[77]を[888]えとは[58]わない。\nだけど、せめてシャワーで\n[621]《あせ》を[493]してから\n[3]ろうじゃないか。
0x00132d03	2	【[1057][1058]】\n…………
0x00132d3c	3	【[107][108]】\n……ん？\nどうした、[1057][1058]？
0x00132d81	2	【[1057][1058]】\n…………
0x00132dba	2	【[107][108]】\n……[1057][1058]！
0x00132e1b	3	【[1057][1058]】\nえっ……？\nな、なに、[107][108][571]？
0x00132e64	3	【[107][108]】\nどうした？\n[900]《ふ》[1275]《ろ》の[428][280]に[59]えごとか？
0x00132ec3	3	【[1057][1058]】\nう、うん……\nちょっとね……
0x00132f07	3	【[107][108]】\n[766][682]のネタでも\n[464]がってたか？
0x00132f64	2	【[1057][1058]】\n…………
0x00132f9d	3	【[107][108]】\n……うーん。\nなんか[232][66][1292]《くる》うなぁ……
0x00132fed	5	【[107][108]】\nいつもは、\n『[107][108][571]！\n[57][427]《いっしょ》にお[900]《ふ》[1275]《ろ》[3]ろ！』\nって[242]じなのに。
0x00133081	3	【[1057][1058]】\n……えっ？\nなにか[58]った？
0x001330c4	2	【[107][108]】\n……い、いや、なにも……
0x0013312d	2	【[1057][1058]】\nそう……
0x00133164	2	【[1057][1058]】\n………
0x0013319b	3	【[107][108]】\n（……[47][1]が[122][773]《しんけん》だ。\nそっとしておくか）
0x001334fc	2	【[107][108]】\nなぁ、[1057][1058]……
0x0013355f	2	【[1057][1058]】\nなーに、[107][108][571]？
0x0013359d	4	【[107][108]】\n[19]にさ、\nちょっと[98]いたことあっただろ、\n[1057][1058]が[762][179]《たいほ》された[115]の[97]。
0x00133600	4	【[107][108]】\n[725]を[256]かすようなお[1187]《えら》いさんの\nマズイ[97]を[190]いたからとか\n[58]ってたよな？
0x00133687	4	【[1057][1058]】\nうん、そうだけど。\nお[1187]《えら》いさん……っていうか、\n[547][439][170][1293][291]《けいさつじょうそうぶ》の[93][1160][28]《ふしょうじ》だね。
0x00133705	3	【[107][108]】\n……それは[766][682]のネタなんだろう？\n[115][79]のことじゃないんだろう？
0x0013376a	4	【[1057][1058]】\nもちろん。\nだから[312][313]もそう[112][113]しているんだけど、\nなかなか[174]じてもらえないんだよね。
0x001337ce	2	【[107][108]】\nちなみに、どんな[97]なんだ？
0x00133835	3	【[1057][1058]】\n……[129]らない[158]が\nいいと[132]うけど。
0x0013387d	3	【[107][108]】\n[572]り[97]だったら\n[98]いても[34]はないだろう？
0x001338ed	4	【[1057][1058]】\n……そう。\nそうだね。\nじゃあ、[566][567]に[1094][346]《がいよう》だけ。
0x0013396d	4	【[1057][1058]】\n[547][439][1061]《けいさつちょう》のエリート[1294][291]が、\nある[260][261]《きぎょう》と[1295][71]《ゆちゃく》して、\nその[260][261]《きぎょう》が[123]した[93][513]を[1086]《も》み[850]《け》すんだ。
0x00133a0f	4	【[1057][1058]】\nその[80][549]りに、[93][513]をした[260][261]《きぎょう》が\nエリート[1294][291]に[124][83]を[413]《わた》した……\nありふれた[97]でしょう？
0x00133a87	5	【[107][108]】\n……たしかに、\nありふれた[97]と[58]えなくもない。\nでも、それだけなのに\nどうして[762][179]《たいほ》されるんだ？
0x00133b1d	5	【[1057][1058]】\nどうも、[260][261]《きぎょう》が[123]した[93][513]の[324][546]とか、\n[124][83]を[413]《わた》す[219][906]《けいい》に[478][1296][166][167]《かじょうはんのう》していてね。\nどこからネタを[157][3]れたんだって\nしつこく[98]かれたよ。
0x00133bc2	2	【[107][108]】\n…………
0x00133c08	5	【[1057][1058]】\nしかも[93][132][576]なことに、\n[420][36][53][165]の[73][19]がたまたま、\n[111][143]の[53][165]と\n[57][427]《いっしょ》になっちゃっているみたいなんだ。
0x00133c85	2	【[107][108]】\n…………
0x00133ce4	5	【[1057][1058]】\nちなみに、ボクを[15][232]べしている\n[690][28]が[64][106]って[73][19]なんだけど、\n[110]もたまたま[766][682][324]に\n[690][28][248]で[420][36]しているんだ。
0x00133d88	2	【[1057][1058]】\n[93][132][576]だよね、アハハ。
0x00133e07	4	【[1057][1058]】\nでもまあ、あくまで[766][682]のネタだし。\nそのうち[481][51][93][522][327]《けんぎふじゅうぶん》で\n[732][615]《しゃくほう》されると[132]うんだ。
0x00133e85	4	【[107][108]】\n……たしか[1057][1058]、\nほとんど[15][232]べされてないよな？\n[770][163]《ふつう》そんなことがあったら、もっと……
0x00133f1a	3	【[1057][1058]】\nああ。\nそれはね……
0x00133f58	3	【[107][108]】\n……あ、\nやっぱりそれ[169][170][97]さなくてもいい。
0x00133fa6	3	【[107][108]】\nこれ[169][170][98]くと、オレも[218]き[549]すことが\nできなくなりそうだからな……
0x00134377	2	【[1057][1058]】\nお[900]《ふ》[1275]《ろ》はやっぱりいいねぇ……
0x001343c2	2	【[107][108]】\nああ……
0x001343f9	4	【[107][108]】\nそんなに[900]《ふ》[1275]《ろ》[876]きじゃなかったけど、\nたまにしか[3]れなくなると、\nそのありがたみがわかるな。
0x0013448c	4	【[1057][1058]】\n[273][725]って、\nこうして[1272][1274]に[966]《つ》かる[902][593]が\nあまりないんだよね。
0x001344e8	4	【[107][108]】\n……[98]いたことがあるな。\n[76][535]《たいてい》、シャワー[1297]《あ》びて\n[234]わりなんだろ？
0x00134574	5	【[1057][1058]】\nそうなんだよね。\nだけどやっぱりこうやって\n[1272][1274]《ゆぶね》に[966]《つ》かった[158]が\n[153][84]ちいいよ。
0x001345de	3	【[107][108]】\n[1057][1058]って[1135][273]に[152]ったこと\nあるのか？
0x0013464d	2	【[1057][1058]】\nどうして？
0x00134684	2	【[107][108]】\nいや、そんな[257][948]《くちぶ》りだったから。
0x001346db	4	【[1057][1058]】\n……うん。\nちょっと[15][1109]でね。\n[107][108][571]は？
0x0013472b	4	【[107][108]】\nオレはまだ[1135][273]に[152]ったこと\nないんだよ。\n[203]に[152]きたいとも[132]わないしな。
0x001347ae	4	【[1057][1058]】\nでも、[57][313]は[1135][273]に[152]って、\n[146][115]と[168]《ちが》う[1051][336]に[1144]《ふ》れるのも\n[518]くないと[132]うよ。
0x0013482a	4	【[1057][1058]】\nそうすれば、\nもっと[146][115]が[876]きになるかもしれないし、\nお[900]《ふ》[1275]《ろ》も[76][876]きになるかもね。
0x00134896	2	【[107][108]】\nそんなもんかねぇ……
0x00134c05	2	【[1057][1058]】\n[102][146]は[63][20]の[720]だね。
0x00134c46	2	【[107][108]】\n……どういう[382][55]だ？
0x00134c93	2	【[1057][1058]】\nボク、[283][146]で[732][615]《しゃくほう》[10][11]だから。
0x00134ce3	3	【[107][108]】\n……ってことは、\n[283][146]、[791][28][15][232]べか？
0x00134d58	4	【[1057][1058]】\nうん。\n[481][51][93][522][327]《けんぎふじゅうぶん》で\n[732][615]《しゃくほう》って[493]れだと[132]うよ。
0x00134dbf	4	【[107][108]】\n……あれ、でも、\n[627][146]の[15][232]べで[13]を[458]めたって\n[58]ってなかったっけ？
0x00134e44	5	【[1057][1058]】\nうん、[58]ったよ。\nだけど[247][146]、[15][232]べを[276]けて、\nそのときにちょっと、[170]の[53]と\n[344][448]《れんらく》をとってもらったんだ。
0x00134ee6	4	【[1057][1058]】\nそしたら、アラ[93][132][576]。\n[283][146]で[732][615]《しゃくほう》してもらう[158][267]に\n[97]が[361]んじゃったってワケ。
0x00134f54	3	【[107][108]】\n……オマエ、\nどんな[124][556][414]ったんだよ。
0x00134fc5	6	【[1057][1058]】\n[76]したことじゃないよ。\nもともとボクを[762][179]《たいほ》する\nキッカケになった[115]には、\n[31][313]に[980][935][118]な[150][151]が\n[190]かれていてね。
0x0013506a	5	【[1057][1058]】\nもしボクが[696]《き》[911]《そ》された[36][264]、\n[415]の[209]に[493]れる[157][453]みに\nなっているって\n[682][283]しただけだよ。
0x001350dc	3	【[107][108]】\n……オマエ、スゴいヤツだったんだな。\n[440][441]さんと[403]レベルだ……
0x0013515d	4	【[1057][1058]】\nさすがにあまり[528]《おどろ》かないね。\n[770][163]《ふつう》の[53]なら、\n[763][174][763][51]《はんしんはんぎ》になるところだけど。
0x001351d3	3	【[107][108]】\n……その[4]の[97]は、\n[157][28][761]《しごとがら》、[593]れてるからな。
0x0013522d	5	【[107][108]】\n……でも、それならなんでもっと[198]く\n[256]かなかったんだ？\nいつでも[732][615]《しゃくほう》されることが\nできたはずだろう？
0x001352c7	3	【[1057][1058]】\n[19]に[58]ったでしょ？\n[107][108][571]は[354][1109]として[508][21]いって。
0x00135342	4	【[1057][1058]】\nもともと[657][308][36]の[390][358]について\n[15][1109]したかっただけなんだけど、\n[774]しみが[1060]えちゃったもんだからさ！
0x001353ae	3	【[107][108]】\n……[15][1109]って、\nそれじゃワザと[179]《つか》まったのか、オマエ！？
0x0013542f	2	【[1057][1058]】\nふふ、ご[509][393]に。
0x0013546c	2	【[107][108]】\n………………
0x001354cf	4	【[1057][1058]】\nおかげでいいネタができたよ。\nボクの[16][103][572]、\n[774]しみに[99]っててね！
0x0013552a	2	【[107][108]】\n……[1053]むのが[603]《こわ》いな。
0x001358c9	4	【[1057][1058]】\nじゃ、ボクは[152]くよ。\n[1079]《さび》しくなると[132]うけど\nがんばって、[107][108][571]！
0x0013592a	4	【[107][108]】\nああ、たしかに[1079]《さび》しくなるかもな。\nオマエがいたおかげで、\n[657][308][36][390][358]も[986][552]《たいくつ》しなかったよ。
0x0013599f	3	【[107][108]】\n[1057][1058]もがんばれよ。\n[16][103][572]、[1053]むからな。
0x001359fa	2	【[1057][1058]】\nうん、よろしくね。
0x00135a36	2	【[657][308][253]】\nそれじゃ[152]くぞ。
0x00135a99	2	【[1057][1058]】\nじゃあね、[107][108][571]！
0x00135ad8	2	【[107][108]】\nああ、またな。
0x00135b38	2	【[1057][1058]】\nうん、またね！
0x00135b9f	2	【[107][108]】\n…………
0x00135bd8	2	【[107][108]】\n（これでオレ１[53]か）
0x00135c17	3	【[107][108]】\n（……それとも、\n[0]しいヤツが[3]ってくるのか……）
0x00135c6a	3	【[107][108]】\n（どちらにしろ、\nオレに[240]された[146]も[82]くない）
0x00135cb8	3	【[107][108]】\n（なんとか[1057][1058]に[391]ければ\nいいけどな……）
0x00135fa8	2	【[107][108]】\n…………
0x00135fe1	3	【[107][108]】\n（[1057][1058]がいなくなったら、\nとたんに[752]かになったな）
0x00136031	2	【[107][108]】\n…………
0x0013606a	3	【[107][108]】\n（[752]かになる。\n[142][61]じゃないか！）
0x001360b3	2	【[107][108]】\n（もう、オレに[240]された[428][280]も[96]ない）
0x001360fd	3	【[107][108]】\n（じっくりと[28][104]に[267]かい[264]うためには\nむしろいいことだ）
0x00136150	3	【[107][108]】\n（[240]り[428][280]を[483][670]に[414]うために\n[572][480]を[1027]《ね》っておかないとな……）
0x001364bb	4	　\n　\nオレはここから[256]けない。\nだったら[256]かすべきは……[560][975]だ。
0x0013650d	4	　\n　\n[102][146]から[715][866]、\nその[146]１[146]の[1][2]を[348][329]することにしよう。
0x00136563	3	　\n　\nまずは、[102][146]の[1][2]のチェックだ。
0x001365a6	4	　\n　\nオレの[109][79]になったのは、\n[373][374]と[459][115]という[690][28]だ。
0x001365f6	5	　\n　\n[203]に[373][374]という[690][28]は[346][381][382]だ。\n[560]もキレるし、スキを[80]せたら\n[546][1212]《ようしゃ》なく[525]《つ》っ[282]《こ》みを[3]れてくるだろう。
0x00136695	5	　\n　\n[28][104]の[8][386]《ほったん》はオレが[26][27][28][29][30]の[30][383]である\n[24][25][440][441]さんと『ライトブルー』というバーで\n[672]んでたところから[400]まる。
0x0013672a	5	　\n　\nそこで[21][22][57][317]という[477]が[33]された。\n[35][36]に[240]された[846][489]《きょうき》にオレの[356][847]《しもん》が[277][71]してたことから、\n[762][179]《たいほ》されることになってしまった。
0x001367bb	5	　\n　\nしかし、オレは[50][34][52]《ひがいしゃ》と[508][605]《めんしき》がない。\nオレと[50][34][52]《ひがいしゃ》が[257][839]していたのを\n[404][375]《もくげき》されたらしいが、オレは[583]えてない。
0x0013685f	4	　\n　\nそんな[126][77][126][730]の[814][815]《じょうきょう》に[35]れたのが、\n[88][89][90]になっていた[661]の[425][53]《こいびと》、[39][66]だった……
0x001368e9	5	　\n　\nオレは[39][66]に[232][233]を[660][75]《いらい》し、\nその[2][377]を[20][146][276]けることになった。\n[657][308][36]の[209]から[12][111]を[119][283]する[832][561]が[348]ったわけだ。
0x0013696d	5	　\n　\nそういえば[39][66]は、\n[1036][443][444]の[223][185]の[28][29][30]に\n[30][537]してると[58]ってたっけ……
0x001369ee	5	　\n　\n[1036][443][444]はともかく、[37][38][88][89][90]は\nオレでもその[73][19]を[98]いたことがある[529]、\n[201][908]《ゆうしゅう》な[88][89][90]として[483][73]な[53]だ。
0x00136a80	4	　\n　\nあとは……\n[57][167]、[1057][1058]のことも[348][329]しておくとするか。
0x00136ad1	5	　\n　\n[657][308][36][390][358]の[403][370][53]。\nちょっとヘンなところもあるけど、\n[603]《こわ》いオッサンとかじゃなくて[204]かった。
0x00136b67	3	　\n　\n[102][146]は[203]に[0]しい[1][2]がなかったな。
0x00136bac	5	　\n　\nあえて[58]うなら、\n[791][28]と[228][28]に[12][111]を[911]《うった》えるためには、\n[1][2]が[173]りないことがわかっただけだ。
0x00136c1a	5	　\n　\nオレに[240]された[146][197]は１０[146]。\nそれまでに、なんとしても\n[12][111]を[119][283]しなくちゃ……な。
0x00136c9b	3	　\n　\n[102][146][241]た[1][2]を[948]《ふ》り[549]《かえ》ってみよう。
0x00136d18	5	　\n　\n[50][34][52]《ひがいしゃ》の[23][60][61][62]は、\n[245]《つま》の[21][22][187][191][189]と\n[460]《むすめ》の[21][22]のぞみ……か。
0x00136dab	5	　\n　\n[528]《おどろ》いたのは、\n[21][22][187][191][189]があまりにも\nおふくろにそっくりだったこと……
0x00136e2a	4	　\n　\nでも、[251][252]《けつえん》[215][253]《かんけい》は\nないんだよな……
0x00136eb8	4	　\n　\n[50][34][52]《ひがいしゃ》が[244][47]を[29]めていた\n[21][22]グループ。
0x00136f0c	4	　\n　\nそこに[0][244][47]が[388][286]したらしい。\n[73][19]は、[21][22][320]。
0x00136f71	4	　\n　\n[640]たして、\nどんな[477]なんだろうか？
0x00136fee	4	　\n　\n[21][22][320]は[57][317]と[196][1298]《ひかく》して、\n[262][455]からの[379][228]がいいらしい。
0x0013705c	4	　\n　\n[21][22][320]は[57][317]が[33]されて、\n[57][506][241]をした[53][165]……
0x001370ae	4	　\n　\n[262][455]の[379][228]を[98]く[475]り[876][53][165]らしいけど、\n[123][53][1034][1035]になるかもしれないな……
0x0013714a	5	　\n　\nオレと[21][22][57][317]は\nリフォームのときに\n[227]を[264]わせていた……
0x0013719c	5	　\n　\nとは[58]っても、\nオレは[395][396]《あいさつ》くらいしかしてないから、\n[215][253]と[297]べるほどのものではない。
0x00137203	4	　\n　\nただ、おふくろと[21][22][57][317]のあいだには\nなんらかのつながりがあったようだ……
0x00137297	4	　\n　\n[28][104]が[8][390]したときに、\nＢＧＭは[493]れていなかった。
0x001372e7	4	　\n　\n[115][293]ならばクラシックが\nかかってたはずなのに、だ。
0x00137331	4	　\n　\n[123][53]のアリバイ[688][572]に[215][253]している\n[301][302][101]が[31]い……
0x00137384	3	　\n　\n[80]えてきたかもな……[122][111]への[1031][257]が！
0x00137406	5	　\n　\n[257][839]……って[58][315]の\n[843][844]《びみょう》なニュアンスのズレが\n[153]になるな……
0x0013749f	4	　\n　\n[685][123]カメラに[710]っていた\n[328]《あや》しい[573]《かげ》……
0x001374ef	5	　\n　\nその[256]きから[59]えるに、\n[855][678]《けんじゅう》にオレの[356][847]《しもん》をつけてた\nようにも[80]える……
0x00137557	5	　\n　\nこの[1][2]の[84]つ[382][55]は[406]めて[76]きい。\nこの[1][2]があるにも[215]わらず、\n[547][439]が[256]き[121]さないことも[1261]《あわ》せてだが……
0x0013760b	4	　\n　\n[33][34][35][36][277][64]の[592]《とびら》には\n[356][847]《しもん》を[850]した[853]《あと》があった……
0x0013766e	5	　\n　\n[846][489]《きょうき》にオレの[356][847]《しもん》があるのに、\n[592]《とびら》にオレの[356][847]《しもん》がないのはおかしい。\nそう[132]わせないために、[122][123][53]が[850]したに[168]《ちが》いない。
0x00137703	4	　\n　\nトリックのほころびが[96]しずつ\n[283]らかになってきたな……
0x0013778a	4	　\n　\nプレイヤーを[256]かした[853]《あと》があった……\nこの[28][111]は[76]きい。
0x001377e0	5	　\n　\nオレの[59]えが[513]しければ、\n[215][253][52]すべてのアリバイが\n[689][446]《ほうかい》するが……さあ、どうなるかな。
0x00137887	5	　\n　\n[215][253][52]たちのアリバイも[689][446]《ほうかい》した……\nこれでオレ[169][273]にも[123][152]が\n[301][302]となったわけだ！！
0x001378f5	4	　\n　\nだが、これはゴールじゃない。\nただの[163][478][496]だ。
0x00137940	3	　\n　\n[126][127]に[122][123][53]を[80]つけてやる！
0x001379bd	5	　\n　\n[37][38][88][89][90]の[97]では、\nＶＩＰルームに[3]った[780]い[477]は\n『こうじ』という[73][19]らしい……
0x00137a26	3	　\n　\nいったい[205]《だれ》なんだろう……？
0x00137aa4	3	　\n　\n[440][441]さんは[452][88][89][90]、か……
0x00137ae7	5	　\n　\n[440][441]さんの[478][159]は\n[102]まで[1299][651]《せんさく》してこなかったけど、\nまさか[88][89][90]だったとは、な。
0x00137b4f	3	　\n　\n[53]に[1045][1300]あり、ってやつか。
0x00137bc9	5	　\n　\nよりによって、\n[440][441]さんがオレを[510]せたタクシーが\n[21]タクとはな……
0x00137c1e	3	　\n　\nオレもついてないな……
0x00137c93	4	　\n　\n[102][146]、[80][129]らぬ[100]の[66]が[147][80]にやってきた……\nたぶん[110][100]は……
0x00137ced	4	　\n　\nそれにしても、\nオレの[19]にあらわれた[404][118]がわからない。
0x00137d3a	3	　\n　\n…………
0x00137d6f	4	　\n　\n『[53][33]し』って[58]うために[293]たんだろうな、\nやっぱり……
0x00137dfb	4	　\n　\nのぞみが[63][20]に[80]せた[125][227]……\nあれはなにを[382][55]してるんだろう？
0x00137e51	5	　\n　\n[354][178]に[276]け[15]っていいのか？\nそれともオレをハメようとしてるのか？\n[20][52]はちょっと[59]えにくいけど……
0x00137ef5	5	　\n　\nのぞみが[58]っていた[855][678]《けんじゅう》の[168]《い》[539]《わ》[242]《かん》……\nどことなく[218]っかかってたけど、\nはっきりと[458][605]してたわけじゃなかった。
0x00137f79	3	　\n　\n……おかげで、[96]し[884]が[1152]《ひら》けてきた！！
0x00138000	3	　\n　\nのぞみがオレに[130][131]してくれることになった。
0x00138058	5	　\n　\nあまり[767][812]なことはさせられないが、\nうまくいけば[21][22][23][81][235]の[1][2]が\n[4]に[3]るかもしれない……
0x001380c1	3	　\n　\nさて、[459]《きち》と[121]るか、[846]《きょう》と[121]るか……？
0x0013814e	4	　\n　\n[440][441]さんと[50][34][52]《ひがいしゃ》が[129]り[264]いだった、か……\nこれで[440][441]さんも[67][68]な[546][51][52]《ようぎしゃ》だ。
0x001381c2	3	　\n　\n…………
0x001381f7	4	　\n　\nまずは[214][752]に。\nそして[202]の[546][51][52]《ようぎしゃ》[403][136]に[232][233]を[361]めていこう。
0x00138291	4	　\n　\n……[1036][443][444]の[58][315]に[1043]《まど》わされてるのはわかる。\nけど、やっぱり……
0x001382ee	3	　\n　\n…………
0x00138323	3	　\n　\nオレは、どうすればいいんだ……？
0x0013839f	4	　\n　\n[633]と[598]……\nまさか、ここまでやってくるとは[132]わなかったな。
0x001383f0	4	　\n　\nでも、いつもはやかましいと[132]ってたけど、\n[102]はそれが、[195]にホッとするんだよな……
0x0013844d	3	　\n　\nあの２[53]には[126][127]に[58]えないけど。
0x001384de	5	　\n　\nまさか○○《なんとか》こうじが[598]の[638]、\n[24][12][429][432][433]だったとは……\n[415][280]は[1267]《せま》いというか、[473][474]《ぐうぜん》というか……
0x001385ad	4	　\n　\n[24][12][429][432][433]から[98]けた[97]は、\nなかなかスリリングだったな。
0x00138600	5	　\n　\n[50][34][52]《ひがいしゃ》を[523]《うら》んでると[58]い[210]ってたな。\n[12][111]である[41][174]のあらわれか、\n[587]き[178]っているのか……
0x001386c2	3	　\n　\n[102][146]の[35][36][791][119]では[149]々なことがわかった。
0x0013870c	5	　\n　\nオートロックのドア、\n[685][676][335][686]が[687]《ほどこ》されたＶＩＰルーム、\n[852]《ふ》き[15]《と》られていた[356][847]《しもん》[438]々……
0x0013878a	5	　\n　\nこれらは[102][20][1301][55]《ぎんみ》するとして、\nひとつ[153]になったのが、\n[17][57][8][80][52]が[64][106]という、[373][374]の[170][433]だったことだ。
0x00138804	4	　\n　\n[148]って[97]をしてみたいけど\nムリだろうな……
0x00138883	4	　\n　\n[64][106]はムリヤリにでもオレを\n[123][53]に[157][67]て[170]げようとしてるみたいだ。
0x001388d9	4	　\n　\nだけどオレは[64][106]とは[508][605]《めんしき》がない。\nオレをハメる[329][461]はなんだ……？
0x0013895d	4	　\n　\nオレの[291][74]から[121]てきた[50][34][52]《ひがいしゃ》の[73][321]《めいし》……\nこれはなにを[382][55]するんだ？
0x001389c6	4	　\n　\nオレは[50][34][52]《ひがいしゃ》と[148]った[583]えがない。\n……あの[73][321]《めいし》はどこで[4]に[3]れたんだろう？
0x00138a33	3	　\n　\n………………
0x00138a6c	4	　\n　\n[21][22][57][317]、[37][38][442][443][444]、[64][106][743][187]の[373][53]は、\n[31][32][428][244]の[403][757][390]……
0x00138ad3	3	　\n　\nこれも[583]えておくべき[1][2]だな。
0x00138b4c	5	　\n　\n[79][146]、ＶＩＰルームに[3]った[53][165]は、\n[37][38][88][89][90]、[64][106]、[440][441]さん、そして[780]い[477]。\n[547][439]はこの[780]い[477]がオレだと[51]ってるようだが……
0x00138bd8	5	　\n　\nこの[780]い[477]の[513][77]を[26]るには、\nまずは[35][36]の[98]《き》き[282]《こ》みから[400]めるべきなんだろうけど、\n[475]られた[428][280][324]で[232]べる[469][999]があるかどうか……
0x00138c87	3	　\n　\nまさか、[185][223]があんなものを[240]してたなんて……
0x00138cd0	4	　\n　\n……[122][123][53]はこうなることを[10][684]して\nオレをハメたんだろうか？
0x00138d23	5	　\n　\nまさかな。\nオレでさえ[129]らなかったことを\n[129]ってる[53][165]なんて……
0x00138d8d	5	　\n　\n[102][146]の[15][232]べでは\n[203]に[411][346]な[1][2]はなかったな。\n[283][146]に[600][99]しよう。
0x00138dfb	4	　\n　\n……[142][255]、[12][111]を[119][283]するまでには\n[1056]らなかった……
0x00138e4d	5	　\n　\nただ、やれるだけのことはやったんだし、\n[685][123]カメラの[119][120]《しょうこ》もある。\n[283][146]は[1214]を[113]って[12][111]を[911]《うった》えよう。
0x00138ede	4	　\n　\n[102][146]は[373][374]と\n[604][926]《ごかく》にわたりあえたな……
0x00138f2c	4	　\n　\nこの[232][66]で\nどんどん[232][233]を[361]めていくか……！
0x00138f7c	4	　\n　\n[102][146]は[327]が[518]い[814][832]で\n１[146]が[234]わっちまったな……
0x00138fcc	4	　\n　\nこのままじゃマズイぞ……\n[454][587][854]《だかいさく》を[1027]《ね》らないと……
0x0013905c	3	　\n　\nそれと……
0x001390a6	3	　\n　\nあと……
0x001390de	3	　\n　\n[16]に……
0x001391db	4	　\n　\n……まぁ、[10][11][163]りというか、[298][1302][163]りというか、\n[732][615]《しゃくほう》はされなかったな。
0x00139241	4	　\n　\n[153]になるのは、[685][123]カメラのビデオテープが、\n[791][28]に[887]いていなかったということだ。
0x001392a2	5	　\n　\n……[547][439][764]に[93][314]になる[119][120]《しょうこ》だったから、\nワザと[700][791]しなかったのか……？\n……[283][146]、[373][374]を[150]いつめてみようか。
0x00139325	5	　\n　\nそれは[308]いとくとしても、\nダメだったものは[157][158]がない。\n[102][313]こそ[115]《マ》[79]《ジ》のラスト１０[146]だ。
0x00139394	5	　\n　\nこの[280]にオレの[12][111]が[119][283]できなかったら、\nオレは[696]《き》[911]《そ》されてしまうだろう。\n[240]り１０[146][280]、[805][411]《しんちょう》にいかないといけないな。
0x0013941d	5	　\n　\nその[158][612]については、これからじっくり[59]えるとして、\nなんとかしなければならないのが、\n[373][374]の[554][150]《じんもん》だ。
0x0013948e	4	　\n　\n『[33][53]を[123]していないという[380][120]《こんきょ》』……\nんなもん、わかってたらとっとと[732][615]《しゃくほう》されてるぜ。
0x00139501	3	　\n　\n………………
0x0013953a	4	　\n　\n[142][255]、[122][123][53]とその[119][120]《しょうこ》を[352][620]するしか\n[158][39]はないだろうな。
0x00139598	5	　\n　\n……ってことは、\n[102][20]の[158][612]としては、\n[122][123][53]を[525]《つ》き[162]《と》める[158][39]を[59]えればいいわけだ。
0x00139608	5	　\n　\nそのためにも、クルーの[348][329]をしておこう。\n[378][346]なさそうな[1][2]は、\n[57][181]《いったん》クリアしておいた[158]がいい。
0x00139859	3	　\n　\nさてと、これからどうしたもんかな……
0x001398b1	3	　\n　\n[102][146]、[241]た[1][2]を[948]《ふ》り[549]《かえ》ってみよう。
0x00139924	4	　\n　\n[21][22]グループのトップ[941][244]は\n[57][7][19]から[340][500]されていた……
0x0013997b	5	　\n　\nそれに[264]わせて、[24][12][429][432][433]の[467][468]の[97]も\nあったようだが、\n[111][155]に[467][468]したのはつい[63][64]だ。
0x001399e6	5	　\n　\n[24][12][429]は[50][34][52]《ひがいしゃ》と[78][101]が[518]かったらしいが、\n[24][12][429]の[467][468]する[428][600]に[264]わせて[696]きた[33][53][28][104]。\nただの[473][474]《ぐうぜん》で[813][277]けていいものだろうか……？
0x00139abe	4	　\n　\n[681]に[24][12][429]が[123][53]だとしたら、\nその[256][274]は[522][327]なものがある。
0x00139b14	5	　\n　\nしかも、[24][12][429]の[467][468]と[33][53][28][104]が[696]きたタイミングが\n[64]いことも、\nただの[473][474]《ぐうぜん》だとしらっと[493]すだけ。
0x00139b8b	5	　\n　\n[58]い[437]しないところが[596]《いさぎよ》いと[58]えばそれっきりだが、\n[24][12][429]が[328]《あや》しいことは[457]かだ。\n[96]しくらい[88][372]しても[204]いはずだ。
0x00139c0c	5	　\n　\nにも[215]わらず、\nアリバイをごまかしているような[199][200]を[276]けるのは、\nオレの[153]のせいだろうか？
0x00139c6f	4	　\n　\n……[24][12][429]については、\n[1185]《さら》なる[232][233]が[378][346]だ。
0x00139cfe	5	　\n　\n[21][22][320]の[97]にはおかしな[496]は[57][210][12]い[57][158]で、\nむしろ[21][22][320]が[123][152]に[215]わっている[301][302][101]も\n[59]えられる。
0x00139d72	5	　\n　\nただ、[57]つだけハッキリしていることは、\n[24][12][429][432][433]と[21][22][320]の[280]には、\n[57][11]の[174][75][215][253]《しんらいかんけい》があるということだ。
0x00139e05	5	　\n　\n[142][255]、[24][12][429]のアリバイが[457][11]しない[475]り、\n[24][12][429]が[122][123][53]である[301][302][101]は\n[594][11]できないだろう。
0x00139e77	5	　\n　\nだが、[24][12][429][115][53]からアリバイを[98]くことは\n[303]しそうだ。\nなぜかわからないが、[110]はアリバイをごまかしている。
0x00139ee7	4	　\n　\nならば、[110]の[723]である[24][12][429][598]から、\n[110]に[215]する[1][2]を[98]くしか[158][39]がないな……
0x00139f86	4	　\n　\n[24][12][429]のアリバイが[119][283]された。\nよって[24][12][429]は[546][51][52]《ようぎしゃ》から[273]すことにしよう。
0x0013a02a	3	　\n　\n[440][441]さんからは[149]んな[1][2]が[98]けたな。
0x0013a070	5	　\n　\nまずは[440][441]さんのアリバイ……\nこれは[115][53]から[98]いた[1][2]をもとに、\n[259][158][508]から[124][277]けを[15]るしかないだろう。
0x0013a0e3	5	　\n　\n[16]に[440][441]さんと[50][34][52]《ひがいしゃ》の[215][253]。\nこれは[169][19][98]いたとおり、\n[440][441]さんは[21][22]グループの[452][88][89][90]だったということ。
0x0013a165	5	　\n　\nそして[37][38][88][89][90]と[50][34][52]《ひがいしゃ》の[215][253]。\n[157][28]とプライベートをわけていた[482][53]だったが、\n[102]や[157][28][170]で[411][346]なパートナーとなっていること。
0x0013a1f3	4	　\n　\nそして[64][106][690][28]と[50][34][52]《ひがいしゃ》の[215][253]。\n[10][509][163]り、[124]で[758]《よご》れた[28]をやっているようだ。
0x0013a264	5	　\n　\nそして[57][506][153]になる[1][2]が、\n[440][441]さんが[160][754][590][316][4][784]を[276]けた[45][46]が、\nおふくろが[157][28]していた[666][170][76][277][537][45][46]だということ。
0x0013a2e8	3	　\n　\n………………
0x0013a321	3	　\n　\nこれは[137]《ただ》の[473][474]《ぐうぜん》なんだろうか……？
0x0013a3ab	3	　\n　\n[64][106]の[93][513][1][2]を[755]《にぎ》っている[440][441]さん。
0x0013a3f9	5	　\n　\n[168][39]《いほう》スレスレの[232][233]をするための[503][812]を\n[221][382]していたってわけか。\nさすがというか、なんというか……
0x0013a4a3	3	　\n　\n[24][12][429]は[406][313]の[275]《ま》けず[481]《ぎら》い……
0x0013a4f0	5	　\n　\n[24][12][429]がアリバイをごまかしているような\n[199][200]を[276]けていたが、\nこれってもしかしたら……
0x0013a58d	5	　\n　\n[440][441]さんの[115][73]は[459][115][776][777]で、\n[21][22][122][482]との[280]に\n[459][115]ユミちゃんという[460]《むすめ》がいる。
0x0013a612	5	　\n　\n……[440][441]さんに[460]《むすめ》がいたことも[528]《おどろ》きだけど、\nそれをオレに[564]く[242]じさせなかったのは、\nさすがというか……
0x0013a689	4	　\n　\n……それとも[39][66]が[58]うとおり、\nオレが[567]にニブイだけか……！？
0x0013a71c	4	　\n　\nおふくろの[160][754]が[440][441]さんに[590][316]されたことが\nこれで[457][11]した。
0x0013a770	3	　\n　\n………………
0x0013a7a9	3	　\n　\nなんか、[617][618]な[153][327]だぜ……
0x0013a825	4	　\n　\nおふくろは[21][22][122][482]の[482][7][145][484]《せんぱい》、か。\nしかも[21][22][122][482]はおふくろに[323]《あこが》れていた……
0x0013a896	4	　\n　\n……[149]々と[617][618]だな。\n[53][280][215][253]も、そしてその[124]に[1303]《ひそ》む[509]いも……
0x0013a8f8	4	　\n　\nこの[28][104]が[372][470]した[428]、\nオレはどこへ[267]かえばいいんだろうか……？
0x0013a9a4	5	　\n　\n[64][106]に[119][120][577][829]《しょうこいんめつ》されてしまった、\n[685][123]カメラの[710][393]は、\nもう[240]っていない……
0x0013aa10	4	　\n　\n[240][550]だが、ないものは[157][158]がない。\n[56]の[158][39]で[41][327]の[12][111]を[355]らすしかないってことだ！
0x0013aab0	4	　\n　\n[37][38][88][89][90]から[98]いた[1][2]の[209]には、\n[51][150]に[242]じる[496]がいくつかあった。
0x0013ab0e	3	　\n　\nまずは[37][38][88][89][90]と[50][34][52]《ひがいしゃ》の[215][253]だ。
0x0013ab5f	5	　\n　\nずっと[157][28]とプライベートを[327]けていた[482][53]が、\nどういう[160][463]の[65][336]があって、\n[57][427]《いっしょ》に[157][28]をするようになったのか？
0x0013abdc	4	　\n　\nそして[50][34][52]《ひがいしゃ》と[64][106][690][28]の[97]を[98]いた[428]の\n[283][457]な[93][1178][242]は[312]を[382][55]するのか。
0x0013ac48	4	　\n　\n[1185]《さら》になによりも、\n[37][38][88][89][90]のアリバイのあやふやさ。
0x0013ac9d	5	　\n　\n[37][38][88][89][90]がトイレにいたという[428][280]に、\nオレと[50][34][52]《ひがいしゃ》はちょっとしたトラブルを[696]こしていたが、\nそれを[129]らないと[58]う。
0x0013ad1d	4	　\n　\nこの[104]に[215]しては\n[381][382]して[232][233]する[378][346]があるだろう。
0x0013adb5	5	　\n　\n[50][34][52]《ひがいしゃ》が[57][404][734]《ひとめぼ》れして[626][369]《さいこん》したという[97]は\nのぞみも[58]っていたが\n[457]かに[382][273]だった。
0x0013ae2e	4	　\n　\n[50][34][52]《ひがいしゃ》は[157][28]に[384]しい[53][280]だという[199][200]が\nあったからだろう。
0x0013ae8b	5	　\n　\nでも、[7][875]《ねんれい》を[411]ねるうちに、\n[96]しずつ[53]が[65]わっていくということは\n[770][163]《ふつう》にあるといえばそれまでなんだが……
0x0013af40	4	　\n　\n[569]の[590][316][4][784]に[277]《つ》き[614]《そ》い、\n[57][427]《いっしょ》に[413][938]《とおう》したという[97]も[153]になる。
0x0013afaf	4	　\n　\n[142][640]、[122][482]は[590][316][4][784]に[236][917]し、\n[160][754]が[57][317]へ[590][316]された……
0x0013b02c	3	　\n　\n………………
0x0013b065	4	　\n　\n[153]にするなと[58]う[158]が[303]しいよな、\nやっぱり……
0x0013b0eb	5	　\n　\n[37][38][88][89][90]がすべてを[41][21]した。\n[110]の[58]うことが[115][79]ならば、\n[110]は[122][123][53]ではない。
0x0013b152	5	　\n　\nとはいえ、ウソを[277]いている[136]には[132]えなかったし、\n[97]に[857][858]《むじゅん》もなかったことから、\n[174][221]してもいい[97]だと[132]う。
0x0013b1c9	4	　\n　\n[37][38][88][89][90]は\n[546][51][52]《ようぎしゃ》から[273]して[150][151]ないだろう。
0x0013b274	4	　\n　\n……[21][22][122][482]が[37][38][88][89][90]に[97]した、\n[41][327]の[1304][13]《しょくざい》。
0x0013b2d7	5	　\n　\nその[142][640]が[102][103]の[28][104]が[696]きた[329][461]の[57][386]《いったん》だとしたら、\nオレが[59]えていた[169][170]に、\n[617][618]な[53]の[509]いが[941][1305]《こうさく》した[28][104]だと[58]わざるを[241]ない。
0x0013b36d	4	　\n　\n[428][280]が[372][470]する……なんて[58][315]があるけど、\n[53][280]はそんな[567][693]な[390]き[165]ではないってことだな……
0x0013b413	4	　\n　\nやっぱりおふくろは[185][223]が[21][22][57][317]に[33]された[28]を\n[129]っていた……
0x0013b46a	4	　\n　\nしかも、それを[150]いつめたことによって、\n[21][22][57][317]に[33]された[301][302][101]がある……
0x0013b4c9	5	　\n　\n[457][458]しようにも、[21][22][57][317]はもうこの[415]にいない。\nけど、オレがもっと[198]くこの[28][111]を[525]《つ》き[162]《と》めていればと\n[132]うと、やりきれないものがある……
0x0013b554	5	　\n　\nだけどあの[428]のオレにはそんな[521][1078]《よゆう》はなかった……\n[102]になってこの[28][111]を[129]るのは、\nなにかの[699][730]を[242]じるな……
0x0013b606	5	　\n　\n[440][441]さんとおふくろの[590][316][4][784]が[403]じ[146]……\nこれでおふくろの[160][754]が[440][441]さんに[590][316]されたことが\n[116][117][118]にも[119][283]されたわけだ。
0x0013b698	4	　\n　\n[150][151]はその[590][316][4][784]の[478][529]。\n[754][489][590][316][274][61]にはその[669][421]がなかったこと。
0x0013b6f9	4	　\n　\n……まさか[102][103]の[28][104]が、\nおふくろの[751]にまで[215][253]してくるとは[132]わなかったぜ……
0x0013b75a	5	　\n　\nとにかく、この[104]に[215]しては[28][111]が[129]りたい。\nいや、オレは[129]らなければならないんだ！！\nオレは[122][123][53]じゃないが[215][253][52]の[57][53]ではあるのだから！
0x0013b81b	4	　\n　\n[744][745][178][513]……\nすべての[122][111]はこの[801][52]に[208][449]するような[153]がする……
0x0013b877	5	　\n　\n[744][745]は[102]、どこにいるのか？\n[273][725]なのか？\nそれとも[382][273]に[64]いところにいるのか……？
0x0013b91a	4	　\n　\n[28][104][79][146]、\n[24][12][429]がゲームセンターに[152]っていた[28]は[228][283]した。
0x0013b973	4	　\n　\nけどそれによって\n[24][12][429]のアリバイが[119][283]されたわけじゃない。
0x0013b9c5	3	　\n　\nさて、どうやって[124][277]けをとるとするか……？
0x0013ba48	4	　\n　\n[289][244]の[41][33]の[104]について[39][66]が[222]《だま》っていたのは、\n[37][38][88][89][90]の[356][620]だったらしい。
0x0013bacb	4	　\n　\n５[7]のブランクがあるとはいえ、\nオレももう[96]し[39][66]を[174][221]すべきだったな……
0x0013bb28	4	　\n　\nでも、こうやって[58]いたいことを[58]い[264]って、\n[1306]《きずな》は[702]まっていくものだと、オレは[132]う。
0x0013bb8e	4	　\n　\n……なんて、[41][327]の[152][256]を[513][79][336]したりしてな、\nハハハ。
0x0013bc1d	5	　\n　\n[440][441]さんと[459][115][690][28]が[257][839]していた……\nしかも、あのクールな[459][115][690][28]が\n[142][61][733]くなっていたらしい。
0x0013bc8d	5	　\n　\n[482][53]の[280]に[312]があったんだろう？\n……まぁ、\n[440][441]さんが[312]かやらかしたんだろうけど。
0x0013bd2a	4	　\n　\n[328]《あや》しいと[132]っていた４[53]の[546][51][52]《ようぎしゃ》。\nその[209]で[440][441]さんだけがアリバイが[457][11]しない……
0x0013bd9c	3	　\n　\n………………
0x0013bdd5	3	　\n　\nやっぱり、[440][441]さんが[122][123][53]なんだろうか……？
0x0013be5c	3	　\n　\nまさか、のぞみの[111][250]が[41][33]していたとはな……
0x0013bea6	4	　\n　\nそれによって[187][191][189]が[50][34][52]《ひがいしゃ》の[626][369][78][4]《さいこんあいて》であり、\nのぞみの[570][250]《ままはは》であることがわかったが……
0x0013bf25	5	　\n　\n[39][66]がこの[104]について、\nオレに[2][377]しなかったのはなぜか……？\n[283][146]、[457][458]しないとな……
0x0013bfc8	3	　\n　\nよしもとゆみ、か……
0x0013c002	4	　\n　\nそんなに[153]にすることでもないような[153]もするけど、\n[411][346]な[4]がかりのような[153]もする……
0x0013c062	4	　\n　\n……[215][253][52]の[280]でよしもと[1054]《せい》なのは、\n[459][115][568][777]のみだけど……？
0x0013c0fc	3	　\n　\nあの[37][38][88][89][90]が[93][804]《ふりん》をしてたとは……
0x0013c14a	5	　\n　\nオレ[41][114]、[37][38][88][89][90]と[178][147][148]って[97]した[437]じゃないから\n[110]の[53][761]《ひとがら》を[129]っているわけじゃないけど、\n[97]を[98]く[475]りそんな[53]ではないと[132]っていた。
0x0013c1da	5	　\n　\n……まぁ、オレがとやかく[58]う[28]じゃないけど、\n[28][104]の[546][51][52]《ようぎしゃ》として[256][274]に[1262]《つな》がる[301][302][101]もあることから、\nマークする[378][346]はあるだろう。
0x0013c2a4	4	　\n　\n[440][441]さんの[452][425][53]《もとこいびと》の[73][19]は[21][22][122][482]。\n[110]は[1140]《すで》に[186]くなっている、か。
0x0013c349	3	　\n　\n………………
0x0013c382	5	　\n　\n[88][89][90]の[104]といい、\nオレの[129]らないところで[440][441]さんも\nだいぶ[532][588]していたみたいだな……
0x0013c421	4	　\n　\n[24][12][429][432][433]が[467][468]するという[97]は\n[57]ヶ[429][19]から[417][77][336]《ぐたいか》していたらしい。
0x0013c486	5	　\n　\nオレは[57]つ[394][168]《かんちが》いをしていた。\n[21][22][57][317]が[186]くなったからこそ、\n[24][12][429][432][433]の[467][468]が[417][77][336]《ぐたいか》したのだと[132]っていた。
0x0013c50d	5	　\n　\n[24][12][429]は[467][468]にあたって[57][317]が[645][646]《じゃま》だから[33]した？\n……なんて、[0]たな[256][274]も[59]えられなくはないが、\n[195]に[57]ヶ[429]かけて[215][253]を[994][467]していたとも[59]えられる。
0x0013c5a6	4	　\n　\nこの[57]ヶ[429][280]、どのような[478][529]で[467][468]が[111][35]したのか、\n[153]になるところだな……
0x0013c642	5	　\n　\nまさか、[64][106]が[119][120][577][829]《しょうこいんめつ》していたとは[254]った。\nこれじゃ、いくら[483][131]な[119][120]《しょうこ》を[1000]《つか》んでも、\n[547][439]に[352][620]するのは[1307]《さ》けた[158]がいいな。
0x0013c6dd	4	　\n　\n[64][106]を[377][8]《こくはつ》するにしても、\n[300][4]な[119][120]《しょうこ》じゃ[755]《にぎ》りつぶされるだけだろう。
0x0013c749	5	　\n　\n……ならば、[483][131]な[119][120]《しょうこ》を[4]に[3]れたとしても\n[898][228]までこちら[764]で[897]《ひか》えておく[28]になるけど、\nできれば[898][228]まで[84]《も》ち[282]《こ》みたくはない……
0x0013c7de	4	　\n　\n……クソッ！！\nオレが[41][461]の[114]なら[64][106]を[893]《お》い[958]《つ》めてやれるのに……！！
0x0013c87f	3	　\n　\n[440][441]さんと[459][115][690][28]は[775][723]だってことがわかった。
0x0013c8df	4	　\n　\n[459][115][690][28]は[122][508][404]なんだな。\n[518]く[58]えば[596][1308][101]《けっぺきしょう》なんだ。
0x0013c93e	4	　\n　\n[41][327]が[513][512]と[59]える[140][141]《はんい》が[1267]《せま》すぎる[170]に、\n[132]《おも》い[282]《こ》みが[944]しすぎる。
0x0013c9ac	4	　\n　\nまぁ、[693][1244]《じゅんすい》なんだと[58]えば、\nそうなのかもしれないけどさ。
0x0013ca3e	4	　\n　\n[440][441]さんの[425][53]《こいびと》だった[21][22][122][482]と、\nおふくろが[31][32][428][244]の[145][484][20][484]《せんぱいこうはい》の[280]がら……
0x0013cad5	3	　\n　\n………………
0x0013cb0e	4	　\n　\nなんだろう。\n[1214]がドキドキする……
0x0013cb52	4	　\n　\nようやく、この[28][104]の[78][215][215][253]の[57][506][702]くまで\n[1067]《たど》り[71]《つ》いたような[153]がするぜ……
0x0013cbbc	4	　\n　\nあとは[448]《から》まった[1031]をほぐすだけ……\nその[145]にきっと[122][111]が[99]ってるハズだ！！
0x0013cc56	4	　\n　\n[373][374]が[132]わせぶりなことを[58]っていたな。\n[440][441]さんから[377][8]《こくはつ》を[276]けたって……
0x0013ccba	4	　\n　\nそのうちの[57]つが、\n[193]の[685][123]カメラの[710][393]だ。
0x0013cd05	4	　\n　\n[84]っていたのなら、\nもっと[198]く[176]えてくれればいいのに……
0x0013cd54	3	　\n　\n………………
0x0013cd8d	4	　\n　\nいや、[300][4]に[176]えるわけにもいかなかったのか。\n[64][106]に[577][829]《いんめつ》される[301][302][101]があったわけだからな。
0x0013cdfb	4	　\n　\n……ってことは、もう[57]つの[377][8]《こくはつ》も\nやっぱり[64][106]に[215][253]するものなのか……？
0x0013ce60	3	　\n　\n……クソ、[153]になるぜ！！
0x0013cecc	5	　\n　\n[440][441]さんから[276]けたもう[57]つの[377][8]《こくはつ》は、\n[64][106]の[93][513]に[215]する[119][120]《しょうこ》だった。\nそれを[373][374]にこのタイミングで[352][121]するところはさすがだ。
0x0013cf5a	5	　\n　\nオレと[373][374]の[215][253]を[1033][212]《かんし》していて、\n[373][374]がオレを[122][123][53]じゃないかもしれないと\n[132]い[400]めたタイミングで[352][620]する。
0x0013cfd5	4	　\n　\n[142][640]が、これだ。\n[28][104]の[206][153]を[1053]む[302][131]は、ホント、[80][902]いたいぜ。
0x0013d05f	4	　\n　\n[64][106]が[41][21]した。\n[142][640][118]に[440][441]さんに[177]けられた[298]だ。
0x0013d0b3	4	　\n　\nだけど、[64][106]が[28][104]の[122][123][53]ではなかった。\nこの[122][123][53]はオレ[41][114]が[80]つけなければならないわけだ。
0x0013d11f	5	　\n　\nいや、[80]つけて、そして[179]《つか》まえなければならない。\n５[7][280]、[26][27]としてやってきた、\nオレのプライドにかけて！！
0x0013d1c3	4	　\n　\n[440][441]さんがいなくなった。\n[634]《さが》していた[53][165]が[80]つかったかららしいが……
0x0013d220	3	　\n　\n………………
0x0013d259	3	　\n　\n[440][441]さん……
0x0013d2ad	4	　\n　\n[102][146]は[203]に[411][346]そうな[1][2]はなかったな。\n[283][146]に[600][99]しよう。
0x0013d339	4	　\n　\n[102][146]は[373][374]と\n[604][926]《ごかく》にわたりあえたな……
0x0013d387	4	　\n　\nこの[232][66]で\nどんどん[232][233]を[361]めていくか……！
0x0013d3d7	4	　\n　\n[102][146]は[327]が[518]い[814][832]で\n１[146]が[234]わっちまったな……
0x0013d427	4	　\n　\nこのままじゃマズイぞ……\n[454][587][854]《だかいさく》を[1027]《ね》らないと……
0x0013d492	4	　\n　\nいよいよ[283][146]が、[63][234][146]か。\n[583][320]《かくご》を[470]めなきゃな……
0x0013d520	3	　\n　\nそれと……
0x0013d56a	3	　\n　\nあと……
0x0013d5a2	3	　\n　\n[16]に……
0x0013d8f0	2	【[477]】\nはぁ……、はぁ……、はぁ……
0x0013d95e	3	【[477]】\nい、いい[683][1166]にしろ……\n[87]がなにをしたって[58]うんだ！！
0x0013d9a8	2	【？？？】\n…………
0x0013d9d5	2	【[477]】\nお[19]に[33]されることなど、な、なにも……
0x0013da87	2	【[477]】\n……っ！？
0x0013daf2	3	【[477]】\nハ……ハハハ…………\nう……[375]《う》たないよな……
0x0013db3d	2	【？？？】\n…………
0x0013db6f	4	【[477]】\nな、なにが[338]みなんだ……！？\n[83]か……！？\nそ、それとも[110][100]のことなのか……！？
0x0013dbca	3	【[477]】\nお[19]の[338]み[163]りにするっ！\nだから……[730]だけは[177]けてくれっ！
0x0013dce7	3	【？？？？】\nフフ…\nこれでいい…
0x0013dd19	3	【？？？？】\nここまではオレの[132]うとおりに\n[28]が[361]んでいる。
0x0013dd5a	3	【？？？？】\nさぁて、オレまで[1067]《たど》り[71]《つ》くことが\nできるかな…
0x0013dda8	2	【？？？？】\nフフフ…
0x0013de16	3	【？？？】\n……ちゃん\nコウちゃん……
0x0013de51	2	【[107][108]】\n…………ん。
0x0013dea2	3	【[107][108]】\nんん………\nあれ、[250]さん……どうしたの……？
0x0013deea	2	【[243][244]】\n[993]しぶりね、コウちゃん……
0x0013df1e	2	【[107][108]】\nん……[993]しぶり……って……
0x0013df55	2	【[107][108]】\n…………
0x0013df80	4	【[107][108]】\nそうか……\n[250]さんは５[7][19]に\n[186]くなったんだっけ……
0x0013dfce	3	【[107][108]】\n……イタタ……[672]み[478]ぎて、\n[560]がぼおっとしてて……ッテテ……
0x0013e01b	3	【[243][244]】\n…………\nコウちゃん……[452][153]そうね……
0x0013e05b	4	【[107][108]】\nそりゃ、[452][153]だけが[15]《と》り[761]《え》だから……\nま、[102]は[673]でフラフラだけどね、\nははは……
0x0013e0ba	4	【[243][244]】\nふふ、[204]かった。\nどんなにツラいときでも、\n[125][227]があれば[510]《の》り[511]《こ》えていけるわ……
0x0013e116	4	【[107][108]】\n……[1039]《なつ》かしいな、その[58][315]。\n[250]さんが[390]きてたとき、\nいつも[58]ってたよな……
0x0013e175	3	【[107][108]】\n[125][227]があればツラいことも\n[510]《の》り[511]《こ》えられるって……
0x0013e1be	4	【[243][244]】\nコウちゃん……がんばって……\nこれからツラいことや[658]しいことが\nたくさん[99]っているわ……
0x0013e21a	3	【[243][244]】\nそれでも、あなたは[122][111]を\n[129]らなくちゃいけない……
0x0013e261	2	【[243][244]】\n[110][100]を[177]けるためにね……
0x0013e295	3	【[107][108]】\nえ……\nどういうことだよ、[250]さん？
0x0013e2ce	3	【[243][244]】\nコウちゃん、[125][227]よ。\n[387]れないで……
0x0013e3c6	2	【[107][108]】\nちょ……[99]って、[250]さん！
0x0013e460	2	【[107][108]】\n…………
0x0013e48b	2	【[107][108]】\n[304]……だったのか……？
0x0013e4bf	2	【[107][108]】\nって……どこだっけ、ここ……？
0x0013e4fc	5	【[107][108]】\nそうだ。\nたしか[440][441]《あさつゆ》さんと\n[28][104][372][470]のお[1309]いをしていて、\n[673]をどんどん[381]《つ》がれて……
0x0013e568	3	【[107][108]】\nあ、ダメだ……\n[799]《ねむ》いわ……
0x0013e5a4	2	【[107][108]】\n……グウ……
0x0013e60b	6	　\n　\n[673]にはそんなに[231]くない。\n[300]《げ》[778]《こ》って[529]じゃないけど、\nグラスで２～３[707]《ばい》も[672]めば、\n[963][508]がかたむく。
0x0013e678	7	　\n　\nだけど、[53]と[672]む[673]は[481]《きら》いじゃない。\nこの[146]はお[1309]いということもあり、\n[475][609]の[522][728]は[672]んでいただろう。\n[63][20]の[272]に[71]いた[428]には、\n[304]と[35][111]を[152]き[293]していた。
0x0013e704	5	　\n　\nそう、あの[428]オレは[93][132][576]な[304]を[80]た……\n５[7][19]に[186]くなったおふくろ……\nそして[160][754]の[1310][256]《こどう》……
0x0013e771	6	　\n　\n[390]と[751]の[463][609]は\nどこにあるのだろう？\n[186]くなっても[390]き[391]けるというのは\nどういう[153][84]ちなのだろう？
0x0013e7cc	6	　\n　\nその[139]えの[145]に[99]っていたのは\n[76][210]な[53]を[783]りたいという[509]いが\n[941][1305]《こうさく》した、\n[658]しく[210]ない[165][868]だった。
0x0013eb7f	2	【[107][108]】\n…………
0x0013ebb8	3	【[107][108]】\nなんでオレ、\nこんなとこにいるんだ……？
0x0013ec26	4	【[107][108]】\n…………\nそっか。\nオレ、[762][179]《たいほ》されたんだっけ……
0x0013ec83	4	【[107][108]】\nどうも、まだ[560]がすっきりしないな……\n[672]みすぎたせいか[669][759]《きおく》も[1203][1204]《あいまい》だ……\nえっと……
0x0013ed0f	5	【[107][108]】\n（オレの[73][19]は、[105][106]《さいとう》[107][108]《こうじ》。\n[468][261]は[26][27]《たんてい》。\n[7][875]《ねんれい》は２５[1002]《さい》。\nついでに[101][56]は[477]）
0x0013edba	5	【[107][108]】\n（[247][146]の[440]……\n２[53]の[690][28]《けいじ》がやってきて、\n[763][327][231][347][118]に\nここへ[344]れてこられて……）
0x0013ee7b	3	【[107][108]】\n（まともに[97]も[98]いてもらえず、\n[1311][158]には[762][179][814]《たいほじょう》をつきつけられて……）
0x0013eee7	4	【[107][108]】\n（[102]や[67][68]な\n[33][53][28][104]の[546][51][52]《ようぎしゃ》である、と……\nうん、だんだん[382][605]がはっきりしてきた）
0x0013efd0	2	【[107][108]】\n（[663][165]《カタブツ》がやってきたよ……）
0x0013f01c	3	【[107][108]】\n（やあブラザー！\nどうだい、[232][66]は？）
0x0013f069	4	【[107][108]】\n（……とかさ、さわやかに[395][396]《あいさつ》しながら\n[3]って[293]れないもんかね。\nただでさえ[411][532]しい[284]《ふん》[141]《い》[153]《き》なのに）
0x0013f113	2	【[373][374]】\n[247][720]《ゆうべ》は[799]《ねむ》れたか？
0x0013f15b	3	【[107][108]】\nええ、グッスリ[950]ましたよ。\n[1178][695]なベッドをありがとうございました。
0x0013f1dc	2	【[373][374]】\nそうか、それなら[204]かった。
0x0013f22a	4	【[373][374]】\nグッスリ[799]《ねむ》れたなら、\n[583]えていないという[123][152]の[669][759]《きおく》も、\n[132]い[121]せたんじゃないのか？
0x0013f29b	2	【[107][108]】\n（……[1104][1105]を[1104][1105]で[549]すなよ）
0x0013f2e3	5	【[107][108]】\n[240][550]ながら、\n[669][759]《きおく》は[389]《もど》りそうもないですよ。\nあの[720]は\nしたたか[647]《よ》ってましたからね……
0x0013f37e	4	【[373][374]】\n[247][146]も[58]ったが、\nそんなに[44][264]のいい[387]れ[158]など\n[174]じるつもりはない。
0x0013f400	5	【[373][374]】\nそんな[58]《い》い[990]《のが》れに\n[277]き[264]う[428][280]もない。\nなにしろ、[762][179]《たいほ》から４８[428][280][169][324]に\nお[19]を[700][791]しなければならないからな。
0x0013f48f	3	【[107][108]】\nでも、バーのマスターが\nオレの[647]《よ》った[840]を[80]てます。
0x0013f4e3	4	【[107][108]】\nそれに、オレといっしょに[672]んでた\n[26][27]《たんてい》[28][29][30]の[30][383]からも\n[97]を[98]いてもらえばわかるはずです。
0x0013f555	2	【[107][108]】\n……オレが[12][111]だってことはね。
0x0013f5c0	4	【[373][374]】\nフン……おめでたいヤツだ。\nそんなことで[355]れる[546][51]《ようぎ》なら、\n[762][179]《たいほ》したりはしない。
0x0013f653	3	【[373][374]】\n[354][178]に[41][21]することを\nおすすめしておくぞ、[105][106]。
0x0013f6ce	4	【[373][374]】\nなにせ、こちらは……\nお[19]が[123][53]であるという、\n[470][11][118]な[119][120]《しょうこ》をつかんでいる。
0x0013f739	2	【[107][108]】\n[470][11][118]な[119][120]《しょうこ》……！？
0x0013f791	3	【[373][374]】\nお[19]は[169][19]に[57][313]、\n[762][179]《たいほ》されたことがあったな？
0x0013f7e8	4	【[107][108]】\n…………\nターゲットの[1312][152]《びこう》[209]《ちゅう》、\n[65][156][52]に[280][168]われただけですよ。
0x0013f879	3	【[373][374]】\n[56]にその[28][104]のことを\n[837]めているわけじゃない。
0x0013f904	5	【[373][374]】\nお[19]も[583]えているだろう？\n[762][179]《たいほ》されたあと、\n[114][77][791][233]と[356][847]《しもん》の[1068][15]が\nあったことを。
0x0013f9a2	4	【[373][374]】\nそのとき[1068][15]した[356][847]《しもん》が\nお[19]を[762][179]《たいほ》した[470][11][118]な[119][120]《しょうこ》に\nなっている。
0x0013fa18	3	【[107][108]】\n……[356][847]《しもん》が？\nどういうことですか？
0x0013fa8c	4	【[373][374]】\n……さて、このまま[1313][160]《かくしん》に[1004]って\nいいものだろうか？\nどう[132]う、[105][106]？
0x0013faf2	4	【[107][108]】\nどう[132]うもなにも、\nそこまで[58]っておいて[1313][160]《かくしん》に\n[1004]《せま》らないってのがわかりませんね。
0x0013fb84	5	【[373][374]】\nお[19]は[669][759]《きおく》がないと[112][113]している。\nつまり、[333]々の[634][233]《そうさ》[142][640]《けっか》に[264]わせて\n[41][461]に[669][759]《きおく》を[15]り[389]《もど》せるわけだ。\n[44][264]のいい[669][759]《きおく》をな。
0x0013fc46	4	【[107][108]】\n……つまり、[102][313]の[15][232]べで\nオレがウソをつくと\n[132]っているわけですね。
0x0013fccd	3	【[373][374]】\nすでにウソをついているだろう。\n[669][759]《きおく》がないというウソをな。
0x0013fd2f	3	【[107][108]】\nウソじゃない！\n[115][79]に[669][759]《きおく》がないんだっ！
0x0013fda6	4	【[373][374]】\nどちらにせよ、\nこのまま[28][104]のタネを[283]かさないほうが、\nこちらにとっては[483][314]ということだ。
0x0013fe32	2	【[373][374]】\nさて……どうする？
0x0013fe6f	3	【[107][108]】\n（……なるほどね。\nオレの[256][1114]《どうよう》を[540]《さそ》ってるのか……）
0x0013fecf	4	【[107][108]】\n（こいつ、[567]なる[663][165]《カタブツ》じゃないな。\nかなりのキレ[52]を\n[78][4]にしちまったみたいだ……）
0x0013ff3d	4	【[107][108]】\n……オレは[673]に[647]《よ》いつぶれて\nそのときの[669][759]《きおく》がない、と\n[58]ったんですよ。
0x0013ffa4	5	【[107][108]】\nこの[58][315]が[115][79]にせよウソにせよ、\nそっちから[28][1]を\n[682][283]してもらえないかぎり、\nオレはなにも[97]せない……
0x00140016	2	【[107][108]】\n[168]《ちが》いますか？
0x0014007a	2	【[373][374]】\n……[58]うじゃないか。
0x001400df	4	【[373][374]】\nいいだろう、[28][104]のおさらいだ。\n[247][146]の[682][283]と[50]《かぶ》る[496]もあるが、\n[97]を[348][329]するためと[329][372]してくれ。
0x001401b3	5	【[373][374]】\n[50][34][52]《ひがいしゃ》は[21][22]《しらかわ》[57][317]《いちろう》。\n[285][42]メーカーでもトップクラスの\nシェアを[1314]《ほこ》る[21][22]ハウジングの[262][383]で、\n[21][22]グループのトップだった[477]だ。
0x001402a7	4	【[107][108]】\n（[50][34][52]《ひがいしゃ》について……か。\nなにも[583]えていない[102]、\n[96]しでも[1][2]がほしい……）
0x0014031a	3	【[107][108]】\n（[1][2]は[28][104]という[76]きな[1315]《パズル》の\n[585][813]《ピース》……）
0x0014037a	3	【[107][108]】\n（[411][346]な[1][2]は\n[583]えておかないとな……）
0x001403d6	4	【[107][108]】\n（それにしても……[21][22][57][317]？\n[148]ったことはないはずだけど……\nなにか[218]っかかる……）
0x0014047e	4	【[373][374]】\n[21][22]が[33]されたのは、\nバー『ライトブルー』[324]の\nＶＩＰルーム。
0x001404e8	3	【[373][374]】\n[146][428]は２００９[7]１１[429]１１[146][24][430][146]\n[18][19]０[428]４４[327][19][20]。
0x0014062d	4	【[107][108]】\n（ライトブルー……\nそうだ。\nたしか、そんな[73][19]のバーだったな）
0x00140695	4	【[373][374]】\n[846][489]《きょうき》は３５９マカレフ。\nこいつが[272][273]のゴミ[756]に\n[1055]《す》てられていた。
0x00140726	5	【[373][374]】\n[8][1029]《はっぽう》は[57][8]。\nＶＩＰルーム[324]で[80]つかった[1316]《たま》と\n[213][134][1122]《せんじょうこん》が[57][435]《いっち》したことから、\nこの[855][678]《けんじゅう》から[8][1029]《はっぽう》されたものと[366][11]。
0x001407e1	4	【[373][374]】\nちなみに[1316]《たま》はあと２[8][327][240]っていた。\n[751][940]は、[678][375]《じゅうげき》を[276]けたショックによる\n[451][101][160][93][564]と[80]られる。
0x00140861	3	【[107][108]】\n[451][101][160][93][564]……？\nショック[751]ってことか。
0x001408ef	4	【[373][374]】\nそして、その[678]《じゅう》には\nお[19]を[762][179]《たいほ》するきっかけとなった\n『[356][847]《しもん》』がついていた。
0x00140968	2	【[107][108]】\n……はあっ！？
0x001409b2	3	【[107][108]】\nそんなバカな……\nオレの[356][847]《しもん》だって！？
0x00140a33	4	【[373][374]】\nその[163]り……\nこれこそがお[19]の[123][152]だという、\n[256]かぬ[119][120]《しょうこ》だ！
0x00140a9e	4	【[107][108]】\nそ、そんなこと、あり[241]ない！\nオレはその[21][22]ってヤツに\n[148]ったこともないんだ！
0x00140b24	2	【[373][374]】\nフン……
0x00140b81	3	【[373][374]】\nお[19]がいくらあり[241]ないと[58]っても、\n[35][111]に[356][847]《しもん》が[240]っていたんだ。
0x00140c12	4	【[373][374]】\n[166][839]するなら、\nこの[28][111]を[502][241]いくよう\n[682][283]してみろ！
0x00140c68	2	【[107][108]】\nぐううっ……！！
0x00140ccb	4	【[373][374]】\nもうひとつ。\nお[19]は[145]ほど、[21][22][57][317]に\n[148]ったことがないと[58]ったな？
0x00140d36	4	【[373][374]】\nだが、[28][104][178][19]にお[19]が[21][22][57][317]と\n[257][839]していたのを[404][375]《もくげき》した[52]がいる。\nしかも１[53]だけではなく[617][197][53]だ。
0x00140dbb	3	【[107][108]】\nそんな……\nぜんぜん[583]えてないぞ！
0x00140e1c	3	【[373][374]】\n[846][489]《きょうき》の[356][847]《しもん》、\nそして[404][375][52]《もくげきしゃ》……
0x00140e89	3	【[373][374]】\nここまで[1016]《そろ》っているのに\nまだ[458]められないのか？
0x00140ee3	2	【[107][108]】\n……オレはやってない……！
0x00140f4c	4	【[373][374]】\nわかっているとは[132]うが、\n[33][53][13]に[150]われた[36][264]、\n[63][518]、[751][690]《しけい》もあり[241]る。
0x0014100d	4	【[373][374]】\nだが、[41][327]から[13]を[458]めれば、\n[166][1137]の[382][132]を[898][228][1014]にアピールできる。\n[160][119]《しんしょう》が[204]くなれば[1166][407]《げんけい》もあり[241]る。
0x001410c3	2	【[373][374]】\n[41][21]するなら[102]のうちだ。
0x00141104	3	【[107][108]】\nでも、[13]を[458]めてしまえば\n[483][13]は[457][11]なんだろう？
0x00141155	2	【[107][108]】\nなら、[139]えは[470]まっている。
0x00141197	4	【[107][108]】\n[312][313]も[58]うが、オレは[673]に[647]《よ》いつぶれて\n[79][428]の[669][759]《きおく》がないんだ。\n[669][759]《きおく》がない[169][170]、[41][21]もできない！
0x00141256	3	【[373][374]】\nつまり、あくまで[58]《い》い[990]《のが》れを\nするわけか。
0x001412b2	3	【[107][108]】\n[58]《い》い[990]《のが》れじゃないっ！\nこれは[594][458]だ！！
0x0014135e	4	【[373][374]】\n……[2][377]に[170]がってきた[119][120]《しょうこ》はすべて、\nお[19]が[123][53]だと[377]《つ》げている。\n[87]はそれらの[119][120]《しょうこ》に[836]って[228][366]した。
0x001413f4	5	【[373][374]】\nこれらすべてに[166][839]して\n[12][13]が[67][119]《りっしょう》できないのであれば……\n[41][21]しておいたほうが\nよほど[1022]われると[132]うのだがな。
0x00141471	3	【[107][108]】\n……いいだろう。\n[166][839]してやるさ。
0x001414fe	3	【[373][374]】\nそれでは、\n[554][150]《じんもん》をさせてもらう。
0x0014155b	3	【[373][374]】\n[682][283]の[512][29]もあるので\nあらためて[180]えておく。
0x001415b5	4	【[373][374]】\nお[19]には[222][977][1161]《もくひけん》がある。\n[44][264]の[518]いことはなにも[97]さなくて\nいいという[1161][314]だ。
0x00141631	4	【[373][374]】\nお[19]が[8][58]したすべての[58][315]には、\n[483][314]、[93][314]を[150]わず、\n[119][120]《しょうこ》として[1068][221]される[301][302][101]がある。
0x001416b8	4	【[373][374]】\n[195]に、[222]《だま》っていれば[119][120]《しょうこ》として\n[1068][221]されることはない。\n[583]えておくんだな。
0x0014173e	3	【[373][374]】\nもちろん[87]の[554][150]《じんもん》に[166][839]してもいいが、\nその[36][264]は[613]の[163]った[166][839]を[600][99]する。
0x001417e8	5	【[373][374]】\n[613]の[163]っていない[166][839]をした[36][264]は、\n[28][104]に[127]する[166][1137]がないものとし、\nその[629]《むね》を[2][377][190]に[669][1317]《きさい》して\n[791][28]に[352][121]させてもらう。
0x00141889	3	【[373][374]】\nそれは[898][228][1014]の[160][119]《しんしょう》と[178][142]するから、\nそのつもりでいることだ。
0x0014191c	2	【[373][374]】\nでは、これより[554][150]《じんもん》をおこなう。
0x00141a31	2	【[373][374]】\n……フム、こんなものか。
0x00141ab0	4	【[373][374]】\n[283][20][146]には[218]き[79]たりで、\nイヤでも\n[669][759]《きおく》を[490]《よみがえ》らせてやろうじゃないか。
0x00141b1e	4	【[107][108]】\nかまいませんよ。\nこっちも[669][759]《きおく》を[15]り[389]《もど》すきっかけが\n[225]しいですからね。
0x00141b8e	3	【[547][439][1014]】\n[373][374][690][28]。\n[96]々よろしいですか？
0x00141bff	2	【[373][374]】\nなんだ？
0x00141c66	2	【[547][439][1014]】\n…………
0x00141ca1	2	【[373][374]】\n…………なに？
0x00141d0f	2	【[547][439][1014]】\nそれでは[236][237]いたします。
0x00141d5b	2	【[373][374]】\n…………
0x00141d94	4	【[107][108]】\nなんです？\n[477]に[80]つめられるのは\n[599][55]《しゅみ》じゃないんですけどね。
0x00141e2d	4	【[373][374]】\n[105][106]。\nお[19]に[147][80]を[337][338]している[52]が\nいるそうだ。
0x00141e85	3	【[107][108]】\nオレに[147][80]？\n……[205]《だれ》ですか？
0x00141edd	3	【[373][374]】\n[152]けばわかるだろう。\n[459][115]《よしもと》[571]、あとは[75]《たの》む。
0x00141f5d	2	【[459][115]】\nはい。
0x00141f9c	2	【[107][108]】\nおい、ちょっとアンタ……
0x00142002	2	【[459][115]】\n[152]きます。
0x0014203a	2	【[107][108]】\n……わかったよ。
0x001423db	3	【[107][108]】\n（オレに[147][80]か……\n[440][441]さんかな？）
0x00142460	2	【[100][101]】\n…………
0x0014249e	3	【[107][108]】\n（……オレは[102]、\nどんな[47][1]をしてるんだろう……）
0x001424f2	2	【[107][108]】\nその……ひさし……ぶりだな。
0x00142536	3	【[107][108]】\n（[73][907]で[297]ぶのもよそよそしいし、\n[73][19]で[297]ぶのも[153][289]い[242]じがする……）
0x00142598	4	【[107][108]】\n（……オレにはまだ、\n[110][100]を[661]のように[297]ぶ[946][360]が\nあるのか？）
0x001425f4	2	【[107][108]】\n（[110][100]を[124][210]ったオレに……）
0x001426e0	2	【[100][101]】\n…………
0x00142726	2	【[100][101]】\n…………グス。
0x00142764	3	【[107][108]】\n…………え？\nおい、[1012]いてんのか？
0x001427bb	3	【[100][101]】\n…………\n[79]たり[19]……じゃない……
0x00142807	2	【[107][108]】\n……ごめん……[39][66]《のりこ》……
0x0014285e	4	【[39][66]】\n[102][146]、ニュースで[28][104]を[129]って……\nコウジが[179]《つか》まったって\n[2][884]されてたから……
0x001428ed	4	【[39][66]】\n[87]、じっとしてられなくて……\nだからコウジが[762][179]《たいほ》された[547][439][292]を\n[26]しだして……
0x00142969	3	【[39][66]】\n５[7]ぶりなのに\nこんなかたちの[626][148]なんて……
0x001429b6	2	【[107][108]】\n（[65]わってないな、[39][66]……）
0x00142a55	3	【[107][108]】\n（[76][642][428][244]、[39][66]とは\nずっと[57][427]《いっしょ》にいたっけ……）
0x00142ab2	4	【[107][108]】\n（だまって[840]を[850]した\nオレのこと……\n[523]《うら》んでるとばかり[132]ってた……）
0x00142b2c	5	【[107][108]】\n（……[1039]《なつ》かしいな。\nあの[472]《ころ》に[389]《もど》りたいぜ……\n[88][89][90]を[404][356]していた、\nあの[472]《ころ》に……）
0x00142c0e	3	【[107][108]】\n（……でも、\n[102]のオレは……）
0x00142c6a	4	【[39][66]】\nどうして？\nどうしてこんなことに\nなっちゃってるの？
0x00142cb7	3	【[107][108]】\n……[39][66]、オレの[97]を[98]いてくれ。\n[58]いたいことは[57][58]だけだ。
0x00142d12	2	【[39][66]】\n…………
0x00142d51	2	【[107][108]】\nオレはやってない。
0x00142db8	2	【[39][66]】\n…………
0x00142e48	2	【[39][66]】\n……コウジ、[65]わってないね。
0x00142eb3	4	【[39][66]】\n[583]えてる？\n[1119][1236][176][1092]《せんせい》に[51]われた、\nあの[28][104]……
0x00142f0e	5	【[107][108]】\nああ、[583]えてる。\nひどい[97]だったよ。\nだいたい、オレが[1119][1236]のヅラを[577]《かく》して\nなんの[241]をするってんだ。
0x00142f8e	5	【[39][66]】\n[814][815][119][120]《じょうきょうしょうこ》はすべて\nコウジが[123][53]だって[620]してたわ。\nでもコウジは[58]い[437]もせず、\nたった[57][58]だけ。
0x0014300b	3	【[107][108]】\nそういえばそうだったな。\nあのときも『オレはやってない』だった。
0x00143086	3	【[39][66]】\nそのあとコウジったら、\nあっさり[122][123][53]を[80]つけてきて……
0x001430db	3	【[107][108]】\n[123][53]って[58]っても[53][280]じゃなくて、\nゼミで[1318]っていた[1319]《ポチ》だったけどな。
0x0014313d	4	【[107][108]】\nうーん、[1039]《なつ》かしいなあ……って、\n[33][53][28][104]とヅラ[850][236][28][104]は\n[403]じレベルじゃないだろう！？
0x001431d6	3	【[39][66]】\n[403]じよ。\nコウジの[122][111]とその[58][315]は、ね。
0x00143224	2	【[107][108]】\n……そうか。
0x0014325e	3	【[107][108]】\nありがとう、[39][66]。\nようやく[41][327]のペースを[15]《と》り[389]《もど》せそうだ。
0x001432bf	5	【[107][108]】\n[518]かったな、こんな[165][991]《ぶっそう》なところまで\n[293]てもらって……\n[627]めてだろう？\nこういう[36][30]。
0x0014333a	3	【[39][66]】\nううん、そんなことないよ。\n[157][28][761]《しごとがら》、[312][103]か[293]たことがあるもの。
0x0014339c	4	【[107][108]】\n[157][28][761]《しごとがら》？\n……ってことは[39][66]、\n[88][89][90]になれたのか？
0x00143409	4	【[39][66]】\nうん、なんとかね。\n[159][7]、[433][39][994][902]が[234]わったばかりの\nヒヨっ[66]だけど……
0x0014346b	4	【[107][108]】\nそうか……！\n[204]かったな！\n[304]を[1320]《かな》えたんだな！
0x001434e6	2	【[39][66]】\n……ありがとう、[487]んでくれて。
0x0014352b	5	【[107][108]】\n[79][474]だろ！\nくう～～～っ！\nこんな[814][815]《じょうきょう》じゃなきゃ、\n[1321][707]《かんぱい》したいところなのになぁ！
0x001435a1	3	【[107][108]】\nまあでも、[673]のおかげで[102]\nエライ[404]にあってるしなぁ……！
0x001435fc	3	【[107][108]】\nフゥ……\nなんとかならねえかな……
0x00143693	5	【[39][66]】\nあ、あの。\nコウジ？\n[87]にできることなら\nなんでも[58]ってね？
0x001436e9	4	【[107][108]】\nできること？\nそう[58]ってくれるのは\nうれしいけど……
0x00143738	2	【[107][108]】\n……[99]てよ？
0x00143773	4	【[107][108]】\nそうだ！\n[39][66]、この[28][104]の[109][79]に\nオマエを[356][73]させてくれないか！？
0x001437fe	3	【[39][66]】\nええっ！？\nちょ、ちょっと[99]って。
0x00143852	4	【[39][66]】\nそうしたいのは[1322]々だけど、\n[87]みたいな[0][53][88][89][90]じゃ\n[4]に[275]えないわよ！
0x001438d9	4	【[39][66]】\nこの[28][104]、\nおそらくコウジが[59]えてるよりも、\n[76]きくて[303]しいものだと[132]うの。
0x00143947	4	【[39][66]】\n[33]されたのは[285][42][261][609]だけでなく、\n[146][115][219][714]にも[76]きな[573][574]《えいきょう》を\n[290]《あた》えている[76][260][261]《だいきぎょう》の[262][383]なのよ？
0x001439dc	4	【[39][66]】\n[1311][158]のニュースじゃ、\nどこのチャンネルもトップで\n[2][884]してたわ。
0x00143a41	3	【[39][66]】\nとてもじゃないけど、コウジの[12][13]を\n[14]ち[15]る[41][174]なんかないよ……
0x00143a9c	2	【[107][108]】\n[39][66]。
0x00143af9	2	【[39][66]】\nは、はい！？
0x00143b33	3	【[107][108]】\nまずはオマエを[109][79]として\n[356][73]させてくれ。
0x00143bc7	3	【[107][108]】\nふつう、[147][80]のときは\n[378]ず[67][148][53]がつくけど……
0x00143c1c	4	【[107][108]】\n[109][79]の[88][89][90]となら、\n[67][148][53]なしで[147][80]できるだろう？\n……[78][310]があるんだ。
0x00143cdf	3	【[39][66]】\n……わかったわ。\nちょっと[99]っててくれる？
0x00143e1c	3	【[39][66]】\n[87][368][88][89][53]《しせんべんごにん》の[368][286][4][391]き、\n[234]わらせてきたわ。
0x00143e8c	2	【[107][108]】\nこれで２[53]きりで[97]ができるな。
0x00143ef6	3	【[39][66]】\nでも、コウジ……\n[87]にコウジの[88][89]ができるかどうか……
0x00143f4c	4	【[107][108]】\n[98]いてくれ。\nどこかにオレをハメた\n[122][123][53]がいる[19][352]で[97]を[361]める。
0x00143fce	2	【[39][66]】\nえっ……
0x00144024	4	【[107][108]】\nオレは[80]ての[163]り\n[657][308][36]に[179]《とら》えられていて、\n[114][256]きがとれない。
0x00144087	3	【[107][108]】\nだから[39][66]が[232][233]した[142][640]を\n[1323][57]《ちくいち》[176]えてほしいんだ。
0x001440e2	5	【[107][108]】\nその[1][2]をもとにオレも[653][329]して\nアドバイスしたい。\nつまり、[39][66]の[232][233]を\nサポートしたいと[132]う。
0x0014415f	2	【[39][66]】\nコウジがサポート……？
0x001441a0	3	【[107][108]】\nああ。\n[109][79]の[88][89][90]となら、[28][104]の[97]もできる。
0x0014420b	5	【[107][108]】\nこの[28][104]、\nオレにとってあまりに[93][314]な[814][815]《じょうきょう》だ。\n[898][228]が[400]まったら、\n[483][13]になるのは[1307]《さ》けられないだろう。
0x001442a8	3	【[107][108]】\nだから、[696]《き》[911]《そ》[19]の[657][308][36]にいる[280]に、\nなんとしても[12][111]の[119][283]をしたい。
0x00144315	2	【[107][108]】\n[75]《たの》む、[131]を[226]してくれ！
0x00144381	2	【[39][66]】\nコウジ……
0x001443ba	4	【[107][108]】\nしがない[26][27]《たんてい》が[88][89][90]を\nサポートするなんて、\n[121][478]ぎた[97]かもしれないけど……
0x0014444a	4	【[39][66]】\nううん、そんなことない。\nコウジの[653][329][131]は、\n[205]《だれ》よりも[129]ってるわ。
0x001444ab	2	【[107][108]】\nそれじゃあ……！？
0x00144527	3	【[39][66]】\nうん、[218]き[276]けるよ。\n２[53]でコウジの[1081][13]《えんざい》を[119][283]しよう。
0x0014458a	3	【[107][108]】\nそうか！\nよし、これで……
0x001445f2	4	【[39][66]】\nただし、[134][104]があるわ。\nコウジがサポートするんじゃなく、\n[87]がサポートに[103]る。
0x00144655	4	【[107][108]】\nちょ、ちょっと[99]てって！\nオレは[98]《き》き[282]《こ》みすらできないんだぞ？\n[39][66]が[41][461]に[256]いた[170]で……
0x001446ee	4	【[39][66]】\nダメ。\nこういうことは\n[67][36]をはっきりさせなくちゃ。
0x0014474b	4	【[39][66]】\n[653][329]する[53]と、[152][256]する[53]。\n[87]の[209][515]《ちゅうと》[763][386]《はんぱ》な[653][329]に[75]《たよ》るより、\nコウジの[653][329]のほうが[457][111]だわ。
0x001447f8	5	【[39][66]】\nそうね……\n[715][146][18][19][209]に[147][80]に[293]るから、\nそのときその[146]に[232][233]する[324][546]を\n[356][620]して。
0x00144873	3	【[39][66]】\n[87]はコウジを[174]じる。\n[203]にその[653][329][131]は……
0x001448c3	2	【[107][108]】\nあ、[53][761]《ひとがら》じゃないんだ……
0x00144932	3	【[39][66]】\nあ、ううん。\nそういうことじゃないの！
0x00144979	3	【[107][108]】\n（あいかわらず[354][178]な[166][167]だな……\nからかうと[508][21]い……）
0x001449d2	4	【[107][108]】\n…………\nわかった。\nそれでいこう。
0x00144a41	3	【[39][66]】\nじゃ、さっそく[400]めましょう。\n[283][146]の[232][233]について、[356][620]をくれる？
0x00144a9d	2	【[107][108]】\nそうだな……
0x00144ad6	3	【[107][108]】\n[102]、わかっているのは、\n[33]されたのが[21][22][57][317]であること。
0x00144b2c	3	【[107][108]】\nなら、まずは[21][22][57][317]の[53][165][393]が\n[129]りたいところだな。
0x00144b81	5	【[107][108]】\n[122][123][53]には[21][22]を[33]すだけの\n[256][274]があったはずなんだ。\nそこから[4]がかりが\n[80]つかるかもしれない。
0x00144bee	4	【[107][108]】\nだからまずは[21][22][23]に[152]って、\n[23][60]に[50][34][52]《ひがいしゃ》の[53][165][393]を\n[98]いてきて[225]しい。
0x00144c5b	4	【[107][108]】\n[50][34][52]《ひがいしゃ》の[157][28][36]である\n[21][22]ハウジングに[152]って、\n[262][455]に[98]《き》き[282]《こ》みをするのもアリだ。
0x00144cd5	4	【[107][108]】\n[16]に、オレには[669][759]《きおく》がないから\n[79][146]のオレの[152][256]が[129]りたい。\nつまり、アリバイだな。
0x00144d42	4	【[107][108]】\nこれは[24][25][26][27][28][29][30]《みずたにたんていじむしょ》に[152]って、\n[30][383]の[24][25]《みずたに》[440][441]《あさつゆ》さんに\n[98]いてもらえればわかると[132]う……
0x00144ddb	3	【[39][66]】\n[24][25][26][27][28][29][30]なら[129]ってるわ。\n[483][73]だもんね、[24][25][440][441]さん。
0x00144e3b	2	【[107][108]】\nああ、オレの[636][637]《ししょう》だよ。
0x00144ea8	2	【[39][66]】\nえ……ええーーーーっ！？
0x00144ee9	4	【[107][108]】\n（さすが[440][441]さんだ。\n[0][53][88][89][90]の[39][66]にまで、\n[73][19]と[111][131]が[129]れ[413]《わた》ってるとは）
0x00144f7f	3	【[39][66]】\nそれじゃ、[24][25][26][27][28][29][30]に[152]って\n[178][147][24][25]さんに[97]を[98]けばいいのね？
0x00144fe2	4	【[107][108]】\nオレが[147][80]に[293]てほしいって\n[58]ってたってのも[180]えといてくれ。\n[795]《くわ》しい[97]を[98]きたいからな。
0x0014505b	2	【[39][66]】\nわかったわ。
0x00145093	4	【[107][108]】\n[457]か[28][29][30]の[11][322][146]は\n[146][430]だったけど……\n[283][146]は[146][430]じゃないから[76][287][288]《だいじょうぶ》だな。
0x0014511e	4	【[107][108]】\nそれと、[33][34][35][36]になった\nライトブルーというバーに[152]って\n[836][261][455]に[98]《き》き[282]《こ》みをしてほしい。
0x00145195	4	【[107][108]】\nあとは[428][280]があればでいいんだけど、\n[102][103]の[28][104]を[109][79]する[373][374][690][28]と\n[459][115][690][28]についても[232]べてほしい。
0x00145234	4	【[107][108]】\nしばらくは[277]き[264]っていかなきゃ\nならない[78][4]だからな。\nまずは[367]を[129]れ……ってね。
0x001452a5	2	【[39][66]】\nバーと、[690][28]《けいじ》さんの[1][2]か……
0x001452f2	5	【[107][108]】\n……とは[58]ったものの、\n[102][58]ったことすべてを\n１[146]で[232][233]するのは\nさすがに[93][301][302]だよな。
0x0014535d	2	【[107][108]】\nほかにも[28][104]を[343]《かか》えてるんだろう？
0x001453cd	6	【[39][66]】\nええ……\n[102]、[37][38][39][40][28][29][30]《ぬまさきほうりつじむしょ》に[779]《せき》を\n[308]いてるんだけど、\nそこの[145][484]《せんぱい》の[4][180]いで\n[76]きな[28][104]を[343]《かか》えてて……
0x00145469	3	【[107][108]】\n[37][38][39][40][28][29][30]……？\n[37][38]って、あの[37][38]《ぬまさき》[1036][443][444]《しんたろう》の？
0x001454fb	2	【[39][66]】\nええ、その[37][38]。
0x001455e5	2	【[39][66]】\n[30][383]が[37][38][571]のお[223]さんなの。
0x0014562b	3	【[107][108]】\nふうん……ま、いいや。\n[102]はアイツの[97]をしてる[36][264]じゃない。
0x00145683	4	【[107][108]】\nそれじゃ、[232][233]する[36][30]は\n１[146]に２カ[30]ってことに\nしておこう。
0x001456ea	3	【[39][66]】\nわかったわ。\nそれじゃ、さっそく、その２カ[30]……
0x00145760	4	【[39][66]】\n[18][19][209]に[232]べてほしい[36][30]、\n[18][20]に[232]べてほしい[36][30]の[786][506]で、\n[356][620]してくれる？
0x00145803	4	【[107][108]】\n[283][146]は、\n[791][28]と[898][228][1014]の[28][1][1098][15]《じじょうちょうしゅ》がある。\nだから[283][20][146]までってことにしよう。
0x001458a0	5	【[39][66]】\nそれじゃ、[283][20][146]の[18][19][209]までに\n[30][383]にも[28][104][8][390][428]の[814][815]《じょうきょう》を\n[457][458]しておくね。\n[30][383]、[21][22]グループの[418][150][88][89][90]だし。
0x00145937	4	【[107][108]】\nえっ、[21][22]グループ……\nってことは、\n[50][34][52]《ひがいしゃ》とも[129]り[264]い？
0x001459a8	4	【[39][66]】\nうん、そうみたい。\n[79][146]の[35][36]にもいたらしいし、\n[149]々お[97]が[98]けると[132]うわ。
0x00145a0c	3	【[107][108]】\n[115][79]か……！\n[75]《たの》む！
0x00145a60	5	【[39][66]】\nわかった。\nそれと、\nあとで[87]の[73][321]《めいし》を[1159]し[3]れしておくね。\nそこに[11][322][146]とかも[190]いてあるから。
0x00145ad3	3	【[107][108]】\n[479][372]《りょうかい》。\n……[115][79]にありがとう、[39][66]。
0x00145b4f	3	【[39][66]】\nううん。\nじゃ、またね、コウジ。
0x00145c98	3	【？？？】\nお[154]り～、[107][108][571]。\n[239]《つか》れたでしょ。
0x00145cea	2	【[107][108]】\nああ、メチャクチャ[239]《つか》れた。
0x00145d30	3	【[107][108]】\n（この[53]なつっこいヤツは[1057][1058]《ななしば》[921][429]《いつき》。\n[657][308][36]《コ　コ》の[403][370][53]だ）
0x00145dd6	4	【[1057][1058]】\nボクと[168]《ちが》って、\n[107][108][571]の[546][51]《ようぎ》は[411][13]だからねー\nこれから[76][65]だと[132]うよ。
0x00145e43	4	【[107][108]】\nまあ、[1057][1058]の\n『わいせつ[165]《ぶつ》[1281][953][13]《はんぷざい》』よりは\n[411]いよな……
0x00145ece	4	【[1057][1058]】\n[73][1165]《めいよ》のために[58]っておくけど、\nそれはあくまで[47][267]きの\n[762][179]《たいほ》[329][461]《りゆう》だからね。
0x00145f58	4	【[107][108]】\n[115][79]は、[725]のお[1187]《えら》いさんが\n[215]わっている[758][468]《おしょく》をネタに\n[766][682]を[190]いたのが[939][940]、なんだろ？
0x00145fdf	4	【[1057][1058]】\nまあね。\nボクはこう[80]えて\n[122][111]を[893][1324]する[766][682][23]だから。
0x00146037	3	【[107][108]】\n[766][682][23]は[1325][206]《かくう》のお[97]を\n[190]くのが[157][28]じゃなかったっけ？
0x001460b8	4	【[1057][1058]】\nあれ？\nボクのこと、\n[174]じてくれないのかい！？
0x00146106	6	【[107][108]】\nなにせ[564][291]\nお[19]の[257]から[98]いた[97]だからな……\nもしかしたら[115][79]に\nわいせつ[165]《ぶつ》[1281][953][13]《はんぷざい》で[179]《つか》まった\nだけかもしれないし。
0x001461b8	2	【[1057][1058]】\nヒ、ヒドイ……
0x001461f4	5	【[107][108]】\nあーあ。\nこんな[146]は\nゆっくりと[900]《ふ》[1275]《ろ》に[966]《つか》かって、\n[239]《つか》れを[15]りたいよ。
0x00146288	4	【[1057][1058]】\n[240][550]！\n[102][146]はお[900]《ふ》[1275]《ろ》の[146]じゃないから\n[3]れないよ。
0x001462e4	4	【[107][108]】\nあれ？\n[900]《ふ》[1275]《ろ》って２[146]に１[313][3]れるんじゃ\nなかったっけ？
0x0014634e	4	【[1057][1058]】\nううん、ここじゃ、お[900]《ふ》[1275]《ろ》は[1049]２[103]。\n[431][430]と[83][430]だけ。\n[102][146]は[1326][430]だから、[283][146]だね。
0x001463eb	3	【[1057][1058]】\n[283][146]は２[53]でゆっくり[3]ろうね、\n[107][108][571]！
0x0014643a	3	【[107][108]】\nなんか[843][844]《びみょう》なニュアンスを\n[242]じるな。
0x00146495	2	【[1057][1058]】\nふふふ……
0x001464cd	4	【[107][108]】\n（やっぱりこいつ、\nわいせつ[165]《ぶつ》[1281][953][13]《はんぷざい》で\n[179]《つか》まったんじゃないのか……？）
0x0014672d	4	【[107][108]】\n（[102][146]は[791][28]《けんじ》による[656][657][960][542]《こうりゅうせいきゅう》を\n[404][118]とした[15][232]を[276]けるために\n[791][439][1061]に[293]ている）
0x001467af	2	【[791][28]】\nん～……
0x00146806	2	【[791][28]】\nキミはさ、どういうつもりなのかな？
0x0014684a	2	【[107][108]】\nえっ……？
0x00146883	4	【[791][28]】\nこの[814][815]《じょうきょう》で[594][458]するなんて\nなかなかできることじゃない、\nと[132]うんだけど。
0x001468e8	4	【[107][108]】\nえっ……と、\n[594][458]しているのは\n[28][104]に[215][290]《かんよ》していないからで……
0x00146949	2	【[791][28]】\n[115][79]にいいの？
0x00146984	2	【[107][108]】\nえっ？
0x001469d8	3	【[791][28]】\nキミは[79][146][720]、[647]《よ》っていて\n[669][759]《きおく》がなかったと[112][113]している。
0x00146a58	4	【[791][28]】\nなら、[673]に[647]《よ》った[561]いで\n[846][152]《きょうこう》に[392]ったのかもしれない。\n[41][327]でも[366][58]はできないんじゃない？
0x00146ace	2	【[107][108]】\nそ、それは……
0x00146b09	5	【[791][28]】\n[594][458]するなら、\nすべてを[132]い[121]して\nアリバイを[119][283]しなきゃ。\nでも……できないでしょ？
0x00146b71	2	【[107][108]】\n…………
0x00146baa	3	【[791][28]】\nボクをにらんだって[157][158]ないよ。\n[58]いたいことがあるならどうぞ。
0x00146c00	3	【[107][108]】\n……[669][759]《きおく》はないんですが、\n[87]と[50][34][52]《ひがいしゃ》は[508][605]《めんしき》もなく……
0x00146c6d	4	【[791][28]】\n[404][375][119][58]《もくげきしょうげん》があるよね。\nあと、[35][36]にキミの[356][847]《しもん》がついた\n[846][489]《きょうき》が[240]ってる。
0x00146ce8	5	【[791][28]】\nボクはね、いさぎよい[53][280]が[876]きなんだ。\n[53]まで[33]しておいて、\n[971][390][155]が[518]いヤツってのは……\nスマートじゃないよね。
0x00146d7a	4	【[107][108]】\n……お[58][315]ですが、\n[87]はまだ[50][51][52]《ひぎしゃ》です。\n[33][53][123]と[470]まったわけではありません。
0x00146dec	3	【[791][28]】\nなるほどねー\nじゃあそれ[119][283]してね。
0x00146e32	4	【[791][28]】\n……あとさ、キミ。\n[156][150]に[139]えるだけでいいから。\n[521][340]なコメントを[98]くつもりは、ない。
0x00146e9b	2	【[107][108]】\n……はい。
0x00146ed4	3	【[791][28]】\nもういいよ。\n[98]きたいことは[98]いたし。
0x00146f1c	3	【[107][108]】\n（……[142][255]、\n１０[146][280]の[656][657]《こうりゅう》[470][11]か……）
0x00147040	4	【[228][28]】\nそれでは[656][657][156][150]《こうりゅうしつもん》を[400]めます。\nまずはあなたの[73][19]と[285][30]から\nお[224]いします。
0x001470ae	4	【[107][108]】\nはい……\n[105][106]《さいとう》[107][108]《こうじ》、\n[0][957][964]《しんまちく》の[106][244]《ふじしろ》に[285]んでいます。
0x00147122	4	【[228][28]】\nフム……\nあなたは[28][104]について\n[594][458]しているそうですね？
0x00147176	3	【[107][108]】\nはい……\n[87]は、[50][34][52]《ひがいしゃ》とは[508][605]《めんしき》がなく……
0x001471d5	3	【[228][28]】\n[98]かれたことにだけ、\n[139]えるようにしてください。
0x00147222	4	【[228][28]】\n[102]の[156][150]は、\nあなたがこの[28][104]について\n[594][458]しているかどうかです。
0x0014727d	3	【[107][108]】\nあ、はい……\n[594][458]しています。
0x001472c3	3	【[228][28]】\n[846][489]《きょうき》にあなたの[356][847]《しもん》が\nついていたようですが、これは……？
0x00147325	5	【[107][108]】\n[87]には[583]えがありません。\nたぶん、\n[122][123][53]が[87]に[13]を[71]せるために\nつけたものだと[132]います。
0x0014738f	3	【[228][28]】\nでは、この[356][847]《しもん》はいつ、[205]《だれ》に\nつけられたのですか？
0x001473e9	2	【[107][108]】\nそれは……わかりません。
0x00147429	4	【[228][28]】\n[855][678]《けんじゅう》は[146][115][725][324]では\n[493][163]していません。\nそれは[129]っていますね？
0x0014748c	2	【[107][108]】\nはい……
0x001474c3	3	【[228][28]】\nそしてこれは、[53]を[33]す[884][417]です。\nそれも[129]っていますね？
0x00147518	2	【[107][108]】\nはい……
0x0014754f	4	【[228][28]】\nこんな[217][364][605]なものなのに、\n[356][847]《しもん》をつけられたのがいつかも\nわからないのですか？
0x001475b4	5	【[107][108]】\nそ、それは……\nたぶん、\n[87]が[647]《よ》いつぶれていたときでは\nないかと[132]います……
0x00147618	5	【[228][28]】\nふーむ、なるほど。\n[647]《よ》いつぶれていたから、\n[356][847]《しもん》をつけられたことに\n[153]がつかなかったというわけですか。
0x0014768e	2	【[107][108]】\nそ、そうです……
0x001476ca	2	【[228][28]】\n…………
0x00147703	3	【[228][28]】\nどうもまだ[28][104]について[232][233]をする\n[378][346]があるようです。
0x00147756	3	【[107][108]】\n（……これで\n１０[146][280]の[656][657]《こうりゅう》[470][11]、か……）
0x001478cf	3	【[1057][1058]】\n[102][146]は[107][108][571][99][338]のお[900]《ふ》[1275]《ろ》の[146]だよ！\n[198]く[3]って[293]なよ！
0x00147932	4	【[107][108]】\n（なにをあんなに[113]り[210]ってるのか、\nその[329][461]を[129]るのが\n[96]し[603]《こわ》いけど……）
0x00147999	4	【[107][108]】\n（たしかにアイツの[58]う[163]り\nひさびさの[900][1275]だ。\nスッキリさせてもらうか……）
0x00147a06	2	【[1057][1058]】\n[198]くおいでよ、[107][108][571]！
0x00147a48	2	【[107][108]】\nはいはい。
0x00147aba	3	【[107][108]】\n[67]て[391]けに[15][232]べを[276]けたせいか、\n[77][209]が[1327][621]《あぶらあせ》でベトベト……
0x00147b1e	4	【[107][108]】\nって……！\nなんだ、このお[1272]は！？\n[122]っ[1273]じゃないか！！
0x00147b76	2	【[1057][1058]】\n[102][146]はボクらが[63][20]だからね。
0x00147bd3	5	【[1057][1058]】\nここの[657][308][36]には[364]に１５[53]くらい\n[657][308]されているし、\nみんな３、４[146]ぶりのお[900][1275]だから、\nこうなっちゃうのは[157][158]ないよ。
0x00147c58	3	【[107][108]】\nちょっとやそっとの[758]《よご》れぐらい\nなんてことないけど、コレは……
0x00147cb0	3	【[1057][1058]】\n[76][287][288]《だいじょうぶ》、[751]ぬことはないからさ。\n[593]れだよ、[593]れ！
0x00147d0c	3	【[107][108]】\nたしかに[751]ぬことはないけど……\nやれやれ。
0x00148142	3	【[547][439][1014]】\n[236][237]します！\n[373][374][690][28]！！
0x00148198	2	【[373][374]】\n……なんだ？
0x0014825f	2	【[373][374]】\nなんだと……！
0x0014829a	3	【[547][439][1014]】\n[169][170]です。\n[236][237]しました！
0x001482f4	2	【[373][374]】\n…………
0x0014832d	3	【[107][108]】\n……なんだ？\nなにかあったのか？
0x00148398	3	【[373][374]】\n……[96]し[99]っていろ。\n[457][458]してくる。
0x001483f0	2	【[373][374]】\n[459][115][571]。
0x0014844f	2	【[459][115]】\nはい。
0x00148498	3	【[107][108]】\n……[99]てと[58]われたら\n[99]つしかないけど。
0x001484e3	2	【[107][108]】\nいったい、なにがあったんだ……？
0x00148543	2	【[107][108]】\n…………
0x0014857c	3	【[107][108]】\n[142][255]、[99]てと[58]われてから\n３[428][280][219]ったけど……
0x001485cf	3	【[107][108]】\n[459][115][690][28]もなにがあったのか\nわからないんだよな？
0x00148643	4	【[459][115]】\n[87]だって、あなたと[57][427]《いっしょ》に\nずっとここで\n[99][274]しているんですよ。
0x001486a1	2	【[107][108]】\nい、いや、そうなんだけど……
0x0014870a	3	【[459][115]】\nとはいえ、なにがあったのか、\n[153]にはなりますね……
0x00148786	2	【[373][374]】\n…………
0x001487bf	3	【[107][108]】\nおっ、やっと[389]《もど》ってきたか。\nなにがあったんだ？
0x00148856	4	【[373][374]】\n……[37][38]が[41][43]してきた。\n[21][22][57][317]を[33]したのは、\n[41][327]だと[58]ってな。
0x001488ba	2	【[107][108]】\n……は？
0x00148918	3	【[373][374]】\n[855][678]《けんじゅう》にお[19]の[356][847]《しもん》をつけたことから\n[33][34][158][39]まで、すべてを[41][21]している。
0x00148994	3	【[373][374]】\nその[41][21]にも[857][858][496]《むじゅんてん》がないことから、\n[102]、[762][179][814]《たいほじょう》をとる[4][391]きをしている。
0x00148a08	3	【[107][108]】\nちょ、ちょっと[99]てよ！\n[123][53]は[440][441]さんだって[58]ったろう！！
0x00148a60	3	【[107][108]】\n[37][38][88][89][90]にはアリバイがある！\n[110]は[122][123][53]じゃない！
0x00148ac4	4	【[373][374]】\nお[19]には[345][708]《けいたい》を[414]って\n[259][158][508]に[601][97]していたと\n[58]ったらしいな。
0x00148b33	3	【[373][374]】\nウソをついて[92]し[437]ないと\n[180][58]を[276]けている。
0x00148b80	3	【[107][108]】\nウソ……だって？\nバカなっ！
0x00148bd1	4	【[373][374]】\n[37][38]の[158]から\n[345][708][601][97]《けいたいでんわ》を[119][120][955]《しょうこひん》として\n[352][121]してきた。
0x00148c49	5	【[373][374]】\n[8][174][669][421]を[232]べたが、\nたしかに[93][967]《ふしん》な[8][174][669][421]は\n[183][143]しなかった。\n[601][97][148][262]にも[457][458][714]みだ。
0x00148cc4	4	【[107][108]】\nそのケータイじゃないんだよ！！\n[37][38][88][89][90]は[617][197][445]ケータイを\n[30][483]してるんだ！！
0x00148d2b	3	【[107][108]】\nもしかしたら[37][38][88][89][90][73][512]じゃ\nないかもしれない！！
0x00148da5	2	【[373][374]】\nそれは[333]々の[157][28]ではない。
0x00148df5	4	【[373][374]】\n[110]がやったと[41][21]している[169][170]、\n[110]のアリバイを[119][283]するような[232][233]を\n[333]々が[152]なう[378][474][101]はない。
0x00148e68	2	【[107][108]】\nク……ッ！！
0x00148ec9	5	【[373][374]】\nとにかくだ。\n[37][38]が[762][179]《たいほ》されることによって\n[4][391]きが[234]わり[16][17]、\nお[19]は[732][615]《しゃくほう》されることになる。
0x00148f46	3	【[107][108]】\nちょっと[99]てよ！\n[122][111]がそんなものであるはずがない！
0x00148fbc	4	【[373][374]】\nわかっている！！\nだが、[115][53]がそう[41][21]している[169][170]、\n[87]にはなにもできないんだ！！
0x00149023	2	【[107][108]】\n…………
0x00149082	3	【[373][374]】\n[121]る[713][686]をしろ、\n[105][106]……
0x0014923e	5	　\n　\n（[142][255]、オレが[732][615]《しゃくほう》されたのは、\n[16]の[146]、[791][439][1061]へ[344]れて[152]かれて、\n[791][28][1098][15]《けんじちょうしゅ》が[234]わったあとだった）
0x001492c4	6	　\n　\n（そして、[626]び[657][308][36]に[389]《もど》ってきて、\n[1046][165]の[348][329]をしたあと、\n[657][308][253]の[547][1014]に[395][396]《あいさつ》をして、\nオレは[449]２０[146]ぶりに[273]の[415][609]に[121]た）
0x00149555	3	【[107][108]】\nん……？\nあそこにいるのは……？
0x001495c2	2	【[39][66]】\nあっ、コウジ……
0x001495ff	3	【[107][108]】\nいったいどうなってんだ！？\n[37][38][88][89][90]が……っ！！
0x00149661	3	【[39][66]】\n…………\n[87]にもわからないの……
0x001496b6	3	【[39][66]】\nただ[87]は、あの[146]、\n[28][104]について[30][383]に[2][377]しただけで……
0x0014971c	4	【[39][66]】\n[30][383]は[2][377]を[98]くと[76]きく[1328]《うなづ》いて、\n『あとは[75]《たの》む』って、\n[57][58]だけ……
0x00149797	4	【[39][66]】\nあとは[75]《たの》む……って、\n[87]はコウジが[732][615]《しゃくほう》されたあとのことを\n[58]ってるのかなって[132]ってたのに……
0x0014980f	3	【[107][108]】\n……[37][38][88][89][90]と[97]がしたい。\n[147][80]を[92]《もう》し[282]《こ》めるか？
0x0014987d	3	【[39][66]】\n[92]《もう》し[282]《こ》んでるわ。\nでも、[102]すぐはムリよ……
0x001498d3	3	【[107][108]】\n……クソッ！\nなぜ、こんなことになるんだ！
0x00149944	3	【[39][66]】\nねえ、コウジ。\nこれからどうするつもり？
0x0014998d	3	【[107][108]】\n[470]まってるだろ！！\nまずは[440][441]さんと[148]って[97]をしないと！！
0x001499f1	2	【[39][66]】\n……[87]も[57][427]《いっしょ》に[152]くわ。
0x00149a3b	2	【[107][108]】\nここからはなにがあるかわからないぞ？
0x00149aa5	3	【[39][66]】\nこんなに[702]く[28][104]に[215]わらせておいて、\nあとは[286]せろじゃ[502][241]できないわ。
0x00149b02	3	【[107][108]】\nわかった！\n[152]こう、[39][66]！！
0x00149c1b	2	【[39][66]】\nやっぱり、いないね……
0x00149c5a	3	【[107][108]】\n[28][29][30]の[668]もなかったし……\n[440][441]さん、どこに[152]っちまったんだ……！？
0x00149ce1	2	【[39][66]】\n[160][79]たりはないの？
0x00149d1e	4	【[107][108]】\n……まったくないわけじゃない。\n[440][441]さん、[205]《だれ》かをずっと[634]《さが》してたんだ。\n[82][327]、そいつを[80]つけることができたんだろう。
0x00149da0	3	【[107][108]】\n[440][441]さんが[634]《さが》してた[53][165]……\nそれはおそらく……
0x00149f08	2	【[107][108]】\n（[168]《ちが》う、そいつじゃない！！）
0x00149f52	3	【[107][108]】\n（ここはじっくり[59]えろ……\n[440][441]さんが[21][22][57][317]を[33]した[256][274]につながることだ……）
0x00149fbb	4	【[107][108]】\n（[440][441]さんの[63][771]の[53]が[186]くなったとき、\nそこに[205]《だれ》がいたのか……\n１[53]は[21][22][57][317]……そしてもう１[53]が……？）
0x0014a065	3	【[39][66]】\n……ということは、\n[24][25]さんは[744][745][801][636]のもとへ……？
0x0014a0bc	2	【[107][108]】\nああ、[82][327]な。
0x0014a11e	3	【[39][66]】\nでも、その[744][745][801][636]がどこにいるか\n[87]たちにはわからない……
0x0014a1cf	3	【[39][66]】\nあっ、ちょっと[99]って……\nケータイが……
0x0014a21f	2	【[39][66]】\n……？
0x0014a268	3	【[39][66]】\n[80]たことのない[601][97][506][602]……\n[205]《だれ》かしら……？
0x0014a2eb	2	【[39][66]】\nもしもし、[0][91]ですが……？
0x0014a32f	3	【[39][66]】\n……ああ、はい！\nお[415][97]になります！
0x0014a379	3	【[39][66]】\n……ええっ！？\n[80]つかったんですか！？
0x0014a3c4	3	【[39][66]】\nわかりました。\nありがとうこざいます！
0x0014a43a	4	【[39][66]】\nコウジ！\n[102]から[57][427]《いっしょ》に\n[666][170][76][277][537][45][46]に[152]かない？
0x0014a499	2	【[107][108]】\n[45][46]に……？
0x0014a51b	4	【[39][66]】\nええ。\n[28][104]の[1][2]を[176]えてくれた[793][89][636]さんから\n[744][745][801][636]の[144][122]を[4]に[3]れたって[344][448]《れんらく》があったの！
0x0014a596	2	【[107][108]】\nなんだって！？
0x0014a5f6	3	【[39][66]】\nもしかしたら、[744][745][801][636]の[370][36][30]の\n[4]がかりが[4]に[3]るかもしれないし……
0x0014a657	3	【[107][108]】\n……よし！\n[152]こう、[666][170][76][277][537][45][46]へ！！
0x0014a725	4	【[107][108]】\n（なんか[558]ち[71]かないな……\nおふくろが[186]くなった[45][46]に、\nこんな[298]でまた[293]るなんて……）
0x0014a7b6	3	【[39][66]】\nお[99]たせ、コウジ。\nこちら[793][89][636]の[970][257]さん。
0x0014a82d	2	【[970][257]】\n[970][257]です。
0x0014a866	3	【[107][108]】\nあ、あれ……？\n[970][257]さんって、あの……？
0x0014a8c2	4	【[970][257]】\nええ、[583]えていましたか。\nあなたのお[250]さんの[590][316][4][784]の[428]に、\n[312][313]かお[148]いしましたものね。
0x0014a92e	2	【[107][108]】\n…………
0x0014a98d	4	【[970][257]】\nごめんなさい……\n[541]って[714]むことじゃ\nないかもしれませんが……
0x0014aa09	4	【[970][257]】\nでも、[174]じてもらいたいの。\nたしかにあの[590][316][4][784]は[39]に[721]づいたものじゃ\nなかったかもしれないけど……
0x0014aa84	3	【[970][257]】\n[160][754][590][316]は\nあなたのお[250]さんの[382][108]でもあったのよ。
0x0014aad6	2	【[107][108]】\nおふくろの[382][108]……？
0x0014ab75	4	【[970][257]】\nそう……\n[21][22]さんがこの[45][46]に[744][745][145][390]を[464][537]させて、\n[163][46]するようになった[472]《ころ》……
0x0014abf2	3	【[970][257]】\n[105][106]さん、かなり[231]い[257][232]で[21][22]さんを[150]《と》い[958]《つ》めたのよ。\n[186]くなった[181][182]《だんな》さんのことで……
0x0014ac6b	4	【[107][108]】\n……そうか。\nやっぱりおふくろは[129]ってたんだ……\n[185][223]が[21][22]の[4]で[33]されたかもしれないこと……
0x0014ace6	3	【[970][257]】\n[105][106]さんは[41][327]の[114]に[767][812]が[1004]《せま》っていると\n[242]じていたみたい。
0x0014ad69	2	【[970][257]】\nそこで[110][100]は[744][745][145][390]に[75]《たの》んだの。
0x0014adc4	4	【[970][257]】\nもし、[110][100]の[114]になにかあったら、\n[41][327]が[109][79]している[459][115]さんに\n[160][754]を[413]《わた》してほしい、ってね。
0x0014ae38	3	【[107][108]】\nでも、[744][745][801][636]は[21][22]の[362][363]《しょうかい》で\nこの[45][46]にやってきたんですよね？
0x0014ae9c	3	【[107][108]】\nそう[59]えると、この[45][46]で\n[57][506][174][221]のおけない[53][165]だったんじゃないですか？
0x0014af22	2	【[970][257]】\nたしかに[767][812]だったと[132]います。
0x0014af8c	3	【[970][257]】\nですが[57][158]で、[744][745][145][390]は[842][564]に[642][52][768]《がくしゃはだ》な[53]で、\n[1161][1329]《けんい》や[1330]《とみ》にはまったく[54][55]がない[53]でした。
0x0014b01e	4	【[970][257]】\nそして[87]たちにもよく[97]をしてくれました。\n[160][754][590][316][4][784]をしたヒトの[669][759]《きおく》が[570][294]《けいしょう》される[988][193]《しょうれい》の[97]。\nそれが[102]、[57][506][54][55]を[84]っていることだって……
0x0014b0d1	3	【[970][257]】\nその[97]を[98]いた[105][106]さんは、\n[57]つの[1331]《か》けに[121]たんでしょう。
0x0014b151	4	【[970][257]】\n[41][327]が[338]む[53][165]に[41][327]の[160][754]を[590][316]した[36][264]、\n[352][353][52]《ドナー》の[382][605]がどれだけ[573][574]《えいきょう》を[290]《あた》えるか[129]りたくはないか、と\n[744][745][145][390]に[84]ちかけて……
0x0014b201	3	【[970][257]】\nそして[111][155]に、\n[105][106]さんは[45][46]の[342][341]から[558]ちて……
0x0014b257	3	【[107][108]】\n……わかりました。\n[744][745][801][636]の[144][122]、[80]せてもらえますか？
0x0014b2d6	2	【[970][257]】\n……こちらです。
0x0014b37c	3	【[107][108]】\n………！？\nこ、この[477]は……！？
0x0014b3c8	2	【[39][66]】\n……コウジ、[129]ってる[53]？
0x0014b40c	3	【[107][108]】\nま、まさか……\nあり[241]ない……！
0x0014b454	2	【[107][108]】\nこの[144][122]、[63][64]のものですよね！？
0x0014b49c	4	【[970][257]】\nええ、[197][146][19]、[744][745][145][390]が[451]にこの[45][46]に[35]れたんですが、\nそのとき[520]《と》った[144][122]です。\n[169][19]とずいぶん[284][141][153]《ふんいき》が[65]わってらっしゃって……
0x0014b532	2	【[970][257]】\n[102][146]になって[35][393]があがったもので……
0x0014b57b	2	【[107][108]】\n…………
0x0014b5e5	2	【[107][108]】\n[110]の[370][36][30]、わかりますか？
0x0014b636	3	【[970][257]】\nええ、[138]《うかが》ってます。\n[1332][273]《こうがい》の[56][1333][963]《べっそうち》にいることが[82]いとか……
0x0014b6a3	3	【[107][108]】\n[39][66]、[98]いておいてくれ！！\nオレはすぐにレンタカーの[4][171]をしてくるっ！！
0x0014b702	2	【[39][66]】\nわかったわ！！
0x0014b73c	4	【[107][108]】\n（まるで[1334]《く》[1335]《も》の[1336]のように\n[113]《は》り[747]《めぐ》らされていた、\nこの[28][104]の[53][280][215][253]……）
0x0014b7b2	3	【[107][108]】\n（[63][20]の１[115]の[1031]が……\nこんなところでつながるなんて！）
0x0014b873	4	【[39][66]】\n[970][257]さんから[98]いた[97]だと、\n[744][745][801][636]は[45][46]から[840]を[850]してからしばらく\n[1135][273]にいたそうよ。
0x0014b8e0	3	【[39][66]】\nでも、[146][115]にも[120][496]《きょてん》を[308]いていて、\nそれが[1332][273]《こうがい》の[56][1333][963]《べっそうち》らしいの。
0x0014b953	3	【[39][66]】\nただ、この[235]りのホテルに[291][74]を[229]りて、\nそこにいることも[82]いみたいだけど……
0x0014b9b3	3	【[107][108]】\n……いや、[744][745]はその[56][1333][963]《べっそうち》にいる。\nそして[440][441]さんも……そこにいると[132]う。
0x0014ba20	4	【[107][108]】\n[744][745]は[665]んでるんだ……\n[440][441]さんだけじゃなくって、\nオレもそこに[297]び[121]してることを[59]えると、な。
0x0014ba8e	3	【[39][66]】\n[107][108]を[297]び[121]してる……？\nどういうこと？
0x0014badb	3	【[107][108]】\n[340][339]してたんだよ。\nオレが[666][170][76][277][537][45][46]に[152]くことをな。
0x0014bb34	3	【[107][108]】\nだから、そこに[41][327]の[370][36][30]の[4]がかりを\n[240]しておいたんだ！！
0x0014bb8d	2	【[39][66]】\nそうなの……！？
0x0014bbca	2	【[107][108]】\n[522][209][597][1337]、[280][168]《まちが》いない。
0x0014bc14	2	【[39][66]】\nコウジ、[744][745][801][636]と[129]り[264]いだったの？
0x0014bc60	3	【[107][108]】\nいや、[744][745]は[129]らない。\n[744][745]は、な……
0x0014bcae	3	【[39][66]】\n……なにがなんだかわからないけど、\n[110]の[56][1333]《べっそう》に[71]けばわかるわよね？
0x0014bd0f	3	【[107][108]】\nああ。\nすべてを[283]らかにしてやるさ……
0x0014bd57	3	【[107][108]】\nでも……\nなにを[59]えてるんだ、ヤツは……？
0x0014c1d3	3	【[477]】\nフフフ……\nようやくここまで[293]たんだね……
0x0014c21c	2	【[440][441]】\n…………
0x0014c27e	3	【[477]】\nおやおや……\n[730]の[533][53]に[678]《じゅう》を[267]けるのかい？
0x0014c2d0	2	【[440][441]】\n…………
0x0014c309	3	【[440][441]】\nあなたはアタシの[160][754][590][316][4][784]の[983][984][801]《しっとうい》……\nたしかに[730]の[533][53]かもしれない……
0x0014c377	2	【[440][441]】\nだけど、[403][428]にあなたはアタシの[211]《かたき》……
0x0014c3c6	3	【[477]】\nフフ……\n[102][1185]《いまさら》そんなことを[58]われてもね……
0x0014c418	3	【[440][441]】\n[102][1185]《いまさら》……？\nとぼけるのもいい[683][1166]にして。
0x0014c46c	3	【[440][441]】\nユミを[21][22]に[148]わせたのも、\nあなたの[157][261]《しわざ》でしょ？
0x0014c4c2	3	【[440][441]】\nユミが[21][22]を[223][185]と[458][605]《にんしき》したのを\n[386]《はた》から[80]て[774]しんでたんでしょ？
0x0014c528	4	【[477]】\nおやおや……\nそこまで[153]がついているとは、\nさすが……
0x0014c578	3	【[477]】\n[160][754][590][316][4][784]を[276]けた[52]は、\n[352][353][52]《ていきょうしゃ》の[669][759]《きおく》を[276]《う》け[570]《つ》ぐ……
0x0014c5ec	3	【[477]】\nただし、それは１００パーセントじゃない。\nむしろ、[457][671]は[1072]い……[1338][1339]《まゆつば》モノだ。
0x0014c657	2	【[440][441]】\n…………
0x0014c690	4	【[477]】\nキミさえもそうだ。\n[41]ら[338]んでキミに[160][754]を[290]《あた》えた[110][100]の[382][605]は、\n[102]のところ[1340][143][336]《けんざいか》しているわけではない。
0x0014c70f	3	【[477]】\nだが、[21][22][57][317]は[96]なからず\n[569]の[669][759]《きおく》を[276]《う》け[570]《つ》いだ[153][171]を[80]せていた。
0x0014c77c	3	【[477]】\nあのときは[54][1341]したよ。\nようやく[99]ち[338]んだクランケが[35]れたわけだからね。
0x0014c7d6	2	【[440][441]】\n…………
0x0014c80f	3	【[477]】\nでも、それだけじゃ[499][173]できなかった。\nむしろその[145]が[129]りたくなったんだ。
0x0014c869	3	【[477]】\n[160][754]の[352][353][52]《ドナー》の[669][759]《きおく》が[590][316][4][784]を[276]けた[52]《レシピエント》に\n[573][574]《えいきょう》を[290]《あた》えることはわかった。
0x0014c8f0	3	【[477]】\nだが、それだけでは[142][255]、\n[79][53]の[415][609]だけで[573][574]《えいきょう》は[891]じてしまう……
0x0014c954	4	【[477]】\nしかし、[17][373][52]に[573][574]《えいきょう》を[290]《あた》えたらどうだ？\n[160][754]だけ[390]きている[53][165]が、\n[81]りにその[183][143]を[458][605]《にんしき》させることができたとき……
0x0014c9e5	3	【[477]】\nそれはその[52]の[390]が[391]いていることになるんだよ！\n[354][355]らしいことだとは[132]わないか！？
0x0014ca46	3	【[440][441]】\nそのためにユミを[414]うことはないでしょ！\nアタシでも[204]かったじゃない！！
0x0014ca9f	4	【[477]】\n……わからないかなぁ。\nキミじゃダメなんだよ。\n[454][339]まみれで[758]《よご》れた[4]を[84]つ[76][53]じゃね。
0x0014cb0b	3	【[477]】\n[66]どものピュアな[160]なら、[354][178]に[166][167]してくれる。\nそしてキミの[460]《むすめ》は[648][649]《きれい》な[139]えを[121]してくれたよ。
0x0014cb83	3	【[477]】\n[148]ったこともない[21][22][57][317]に[127]して\n[223][185]であると[458][605]《にんしき》したわけだからね。
0x0014cbe6	4	【[440][441]】\nあなた、[63][1072]よ……\nなにも[129]らない[693][122]な[66]どもまで、\n[41][327]の[111][727][884][417]として[414]うなんて……！
0x0014cc58	4	【[477]】\n[63][1072]で[142][61]。\nだが、そんな[63][1072]な[152][580]《こうい》こそが、\n[53][280]の[361][336]を[1225]《うなが》してきたんだ。
0x0014ccc9	4	【[477]】\n[329][372]してもらえないとは[658]しいよ。\nキミはもっと[560]のいい[53]だと[132]っていたけど、\n[30][1299]《しょせん》は[53]の[185]ってことか。
0x0014cd3f	3	【[440][441]】\nそうよ……\n[53]の[185]でなにが[518]いの……？
0x0014cd8b	3	【[440][441]】\n[66]どもを[783]るのは[185]の[157][28]……\nそれこそ[443][412]から[390][165]に[686]わった[1342][329]《せつり》でしょ！！
0x0014cdf7	4	【[477]】\n[53]はその[1342][329]《せつり》から[769]《だっ》するべきだとは[132]わないか？\n[632]の[830][171]からそろそろ[990]《のが》れるべきだとは\n[132]わないのか？
0x0014ce73	4	【[440][441]】\n……もうなにを[58]ってもムダ。\nあなたを[33]すことによってアタシの[467][1343]《ふくしゅう》は[842][142]する。\nそしてアタシは[41][43]するわ。
0x0014ceef	3	【[477]】\n……なるほど。\nそれで[110]を[732][615]《しゃくほう》させるってことか。
0x0014cf45	2	【[440][441]】\n…………
0x0014cf7e	3	【[477]】\nだけど、もう[194]《おそ》いよ。\nだって[110]、もうここに[293]たから。
0x0014cfd3	2	【[440][441]】\nえっ……！？
0x0014d037	2	【[107][108]】\n[440][441]さん！！
0x0014d072	2	【[440][441]】\nコウちゃん！？
0x0014d0ac	2	【[477]】\nさよなら、[459][115]さん。
0x0014d144	2	【[440][441]】\nぐうぅぅぅぅぅぅぅ！！
0x0014d182	2	【[39][66]】\nきゃあああぁぁぁぁぁぁぁ！！
0x0014d1ca	2	【[107][108]】\nあ、[440][441]さんっっ！！
0x0014d20a	3	【[477]】\n[240][550]！\n[57][517][194]《おそ》かったね、[107][108][571]！
0x0014d259	2	【[107][108]】\nな、ななしばあぁぁぁぁぁぁ！！
0x0014d310	3	【[107][108]】\nキサマ！\nオレを[1344]《だま》してたのか！？
0x0014d367	3	【[1057][1058]】\n[1344]《だま》してなんかいないよ。\nだって、[98]かれたわけじゃないし。
0x0014d3be	3	【[107][108]】\n[657][308][36]に[3]っていたのは\n[15][1109]のためだとか[695][79]なこと[58]ってたじゃないか！！
0x0014d444	4	【[1057][1058]】\nあぁ、[457]かに。\nでもウソじゃないよ。\nそれも[404][118]の[57]つではあったからさ。
0x0014d4c7	4	【[1057][1058]】\nまぁもっとも、[459][115]さんの[893][853]《ついせき》から\n[990]《のが》れるための[428][280][1211]《じかんかせ》ぎをしたかったのが\n[57][506]の[329][461]だけどね。
0x0014d56e	4	【[1057][1058]】\nすぐに[110][100]を[33]しちゃ[508][21]くない。\nボクを[893]い[391]ける[28]で[110][100]のスイッチが[3]るか\n[457]かめたかったんだ。
0x0014d5df	2	【[107][108]】\nスイッチ……？
0x0014d640	3	【[1057][1058]】\nそんなことより、[459][115]さん、[532]しそうだけど、\n[615]って[308]いていいの？
0x0014d69a	2	【[107][108]】\nあ、[440][441]さん……！？
0x0014d6dc	2	【[39][66]】\nき、[1022][451][668]を[297]ぶわ！
0x0014d74f	2	【[373][374]】\nその[378][346]はない！！
0x0014d7d4	3	【[373][374]】\n[678][408]《じゅうせい》が[98]こえた[428][496]で、\n[459][115][571]には[1022][451][668]を[346][960]《ようせい》しておいた。
0x0014d840	2	【[107][108]】\nみ、[373][374]！！
0x0014d89b	2	【[1057][1058]】\nそれじゃ、ボクはそろそろ[840]を[850]すよ。
0x0014d8e3	2	【[107][108]】\nま、[99]て、[1057][1058]！！
0x0014d924	4	【[373][374]】\nムダだ、[744][745]！！\n[1140]《すで》に[167][947]《おうえん》を[346][960]《ようせい》している！\n[990]《に》げ[210]《き》れると[132]うな！！
0x0014d9a2	3	【[1057][1058]】\nフフ、どうかな。\nこの[235]りの[884]は[1042][476]のように[113]《は》り[747]《めぐ》らされているんだよ。
0x0014da08	2	【[373][374]】\nなにっ！？
0x0014da40	3	【[1057][1058]】\nじゃあね、[107][108][571]。\nまたどこかで[148]おうね！！
0x0014dab8	2	【[373][374]】\nま、[99]て、[744][745]！！
0x0014db2a	3	【[107][108]】\nクソッ！\n[990]《に》がすかっ！！
0x0014db7c	3	【[373][374]】\nここは[547][439]に[286]せるんだ！\nお[19]は[24][25][440][441]についていろ！！
0x0014dbd4	2	【[107][108]】\nわ、わかった……
0x0014dc41	2	【[373][374]】\n[99]て、[744][745]！！
0x0014dc9f	2	【[373][374]】\nク……っ！！
0x0014dd33	2	【[373][374]】\n[990]《に》がすか！！
0x0014ddeb	2	【[107][108]】\n[75]《たの》んだぞ、[373][374]！！
0x0014de8b	2	【[107][108]】\nあ、[440][441]さん……
0x0014def4	3	【[440][441]】\nこ、コウちゃん……\nごめんね、[657][308][36]なんかに[3]れたりして……
0x0014df4d	2	【[107][108]】\n[102]、そんなことはどうだっていい！！
0x0014df93	4	【[440][441]】\nううん、[98]いて、コウちゃん……\nアタシ、コウちゃんに[58]わなくちゃ\nならないことがあるの……
0x0014e019	4	【[440][441]】\nアタシには[128]せない[53][280]が２[53]いた……\n１[53]は[21][22][57][317]……\nそしてもう１[53]が[744][745][178][513]……
0x0014e08c	2	【[107][108]】\nわかってるさ。
0x0014e0c5	4	【[107][108]】\n[744][745]は[21][22][57][317]と[142][1345]《けったく》して[122][482]さんを[80][33]しにし、\n[160][754][590][316]を[231][152]した……\nその[367][1003]《かたきう》ちだったんだろ？
0x0014e14c	4	【[440][441]】\nもちろん、それもあった……\nだけど、アタシはこれまで[367][1003]《かたきう》ちをしなかった……\nううん、できなかった。
0x0014e1bf	4	【[440][441]】\nアタシにはユミがいたから……\nユミを[1346]てるためにも、\nアタシが[33][53][123]になるわけにはいかなかったのよ……
0x0014e22c	3	【[440][441]】\nだけど、ユミは[21][22][57][317]に[1039]《なつ》いてしまった……\n[122][482]さんの[508][573]《おもかげ》を、ユミは[242]じとったのよ……
0x0014e2a4	4	【[440][441]】\nだけどユミが[1039]《なつ》いたのは[470]して[122][482]さんじゃない。\nその[863][136]な[107][1133]にアタシは[895]《た》えられなかった……\nこのままじゃ、ユミが……
0x0014e328	2	【[440][441]】\nだからアタシは[57][317]を[33]そうと[132]った……
0x0014e372	2	【[107][108]】\n…………
0x0014e3ca	3	【[440][441]】\nだけど、あのとき……\nアタシはたしかに[122][482]さんを[242]じたの……
0x0014e826	2	【[57][317]】\nはぁ……、はぁ……、はぁ……
0x0014e86d	3	【[57][317]】\nい、いい[683][1166]にしろ……\n[87]がなにをしたって[58]うんだ！！
0x0014e8c2	2	【[440][441]】\n…………
0x0014e8fb	2	【[57][317]】\nお[19]に[33]されることなど、な、なにも……
0x0014e945	2	【[57][317]】\n……っ！？
0x0014e99e	3	【[57][317]】\nハ……ハハハ…………\nう……[375]《う》たないよな……
0x0014e9f4	2	【[440][441]】\n………
0x0014ea2b	4	【[57][317]】\nな、なにが[338]みなんだ……！？\n[83]か……！？\nそ、それともユミ《かのじょ》のことなのか……！？
0x0014ea9b	3	【[57][317]】\nお[19]の[338]み[163]りにするっ！\nだから……[730]だけは[177]けてくれっ！
0x0014eb2a	2	【[57][317]】\nうわあぁぁぁぁぁっ！！
0x0014eb91	2	【[57][317]】\nはぁ……、はぁ……、はぁ……
0x0014ec0b	2	【[57][317]】\nや、やめろ……っ！？
0x0014ec6d	2	【[57][317]】\nぐうぅぅぅっ！！
0x0014ecad	2	【[440][441]】\n………！？
0x0014ed0c	2	【[57][317]】\nうううっっ……！？
0x0014ed69	3	【[57][317]】\nぐあぁぁぁぁぁぁぁっ！！\nうおぉぉぉぉぉぉぉぉっっっ！！
0x0014ee48	2	【[440][441]】\nこれは……
0x0014ee9f	2	【[57][317]】\nく、くっそおぉぉぉぉぉぉ！！
0x0014ef93	3	【[122][482]】\n……キミを[33][53][123]なんかには\nさせやしない…
0x0014efdf	2	【[440][441]】\n[122][482]……さん……？
0x0014f046	3	【[57][317]】\nき、キサマぁぁぁぁぁ……\nこんなときにいぃぃぃぃぃぃぃぃ……！！
0x0014f0bd	3	【[57][317]】\n……がはっ！？\nぐはあぁぁぁぁぁぁっ！！
0x0014f108	3	【[440][441]】\nもういい……\nそれ[169][170]……やめ…………
0x0014f175	4	【[57][317]】\nううっ…ぐおっ………！！\nや、やめろおぉぉぉぉぉぉ…\n[543]はまだ[751]ねないんだぁぁぁぁぁ…！！
0x0014f217	2	【[57][317]】\n…………
0x0014f26f	3	【[57][317]】\nお、お[19]からも[58]ってくれっ！！\nコイツは……[41][327]で、[41][327]の[730]を……！
0x0014f2d2	3	【[440][441]】\n……そんな、やめて……\nやめて……[122][482]さん！！
0x0014f39d	3	【[122][482]】\n……あの[428]、[58]えなかった[58][315]がある。\nでも、[63][600]に[58]えて[204]かった……
0x0014f3ff	2	【[122][482]】\n……[771]してる、[776][777]。
0x0014f441	2	【[776][777]】\n……！？
0x0014f47a	4	【[776][777]】\n[122][482]さんっ！！\nアタシも……アタシもずっと、\nアナタだけを[771]してる……
0x0014f4d8	3	【[776][777]】\nだから……だから、[834]《い》かないで、\n[122][482]さん！！
0x0014f52c	2	【[122][482]】\n…………
0x0014f565	2	【[122][482]】\nさようなら、[776][777]……
0x0014f5dc	2	【[776][777]】\n…………！？
0x0014f6af	5	【[57][317]】\nぐわあぁぁぁーーーーーーーー\nーーーーーーーーーーーーーーー\nーーーーーーーーーーーーーーー\nーーーーーーーーぁぁぁっ！！！
0x0014fbb8	4	【[107][108]】\nそ、それじゃあ……\n[21][22][57][317]は[33]されたんじゃなくって、\n[41][33]……ってことになるのか？
0x0014fc2b	4	【[107][108]】\nそれに[8][1029]《はっぽう》したのも、\n[21][22]の[814][832][65][336]に[528]《おどろ》いたはずみ……って\nことなんだろ！！
0x0014fcbc	3	【[440][441]】\nううん、[168]《ちが》う。\n[110]を[33]したのはやっぱりアタシ。
0x0014fd2e	3	【[440][441]】\nアタシが[21][22][57][317]を[33]そうとしなければ、\n[122][482]さんも[41]ら[730]を[126]とうとは[132]わなかった……
0x0014fd97	2	【[440][441]】\nアタシは[67][68]な[33][53][52]よ……
0x0014fddc	3	【[107][108]】\nふ、ふざけんなよ、[440][441]さん！！\nそんなこと、[41][327]で[14][4]に[470]めるなよ！！
0x0014fe3e	3	【[107][108]】\n[33][53][52]か[33][53][52]じゃないかなんて、\nこの[725]じゃ[898][228]で[470]まるんだよ！！
0x0014febc	3	【[440][441]】\n……そうかもしれない。\nけど、[142][640]は[80]えてるわ……
0x0014ff0f	3	【[440][441]】\n[160][754]に[669][759]《きおく》が[276]《う》け[570]《つ》がれることさえ、\n[567]なる[681][682]なのに……
0x0014ff76	2	【[440][441]】\n[205]《だれ》も、[160][754]に[382][605]が[276]《う》け[570]《つ》がれるなんて[174]じない……
0x0014ffd7	2	【[107][108]】\nそんなモン、やってみなきゃわかんないだろ！！
0x00150021	4	【[107][108]】\n[480]えよ、[440][441]さん！！\n[514][153]な[440][441]さんなんて、\nそんなの、[440][441]さんじゃねーよ！！
0x00150089	3	【[107][108]】\n[480]えよ！！\nユミちゃんのために[480]えよ！！
0x001500d4	3	【[107][108]】\nいや、ユミちゃんだけじゃない！！\n[122][482]さんが[390]きていた[119]も[119][283]しろよ！！
0x00150134	4	【[107][108]】\nあのとき、あの[36][30]で、\n[440][441]さんのために[186]くなった\n[122][482]さんの[183][143]も[119][283]しろよ！！
0x0015019d	3	【[107][108]】\n１[53]だけ[518][53]になろうとするな！\nそんなのただの[990]《に》げだ！！
0x001501f6	3	【[107][108]】\n[532]しくても、ツラくても、\n[771]する[53][280]のために[480]うんだよ、[440][441]さん！！
0x00150255	2	【[39][66]】\n…………
0x001502ad	3	【[440][441]】\nフフ……コウちゃん……\n[115][79]に[231]くなったわね……
0x001502ff	4	【[440][441]】\nあなたの[452][153]な[840]を[80]てホッとした……\nだからお[224]い……\n[63][600]に[125][227]を[80]せて……
0x00150367	4	【[107][108]】\n[63][600]なんて[58]うな！！\n[125][227]なんかいくらでも[80]せてやる！！\nだから、[63][600]なんて[58]うな！！
0x001503d3	3	【[107][108]】\nホラ、[80]ろ、[125]ってるだろ！\nオレは[125]ってる！！
0x00150423	4	【[107][108]】\nこれからもずっと、\n[440][441]さんのそばで[125]ってるから！！\nだから、[63][600]だなんて[58]うな！！
0x0015048a	4	【[440][441]（[243][244]）】\nフフ……スゴい[125][227]ね……\nでも、その[125][227]があれば[76][287][288]《だいじょうぶ》……\nどんなにツラいことも、[510]《の》り[511]《こ》えていけるわ……
0x00150675	2	【[107][108]】\nえっ……
0x001506b3	2	【[107][108]】\n[250]さん……！？
0x001506f0	2	【[39][66]】\nど、どうしたの、コウジ……？
0x00150735	3	【[107][108]】\n[250]さん……\nい、いや、[168]《ちが》う……でも……
0x001507bf	3	【[440][441]（[243][244]）】\nフフ……コウちゃん……\n[452][153]でね……
0x00150812	3	【[107][108]】\nま、[99]てよ、[250]さん……！\nいきなり[35]れて、またすぐにいなくなるなよ……！！
0x00150875	2	【[107][108]】\nあのときも[451]にいなくなって……
0x001508b8	3	【[440][441]（[243][244]）】\n……ごめんね、コウちゃん……\nでも、[87]はいつもあなたのこと、[80]ていたのよ……
0x00150922	2	【[107][108]】\n…………
0x0015095b	2	【[440][441]（[243][244]）】\nそして、これからも、ずっと……ね。
0x001509aa	2	【[107][108]】\nだ、だけど……
0x001509e5	3	【[440][441]（[243][244]）】\n[76][287][288]《だいじょうぶ》……\n[110][100]は[87]が[783]ってみせる……
0x00150a45	3	【[440][441]（[243][244]）】\nコウちゃんも……\n[297]びかけてあげて……
0x00150a96	3	【[107][108]】\n[297]びかける……\nどうやって……？
0x00150b50	2	【[107][108]】\nえっ……！？
0x00150b8b	3	【[107][108]】\nか、[250]さん！！\nい、いや……[440][441]さん……！？
0x00150bdf	3	【[107][108]】\nお、[696]きろよ……\nこんなところで[950]《ね》るんじゃねーよ！！
0x00150c35	2	【[440][441]】\n…………
0x00150c6e	2	【[107][108]】\n[696]きろよ、[24][25][440][441]ーっ！！
0x00150cb4	3	【[107][108]】\nいつもみたいに、[297]び[701]てにするなって、\n[525]《つ》っ[282]《こ》んでみろよ！！
0x00150d2a	2	【[107][108]】\n[24][25][440][441]ーーーーーーーーーーーーーっ！！！
0x00150ef8	2	【[107][108]】\n…………
0x00150f3b	2	【のぞみ】\nはい……
0x00150f71	2	【[107][108]】\nあ、オレだけど……
0x00150fae	3	【のぞみ】\nあっ、[145][390]。\nすぐに[152]きます……
0x00150ff5	3	【[107][108]】\n（[145][390]じゃなくていいって[58]ったのに……\nあれ[169][293]、ずっとそのままだもんな……）
0x001510b5	2	【[107][108]】\n……[993]しぶりだな。
0x00151119	3	【のぞみ】\nそうですね。\nお[452][153]でしたか？
0x0015115c	3	【[107][108]】\nははは、[452][153]だけが[15]《と》り[761]《え》だからな。\nところで、[193]のやつだけど……
0x001511e5	3	【のぞみ】\nはい。\nこれですね。
0x00151292	3	【[107][108]】\nありがとう、[177]かるよ。\nでも、[115][79]にいいのか？
0x001512ee	3	【のぞみ】\n……ええ。\nそれが[57][506]いいと[132]いますから。
0x0015133a	2	【[107][108]】\n……そうか、ありがとう。
0x00151388	2	【のぞみ】\nこれから[152]くんですよね？
0x001513c6	3	【[107][108]】\n……ああ。\nのぞみも[152]くか？
0x00151430	3	【のぞみ】\n……いえ。\nもう[96]し[160]の[348][329]をしてからにします。
0x00151480	3	【[107][108]】\n……そっか。\nわかった。
0x001514c1	4	【[107][108]】\nじゃあ、[115][79]に[149]々とありがとう。\nのぞみがいなかったら、\nもしかしたらオレは[690][29][30]《けいむしょ》にいたかもしれない。
0x0015155e	3	【のぞみ】\nいいえ、[87]は[41][327]の[129]っていることを\nお[97]しただけですから。
0x001515d8	3	【のぞみ】\nあの……[26][27][28][29][30]……\nたまにお[4][180]いに[152]ってもいいですか？
0x00151633	3	【[107][108]】\nああ、もちろん……って[58]いたいところだけど、\nあまりオレたちの[415][609]に[173]を[525]《つ》っ[282]《こ》むのは……
0x001516ca	2	【のぞみ】\nいいえ、[26][27]は[67][68]なお[157][28]ですよ。
0x00151713	4	【[107][108]】\n……そう[58]ってもらえると[1347]《うれ》しいよ。\nまあ、[4][180]いに[293]てくれたときには\nバイト[244]くらいは[1041]《はら》うからさ。
0x001517b2	3	【のぞみ】\nふふ……\n[774]しみにしています。
0x001517f5	2	【[107][108]】\nじゃあオレ、[451]ぐから……
0x0015185c	3	【のぞみ】\nはい。\n……よろしくお[180]えください。
0x001519e8	2	【[107][108]】\nよう、[99]ったか、２[53]とも。
0x00151a2c	3	【[39][66]】\n[99]ったわよ。\n３０[327]の[194][1028]《ちこく》！
0x00151a79	2	【ユミ】\n[194]《おそ》いよ、おじちゃん！！
0x00151abc	4	【[107][108]】\nゴメンゴメン、ちょっと[516]るところがあって……\n……つか、おじちゃんじゃなくて\nお[638]ちゃんでいこうよ、ユミちゃん。
0x00151b31	3	【ユミ】\n[107][108]おじちゃんは、おじちゃんでしょ？\nねえ、[39][66]お[775]ちゃん！！
0x00151b89	2	【[39][66]】\nだよねー、ユミちゃん。
0x00151bc7	3	【[107][108]】\n……なんでオレがおじちゃんで、\n[39][66]はお[775]ちゃんなんだよ……
0x00151c1e	3	【[39][66]】\nブツブツ[58]わないの。\nそれより、[198]く[152]きましょ。
0x00151c6f	3	【[107][108]】\n……３０[1006]《こ》えたらおじちゃんでもいいけどさ、\nオレはまだ２０[244]だっつーの。
0x00151cf1	2	【[107][108]】\n……って、もういないよ、２[53]とも。
0x00151d3a	3	【[107][108]】\nお、おい、[99]ってくれって。\n[308]いてかないでくれよ～！！
0x00151f30	3	【[107][108]】\nそういやさ、\n[37][38][88][89][90]はどうしてる？
0x00151fa1	4	【[39][66]】\nもう、\nすっかり[169][19]と[65]わらない[1146]の[157][28]を\nこなしてるわ。
0x00151ff7	3	【[107][108]】\nそっか……\nなら[204]かったよ。
0x00152060	3	【[39][66]】\n[289][244]さんの[41][33]……\nそしてあの[28][104]……
0x001520ae	4	【[107][108]】\n[289][244]さんから[78][310]を[276]けていたときに、\n[41][327]が[170][4]く[67]ち[103]っていれば[482]つの[28][104]は\nなかったはず……
0x00152120	4	【[107][108]】\nその[1304][13]《しょくざい》のために、あの[428][41][43]したんだろ？\n[28][104]がすべて[283]らかになって、\nすぐに[732][615]《しゃくほう》されたみたいだけど……
0x001521ca	2	【[39][66]】\nまぁ、[390]《き》[122]《ま》[508]《じ》[404]《め》な[30][383]らしいけどね。
0x00152224	4	【[107][108]】\nでも、\n[41][43]の[521][880]で[57][428][157][28]が[1166]っていたらしいけど、\n[452]に[389]《もど》ってきたみたいで[204]かったよ。
0x001522bb	3	【[39][66]】\nその[235]はクライアントと[736]《きず》いてきた\n[174][75][215][253]《しんらいかんけい》があったからね。
0x0015232d	3	【[39][66]】\n[87]も[30][383]みたくクライアントに\n[174][75]《しんらい》される[88][89][90]になりたいわ。
0x0015238c	2	【[107][108]】\n……なれるさ、[39][66]ならな。
0x001523f6	2	【[39][66]】\n……うん、ありがと。
0x001524d1	2	【[440][441]】\nどうも、お[415][97]になりました。
0x0015253a	4	【[970][257]】\nこれからが[76][65]だろうけど、\nがんばってね。\n[87]はあなたの[55][158]だから。
0x001525bb	2	【[440][441]】\nありがとうございます。
0x001525f8	3	【ユミ】\nあっ、ママだ！！\nママー！！
0x0015263a	3	【[107][108]】\nや、やばい……\nもう[273]にいるよ……
0x00152682	2	【[39][66]】\nだから、[107][108]が[194][1028]《ちこく》するから……
0x00152700	2	【[440][441]】\nユミ……いい[66]にしてた？
0x00152741	3	【ユミ】\nうん！\nユミ、いい[66]にしてたよ！！
0x00152786	3	【[440][441]】\nそっか。\nえらいぞ、ユミ。
0x001527c7	3	【ユミ】\nえへへー\nユミ、[102][146]からママと[57][427]《いっしょ》？
0x00152815	3	【[440][441]】\nうーん……ごめんね。\nママ、もう[96]し、お[157][28]しなくちゃいけないの。
0x00152870	3	【[440][441]】\nだから、あともう[96]しだけ、\n[39][66]お[775]ちゃんと[57][427]《いっしょ》にいてくれる？
0x001528ef	3	【ユミ】\nえー……\nママと[57][427]《いっしょ》がいい……
0x0015293a	3	【[440][441]】\nうーん……\nママもユミと[57][427]《いっしょ》がいいんだけどね……
0x00152990	3	【[440][441]】\nママも[333][901]《がまん》しなくちゃいけないの。\nだからユミも[333][901]《がまん》してほしいんだ。
0x001529f4	2	【ユミ】\nママ……グスッ……
0x00152a31	4	【[440][441]】\n[76][287][288]《だいじょうぶ》。\nこれからは[39][66]お[775]ちゃんだけじゃなく、\nコウジおじちゃんも[57][427]《いっしょ》にいてくれるって。
0x00152aab	2	【[39][66]】\nええっ！？
0x00152ae3	3	【[107][108]】\nそれって、\nオレと[39][66]が[57][427]《いっしょ》に[1024]らすってこと……？
0x00152b3d	2	【ユミ】\nホント？
0x00152b71	3	【[440][441]】\nホントよ。\nだから、[102]よりも[1079]《さび》しくなくなると[132]うわ。
0x00152bc7	2	【[39][66]】\nちょ、ちょっと、[440][441]さん！！
0x00152c0c	4	【[440][441]】\n[125][227]があれば、\nツラいことも[510]《の》り[511]《こ》えられるから……\nね……？
0x00152c6d	2	【ユミ】\nママ……
0x00152ca2	2	【[107][108]】\n…………
0x00152cdb	4	【[440][441]】\nだから、[452][153]だして、ユミ。\nそうだ、ママと[57][427]《いっしょ》に[125]お？\nせーので、ね？
0x00152d42	2	【ユミ】\n…………うん。
0x00152d7d	3	【[440][441]】\nよし、えらいぞ、ユミ。\nじゃあ、せーの！！
0x00152de8	2	【[440][441]】\nにっ！！
0x00152e1f	2	【ユミ】\nにっ！！
0x00152e54	3	【[440][441]】\nほーら、[452][153][121]た！！\nもう[96]しだけがんばろう、ユミ！
0x00152ea8	2	【ユミ】\nうん！
0x0015307d	4	【[107][108]】\n……オレの[218]《ひ》っ[511]《こ》し、いつにしようか？\nなんなら、[21][22]ハウジングの[281][2]さんに\n[0]しい[562][963]でも[362][363]《しょうかい》してもらうか？
0x0015312d	3	【[39][66]】\n……そ……\nその[97]は、またあとで……
0x0015319e	3	【[440][441]】\nんもう。\n[194]《おそ》いわよ、２[53]とも！！
0x001531eb	2	【[39][66]】\nすみません……
0x0015324b	3	【[440][441]】\nううん、[39][66]ちゃんは[541]ることないわ。\nどうせコウちゃんが[194][1028]《ちこく》したんでしょ？
0x001532af	3	【[107][108]】\nゲッ……\n[24][25][440][441]の[653][329][131]は[1348]《おとろ》えてなかったか……
0x0015332e	2	【[107][108]】\nい、[548]い……
0x0015338f	2	【[440][441]】\n[297]び[701]てにしなーい！！
0x001533cf	2	【[39][66]】\nフフ……
0x0015342c	2	【[459][115]】\n……[775]さん、そろそろ。
0x00153493	3	【[440][441]】\nえー……\nもう[96]しだけ、いいでしょ？
0x00153501	3	【[459][115]】\nダメです。\n……もう、これ[169][170][218]《ひ》き[1062]《の》ばせません。
0x00153582	3	【[440][441]】\nんもう。\n[78][65]わらずカタいわね。
0x001535ed	2	【[459][115]】\n[775]さんがいい[683][1166]すぎるんです！
0x00153657	4	【[459][115]】\n[775]さんは[3][46]によって、\n[656][657]《こうりゅう》が[983][152][1108][162]《しっこうていし》になっているだけなんだから\n[986][46]したら[657][308][36]に[389]《もど》らないと……
0x00153708	2	【[373][374]】\n[459][115][571]。
0x00153767	2	【[459][115]】\nはい！
0x001537c2	3	【[373][374]】\n[102][146]は[884]が[628][1349]《じゅうたい》しているようだ。\n[96]々[194]《おく》れても[435]《いた》し[158]《かた》ないだろう。
0x00153835	4	【[107][108]】\nおっ、いいこと[58]うねえ、[373][374][690][28]。\nなんなら、[668]がオーバーヒートして\nエンジン[214]ましてたってのもどう？
0x001538a7	2	【[373][374]】\n…………
0x00153906	2	【[373][374]】\nなるほど、その[4]もあるか。
0x0015396d	3	【[459][115]】\n……[373][374][145][484]《せんぱい》。\nこの[53]たちにどんどん[1350]されていきますね……
0x001539f3	3	【[373][374]】\n[87]たちは[145]に[152]く。\n[97]が[234]わったら[293]るがいい。
0x00153a50	2	【[373][374]】\n……[105][106]。
0x00153a8b	2	【[107][108]】\nなんだ？
0x00153ae7	2	【[373][374]】\nまた、お[19]と[127][470]したいものだ。
0x00153b2c	3	【[107][108]】\n[394][88]《かんべん》してくれ……\nオレはもう、こりごりだ。
0x00153b8c	3	【[373][374]】\nフッ……まあ、いつかまた、\nどこかで[148]うこともあるだろう。
0x00153c06	3	【[373][374]】\nでは。\n[459][115][571]！
0x00153c5d	2	【[459][115]】\n…………
0x00153cbc	3	【[440][441]】\n……ん？\nどうしたの、[568][777]？
0x00153d28	2	【[459][115]】\n……[775]さん、[432]せ[52]ね。
0x00153daf	3	【[440][441]】\n……[432]せ[52]、か。\nこれから[657][308][36]に[267]かう[53][280]に[58]うセリフかしらね。
0x00153e35	3	【[39][66]】\n[696]《き》[911]《そ》されたら、[178]ちに[503][732][92][960]《ほしゃくしんせい》してみます。\nただ……
0x00153ec3	3	【[440][441]】\nわかってるわ。\n[303]しいんでしょ。
0x00153f2d	3	【[440][441]】\n[142][255]、[13][814]《ざいじょう》は[33][53][13]。\n[116][117][118]にみれば、[283]らかよね。
0x00153fa6	3	【[107][108]】\nでも、[63][234][118]には[33][53][1129][1351]《さつじんみすい》。\n[1][814][1352][1146]《じょうじょうしゃくりょう》の[983][152][1353][10]《しっこうゆうよ》[277]きってところで[558]ち[71]きますよ。
0x00154060	3	【[440][441]】\nええ、そうなればいいわね……\n[75]《たの》んだわよ、[39][66]ちゃん！！
0x001540e1	2	【[39][66]】\nはい！
0x00154116	3	【[107][108]】\nそのためにも、まずは[1057][1058]……\n[744][745]を[179]《つか》まえるとするか！
0x00154170	3	【[107][108]】\nヤツに[119][58]をさせれば、\n[983][152][1353][10]《しっこうゆうよ》の[884]も[1152]《ひら》けるってもんだからな！
0x001541f2	2	【[440][441]】\n…………
0x00154251	3	【[440][441]】\n……[115][79]に[432]せ[52]ね、\nアタシって。
0x0015429b	3	【[107][108]】\n[440][441]さん。\n[744][745]はオレが[378]ず[80]つけます。
0x001542e8	4	【[107][108]】\nただ、その[19]に、\nあの[28][104]についてオレなりにケジメを\nつけたいと[132]ってます。
0x0015436d	4	【[440][441]】\n[1354][313]いいわ。\nアタシの[657][783][209]、[28][29][30]を[286]せられるか……\nコウちゃんに[63][20]の[726][1027]をあげる。
0x001543e9	2	【[440][441]】\n[372]《と》いてごらんなさい。
0x00154450	3	【[39][66]】\nあっ……\nそれじゃ、[87]とユミちゃんは[267]こうで[99]ってるよ。
0x001544a4	2	【[107][108]】\nああ、[75]《たの》む。
0x00154514	3	【[440][441]】\nじゃあ、ユミ。\nもう[96]しだけ、いい[66]にしててね！！
0x00154565	2	【ユミ】\nうん、じゃあね、ママ！！
0x00154607	3	【[107][108]】\n……オレが[457][458]したいのは、ただ[57]つ。\n[28][104][79][146]の[440][441]さんの[152][256]です。
0x0015490f	4	【[107][108]】\nあの[720]……\nわざとオレをベロンベロンに[647]わせて、\nライトブルーへ[344]れて[152]きましたね。
0x00154975	3	【[440][441]】\nええ、そうよ。\nその[329][461]はわかるわよね？
0x001549bf	4	【[107][108]】\nええ。\nオレを[647]わせていた[329][461]は[482]つあります。\nそれは……
0x00154ac6	3	【[107][108]】\n（[168]《ちが》う！\nそれじゃない！！）
0x00154b10	3	【[107][108]】\n（これが[63][20]なんだ。\nもっとしっかり[59]えるんだ！）
0x00154b5c	2	【[107][108]】\n（ひとつは、[356][847]《しもん》に[215][253]すること）
0x00154baa	3	【[107][108]】\n（そしてもうひとつ、\n[356][847]《それ》に[215][253]する[119][120]《しょうこ》があったはずだ！）
0x00154c44	4	【[107][108]】\nまず[57]つめの[329][461]は、\n[28][104]の[846][489]となる[855][678]《けんじゅう》に、\nオレの[356][847]《しもん》をつけるためですね。
0x00154cb8	4	【[107][108]】\n[845]に[563]っている[440][441]さんなら、\n[647]っぱらってるオレの[356][847]《しもん》を\n[855][678]《けんじゅう》につけることは[566][567]です。
0x00154d2f	4	【[107][108]】\nしかも[440][441]さんは、\nギリギリ[685][123]カメラに[710]らない[595]を[129]っていて、\nその[152][580]《こうい》が[710]らないように[171][172]《はいりょ》できた。
0x00154db1	3	【[440][441]】\nフフ、そう。\nあのお[272]のことは[650]《すみ》から[650]《すみ》まで[129]ってるわ。
0x00154e0e	4	【[107][108]】\n[64][106]がオレの[595]の[300]に[308]いてあった\n[93][513]の[119][120]《しょうこ》を[15]りに[293]たときも、\n[227]が[710]らないように[340][339]してたわけですね。
0x00154e8c	4	【[440][441]】\nまあね……って[58]いたいところだけど、\n[64][106]の[256]き[16][17]では\n[227]が[710]ってしまうかもしれないとは[132]ったわ。
0x00154efc	4	【[440][441]】\nでも、それはそれでいいって[132]った。\nコウちゃんの[356][847]《しもん》を[855][678]《けんじゅう》につけていた[152][580]《こうい》を\nアタシ[169][273]の[205]《だれ》かの[157][261]《しわざ》にミスリードできればね。
0x00154f9a	4	【[440][441]】\nアタシがしたかったのは\nコウちゃんに[809]《ぬ》れ[810]《ぎぬ》を[71]せることじゃない。\nただ、[744][745]を[33]す[428][280]がほしかっただけだから……
0x00155049	3	【[440][441]】\nごめん、[96]し[97]がずれちゃった。\n[28][104][79][146]の[97]だったわね。
0x001550a0	2	【[107][108]】\nはい……では[16]にアリバイ[688][572]についてです。
0x001550ed	4	【[107][108]】\n０[428]４４[327]に[272][324]に[678][408]《じゅうせい》が[574]《ひび》きました。\nでもこれは[115][165]の[678][408]《じゅうせい》ではありません。\nこの[678][408]《じゅうせい》の[513][77]は……
0x00155232	2	【[107][108]】\n（[168]《ちが》う、これじゃない！！）
0x0015527b	3	【[107][108]】\n（これが[63][20]なんだ。\nもっとしっかり[59]えるんだ！）
0x001552cc	4	【[107][108]】\n[678][408]《じゅうせい》が[421][676]されていた[273][291][676][675]をＶＩＰルームの\nＢＧＭを[347][332]《せいぎょ》していたプレイヤーに[147][391]して、\nそれを０[428]４４[327]に[626][390]したんですね。
0x00155367	3	【[440][441]】\nフフ、そうよ。\nその[676][675]の[513][77]は、これ。
0x001553e5	2	【[107][108]】\n……ボイスレコーダー、ですか？
0x0015542b	4	【[440][441]】\nそう。\nアタシたち[26][27]には[378][1355]のモノよね。\nこれって３０[428][280][327]の[421][676]ができるって[129]ってた？
0x00155498	2	【[107][108]】\nええ、それは[129]ってますけど……
0x001554dc	4	【[440][441]】\n２４[428][280][12][676][291][327]を[572]って、\nその[20]に[678][408]《じゅうせい》を[421][676]していたの。\nそうすると[626][390]して２４[428][280][20]に[678][408]《じゅうせい》が[626][390]されるでしょ？
0x00155572	4	【[107][108]】\n……そうか。\n[440][441]さんは[19][146]にもライトブルーに[152]ったって\n[58]ってましたね。
0x001555f2	3	【[107][108]】\nそれはこのボイスレコーダーを\nセッティングするためだったんですね？
0x00155648	4	【[440][441]】\nその[163]り。\nついでにそのとき\nリモコンも[501][229]させてもらったわけ。
0x001556cf	2	【[107][108]】\nどうやってボイスレコーダーを[157][72]けたんですか？
0x0015571c	3	【[440][441]】\n[836][261][455]が[28][29][30]にいることを[457][458]して、\nコッソリと[591]《しの》び[282]《こ》んだの。
0x00155781	3	【[440][441]】\nそしてその[836][261][455]がいなくなったのを[457][458]してから\nボイスレコーダーを[157][72]けたのよ。
0x001557e4	3	【[107][108]】\n……なるほど。\nそれであのトリックも[329][372]できました。
0x00155835	4	【[107][108]】\n[28][104][19][146]、[836][261][455]の[280]で\n[150][151]になっていたことがありました。\nそれは……？
0x0015593f	2	【[107][108]】\n（[168]《ちが》う、コレじゃない！）
0x00155986	3	【[107][108]】\n（ＶＩＰルームのスピーカーを[347][332]《せいぎょ》していたのは、\nライトブルーの[28][29][30]にあったプレイヤーだ）
0x001559f9	3	【[107][108]】\n（このプレイヤーは[28][104][79][146]、\nライトブルーの[836][261][455][169][273]には[867][572]できない[814][832]だった）
0x00155a65	2	【[107][108]】\n（それを[620]すクルーが[139]えだ！！）
0x00155aac	4	【[107][108]】\n[28][104][79][146]、[28][29][30]のカギは[384][411]に[951][329]されていた。\n[19][146]に[28][29][30]のカギが[587]けっ[615]しになっていたため、\n[150][151]になったからです。
0x00155b33	4	【[107][108]】\n[142][640][118]に、プレイヤーを[867][572]できるのは[836][261][455]のみとなり、\nスピーカーから[678][408]《じゅうせい》が[677]っていたことを\n[594][11]するトリックとなったわけです。
0x00155bbe	2	【[107][108]】\n……すべて[340][339][163]りだったわけですか。
0x00155c07	3	【[440][441]】\nううん、そうでもないわよ。\n[509][11][273]のこともあったわ。
0x00155c58	3	【[440][441]】\nまさか、あの２[53]がライトブルーに[293]るとは\n[132]ってもなかったからね。
0x00155cb1	3	【[107][108]】\n[509][11][273]の２[53]……\nそれは……
0x00155daa	2	【[107][108]】\n（いや、[168]《ちが》うと[132]う）
0x00155def	3	【[107][108]】\n（これが[63][20]なんだ。\nもっとしっかり[59]えるんだ！）
0x00155e40	2	【[107][108]】\nそれは、[37][38][88][89][90]と[24][12][429][432][433]のことですね？
0x00155e93	2	【[440][441]】\nええ、そう。
0x00155ecc	4	【[440][441]】\nアタシは[21][22][57][317]を０[428]に\nライトブルーのＶＩＰルームへ[293]るように\n[297]び[121]した。
0x00155f32	3	【[440][441]】\n『あなたが[526]いてきた[93][513]について、\n２《・》[53]《・》っ《・》き《・》り《・》でお[97]ししませんか』ってね。
0x00155fab	3	【[440][441]】\nなのに[110]はわざわざ[37][38]さんを[297]び[121]して、\nトラブルがあった[36][264]の[685][332][854]《ぼうぎょさく》をとっていた。
0x0015601c	4	【[107][108]】\nでも、[37][38][88][89][90]は[50][34][52]《ひがいしゃ》から\n[440][441]さんと[148]うことを\n[129]らされてなかったみたいですけど……？
0x00156092	4	【[440][441]】\nアタシの[97]す[324][546]が\nどの[529][313]のことなのか\n[228][366]がつかなかったんでしょ。
0x001560ee	4	【[440][441]】\nいくら[157][28]のパートナーとはいえ、\n[37][38]さんが[129]っているであろう[21][22]の[518]の[291][327]は、\n[47][508][170]のモノだけだと[132]うしね。
0x00156169	3	【[440][441]】\nアタシも[110]のもとで[418][150][88][89][90]をしていたから\nよくわかるわ。
0x001561be	4	【[440][441]】\n[110]は[115][153]で[53]を[174][221]しない……\nだからいつも[41][327]で[789]《おさ》えきれなくなってきてから、\nトラブル[916][329]を[286]された……
0x0015623a	2	【[440][441]】\nそんな[477]なのよ、[21][22][57][317]って[53]は。
0x00156284	3	【[107][108]】\n[24][12][429][432][433]が[297]ばれたのは\n[37][38][88][89][90]を[297]び[121]すためのカムフラージュですね。
0x001562e9	3	【[107][108]】\nあとで、なぜ[297]び[121]されたのか\n[795]しく[98]かれたときの[58]い[437]のために。
0x00156343	4	【[440][441]】\n[24][12][429]は０[428]５[327][472]《ごろ》に[986][272]したから、\nそれを[457][458]して、\nアタシはＶＩＰルームに[3]ったわ。
0x001563c1	3	【[107][108]】\nこれでそれぞれの[546][51][52]《ようぎしゃ》の\n[79][146]の[152][256]がわかりました……
0x00156471	4	【[107][108]】\n[440][441]さんは[647]っぱらったオレと[57][427]《いっしょ》にライトブルーに[3][272]。\nまずは[64][106]の[256]きを[867]《あやつ》るために、オレの[595]の[300]に\n[64][106]の[93][513]の[946][319]を[308]いた……
0x00156509	4	【[107][108]】\nそして[64][106]を[256]かすために[595]を[67]ち、\n[41][327]の[10][509][273]の[53][165]だった[37][38][88][89][90]を\nＶＩＰルームから[538]ざけるために[1011][1004][601][97]《きょうはくでんわ》を[72]けた。
0x0015659e	3	【[107][108]】\nそのあと[24][12][429]が[986][272]したのを[457][458]して\nＶＩＰルームへ。
0x0015662c	3	【[107][108]】\nそのとき[550]のため、[53]が[3]ってこないように、\nＶＩＰルームへ[391]く[835][300]のドアの[586]を[891]めた……
0x001566d0	3	【[107][108]】\nそしてＶＩＰルームに[3]り、\n[21][22][57][317]と[57][1356][71]《ひともんちゃく》。
0x0015672f	3	【[107][108]】\nそのあと、[50][34][52]《ひがいしゃ》が[186]くなったのを[457][458]して、\nオレの[356][847]《しもん》がついた[855][678]《けんじゅう》を[1055]《す》てた。
0x001567e5	4	【[107][108]】\nそしてオートロックのドアをＶＩＰルーム[764]から[121]て、\n[28][29][30]のプレイヤーをリモコンで[273][291][3][131]に[210]り[616]えて、\n[312][153]ない[227]して[595]に[389]《もど》ってきたわけですね。
0x001568b3	4	【[107][108]】\nそして[647]っぱらったオレを、\nあらかじめ[221][382]した[21]タクに[510]せて、\n[83]を[413]《わた》してオレの[41][42]まで[700]らせた。
0x0015695e	3	【[107][108]】\nそして[428][280]を[340][339]し、ライトブルーに[389]《もど》る。\n[678][408]《じゅうせい》が[98]こえたと[403][428]に、ＶＩＰルームへと[267]かう。
0x00156a13	4	【[107][108]】\n[515][209]のドアに[586]が[72]かってることを[457][458]して、\n[57][181]《いったん》、カウンターで[99][274]していたマスターから\n[586]を[276]け[15]り、ドアの[586]を[587]ける。
0x00156ad3	4	【[107][108]】\nその[20]ＶＩＰルームに[3]り、\n[21][22]が[186]くなってることを[404][375]《もくげき》したフリをして、\n１１０[506][163][2]するために[28][29][30]へ。
0x00156b56	3	【[107][108]】\nそのときにボイスレコーダーを[103][864]し、\nリモコンを[389]《もど》した……
0x00156be3	2	【[107][108]】\nこんな[242]じでどうですか？
0x00156ca2	4	【[440][441]】\n……フフ、ほぼ[842][1357]《かんぺき》よ、コウちゃん。\nあえて[1035][173]するなら、[21]タクはアタシがお[83]で[750]《やと》った、\nお[604]い[227]も[129]らない[1][2][74]……ってトコ。
0x00156d5b	4	【[440][441]】\nそして、[21][22]が[751]んだあとで、\n『[312][153]ない[227]して[595]に[389]《もど》ってきた』って\nコウちゃんは[58]ったけど……
0x00156df5	3	【[440][441]】\n[324][160]は[658]しみで[1358]《くじ》けそうだったわ……\n[312][313]、[340][500]を[162]めようと[59]えたか……
0x00156e5d	2	【[107][108]】\n…………
0x00156ea3	3	【[440][441]】\nだけど、ユミのため……\n[744][745]を[615]っておくことはできなかった……
0x00156f08	3	【[440][441]】\nだから、[160]を[1077]にして、\n[63][20]までやり[1351]《と》げようって、[378][751]だったわ……
0x00156f6a	2	【[107][108]】\n…………
0x00156fa3	3	【[107][108]】\n[57][506]、[411][346]な[291][327]を[80][558]としていたわけですか……\nオレもまだまだですね。
0x00157029	3	【[440][441]】\nううん。\n[264][360]よ。
0x00157074	3	【[440][441]】\n[657][308][36]の[209]から、よくそこまで[232]べ[170]げたわ。\n[769][1025]《だつぼう》よ。
0x001570d1	3	【[107][108]】\nアハハ……[440][441]さんに[1231]《ほ》められるのは、\n[703]れくさいですね……
0x0015712c	3	【[107][108]】\nでも、これで[440][441]さんが[389]《もど》ってくるまで、\n[24][25][26][27][28][29][30]を[783]ることはできそうかな。
0x001571be	3	【[440][441]】\n……それなんだけどさ、コウちゃん、\n[88][89][90]になるつもりはない？
0x00157216	2	【[107][108]】\nえっ……！？
0x00157277	3	【[440][441]】\n[452]々の[304]だったでしょ、[88][89][90]……\nあたしは[102]からでも[564][474][194]《おそ》くはないと[132]うけど……？
0x001572e7	2	【[107][108]】\n………………
0x00157324	3	【[107][108]】\nオレが[88][89][90]になるのは、\nおふくろの[304]でもあったんです。
0x00157377	3	【[107][108]】\nだからオレもその[600][99]に[167]えようと[57][390][729][730]《いっしょうけんめい》[624][113]ったし、\nおふくろが[186]くなったらその[153][131]も[236]せてしまったんで……
0x001573fa	3	【[107][108]】\nあらためて[88][89][90]になることなんか、\n[564][474][132]いも[516]らなかった……
0x00157461	3	【[440][441]】\nだから、[96]し[428][280]をおいたのよ。\nお[250]さんの[28]を[214][752]に[59]えられるようになるまで、ね。
0x001574d4	3	【[440][441]】\n[102]からだったら[564][474][280]に[264]うわ。\nだから[28][29][30]のことはとりあえず[308]いておきなさい。
0x00157538	4	【[107][108]】\n……でもオレ、[102]の[157][28]、[876]きなんですよ。\n[589]っているヒトを[177]けることができる[157][28]だし、\nそれを[111][242]することもあるし……
0x001575dc	3	【[440][441]】\nフフ……\n[652]みなさい、[132]いっきりね。
0x0015764b	4	【[440][441]】\nあなた[41][114]が[338]む[163]りにしていいんだからね。\nだけど、[20][712]《こうかい》だけはしちゃダメよ。\n[390]き[158]を[368][1359]《せんたく》したら、[41][174]を[84]って[361]みなさい。
0x001576db	3	【[107][108]】\nそれは[440][441]さんの[58][315]ですか？\nそれとも……
0x0015774e	2	【[440][441]】\n……アタシたち、２[53]からの[58][315]よ。
0x00157798	4	【[107][108]】\n……わかりました。\nそれじゃ、[502][241]いく[139]えを[80]つけるために、\nもう[96]し[59]えてみます。
0x0015780c	2	【[440][441]】\nえぇ、そうしなさい。
0x00157849	2	【[107][108]】\n……[57]つ、[65]なこと[98]いていいですか？
0x001578b9	2	【[440][441]】\nなーに？
0x001578ef	3	【[107][108]】\nあの……[440][441]さんはいつもおふくろの[183][143]を\nどのくらい[242]じているんですか？
0x00157959	3	【[440][441]】\nあぁ、その[139]えなら、[770][341]《ふだん》[696]きているときは\nほとんど[242]じないわ。
0x001579dd	4	【[440][441]】\nただ、コウちゃんはアタシにとって\nとても[76][210]な[183][143]。\nそう……まるで[251]が[1262]《つな》がっているみたいにね。
0x00157a4e	3	【[107][108]】\n……ってことは、[1340][143][336]《けんざいか》はしていないけど、\nなんとなくどこかで[242]じるってことですか？
0x00157adf	2	【[440][441]】\nそうね、そんなところかも。
0x00157b45	4	【[440][441]】\n……だから[21][22][57][317]が[243][244]さんにそっくりな[187][191][189]さんに\n[57][404][734]《ひとめぼ》れしたのも、\nなんとなくわかるのよね……
0x00157bc0	2	【[107][108]】\n…………
0x00157c1f	4	【[440][441]】\n[111]はちょっと[1360][1361]《しっと》してたんだ。\n[122][482]さん、そんなに[243][244]さんのこと、\n[876]きだったのかってね。
0x00157cb4	3	【[440][441]】\nでも[63][600]にアタシの[73][19]を[297]んで『[771]してる』って\n[58]ってくれたから、すべてチャラだけどね。
0x00157d1c	2	【[107][108]】\n……ははは。
0x00157d7c	2	【[440][441]】\n……それじゃ、アタシはそろそろ[152]くわ。
0x00157dc5	3	【[107][108]】\nあっ、[63][20]に[413]《わた》したいモノがあります。\nこれなんですけど……
0x00157e5f	3	【[440][441]】\n………！？\nまさか、これって……！！
0x00157eac	3	【[107][108]】\nはい。\n[122][482]さんの[833][955]《いひん》です。
0x00157ef7	3	【[107][108]】\nお[153]に[3]りのネクタイとか、\n[428][340]とか[3]ってると[132]います。
0x00157f4c	3	【[107][108]】\n[21][22][57][317]の[460]《むすめ》さん、[583]えてます？\n[110][100]が[440][441]さんに[413]《わた》してほしいって[58]ってたんで。
0x00157fbe	2	【[440][441]】\n…………
0x0015802d	4	【[107][108]】\n[102][146]、[57][427]《いっしょ》に[293]ないかって[540]ったんですけど、\nホラ、[298]の[170]では[440][441]さん、\n[41][327]の[223][185]の[211]《かたき》になってしまうわけですから……
0x001580ba	2	【[107][108]】\nでも、[122][482]さんの[833][955]《いひん》は[413]《わた》してくれって……
0x00158138	3	【[440][441]】\n……ううっ。\nありがとう……コウちゃん……
0x001581ab	3	【[440][441]】\n[110][100]にもお[237]を[58]っておいて……\n……いつかお[1195]《わ》びに[152]くからって……
0x0015820d	3	【[107][108]】\n……わかりました。\nそれじゃ、がんばってください。
0x00158269	3	【[440][441]】\n……ええ、がんばるわ。\nじゃあ、またね！！
0x001582de	2	【[107][108]】\n…………
0x001584ce	2	【[107][108]】\nお[99]たせ。
0x00158513	2	【[39][66]】\n……[502][241]できた？
0x00158551	2	【[107][108]】\nああ。
0x001585ac	2	【[39][66]】\nそう、なら、[204]かった。
0x00158612	2	【ユミ】\nユミ、お[551][206]いた……
0x00158676	3	【[39][66]】\nそっか。\nそれじゃ、なにか[268]べにいこっか！
0x001586c0	3	【[107][108]】\nメシか……\nなにを[268]べようかな……
0x00158707	2	【[633]】\n[636][637]《ししょう》！！
0x00158745	2	【[107][108]】\nん……この[408]は……！？
0x001587e7	3	【[633]】\nこんなところで[148]うなんて[492][466]《きぐう》だね～！！\nこれも[699][730]、ってやつ？
0x00158845	3	【[107][108]】\nゲッ……！？\nや、やっぱり、お[19]らか……！！
0x001588be	2	【[598]】\nお[77]でも[446]されたのですか？
0x001588fd	4	【[107][108]】\nい、いや……\nそんなことないぞ、[452][153]も[452][153]！！\n[102]からメシ[268]いにいくところだしな。
0x0015898a	4	【[633]】\n……ゴハン？\nそうだ、[132]い[121]した！！\n[636][637]《ししょう》、カニしゃぶ[1218]《おご》ってくれるって、[58]ってたよね！？
0x00158a02	3	【[107][108]】\nギクッ！！\nよ、よく[583]えてたな……
0x00158a71	3	【[39][66]】\nそれじゃ、コウジの[1218]《おご》りでカニを[268]べにいこっか。\nもちろん２[53]も[57][427]《いっしょ》に。
0x00158b01	3	【[633]】\nやったー！！\nカニだ、カニ！！
0x00158b44	3	【[107][108]】\nい、いや……\nちょっと……
0x00158bad	2	【[598]】\nごちそうになります。
0x00158be7	2	【[107][108]】\nお、おう……
0x00158c47	2	【ユミ】\nカニ、[268]べよー！！
0x00158ccd	2	【[57][403]】（[39][66]・ユミ・[633]・[598]）\nオー！！
0x00158d18	3	【[107][108]】\n（…………\nオレが[257]から[1362]を[278]きそうだ……）
0x00158efa	3	【[107][108]】\n……[1039]《なつ》かしいな。\n[986][642][887]けを[121]して[169][293]だな……
0x00158f53	2	【[39][66]】\n[198]く[176][1092]《せんせい》に[2][377]にいこ。
0x00158f9c	4	【[107][108]】\nん、ああ……\nそれはいいんだけど、\nオレのこと、[583]えてるか？
0x00158ff2	3	【[39][66]】\nもちろん！！\n[176][1092]《せんせい》も[148]いたいって[58]ってたしね。
0x00159048	3	【[39][66]】\nせっかくだから、\n[176][1092]《せんせい》にも[121]てもらいたいでしょ？
0x0015909d	2	【[107][108]】\nん、まあな。
0x001590d6	2	【[39][66]】\nだから、[2][377]に、ね！！
0x00159118	2	【[107][108]】\nお、おう……
0x0015959e	5	　\n　\n（[142][255]、オレが[732][615]《しゃくほう》されたのは、\n[16]の[146]、[791][439][1061]へ[344]れて[152]かれて、\n[791][28][1098][15]《けんじちょうしゅ》が[234]わったあとだった）
0x00159624	6	　\n　\n（そして、[626]び[657][308][36]に[389]《もど》ってきて、\n[1046][165]の[348][329]をしたあと、\n[657][308][253]の[547][1014]に[395][396]《あいさつ》をして、\nオレは[449]２０[146]ぶりに[273]の[415][609]に[121]た）
0x001596de	4	【[107][108]】\n（オレはあれからずっと、\n[26][27][28][29][30]を[210]り[271]りしながら\n[152][158][93][283]《ゆくえふめい》になってしまった[440][441]さんを[26]し[391]けてる）
0x0015975e	2	【[107][108]】\n（[440][441]さんの[152][158]は[57][267]にわからない……）
0x001597ad	3	【[107][108]】\n（だけどオレは[174]じてる。\n[440][441]さんはきっとここへ[389]《もど》ってくると……）
0x0015980d	3	【[107][108]】\n（それまでは、オレが\nこの[28][29][30]を[783]ってみせる！）
0x0015988f	2	【[107][108]】\nおっと、[660][75]《いらい》かな……？
0x001598e6	2	【[107][108]】\nはい、[24][25][26][27][28][29][30]です！
0x00159b11	1	[232][233]：[50][34][52]の[53][165][393]
0x00159b25	1	[232][233]：のぞみの[404][118]
0x00159b46	1	　　　　[50][34][52]の[53][165][393]
0x00159b5c	1	　　　　のぞみの[404][118]
0x00159d99	1	[11][322][146]：[429][430]
0x00159da6	1	[232][233]：[50][34][52]の[53][165][393]
0x00159dba	1	[232][233]：[0][244][47]の[53][165][393]
0x00159dce	1	[232][233]：[73][321]について
0x00159ddd	1	[232][233]：[24][12][429]のアリバイ、[53][165][215][253][438]
0x00159dfc	1	[232][233]：[24][12][429]のアリバイ、[53][165][215][253][438]
0x00159e1b	1	[232][233]：[24][12][429]の[467][468]の[478][529]
0x00159e32	1	[232][233]：[24][12][429]のアリバイ[124][277]け
0x00159e57	1	　　　　[50][34][52]の[53][165][393]
0x00159e6d	1	　　　　[0][244][47]の[53][165][393]
0x00159e83	1	　　　　[73][321]について
0x00159e94	1	　　　　[24][12][429]のアリバイ、[53][165][215][253][438]
0x00159eb5	1	　　　　[24][12][429]のアリバイ、[53][165][215][253][438]
0x00159ed6	1	　　　　[24][12][429]の[467][468]の[478][529]
0x00159eef	1	　　　　[24][12][429]のアリバイ[124][277]け
0x0015a490	1	[11][322][146]：[146][430]
0x0015a49d	1	[18][19]：[232][233]で[93][143]が[82]い
0x0015a4b1	1	[232][233]：[107][108]のアリバイ
0x0015a4c2	1	[232][233]：[647]っていた[119][58]
0x0015a4d3	1	[232][233]：[33][34][428]のＢＧＭ
0x0015a4e7	1	[232][233]：[440][441]のアリバイ、[53][165][215][253][438]
0x0015a504	1	[232][233]：[440][441]と[64][106]の[215][253]について
0x0015a51d	1	[232][233]：[24][12][429]の[53][165][393]について
0x0015a535	1	[232][233]：[440][441]とゆみの[215][253]
0x0015a548	1	[232][233]：[744][745][178][513]の[53][165][393]
0x0015a55e	1	[232][233]：[243][244]と[122][482]の[215][253]
0x0015a57e	1	　　　　[107][108]のアリバイ
0x0015a591	1	　　　　[647]っていた[119][58]
0x0015a5a4	1	　　　　[33][34][428]のＢＧＭ
0x0015a5ba	1	　　　　[440][441]のアリバイ、[53][165][215][253][438]
0x0015a5d9	1	　　　　[440][441]と[64][106]の[215][253]について
0x0015a5f4	1	　　　　[24][12][429]の[53][165][393]について
0x0015a60e	1	　　　　[440][441]とゆみの[215][253]
0x0015a623	1	　　　　[744][745][178][513]の[53][165][393]
0x0015a63b	1	　　　　[243][244]と[122][482]の[215][253]
0x0015ad4d	1	[11][322][146]：[24][430]
0x0015ad5a	1	[357][261][428][280]：１７[428]～
0x0015ad6d	1	[232][233]：[836][261][455]に[98]き[282]み
0x0015ad81	1	[232][233]：[685][123]カメラの[232][233]
0x0015ad94	1	[232][233]：ＶＩＰルームに[3]った[53][165]
0x0015adad	1	[232][233]：[647]っていた[119][58]
0x0015adbe	1	[232][233]：ＶＩＰルーム[324]のＢＧＭ[438]
0x0015add9	1	[232][233]：[273][291][676][675]との[147][391][298][853]
0x0015adf2	1	[232][233]：[685][123]カメラ[710][393]の[457][458]
0x0015ae16	1	　　　　[836][261][455]に[98]き[282]み
0x0015ae2c	1	　　　　[685][123]カメラの[232][233]
0x0015ae41	1	　　　　ＶＩＰルームに[3]った[53][165]
0x0015ae5c	1	　　　　[647]っていた[119][58]
0x0015ae6f	1	　　　　ＶＩＰルーム[324]のＢＧＭ[438]
0x0015ae8c	1	　　　　[273][291][676][675]との[147][391][298][853]
0x0015aea7	1	　　　　[685][123]カメラ[710][393]の[457][458]
0x0015b491	1	[11][322][146]：[1326][430]
0x0015b49e	1	[18][20]：[157][28]で[93][143]が[82]い
0x0015b4b2	1	[232][233]：[780]い[477]の[4]がかり
0x0015b4c4	1	[232][233]：スーツを[71]ていた[53][165]
0x0015b4d8	1	[232][233]：[50][34][52]と[440][441]の[215][253]
0x0015b4ef	1	[232][233]：[33][34][428]のＢＧＭ
0x0015b503	1	[232][233]：[37][38]のアリバイ、[53][165][215][253][438]
0x0015b520	1	[232][233]：[21][22][122][482]の[53][165][393]
0x0015b536	1	[232][233]：アリバイの[857][858]について
0x0015b54b	1	[232][233]：[243][244]と[122][482]の[215][253]
0x0015b56c	1	　　　　[780]い[477]の[4]がかり
0x0015b580	1	　　　　スーツを[71]ていた[53][165]
0x0015b596	1	　　　　[50][34][52]と[440][441]の[215][253]
0x0015b5af	1	　　　　[33][34][428]のＢＧＭ
0x0015b5c5	1	　　　　[37][38]のアリバイ、[53][165][215][253][438]
0x0015b5e4	1	　　　　[21][22][122][482]の[53][165][393]
0x0015b5fc	1	　　　　アリバイの[857][858]について
0x0015b613	1	　　　　[243][244]と[122][482]の[215][253]
0x0015bc89	1	[232][233]：[4][905]に[215]する[4]がかり
0x0015bcb1	1	　　　　[4][905]に[215]する[4]がかり
0x0015be53	1	[11][322][146]：[146][430]
0x0015be60	1	[232][233]：[107][108]を[510]せた[510][668][669][421]
0x0015be8b	1	　　　　[107][108]を[510]せた[510][668][669][421]
0x0015c07f	1	[322][968][146]：[562][430]の[18][20]～[146][430]
0x0015c097	1	[232][233]：[440][441]と[243][244]の[215][253]
0x0015c0ac	1	[232][233]：[440][441]と[243][244]の[215][253]
0x0015c0c1	1	[232][233]：[590][316][4][784]の[371]
0x0015c0e4	1	　　　　[440][441]と[243][244]の[215][253]
0x0015c0fb	1	　　　　[440][441]と[243][244]の[215][253]
0x0015c112	1	　　　　[590][316][4][784]の[371]
0x0015c438	1	[357][261][428][280]：２４[428][280][357][261]
0x0015c44f	1	[232][233]：[24][12][429]のアリバイ[124][277]け
0x0015c47a	1	　　　　[24][12][429]のアリバイ[124][277]け
0x00168e2f	3	【[442][443][444]】\n[0][91][571]か。\n[21][22][571]の[28][104]の[232][233]は[361]んでいるかい？
0x00168fc3	5	　\n　\n（しばらくして[413]《わた》された[232][190]に\nサインした[428][280]は、\n[383]かったのか[1131]かったのか……）
0x00169039	5	　\n　\n（[88][372]するヒマさえなかった。\nちょっと[560]が[865][559]してただけ\nなのに……）
0x001690a3	3	　\n　\n（………………）
0x001690f0	5	　\n　\n　\n（そして３[7][20]、\nオレには[1138][248]《ちょうえき》１０[7]の[690][1088]《けいばつ》が[300]った…）
0x00169166	6	　\n　\n　\n（[373][374]の[58]うとおり、\n[178]ちに[696][911][4][391]きが[152]われ、\nオレは[898][228]を[276]けることとなった）
0x001691eb	5	　\n　\n　\n（そして３[7][20]、\nオレには[12][600][1138][248]《むきちょうえき》の[690][1088]《けいばつ》が[300]った……）
0x00169260	5	　\n　\n（[547][439]から[700][791]《そうけん》された[119][120][879]《しょうこるい》を[452]に、\n[791][28]《けんじ》による[696]《き》[911]《そ》[4][391]《てつづ》きがおこなわれ、\nオレは[898][228]を[276]けることとなった）
0x00169300	4	[547][439]は[33][34][428][280]とされる０[428]４４[327][19]に、\n[107][108]は[986][272]していたという[1][2]を\nつかんでいるため、\nこのクルーでは[33][34][428][280]の[152][256]と[57][435]しない。
0x0016956c	2	【[39][66]】\nおはよう、コウジ。
0x00169583	1	じゃあ、[247][146]の[634][233][2][377]するね。
0x001695b9	2	【[39][66]】\nおはよう、コウジ。
0x001695d0	1	じゃあ、[247][146]の[634][233][2][377]するね。
0x00169612	2	【[39][66]】\nおはよう、コウジ。
0x00169629	1	じゃあ、[247][146]の[634][233][2][377]するね。
0x0016966b	2	【[39][66]】\nおはよう、コウジ。
0x00169682	1	じゃあ、[247][146]の[634][233][2][377]するね。
0x001696b9	2	【[39][66]】\nおはよう、コウジ。
0x001696d0	1	じゃあ、[247][146]の[634][233][2][377]するね。
0x001698db	6	　\n　や、この[481]《きら》いというのは[204]《よ》いという\n　[382][55]《いみ》ではない、[115][79]《ほんとう》に[481]《きら》いになりそ\n　うって[382][55]《いみ》で、そのう…\n　…ってか、アンタ、[1077]《おに》だ、[518][646]《あくま》だ、\n　[440][441]《あさつゆ》だっ！！」
0x001699ab	1	ＢＧＭ[99]ち
0x001699e8	1	ＢＧＭ[99]ち
0x00169a1a	4	テスト[221]\n１．[368][1359][1366]１\n２．[368][1359][1366]２\n３．[368][1359][1366]３
0x00169a57	1	[368][1359][1366][817]ページテスト
0x00169dc6	1	［[107][108]～[64][106]］
0x00169dd9	1	［[442][443][444]～[568][777]］
0x00169dee	1	［[320]～ヘルパー］
0x00169e00	1	［[145][484]～[951][329][53]］
0x00169e15	1	［[744][745]～ゲーセン[272][383]］
0x00169e2d	1	［[107][108]の[457][458]］
0x00169e3f	1	［[39][66]の[457][458]］
0x00169e51	1	［[373][374]の[457][458]］
0x00169e63	1	［のぞみの[457][458]］
0x00169e74	1	［[1057][1058]の[457][458]］
0x00169e86	1	［[440][441]の[457][458]］
0x00169e98	1	［[64][106]の[457][458]］
0x00169eaa	1	［[442][443][444]の[457][458]］
0x00169ebe	1	［[1036][443][444]の[457][458]］
0x00169ed2	1	［[432][433]の[457][458]］
0x00169ee4	1	［[633]の[457][458]］
0x00169ef4	1	［[598]の[457][458]］
0x00169f04	1	［[187][191][189]の[457][458]］
0x00169f18	1	［[568][777]の[457][458]］
0x00169f2a	1	［[320]の[457][458]］
0x00169f3a	1	［ユミの[457][458]］
0x00169f4a	1	［マスターの[457][458]］
0x00169f5c	1	［[836][261][455]の[457][458]］
0x00169f70	1	［[281][2]の[457][458]］
0x00169f82	1	［ヘルパーの[457][458]］
0x00169f95	1	［[145][484]の[457][458]］
0x00169fa7	1	［[276][277][192]の[457][458]］
0x00169fbb	1	［[122][482]の[457][458]］
0x00169fcd	1	［[951][329][53]の[457][458]］
0x00169fe1	1	［[744][745]の[457][458]］
0x00169ff3	1	［[793][89][1367]の[457][458]］
0x0016a007	1	［ゲーセン[272][383]の[457][458]］
0x0016a01e	1	［[721][115]］
0x0016a02b	1	［その[202]］
0x0016a038	1	［[513][508]］
0x0016a045	1	［[402][267]き］
0x0016a053	1	［ＦＡＣＥ＿Ａ］
0x0016a068	1	［ＦＡＣＥ＿Ｂ］
0x0016a07d	1	［ＦＡＣＥ＿Ｃ］
0x0016a092	1	［ＦＡＣＥ＿Ｄ］
0x0016a0a7	1	［ＦＡＣＥ＿Ｅ］
0x0016a0bc	1	［ＦＡＣＥ＿Ｆ］
0x0016a0d1	1	［ＦＡＣＥ＿Ｇ］
0x0016a0e6	1	［ＦＡＣＥ＿Ｈ］
0x0016a0fb	1	［ＦＡＣＥ＿Ｉ］
0x0016a110	1	［ＦＡＣＥ＿Ｊ］
0x0016a125	1	［ＦＡＣＥ＿Ｋ］
0x0016a13a	1	［ＦＡＣＥ＿Ｌ］
0x0016a14f	1	［ＦＡＣＥ＿Ｍ］
0x0016a164	1	［ＦＡＣＥ＿Ｎ］
0x0016a179	1	［ＦＡＣＥ＿Ｏ］
0x0016a18e	1	［ＦＡＣＥ＿Ｐ］
0x0016a1a3	1	［ＦＡＣＥ＿Ｑ］
0x0016a1b8	1	［ＦＡＣＥ＿Ｒ］
0x0016a1cd	1	［ＦＡＣＥ＿Ｓ］
0x0016a1e2	1	［ＦＡＣＥ＿Ｔ］
0x0016e04e	1	［[21][22]ビル］
0x0016e05e	1	［[24][25][26][27][28][29][30]］
0x0016e075	1	［アパート］
0x0016e083	1	［タクシーセンター］
0x0016e094	1	［[45][46]］
0x0016e0a1	1	［[147][80][821]］
0x0016e0b0	1	［[15][232][821]］
0x0016e87c	2	【[39][66]】\nテストです。テストです。テストです。テストです。テストです。
0x0016e8aa	1	テストです。テストです。テストです。テストです。テストです。
0x0016e8cf	1	テストです。テストです。テストです。テストです。テストです。
0x0016e9a6	2	【テスト】\nムービーテストでした
0x0016eb84	1	【ｍ０１】を[626][390]します。
0x0016ebcd	1	【ｍ０２】を[626][390]します。
0x0016ec16	1	【ｍ０３】を[626][390]します。
0x0016ec5f	1	【ｍ０４】を[626][390]します。
0x0016eca8	1	【ｍ２５】を[626][390]します。
0x0017080e	1	<8100><8100><8100><8100><8100>
